timestamp_utc,seq,gap,frame_ok,payload_bytes,frame_bytes,frame_bits,qpsk_symbols,ofdm_symbols,pad_q,tx_samples,fft_samples,cp_samples,pilot_bins,compact_payload
2026-08-05T09:28:41.622716+00:00,0,0,1,129,133,1064,532,12,44,960,768,192,48,"trk,seq=00000,pan=090.0,tilt=091.1,sun_pan=090.0,sun_tilt=102.3,err=011.2,st=seek,v_mv=00000,i_ma=00000,p_mw=00000,src=ina,act=sw"
2026-08-05T09:28:42.712830+00:00,1,0,1,129,133,1064,532,12,44,960,768,192,48,"trk,seq=00001,pan=090.2,tilt=092.2,sun_pan=093.8,sun_tilt=103.2,err=011.6,st=seek,v_mv=00001,i_ma=00000,p_mw=00000,src=ina,act=sw"
2026-08-05T09:28:43.741338+00:00,2,0,1,129,133,1064,532,12,44,960,768,192,48,"trk,seq=00002,pan=090.7,tilt=093.3,sun_pan=097.5,sun_tilt=104.0,err=012.8,st=seek,v_mv=00000,i_ma=00000,p_mw=00000,src=ina,act=sw"
2026-08-05T09:28:44.626908+00:00,3,0,1,129,133,1064,532,12,44,960,768,192,48,"trk,seq=00003,pan=091.4,tilt=094.2,sun_pan=101.2,sun_tilt=104.8,err=014.4,st=seek,v_mv=00001,i_ma=00000,p_mw=00000,src=ina,act=sw"
2026-08-05T09:28:45.661849+00:00,4,0,1,129,133,1064,532,12,44,960,768,192,48,"trk,seq=00004,pan=092.2,tilt=095.2,sun_pan=104.8,sun_tilt=105.5,err=016.2,st=seek,v_mv=00001,i_ma=00000,p_mw=00000,src=ina,act=sw"
2026-08-05T09:28:46.640652+00:00,5,0,1,129,133,1064,532,12,44,960,768,192,48,"trk,seq=00005,pan=093.3,tilt=096.1,sun_pan=108.3,sun_tilt=106.1,err=018.0,st=seek,v_mv=00001,i_ma=00000,p_mw=00000,src=ina,act=sw"
2026-08-05T09:28:47.633024+00:00,6,0,1,129,133,1064,532,12,44,960,768,192,48,"trk,seq=00006,pan=094.5,tilt=097.0,sun_pan=111.6,sun_tilt=106.6,err=019.6,st=seek,v_mv=00001,i_ma=00000,p_mw=00000,src=ina,act=sw"
2026-08-05T09:28:48.650481+00:00,7,0,1,129,133,1064,532,12,44,960,768,192,48,"trk,seq=00007,pan=095.9,tilt=097.8,sun_pan=114.7,sun_tilt=107.0,err=020.9,st=seek,v_mv=00001,i_ma=00000,p_mw=00000,src=ina,act=sw"
2026-08-05T09:28:49.641410+00:00,8,0,1,129,133,1064,532,12,44,960,768,192,48,"trk,seq=00008,pan=097.4,tilt=098.7,sun_pan=117.7,sun_tilt=107.4,err=022.1,st=seek,v_mv=00001,i_ma=00000,p_mw=00000,src=ina,act=sw"
2026-08-05T09:28:50.698834+00:00,9,0,1,129,133,1064,532,12,44,960,768,192,48,"trk,seq=00009,pan=099.0,tilt=099.5,sun_pan=120.4,sun_tilt=107.7,err=022.9,st=seek,v_mv=00001,i_ma=00000,p_mw=00000,src=ina,act=sw"
2026-08-05T09:28:51.723558+00:00,10,0,1,129,133,1064,532,12,44,960,768,192,48,"trk,seq=00010,pan=100.7,tilt=100.2,sun_pan=122.9,sun_tilt=107.9,err=023.4,st=seek,v_mv=00001,i_ma=00000,p_mw=00000,src=ina,act=sw"
2026-08-05T09:28:52.642769+00:00,11,0,1,129,133,1064,532,12,44,960,768,192,48,"trk,seq=00011,pan=102.5,tilt=100.9,sun_pan=125.1,sun_tilt=108.0,err=023.7,st=seek,v_mv=00000,i_ma=00000,p_mw=00000,src=ina,act=sw"
2026-08-05T09:28:53.645332+00:00,12,0,1,129,133,1064,532,12,44,960,768,192,48,"trk,seq=00012,pan=104.3,tilt=101.6,sun_pan=127.0,sun_tilt=108.0,err=023.7,st=seek,v_mv=00001,i_ma=00000,p_mw=00000,src=ina,act=sw"
2026-08-05T09:28:54.646543+00:00,13,0,1,129,133,1064,532,12,44,960,768,192,48,"trk,seq=00013,pan=106.0,tilt=102.2,sun_pan=128.7,sun_tilt=107.9,err=023.4,st=seek,v_mv=00000,i_ma=00000,p_mw=00000,src=ina,act=sw"
2026-08-05T09:28:55.648798+00:00,14,0,1,129,133,1064,532,12,44,960,768,192,48,"trk,seq=00014,pan=107.7,tilt=102.7,sun_pan=130.0,sun_tilt=107.8,err=022.8,st=seek,v_mv=00001,i_ma=00000,p_mw=00000,src=ina,act=sw"
2026-08-05T09:28:56.653467+00:00,15,0,1,129,133,1064,532,12,44,960,768,192,48,"trk,seq=00015,pan=109.4,tilt=103.1,sun_pan=131.0,sun_tilt=107.5,err=022.0,st=seek,v_mv=00002,i_ma=00000,p_mw=00000,src=ina,act=sw"
2026-08-05T09:28:57.653550+00:00,16,0,1,129,133,1064,532,12,44,960,768,192,48,"trk,seq=00016,pan=111.0,tilt=103.5,sun_pan=131.6,sun_tilt=107.2,err=021.0,st=seek,v_mv=00001,i_ma=00000,p_mw=00000,src=ina,act=sw"
2026-08-05T09:28:58.654338+00:00,17,0,1,129,133,1064,532,12,44,960,768,192,48,"trk,seq=00017,pan=112.5,tilt=103.8,sun_pan=132.0,sun_tilt=106.8,err=019.7,st=seek,v_mv=00001,i_ma=00000,p_mw=00000,src=ina,act=sw"
2026-08-05T09:28:59.656347+00:00,18,0,1,129,133,1064,532,12,44,960,768,192,48,"trk,seq=00018,pan=113.9,tilt=104.1,sun_pan=132.0,sun_tilt=106.3,err=018.2,st=seek,v_mv=00001,i_ma=00000,p_mw=00000,src=ina,act=sw"
2026-08-05T09:29:00.659055+00:00,19,0,1,129,133,1064,532,12,44,960,768,192,48,"trk,seq=00019,pan=115.2,tilt=104.2,sun_pan=131.6,sun_tilt=105.8,err=016.5,st=seek,v_mv=00001,i_ma=00000,p_mw=00000,src=ina,act=sw"
2026-08-05T09:29:01.660455+00:00,20,0,1,129,133,1064,532,12,44,960,768,192,48,"trk,seq=00020,pan=116.3,tilt=104.3,sun_pan=130.9,sun_tilt=105.1,err=014.6,st=seek,v_mv=00000,i_ma=00000,p_mw=00000,src=ina,act=sw"
2026-08-05T09:29:02.664915+00:00,21,0,1,129,133,1064,532,12,44,960,768,192,48,"trk,seq=00021,pan=117.3,tilt=104.3,sun_pan=129.9,sun_tilt=104.4,err=012.6,st=seek,v_mv=00000,i_ma=00000,p_mw=00000,src=ina,act=sw"
2026-08-05T09:29:03.664602+00:00,22,0,1,129,133,1064,532,12,44,960,768,192,48,"trk,seq=00022,pan=118.1,tilt=104.2,sun_pan=128.6,sun_tilt=103.6,err=010.5,st=seek,v_mv=00001,i_ma=00000,p_mw=00000,src=ina,act=sw"
2026-08-05T09:29:04.666777+00:00,23,0,1,129,133,1064,532,12,44,960,768,192,48,"trk,seq=00023,pan=118.7,tilt=104.1,sun_pan=126.9,sun_tilt=102.8,err=008.3,st=lock,v_mv=00001,i_ma=00000,p_mw=00000,src=ina,act=sw"
2026-08-05T09:29:05.669407+00:00,24,0,1,129,133,1064,532,12,44,960,768,192,48,"trk,seq=00024,pan=119.2,tilt=103.9,sun_pan=125.0,sun_tilt=101.9,err=006.1,st=lock,v_mv=00001,i_ma=00000,p_mw=00000,src=ina,act=sw"
2026-08-05T09:29:06.672013+00:00,25,0,1,129,133,1064,532,12,44,960,768,192,48,"trk,seq=00025,pan=119.4,tilt=103.6,sun_pan=122.7,sun_tilt=100.9,err=004.3,st=lock,v_mv=00001,i_ma=00000,p_mw=00000,src=ina,act=sw"
2026-08-05T09:29:07.672037+00:00,26,0,1,129,133,1064,532,12,44,960,768,192,48,"trk,seq=00026,pan=119.5,tilt=103.3,sun_pan=120.2,sun_tilt=099.9,err=003.5,st=lock,v_mv=00000,i_ma=00000,p_mw=00000,src=ina,act=sw"
2026-08-05T09:29:08.675185+00:00,27,0,1,129,133,1064,532,12,44,960,768,192,48,"trk,seq=00027,pan=119.4,tilt=102.9,sun_pan=117.5,sun_tilt=098.8,err=004.5,st=lock,v_mv=00001,i_ma=00000,p_mw=00000,src=ina,act=sw"
2026-08-05T09:29:09.676621+00:00,28,0,1,129,133,1064,532,12,44,960,768,192,48,"trk,seq=00028,pan=119.0,tilt=102.4,sun_pan=114.5,sun_tilt=097.6,err=006.5,st=lock,v_mv=00000,i_ma=00000,p_mw=00000,src=ina,act=sw"
2026-08-05T09:29:10.677872+00:00,29,0,1,129,133,1064,532,12,44,960,768,192,48,"trk,seq=00029,pan=118.5,tilt=101.8,sun_pan=111.3,sun_tilt=096.5,err=008.9,st=lock,v_mv=00001,i_ma=00000,p_mw=00000,src=ina,act=sw"
2026-08-05T09:29:11.680036+00:00,30,0,1,129,133,1064,532,12,44,960,768,192,48,"trk,seq=00030,pan=117.7,tilt=101.2,sun_pan=108.0,sun_tilt=095.3,err=011.4,st=seek,v_mv=00001,i_ma=00000,p_mw=00000,src=ina,act=sw"
2026-08-05T09:29:12.686175+00:00,31,0,1,129,133,1064,532,12,44,960,768,192,48,"trk,seq=00031,pan=116.8,tilt=100.6,sun_pan=104.5,sun_tilt=094.0,err=014.0,st=seek,v_mv=00000,i_ma=00000,p_mw=00000,src=ina,act=sw"
2026-08-05T09:29:13.684275+00:00,32,0,1,129,133,1064,532,12,44,960,768,192,48,"trk,seq=00032,pan=115.7,tilt=100.0,sun_pan=100.9,sun_tilt=092.8,err=016.5,st=seek,v_mv=00001,i_ma=00000,p_mw=00000,src=ina,act=sw"
2026-08-05T09:29:14.688833+00:00,33,0,1,129,133,1064,532,12,44,960,768,192,48,"trk,seq=00033,pan=114.5,tilt=099.2,sun_pan=097.2,sun_tilt=091.5,err=018.9,st=seek,v_mv=00000,i_ma=00000,p_mw=00000,src=ina,act=sw"
2026-08-05T09:29:15.688742+00:00,34,0,1,129,133,1064,532,12,44,960,768,192,48,"trk,seq=00034,pan=113.0,tilt=098.5,sun_pan=093.5,sun_tilt=090.2,err=021.2,st=seek,v_mv=00000,i_ma=00000,p_mw=00000,src=ina,act=sw"
2026-08-05T09:29:16.690531+00:00,35,0,1,129,133,1064,532,12,44,960,768,192,48,"trk,seq=00035,pan=111.4,tilt=097.6,sun_pan=089.7,sun_tilt=088.9,err=023.3,st=seek,v_mv=00000,i_ma=00000,p_mw=00000,src=ina,act=sw"
2026-08-05T09:29:17.692202+00:00,36,0,1,129,133,1064,532,12,44,960,768,192,48,"trk,seq=00036,pan=109.6,tilt=096.7,sun_pan=086.0,sun_tilt=087.6,err=025.3,st=seek,v_mv=00001,i_ma=00000,p_mw=00000,src=ina,act=sw"
2026-08-05T09:29:18.695059+00:00,37,0,1,129,133,1064,532,12,44,960,768,192,48,"trk,seq=00037,pan=107.6,tilt=095.7,sun_pan=082.2,sun_tilt=086.2,err=027.1,st=seek,v_mv=00000,i_ma=00000,p_mw=00000,src=ina,act=sw"
2026-08-05T09:29:19.695877+00:00,38,0,1,129,133,1064,532,12,44,960,768,192,48,"trk,seq=00038,pan=105.5,tilt=094.7,sun_pan=078.5,sun_tilt=084.9,err=028.7,st=seek,v_mv=00001,i_ma=00000,p_mw=00000,src=ina,act=sw"
2026-08-05T09:29:20.698734+00:00,39,0,1,129,133,1064,532,12,44,960,768,192,48,"trk,seq=00039,pan=103.3,tilt=093.7,sun_pan=075.0,sun_tilt=083.7,err=030.1,st=seek,v_mv=00000,i_ma=00000,p_mw=00000,src=ina,act=sw"
2026-08-05T09:29:21.700099+00:00,40,0,1,129,133,1064,532,12,44,960,768,192,48,"trk,seq=00040,pan=101.0,tilt=092.7,sun_pan=071.5,sun_tilt=082.4,err=031.3,st=seek,v_mv=00001,i_ma=00000,p_mw=00000,src=ina,act=sw"
2026-08-05T09:29:22.703570+00:00,41,0,1,129,133,1064,532,12,44,960,768,192,48,"trk,seq=00041,pan=098.7,tilt=091.6,sun_pan=068.2,sun_tilt=081.1,err=032.2,st=seek,v_mv=00000,i_ma=00000,p_mw=00000,src=ina,act=sw"
2026-08-05T09:29:23.704795+00:00,42,0,1,129,133,1064,532,12,44,960,768,192,48,"trk,seq=00042,pan=096.2,tilt=090.5,sun_pan=065.1,sun_tilt=079.9,err=032.9,st=seek,v_mv=00000,i_ma=00000,p_mw=00000,src=ina,act=sw"
2026-08-05T09:29:24.706757+00:00,43,0,1,129,133,1064,532,12,44,960,768,192,48,"trk,seq=00043,pan=093.8,tilt=089.4,sun_pan=062.1,sun_tilt=078.7,err=033.4,st=seek,v_mv=00000,i_ma=00000,p_mw=00000,src=ina,act=sw"
2026-08-05T09:29:25.711114+00:00,44,0,1,129,133,1064,532,12,44,960,768,192,48,"trk,seq=00044,pan=091.3,tilt=088.3,sun_pan=059.4,sun_tilt=077.6,err=033.6,st=seek,v_mv=00001,i_ma=00000,p_mw=00000,src=ina,act=sw"
2026-08-05T09:29:26.710473+00:00,45,0,1,129,133,1064,532,12,44,960,768,192,48,"trk,seq=00045,pan=088.8,tilt=087.2,sun_pan=057.0,sun_tilt=076.5,err=033.6,st=seek,v_mv=00001,i_ma=00000,p_mw=00000,src=ina,act=sw"
2026-08-05T09:29:27.711787+00:00,46,0,1,129,133,1064,532,12,44,960,768,192,48,"trk,seq=00046,pan=086.4,tilt=086.1,sun_pan=054.8,sun_tilt=075.4,err=033.4,st=seek,v_mv=00000,i_ma=00000,p_mw=00000,src=ina,act=sw"
2026-08-05T09:29:28.717729+00:00,47,0,1,129,133,1064,532,12,44,960,768,192,48,"trk,seq=00047,pan=084.0,tilt=085.1,sun_pan=052.8,sun_tilt=074.5,err=032.9,st=seek,v_mv=00001,i_ma=00000,p_mw=00000,src=ina,act=sw"
2026-08-05T09:29:29.716949+00:00,48,0,1,129,133,1064,532,12,44,960,768,192,48,"trk,seq=00048,pan=081.6,tilt=084.0,sun_pan=051.2,sun_tilt=073.5,err=032.1,st=seek,v_mv=00001,i_ma=00000,p_mw=00000,src=ina,act=sw"
2026-08-05T09:29:30.721745+00:00,49,0,1,129,133,1064,532,12,44,960,768,192,48,"trk,seq=00049,pan=079.3,tilt=082.9,sun_pan=049.9,sun_tilt=072.6,err=031.1,st=seek,v_mv=00000,i_ma=00000,p_mw=00000,src=ina,act=sw"
2026-08-05T09:29:31.720840+00:00,50,0,1,129,133,1064,532,12,44,960,768,192,48,"trk,seq=00050,pan=077.1,tilt=081.9,sun_pan=049.0,sun_tilt=071.8,err=029.9,st=seek,v_mv=00001,i_ma=00000,p_mw=00000,src=ina,act=sw"
2026-08-05T09:29:32.727061+00:00,51,0,1,129,133,1064,532,12,44,960,768,192,48,"trk,seq=00051,pan=075.1,tilt=080.9,sun_pan=048.3,sun_tilt=071.1,err=028.5,st=seek,v_mv=00000,i_ma=00000,p_mw=00000,src=ina,act=sw"
2026-08-05T09:29:33.725670+00:00,52,0,1,129,133,1064,532,12,44,960,768,192,48,"trk,seq=00052,pan=073.1,tilt=079.9,sun_pan=048.0,sun_tilt=070.4,err=026.8,st=seek,v_mv=00001,i_ma=00000,p_mw=00000,src=ina,act=sw"
2026-08-05T09:29:34.731080+00:00,53,0,1,129,133,1064,532,12,44,960,768,192,48,"trk,seq=00053,pan=071.3,tilt=079.0,sun_pan=048.1,sun_tilt=069.8,err=025.0,st=seek,v_mv=00000,i_ma=00000,p_mw=00000,src=ina,act=sw"
2026-08-05T09:29:35.729740+00:00,54,0,1,129,133,1064,532,12,44,960,768,192,48,"trk,seq=00054,pan=069.7,tilt=078.2,sun_pan=048.4,sun_tilt=069.3,err=023.1,st=seek,v_mv=00001,i_ma=00000,p_mw=00000,src=ina,act=sw"
2026-08-05T09:29:36.731686+00:00,55,0,1,129,133,1064,532,12,44,960,768,192,48,"trk,seq=00055,pan=068.3,tilt=077.4,sun_pan=049.1,sun_tilt=068.9,err=020.9,st=seek,v_mv=00001,i_ma=00000,p_mw=00000,src=ina,act=sw"
2026-08-05T09:29:37.734747+00:00,56,0,1,129,133,1064,532,12,44,960,768,192,48,"trk,seq=00056,pan=067.1,tilt=076.6,sun_pan=050.2,sun_tilt=068.6,err=018.7,st=seek,v_mv=00000,i_ma=00000,p_mw=00000,src=ina,act=sw"
2026-08-05T09:29:38.734815+00:00,57,0,1,129,133,1064,532,12,44,960,768,192,48,"trk,seq=00057,pan=066.0,tilt=075.9,sun_pan=051.6,sun_tilt=068.3,err=016.4,st=seek,v_mv=00000,i_ma=00000,p_mw=00000,src=ina,act=sw"
2026-08-05T09:29:39.737890+00:00,58,0,1,129,133,1064,532,12,44,960,768,192,48,"trk,seq=00058,pan=065.1,tilt=075.3,sun_pan=053.2,sun_tilt=068.1,err=013.9,st=seek,v_mv=00000,i_ma=00000,p_mw=00000,src=ina,act=sw"
2026-08-05T09:29:40.737974+00:00,59,0,1,129,133,1064,532,12,44,960,768,192,48,"trk,seq=00059,pan=064.5,tilt=074.6,sun_pan=055.2,sun_tilt=068.0,err=011.4,st=seek,v_mv=00001,i_ma=00000,p_mw=00000,src=ina,act=sw"
2026-08-05T09:29:41.739865+00:00,60,0,1,129,133,1064,532,12,44,960,768,192,48,"trk,seq=00060,pan=064.0,tilt=074.0,sun_pan=057.5,sun_tilt=068.0,err=008.9,st=lock,v_mv=00000,i_ma=00000,p_mw=00000,src=ina,act=sw"
2026-08-05T09:29:42.742095+00:00,61,0,1,129,133,1064,532,12,44,960,768,192,48,"trk,seq=00061,pan=063.7,tilt=073.5,sun_pan=060.0,sun_tilt=068.1,err=006.5,st=lock,v_mv=00000,i_ma=00000,p_mw=00000,src=ina,act=sw"
2026-08-05T09:29:43.746726+00:00,62,0,1,129,133,1064,532,12,44,960,768,192,48,"trk,seq=00062,pan=063.6,tilt=073.0,sun_pan=062.7,sun_tilt=068.2,err=004.8,st=lock,v_mv=00000,i_ma=00000,p_mw=00000,src=ina,act=sw"
2026-08-05T09:29:44.752757+00:00,63,0,1,129,133,1064,532,12,44,960,768,192,48,"trk,seq=00063,pan=063.8,tilt=072.6,sun_pan=065.7,sun_tilt=068.5,err=004.5,st=lock,v_mv=00000,i_ma=00000,p_mw=00000,src=ina,act=sw"
2026-08-05T09:29:45.748982+00:00,64,0,1,129,133,1064,532,12,44,960,768,192,48,"trk,seq=00064,pan=064.1,tilt=072.2,sun_pan=068.9,sun_tilt=068.8,err=005.8,st=lock,v_mv=00000,i_ma=00000,p_mw=00000,src=ina,act=sw"
2026-08-05T09:29:46.753051+00:00,65,0,1,129,133,1064,532,12,44,960,768,192,48,"trk,seq=00065,pan=064.7,tilt=071.9,sun_pan=072.2,sun_tilt=069.2,err=008.0,st=lock,v_mv=00000,i_ma=00000,p_mw=00000,src=ina,act=sw"
2026-08-05T09:29:47.751655+00:00,66,0,1,129,133,1064,532,12,44,960,768,192,48,"trk,seq=00066,pan=065.5,tilt=071.7,sun_pan=075.7,sun_tilt=069.7,err=010.4,st=seek,v_mv=00000,i_ma=00000,p_mw=00000,src=ina,act=sw"
2026-08-05T09:29:48.760196+00:00,67,0,1,129,133,1064,532,12,44,960,768,192,48,"trk,seq=00067,pan=066.5,tilt=071.6,sun_pan=079.3,sun_tilt=070.3,err=012.9,st=seek,v_mv=00001,i_ma=00000,p_mw=00000,src=ina,act=sw"
2026-08-05T09:29:49.755805+00:00,68,0,1,129,133,1064,532,12,44,960,768,192,48,"trk,seq=00068,pan=067.7,tilt=071.6,sun_pan=083.0,sun_tilt=071.0,err=015.3,st=seek,v_mv=00001,i_ma=00000,p_mw=00000,src=ina,act=sw"
2026-08-05T09:30:05.793826+00:00,84,0,1,129,133,1064,532,12,44,960,768,192,48,"trk,seq=00084,pan=101.5,tilt=098.7,sun_pan=130.1,sun_tilt=107.8,err=030.0,st=seek,v_mv=00001,i_ma=00000,p_mw=00000,src=ina,act=sw"
2026-08-05T09:30:06.791545+00:00,85,0,1,129,133,1064,532,12,44,960,768,192,48,"trk,seq=00085,pan=103.6,tilt=099.5,sun_pan=131.1,sun_tilt=107.5,err=028.6,st=seek,v_mv=00001,i_ma=00000,p_mw=00000,src=ina,act=sw"
2026-08-05T09:30:07.792701+00:00,86,0,1,129,133,1064,532,12,44,960,768,192,48,"trk,seq=00086,pan=105.6,tilt=100.2,sun_pan=131.7,sun_tilt=107.2,err=027.0,st=seek,v_mv=00000,i_ma=00000,p_mw=00000,src=ina,act=sw"
2026-08-05T09:30:08.796023+00:00,87,0,1,129,133,1064,532,12,44,960,768,192,48,"trk,seq=00087,pan=107.5,tilt=100.8,sun_pan=132.0,sun_tilt=106.8,err=025.1,st=seek,v_mv=00001,i_ma=00000,p_mw=00000,src=ina,act=sw"
2026-08-05T09:30:09.796414+00:00,88,0,1,129,133,1064,532,12,44,960,768,192,48,"trk,seq=00088,pan=109.3,tilt=101.3,sun_pan=131.9,sun_tilt=106.3,err=023.2,st=seek,v_mv=00000,i_ma=00000,p_mw=00000,src=ina,act=sw"
2026-08-05T09:30:10.797291+00:00,89,0,1,129,133,1064,532,12,44,960,768,192,48,"trk,seq=00089,pan=110.9,tilt=101.7,sun_pan=131.5,sun_tilt=105.7,err=021.0,st=seek,v_mv=00000,i_ma=00000,p_mw=00000,src=ina,act=sw"
2026-08-05T09:30:11.800526+00:00,90,0,1,129,133,1064,532,12,44,960,768,192,48,"trk,seq=00090,pan=112.3,tilt=102.0,sun_pan=130.8,sun_tilt=105.0,err=018.7,st=seek,v_mv=00001,i_ma=00000,p_mw=00000,src=ina,act=sw"
2026-08-05T09:30:12.801912+00:00,91,0,1,129,133,1064,532,12,44,960,768,192,48,"trk,seq=00091,pan=113.6,tilt=102.3,sun_pan=129.7,sun_tilt=104.3,err=016.3,st=seek,v_mv=00001,i_ma=00000,p_mw=00000,src=ina,act=sw"
2026-08-05T09:30:13.803056+00:00,92,0,1,129,133,1064,532,12,44,960,768,192,48,"trk,seq=00092,pan=114.6,tilt=102.4,sun_pan=128.3,sun_tilt=103.5,err=013.7,st=seek,v_mv=00000,i_ma=00000,p_mw=00000,src=ina,act=sw"
2026-08-05T09:30:14.806476+00:00,93,0,1,129,133,1064,532,12,44,960,768,192,48,"trk,seq=00093,pan=115.5,tilt=102.4,sun_pan=126.6,sun_tilt=102.7,err=011.1,st=seek,v_mv=00000,i_ma=00000,p_mw=00000,src=ina,act=sw"
2026-08-05T09:30:15.807275+00:00,94,0,1,129,133,1064,532,12,44,960,768,192,48,"trk,seq=00094,pan=116.2,tilt=102.3,sun_pan=124.7,sun_tilt=101.7,err=008.5,st=lock,v_mv=00000,i_ma=00000,p_mw=00000,src=ina,act=sw"
2026-08-05T09:30:16.809165+00:00,95,0,1,129,133,1064,532,12,44,960,768,192,48,"trk,seq=00095,pan=116.6,tilt=102.2,sun_pan=122.4,sun_tilt=100.7,err=005.9,st=lock,v_mv=00000,i_ma=00000,p_mw=00000,src=ina,act=sw"
2026-08-05T09:30:17.812289+00:00,96,0,1,129,133,1064,532,12,44,960,768,192,48,"trk,seq=00096,pan=116.8,tilt=102.0,sun_pan=119.8,sun_tilt=099.7,err=003.8,st=lock,v_mv=00001,i_ma=00000,p_mw=00000,src=ina,act=sw"
2026-08-05T09:30:18.813403+00:00,97,0,1,129,133,1064,532,12,44,960,768,192,48,"trk,seq=00097,pan=116.9,tilt=101.7,sun_pan=117.1,sun_tilt=098.6,err=003.0,st=lock,v_mv=00000,i_ma=00000,p_mw=00000,src=ina,act=sw"
2026-08-05T09:30:19.815805+00:00,98,0,1,129,133,1064,532,12,44,960,768,192,48,"trk,seq=00098,pan=116.7,tilt=101.3,sun_pan=114.1,sun_tilt=097.5,err=004.6,st=lock,v_mv=00000,i_ma=00000,p_mw=00000,src=ina,act=sw"
2026-08-05T09:30:20.816293+00:00,99,0,1,129,133,1064,532,12,44,960,768,192,48,"trk,seq=00099,pan=116.2,tilt=100.8,sun_pan=110.9,sun_tilt=096.3,err=007.0,st=lock,v_mv=00001,i_ma=00000,p_mw=00000,src=ina,act=sw"
2026-08-05T09:30:21.819028+00:00,100,0,1,129,133,1064,532,12,44,960,768,192,48,"trk,seq=00100,pan=115.6,tilt=100.3,sun_pan=107.5,sun_tilt=095.1,err=009.6,st=lock,v_mv=00001,i_ma=00000,p_mw=00000,src=ina,act=sw"
2026-08-05T09:30:22.823211+00:00,101,0,1,129,133,1064,532,12,44,960,768,192,48,"trk,seq=00101,pan=114.8,tilt=099.7,sun_pan=104.0,sun_tilt=093.9,err=012.3,st=seek,v_mv=00001,i_ma=00000,p_mw=00000,src=ina,act=sw"
2026-08-05T09:30:23.823974+00:00,102,0,1,129,133,1064,532,12,44,960,768,192,48,"trk,seq=00102,pan=113.8,tilt=099.1,sun_pan=100.4,sun_tilt=092.6,err=014.9,st=seek,v_mv=00000,i_ma=00000,p_mw=00000,src=ina,act=sw"
2026-08-05T09:30:24.824671+00:00,103,0,1,129,133,1064,532,12,44,960,768,192,48,"trk,seq=00103,pan=112.7,tilt=098.4,sun_pan=096.7,sun_tilt=091.3,err=017.5,st=seek,v_mv=00000,i_ma=00000,p_mw=00000,src=ina,act=sw"
2026-08-05T09:30:25.827157+00:00,104,0,1,129,133,1064,532,12,44,960,768,192,48,"trk,seq=00104,pan=111.3,tilt=097.7,sun_pan=093.0,sun_tilt=090.0,err=019.9,st=seek,v_mv=00001,i_ma=00000,p_mw=00000,src=ina,act=sw"
2026-08-05T09:30:26.828776+00:00,105,0,1,129,133,1064,532,12,44,960,768,192,48,"trk,seq=00105,pan=109.7,tilt=096.9,sun_pan=089.2,sun_tilt=088.7,err=022.1,st=seek,v_mv=00001,i_ma=00000,p_mw=00000,src=ina,act=sw"
2026-08-05T09:30:27.830259+00:00,106,0,1,129,133,1064,532,12,44,960,768,192,48,"trk,seq=00106,pan=108.0,tilt=096.1,sun_pan=085.4,sun_tilt=087.4,err=024.2,st=seek,v_mv=00000,i_ma=00000,p_mw=00000,src=ina,act=sw"
2026-08-05T09:30:28.831784+00:00,107,0,1,129,133,1064,532,12,44,960,768,192,48,"trk,seq=00107,pan=106.1,tilt=095.2,sun_pan=081.7,sun_tilt=086.1,err=026.1,st=seek,v_mv=00000,i_ma=00000,p_mw=00000,src=ina,act=sw"
2026-08-05T09:30:29.834908+00:00,108,0,1,129,133,1064,532,12,44,960,768,192,48,"trk,seq=00108,pan=104.1,tilt=094.2,sun_pan=078.0,sun_tilt=084.8,err=027.7,st=seek,v_mv=00001,i_ma=00000,p_mw=00000,src=ina,act=sw"
2026-08-05T09:30:30.838611+00:00,109,0,1,129,133,1064,532,12,44,960,768,192,48,"trk,seq=00109,pan=102.0,tilt=093.2,sun_pan=074.5,sun_tilt=083.5,err=029.2,st=seek,v_mv=00000,i_ma=00000,p_mw=00000,src=ina,act=sw"
2026-08-05T09:30:31.842091+00:00,110,0,1,129,133,1064,532,12,44,960,768,192,48,"trk,seq=00110,pan=099.8,tilt=092.2,sun_pan=071.0,sun_tilt=082.2,err=030.4,st=seek,v_mv=00001,i_ma=00000,p_mw=00000,src=ina,act=sw"
2026-08-05T09:30:32.841227+00:00,111,0,1,129,133,1064,532,12,44,960,768,192,48,"trk,seq=00111,pan=097.4,tilt=091.1,sun_pan=067.7,sun_tilt=081.0,err=031.4,st=seek,v_mv=00000,i_ma=00000,p_mw=00000,src=ina,act=sw"
2026-08-05T09:30:33.844765+00:00,112,0,1,129,133,1064,532,12,44,960,768,192,48,"trk,seq=00112,pan=095.1,tilt=090.1,sun_pan=064.6,sun_tilt=079.8,err=032.2,st=seek,v_mv=00001,i_ma=00000,p_mw=00000,src=ina,act=sw"
2026-08-05T09:30:34.848301+00:00,113,0,1,129,133,1064,532,12,44,960,768,192,48,"trk,seq=00113,pan=092.7,tilt=089.0,sun_pan=061.7,sun_tilt=078.6,err=032.7,st=seek,v_mv=00000,i_ma=00000,p_mw=00000,src=ina,act=sw"
2026-08-05T09:30:35.847456+00:00,114,0,1,129,133,1064,532,12,44,960,768,192,48,"trk,seq=00114,pan=090.3,tilt=087.9,sun_pan=059.1,sun_tilt=077.4,err=032.9,st=seek,v_mv=00001,i_ma=00000,p_mw=00000,src=ina,act=sw"
2026-08-05T09:30:36.849357+00:00,115,0,1,129,133,1064,532,12,44,960,768,192,48,"trk,seq=00115,pan=087.8,tilt=086.9,sun_pan=056.6,sun_tilt=076.3,err=032.9,st=seek,v_mv=00000,i_ma=00000,p_mw=00000,src=ina,act=sw"
2026-08-05T09:30:37.852020+00:00,116,0,1,129,133,1064,532,12,44,960,768,192,48,"trk,seq=00116,pan=085.4,tilt=085.8,sun_pan=054.5,sun_tilt=075.3,err=032.7,st=seek,v_mv=00001,i_ma=00000,p_mw=00000,src=ina,act=sw"
2026-08-05T09:30:38.854442+00:00,117,0,1,129,133,1064,532,12,44,960,768,192,48,"trk,seq=00117,pan=083.1,tilt=084.7,sun_pan=052.6,sun_tilt=074.3,err=032.2,st=seek,v_mv=00000,i_ma=00000,p_mw=00000,src=ina,act=sw"
2026-08-05T09:30:39.856617+00:00,118,0,1,129,133,1064,532,12,44,960,768,192,48,"trk,seq=00118,pan=080.8,tilt=083.7,sun_pan=051.0,sun_tilt=073.4,err=031.5,st=seek,v_mv=00001,i_ma=00000,p_mw=00000,src=ina,act=sw"
2026-08-05T09:30:40.857740+00:00,119,0,1,129,133,1064,532,12,44,960,768,192,48,"trk,seq=00119,pan=078.5,tilt=082.7,sun_pan=049.8,sun_tilt=072.5,err=030.5,st=seek,v_mv=00000,i_ma=00000,p_mw=00000,src=ina,act=sw"
2026-08-05T09:30:41.858632+00:00,120,0,1,129,133,1064,532,12,44,960,768,192,48,"trk,seq=00120,pan=076.4,tilt=081.6,sun_pan=048.9,sun_tilt=071.7,err=029.3,st=seek,v_mv=00001,i_ma=00000,p_mw=00000,src=ina,act=sw"
2026-08-05T09:30:42.860654+00:00,121,0,1,129,133,1064,532,12,44,960,768,192,48,"trk,seq=00121,pan=074.4,tilt=080.7,sun_pan=048.3,sun_tilt=071.0,err=027.8,st=seek,v_mv=00001,i_ma=00000,p_mw=00000,src=ina,act=sw"
2026-08-05T09:30:43.862688+00:00,122,0,1,129,133,1064,532,12,44,960,768,192,48,"trk,seq=00122,pan=072.5,tilt=079.7,sun_pan=048.0,sun_tilt=070.3,err=026.2,st=seek,v_mv=00000,i_ma=00000,p_mw=00000,src=ina,act=sw"
2026-08-05T09:30:44.864137+00:00,123,0,1,129,133,1064,532,12,44,960,768,192,48,"trk,seq=00123,pan=070.8,tilt=078.8,sun_pan=048.1,sun_tilt=069.8,err=024.4,st=seek,v_mv=00001,i_ma=00000,p_mw=00000,src=ina,act=sw"
2026-08-05T09:30:45.866452+00:00,124,0,1,129,133,1064,532,12,44,960,768,192,48,"trk,seq=00124,pan=069.2,tilt=078.0,sun_pan=048.5,sun_tilt=069.3,err=022.4,st=seek,v_mv=00001,i_ma=00000,p_mw=00000,src=ina,act=sw"
2026-08-05T09:30:46.871602+00:00,125,0,1,129,133,1064,532,12,44,960,768,192,48,"trk,seq=00125,pan=067.8,tilt=077.2,sun_pan=049.3,sun_tilt=068.8,err=020.4,st=seek,v_mv=00001,i_ma=00000,p_mw=00000,src=ina,act=sw"
2026-08-05T09:30:47.872985+00:00,126,0,1,129,133,1064,532,12,44,960,768,192,48,"trk,seq=00126,pan=066.6,tilt=076.5,sun_pan=050.4,sun_tilt=068.5,err=018.1,st=seek,v_mv=00001,i_ma=00000,p_mw=00000,src=ina,act=sw"
2026-08-05T09:30:48.874715+00:00,127,0,1,129,133,1064,532,12,44,960,768,192,48,"trk,seq=00127,pan=065.6,tilt=075.8,sun_pan=051.8,sun_tilt=068.3,err=015.8,st=seek,v_mv=00000,i_ma=00000,p_mw=00000,src=ina,act=sw"
2026-08-05T09:30:49.876592+00:00,128,0,1,129,133,1064,532,12,44,960,768,192,48,"trk,seq=00128,pan=064.8,tilt=075.1,sun_pan=053.5,sun_tilt=068.1,err=013.3,st=seek,v_mv=00000,i_ma=00000,p_mw=00000,src=ina,act=sw"
2026-08-05T09:30:50.878545+00:00,129,0,1,129,133,1064,532,12,44,960,768,192,48,"trk,seq=00129,pan=064.2,tilt=074.5,sun_pan=055.5,sun_tilt=068.0,err=010.8,st=seek,v_mv=00000,i_ma=00000,p_mw=00000,src=ina,act=sw"
2026-08-05T09:30:51.880996+00:00,130,0,1,129,133,1064,532,12,44,960,768,192,48,"trk,seq=00130,pan=063.7,tilt=073.9,sun_pan=057.8,sun_tilt=068.0,err=008.3,st=lock,v_mv=00001,i_ma=00000,p_mw=00000,src=ina,act=sw"
2026-08-05T09:30:52.884514+00:00,131,0,1,129,133,1064,532,12,44,960,768,192,48,"trk,seq=00131,pan=063.5,tilt=073.4,sun_pan=060.3,sun_tilt=068.1,err=006.1,st=lock,v_mv=00000,i_ma=00000,p_mw=00000,src=ina,act=sw"
2026-08-05T09:30:53.884547+00:00,132,0,1,129,133,1064,532,12,44,960,768,192,48,"trk,seq=00132,pan=063.4,tilt=072.9,sun_pan=063.1,sun_tilt=068.3,err=004.6,st=lock,v_mv=00001,i_ma=00000,p_mw=00000,src=ina,act=sw"
2026-08-05T09:30:54.886136+00:00,133,0,1,129,133,1064,532,12,44,960,768,192,48,"trk,seq=00133,pan=063.6,tilt=072.5,sun_pan=066.1,sun_tilt=068.5,err=004.7,st=lock,v_mv=00000,i_ma=00000,p_mw=00000,src=ina,act=sw"
2026-08-05T09:30:55.888432+00:00,134,0,1,129,133,1064,532,12,44,960,768,192,48,"trk,seq=00134,pan=064.0,tilt=072.2,sun_pan=069.3,sun_tilt=068.9,err=006.2,st=lock,v_mv=00000,i_ma=00000,p_mw=00000,src=ina,act=sw"
2026-08-05T09:30:56.889832+00:00,135,0,1,129,133,1064,532,12,44,960,768,192,48,"trk,seq=00135,pan=064.7,tilt=071.9,sun_pan=072.7,sun_tilt=069.3,err=008.4,st=lock,v_mv=00001,i_ma=00000,p_mw=00000,src=ina,act=sw"
2026-08-05T09:30:57.900221+00:00,136,0,1,129,133,1064,532,12,44,960,768,192,48,"trk,seq=00136,pan=065.5,tilt=071.7,sun_pan=076.2,sun_tilt=069.8,err=010.9,st=seek,v_mv=00000,i_ma=00000,p_mw=00000,src=ina,act=sw"
2026-08-05T09:30:58.895774+00:00,137,0,1,129,133,1064,532,12,44,960,768,192,48,"trk,seq=00137,pan=066.5,tilt=071.6,sun_pan=079.8,sun_tilt=070.4,err=013.4,st=seek,v_mv=00000,i_ma=00000,p_mw=00000,src=ina,act=sw"
2026-08-05T09:30:59.896382+00:00,138,0,1,129,133,1064,532,12,44,960,768,192,48,"trk,seq=00138,pan=067.8,tilt=071.5,sun_pan=083.5,sun_tilt=071.1,err=015.8,st=seek,v_mv=00001,i_ma=00000,p_mw=00000,src=ina,act=sw"
2026-08-05T09:31:00.995225+00:00,139,0,1,129,133,1064,532,12,44,960,768,192,48,"trk,seq=00139,pan=069.2,tilt=071.6,sun_pan=087.3,sun_tilt=071.8,err=018.1,st=seek,v_mv=00000,i_ma=00000,p_mw=00000,src=ina,act=sw"
2026-08-05T09:31:01.902946+00:00,140,0,1,129,133,1064,532,12,44,960,768,192,48,"trk,seq=00140,pan=070.7,tilt=074.4,sun_pan=091.1,sun_tilt=102.6,err=034.7,st=seek,v_mv=00001,i_ma=00000,p_mw=00000,src=ina,act=sw"
2026-08-05T09:31:03.002792+00:00,141,0,1,129,133,1064,532,12,44,960,768,192,48,"trk,seq=00141,pan=072.5,tilt=077.1,sun_pan=094.8,sun_tilt=103.5,err=034.6,st=seek,v_mv=00001,i_ma=00000,p_mw=00000,src=ina,act=sw"
2026-08-05T09:31:04.026303+00:00,142,0,1,129,133,1064,532,12,44,960,768,192,48,"trk,seq=00142,pan=074.4,tilt=079.6,sun_pan=098.6,sun_tilt=104.3,err=034.5,st=seek,v_mv=00000,i_ma=00000,p_mw=00000,src=ina,act=sw"
2026-08-05T09:31:04.908142+00:00,143,0,1,129,133,1064,532,12,44,960,768,192,48,"trk,seq=00143,pan=076.4,tilt=082.0,sun_pan=102.2,sun_tilt=105.0,err=034.6,st=seek,v_mv=00002,i_ma=00000,p_mw=00000,src=ina,act=sw"
2026-08-05T09:31:05.909458+00:00,144,0,1,129,133,1064,532,12,44,960,768,192,48,"trk,seq=00144,pan=078.5,tilt=084.2,sun_pan=105.8,sun_tilt=105.7,err=034.7,st=seek,v_mv=00000,i_ma=00000,p_mw=00000,src=ina,act=sw"
2026-08-05T09:31:06.910914+00:00,145,0,1,129,133,1064,532,12,44,960,768,192,48,"trk,seq=00145,pan=080.7,tilt=086.2,sun_pan=109.2,sun_tilt=106.2,err=034.8,st=seek,v_mv=00000,i_ma=00000,p_mw=00000,src=ina,act=sw"
2026-08-05T09:31:07.915081+00:00,146,0,1,129,133,1064,532,12,44,960,768,192,48,"trk,seq=00146,pan=083.0,tilt=088.1,sun_pan=112.5,sun_tilt=106.7,err=034.9,st=seek,v_mv=00001,i_ma=00000,p_mw=00000,src=ina,act=sw"
2026-08-05T09:31:08.940890+00:00,147,0,1,129,133,1064,532,12,44,960,768,192,48,"trk,seq=00147,pan=085.3,tilt=089.9,sun_pan=115.6,sun_tilt=107.2,err=034.8,st=seek,v_mv=00000,i_ma=00000,p_mw=00000,src=ina,act=sw"
2026-08-05T09:31:09.965893+00:00,148,0,1,129,133,1064,532,12,44,960,768,192,48,"trk,seq=00148,pan=087.7,tilt=091.5,sun_pan=118.5,sun_tilt=107.5,err=034.7,st=seek,v_mv=00000,i_ma=00000,p_mw=00000,src=ina,act=sw"
2026-08-05T09:31:10.918171+00:00,149,0,1,129,133,1064,532,12,44,960,768,192,48,"trk,seq=00149,pan=090.1,tilt=093.0,sun_pan=121.1,sun_tilt=107.7,err=034.3,st=seek,v_mv=00001,i_ma=00000,p_mw=00000,src=ina,act=sw"
2026-08-05T09:31:11.920781+00:00,150,0,1,129,133,1064,532,12,44,960,768,192,48,"trk,seq=00150,pan=092.5,tilt=094.4,sun_pan=123.5,sun_tilt=107.9,err=033.8,st=seek,v_mv=00001,i_ma=00000,p_mw=00000,src=ina,act=sw"
2026-08-05T09:31:12.921929+00:00,151,0,1,129,133,1064,532,12,44,960,768,192,48,"trk,seq=00151,pan=094.9,tilt=095.6,sun_pan=125.7,sun_tilt=108.0,err=033.1,st=seek,v_mv=00000,i_ma=00000,p_mw=00000,src=ina,act=sw"
2026-08-05T09:31:13.925258+00:00,152,0,1,129,133,1064,532,12,44,960,768,192,48,"trk,seq=00152,pan=097.3,tilt=096.8,sun_pan=127.5,sun_tilt=108.0,err=032.3,st=seek,v_mv=00000,i_ma=00000,p_mw=00000,src=ina,act=sw"
2026-08-05T09:31:14.925760+00:00,153,0,1,129,133,1064,532,12,44,960,768,192,48,"trk,seq=00153,pan=099.6,tilt=097.8,sun_pan=129.1,sun_tilt=107.9,err=031.2,st=seek,v_mv=00000,i_ma=00000,p_mw=00000,src=ina,act=sw"
2026-08-05T09:31:15.931155+00:00,154,0,1,129,133,1064,532,12,44,960,768,192,48,"trk,seq=00154,pan=101.8,tilt=098.7,sun_pan=130.3,sun_tilt=107.7,err=029.9,st=seek,v_mv=00000,i_ma=00000,p_mw=00000,src=ina,act=sw"
2026-08-05T09:31:16.931404+00:00,155,0,1,129,133,1064,532,12,44,960,768,192,48,"trk,seq=00155,pan=103.9,tilt=099.5,sun_pan=131.2,sun_tilt=107.5,err=028.4,st=seek,v_mv=00000,i_ma=00000,p_mw=00000,src=ina,act=sw"
2026-08-05T09:31:17.935783+00:00,156,0,1,129,133,1064,532,12,44,960,768,192,48,"trk,seq=00156,pan=105.9,tilt=100.2,sun_pan=131.8,sun_tilt=107.1,err=026.8,st=seek,v_mv=00001,i_ma=00000,p_mw=00000,src=ina,act=sw"
2026-08-05T09:31:18.934008+00:00,157,0,1,129,133,1064,532,12,44,960,768,192,48,"trk,seq=00157,pan=107.8,tilt=100.8,sun_pan=132.0,sun_tilt=106.7,err=024.9,st=seek,v_mv=00000,i_ma=00000,p_mw=00000,src=ina,act=sw"
2026-08-05T09:31:19.938475+00:00,158,0,1,129,133,1064,532,12,44,960,768,192,48,"trk,seq=00158,pan=109.5,tilt=101.3,sun_pan=131.9,sun_tilt=106.2,err=022.9,st=seek,v_mv=00000,i_ma=00000,p_mw=00000,src=ina,act=sw"
2026-08-05T09:31:20.940907+00:00,159,0,1,129,133,1064,532,12,44,960,768,192,48,"trk,seq=00159,pan=111.1,tilt=101.7,sun_pan=131.4,sun_tilt=105.6,err=020.7,st=seek,v_mv=00001,i_ma=00000,p_mw=00000,src=ina,act=sw"
2026-08-05T09:31:21.942456+00:00,160,0,1,129,133,1064,532,12,44,960,768,192,48,"trk,seq=00160,pan=112.5,tilt=102.0,sun_pan=130.7,sun_tilt=104.9,err=018.4,st=seek,v_mv=00001,i_ma=00000,p_mw=00000,src=ina,act=sw"
2026-08-05T09:31:22.943664+00:00,161,0,1,129,133,1064,532,12,44,960,768,192,48,"trk,seq=00161,pan=113.7,tilt=102.2,sun_pan=129.5,sun_tilt=104.2,err=015.9,st=seek,v_mv=00001,i_ma=00000,p_mw=00000,src=ina,act=sw"
2026-08-05T09:31:23.944247+00:00,162,0,1,129,133,1064,532,12,44,960,768,192,48,"trk,seq=00162,pan=114.8,tilt=102.3,sun_pan=128.1,sun_tilt=103.4,err=013.4,st=seek,v_mv=00001,i_ma=00000,p_mw=00000,src=ina,act=sw"
2026-08-05T09:31:24.946077+00:00,163,0,1,129,133,1064,532,12,44,960,768,192,48,"trk,seq=00163,pan=115.6,tilt=102.4,sun_pan=126.4,sun_tilt=102.5,err=010.8,st=seek,v_mv=00000,i_ma=00000,p_mw=00000,src=ina,act=sw"
2026-08-05T09:31:25.950133+00:00,164,0,1,129,133,1064,532,12,44,960,768,192,48,"trk,seq=00164,pan=116.2,tilt=102.3,sun_pan=124.3,sun_tilt=101.6,err=008.1,st=lock,v_mv=00001,i_ma=00000,p_mw=00000,src=ina,act=sw"
2026-08-05T09:31:26.951496+00:00,165,0,1,129,133,1064,532,12,44,960,768,192,48,"trk,seq=00165,pan=116.6,tilt=102.1,sun_pan=122.0,sun_tilt=100.6,err=005.6,st=lock,v_mv=00000,i_ma=00000,p_mw=00000,src=ina,act=sw"
2026-08-05T09:31:27.951788+00:00,166,0,1,129,133,1064,532,12,44,960,768,192,48,"trk,seq=00166,pan=116.9,tilt=101.9,sun_pan=119.5,sun_tilt=099.6,err=003.5,st=lock,v_mv=00001,i_ma=00000,p_mw=00000,src=ina,act=sw"
2026-08-05T09:31:28.958772+00:00,167,0,1,129,133,1064,532,12,44,960,768,192,48,"trk,seq=00167,pan=116.8,tilt=101.6,sun_pan=116.7,sun_tilt=098.5,err=003.1,st=lock,v_mv=00001,i_ma=00000,p_mw=00000,src=ina,act=sw"
2026-08-05T09:31:29.955829+00:00,168,0,1,129,133,1064,532,12,44,960,768,192,48,"trk,seq=00168,pan=116.6,tilt=101.2,sun_pan=113.6,sun_tilt=097.3,err=004.9,st=lock,v_mv=00002,i_ma=00000,p_mw=00000,src=ina,act=sw"
2026-08-05T09:31:30.957963+00:00,169,0,1,129,133,1064,532,12,44,960,768,192,48,"trk,seq=00169,pan=116.2,tilt=100.7,sun_pan=110.4,sun_tilt=096.1,err=007.3,st=lock,v_mv=00000,i_ma=00000,p_mw=00000,src=ina,act=sw"
2026-08-05T09:31:31.960476+00:00,170,0,1,129,133,1064,532,12,44,960,768,192,48,"trk,seq=00170,pan=115.5,tilt=100.2,sun_pan=107.0,sun_tilt=094.9,err=010.0,st=lock,v_mv=00001,i_ma=00000,p_mw=00000,src=ina,act=sw"
2026-08-05T09:31:32.964568+00:00,171,0,1,129,133,1064,532,12,44,960,768,192,48,"trk,seq=00171,pan=114.7,tilt=099.6,sun_pan=103.5,sun_tilt=093.7,err=012.6,st=seek,v_mv=00001,i_ma=00000,p_mw=00000,src=ina,act=sw"
2026-08-05T09:31:33.963512+00:00,172,0,1,129,133,1064,532,12,44,960,768,192,48,"trk,seq=00172,pan=113.7,tilt=099.0,sun_pan=099.9,sun_tilt=092.4,err=015.3,st=seek,v_mv=00001,i_ma=00000,p_mw=00000,src=ina,act=sw"
2026-08-05T09:31:34.966500+00:00,173,0,1,129,133,1064,532,12,44,960,768,192,48,"trk,seq=00173,pan=112.5,tilt=098.3,sun_pan=096.2,sun_tilt=091.1,err=017.8,st=seek,v_mv=00001,i_ma=00000,p_mw=00000,src=ina,act=sw"
2026-08-05T09:31:35.967567+00:00,174,0,1,129,133,1064,532,12,44,960,768,192,48,"trk,seq=00174,pan=111.1,tilt=097.6,sun_pan=092.4,sun_tilt=089.8,err=020.2,st=seek,v_mv=00001,i_ma=00000,p_mw=00000,src=ina,act=sw"
2026-08-05T09:31:36.969989+00:00,175,0,1,129,133,1064,532,12,44,960,768,192,48,"trk,seq=00175,pan=109.5,tilt=096.8,sun_pan=088.7,sun_tilt=088.5,err=022.4,st=seek,v_mv=00001,i_ma=00000,p_mw=00000,src=ina,act=sw"
2026-08-05T09:31:37.971744+00:00,176,0,1,129,133,1064,532,12,44,960,768,192,48,"trk,seq=00176,pan=107.8,tilt=095.9,sun_pan=084.9,sun_tilt=087.2,err=024.5,st=seek,v_mv=00000,i_ma=00000,p_mw=00000,src=ina,act=sw"
2026-08-05T09:31:38.974016+00:00,177,0,1,129,133,1064,532,12,44,960,768,192,48,"trk,seq=00177,pan=105.9,tilt=095.0,sun_pan=081.2,sun_tilt=085.9,err=026.3,st=seek,v_mv=00001,i_ma=00000,p_mw=00000,src=ina,act=sw"
2026-08-05T09:31:39.976295+00:00,178,0,1,129,133,1064,532,12,44,960,768,192,48,"trk,seq=00178,pan=103.8,tilt=094.0,sun_pan=077.5,sun_tilt=084.6,err=027.9,st=seek,v_mv=00001,i_ma=00000,p_mw=00000,src=ina,act=sw"
2026-08-05T09:31:40.983609+00:00,179,0,1,129,133,1064,532,12,44,960,768,192,48,"trk,seq=00179,pan=101.7,tilt=093.0,sun_pan=074.0,sun_tilt=083.3,err=029.4,st=seek,v_mv=00000,i_ma=00000,p_mw=00000,src=ina,act=sw"
2026-08-05T09:31:41.979960+00:00,180,0,1,129,133,1064,532,12,44,960,768,192,48,"trk,seq=00180,pan=099.4,tilt=092.0,sun_pan=070.6,sun_tilt=082.0,err=030.6,st=seek,v_mv=00002,i_ma=00000,p_mw=00000,src=ina,act=sw"
2026-08-05T09:31:42.981675+00:00,181,0,1,129,133,1064,532,12,44,960,768,192,48,"trk,seq=00181,pan=097.1,tilt=091.0,sun_pan=067.3,sun_tilt=080.8,err=031.5,st=seek,v_mv=00000,i_ma=00000,p_mw=00000,src=ina,act=sw"
2026-08-05T09:31:43.991205+00:00,182,0,1,129,133,1064,532,12,44,960,768,192,48,"trk,seq=00182,pan=094.7,tilt=089.9,sun_pan=064.2,sun_tilt=079.6,err=032.2,st=seek,v_mv=00000,i_ma=00000,p_mw=00000,src=ina,act=sw"
2026-08-05T09:31:44.984999+00:00,183,0,1,129,133,1064,532,12,44,960,768,192,48,"trk,seq=00183,pan=092.3,tilt=088.9,sun_pan=061.3,sun_tilt=078.4,err=032.7,st=seek,v_mv=00001,i_ma=00000,p_mw=00000,src=ina,act=sw"
2026-08-05T09:31:45.988041+00:00,184,0,1,129,133,1064,532,12,44,960,768,192,48,"trk,seq=00184,pan=089.9,tilt=087.8,sun_pan=058.7,sun_tilt=077.3,err=032.9,st=seek,v_mv=00001,i_ma=00000,p_mw=00000,src=ina,act=sw"
2026-08-05T09:31:46.994216+00:00,185,0,1,129,133,1064,532,12,44,960,768,192,48,"trk,seq=00185,pan=087.5,tilt=086.7,sun_pan=056.3,sun_tilt=076.2,err=032.9,st=seek,v_mv=00001,i_ma=00000,p_mw=00000,src=ina,act=sw"
2026-08-05T09:31:47.993230+00:00,186,0,1,129,133,1064,532,12,44,960,768,192,48,"trk,seq=00186,pan=085.1,tilt=085.6,sun_pan=054.2,sun_tilt=075.2,err=032.6,st=seek,v_mv=00001,i_ma=00000,p_mw=00000,src=ina,act=sw"
2026-08-05T09:31:48.994460+00:00,187,0,1,129,133,1064,532,12,44,960,768,192,48,"trk,seq=00187,pan=082.7,tilt=084.6,sun_pan=052.4,sun_tilt=074.2,err=032.1,st=seek,v_mv=00000,i_ma=00000,p_mw=00000,src=ina,act=sw"
2026-08-05T09:31:49.997009+00:00,188,0,1,129,133,1064,532,12,44,960,768,192,48,"trk,seq=00188,pan=080.4,tilt=083.5,sun_pan=050.8,sun_tilt=073.3,err=031.3,st=seek,v_mv=00001,i_ma=00000,p_mw=00000,src=ina,act=sw"
2026-08-05T09:31:50.997955+00:00,189,0,1,129,133,1064,532,12,44,960,768,192,48,"trk,seq=00189,pan=078.2,tilt=082.5,sun_pan=049.6,sun_tilt=072.4,err=030.3,st=seek,v_mv=00001,i_ma=00000,p_mw=00000,src=ina,act=sw"
2026-08-05T09:31:51.999859+00:00,190,0,1,129,133,1064,532,12,44,960,768,192,48,"trk,seq=00190,pan=076.1,tilt=081.5,sun_pan=048.8,sun_tilt=071.6,err=029.1,st=seek,v_mv=00001,i_ma=00000,p_mw=00000,src=ina,act=sw"
2026-08-05T09:31:53.001816+00:00,191,0,1,129,133,1064,532,12,44,960,768,192,48,"trk,seq=00191,pan=074.1,tilt=080.5,sun_pan=048.2,sun_tilt=070.9,err=027.6,st=seek,v_mv=00001,i_ma=00000,p_mw=00000,src=ina,act=sw"
2026-08-05T09:31:54.003704+00:00,192,0,1,129,133,1064,532,12,44,960,768,192,48,"trk,seq=00192,pan=072.2,tilt=079.6,sun_pan=048.0,sun_tilt=070.3,err=026.0,st=seek,v_mv=00001,i_ma=00000,p_mw=00000,src=ina,act=sw"
2026-08-05T09:31:55.007447+00:00,193,0,1,129,133,1064,532,12,44,960,768,192,48,"trk,seq=00193,pan=070.5,tilt=078.7,sun_pan=048.1,sun_tilt=069.7,err=024.1,st=seek,v_mv=00002,i_ma=00000,p_mw=00000,src=ina,act=sw"
2026-08-05T09:31:56.008029+00:00,194,0,1,129,133,1064,532,12,44,960,768,192,48,"trk,seq=00194,pan=069.0,tilt=077.9,sun_pan=048.6,sun_tilt=069.2,err=022.2,st=seek,v_mv=00001,i_ma=00000,p_mw=00000,src=ina,act=sw"
2026-08-05T09:31:57.009866+00:00,195,0,1,129,133,1064,532,12,44,960,768,192,48,"trk,seq=00195,pan=067.6,tilt=077.1,sun_pan=049.4,sun_tilt=068.8,err=020.0,st=seek,v_mv=00001,i_ma=00000,p_mw=00000,src=ina,act=sw"
2026-08-05T09:31:58.014612+00:00,196,0,1,129,133,1064,532,12,44,960,768,192,48,"trk,seq=00196,pan=066.5,tilt=076.4,sun_pan=050.5,sun_tilt=068.5,err=017.8,st=seek,v_mv=00001,i_ma=00000,p_mw=00000,src=ina,act=sw"
2026-08-05T09:31:59.013741+00:00,197,0,1,129,133,1064,532,12,44,960,768,192,48,"trk,seq=00197,pan=065.5,tilt=075.7,sun_pan=052.0,sun_tilt=068.2,err=015.4,st=seek,v_mv=00001,i_ma=00000,p_mw=00000,src=ina,act=sw"
2026-08-05T09:32:00.015068+00:00,198,0,1,129,133,1064,532,12,44,960,768,192,48,"trk,seq=00198,pan=064.7,tilt=075.0,sun_pan=053.8,sun_tilt=068.1,err=013.0,st=seek,v_mv=00001,i_ma=00000,p_mw=00000,src=ina,act=sw"
2026-08-05T09:32:01.018162+00:00,199,0,1,129,133,1064,532,12,44,960,768,192,48,"trk,seq=00199,pan=064.1,tilt=074.4,sun_pan=055.8,sun_tilt=068.0,err=010.5,st=seek,v_mv=00002,i_ma=00000,p_mw=00000,src=ina,act=sw"
2026-08-05T09:32:02.018796+00:00,200,0,1,129,133,1064,532,12,44,960,768,192,48,"trk,seq=00200,pan=063.7,tilt=073.8,sun_pan=058.1,sun_tilt=068.0,err=008.0,st=lock,v_mv=00001,i_ma=00000,p_mw=00000,src=ina,act=sw"
2026-08-05T09:32:03.025033+00:00,201,0,1,129,133,1064,532,12,44,960,768,192,48,"trk,seq=00201,pan=063.4,tilt=073.3,sun_pan=060.7,sun_tilt=068.1,err=005.8,st=lock,v_mv=00001,i_ma=00000,p_mw=00000,src=ina,act=sw"
2026-08-05T09:32:04.024173+00:00,202,0,1,129,133,1064,532,12,44,960,768,192,48,"trk,seq=00202,pan=063.5,tilt=072.8,sun_pan=063.5,sun_tilt=068.3,err=004.5,st=lock,v_mv=00001,i_ma=00000,p_mw=00000,src=ina,act=sw"
2026-08-05T09:32:05.025555+00:00,203,0,1,129,133,1064,532,12,44,960,768,192,48,"trk,seq=00203,pan=063.7,tilt=072.4,sun_pan=066.6,sun_tilt=068.6,err=004.8,st=lock,v_mv=00000,i_ma=00000,p_mw=00000,src=ina,act=sw"
2026-08-05T09:32:06.028221+00:00,204,0,1,129,133,1064,532,12,44,960,768,192,48,"trk,seq=00204,pan=064.1,tilt=072.1,sun_pan=069.8,sun_tilt=068.9,err=006.5,st=lock,v_mv=00001,i_ma=00000,p_mw=00000,src=ina,act=sw"
2026-08-05T09:32:07.029719+00:00,205,0,1,129,133,1064,532,12,44,960,768,192,48,"trk,seq=00205,pan=064.8,tilt=071.9,sun_pan=073.2,sun_tilt=069.4,err=008.8,st=lock,v_mv=00000,i_ma=00000,p_mw=00000,src=ina,act=sw"
2026-08-05T09:32:08.032348+00:00,206,0,1,129,133,1064,532,12,44,960,768,192,48,"trk,seq=00206,pan=065.6,tilt=071.7,sun_pan=076.7,sun_tilt=069.9,err=011.2,st=seek,v_mv=00001,i_ma=00000,p_mw=00000,src=ina,act=sw"
2026-08-05T09:32:09.034176+00:00,207,0,1,129,133,1064,532,12,44,960,768,192,48,"trk,seq=00207,pan=066.7,tilt=071.6,sun_pan=080.4,sun_tilt=070.5,err=013.7,st=seek,v_mv=00002,i_ma=00000,p_mw=00000,src=ina,act=sw"
2026-08-05T09:32:10.035581+00:00,208,0,1,129,133,1064,532,12,44,960,768,192,48,"trk,seq=00208,pan=067.9,tilt=071.5,sun_pan=084.1,sun_tilt=071.2,err=016.1,st=seek,v_mv=00000,i_ma=00000,p_mw=00000,src=ina,act=sw"
2026-08-05T09:32:11.037515+00:00,209,0,1,129,133,1064,532,12,44,960,768,192,48,"trk,seq=00209,pan=069.4,tilt=071.6,sun_pan=087.8,sun_tilt=071.9,err=018.4,st=seek,v_mv=00000,i_ma=00000,p_mw=00000,src=ina,act=sw"
2026-08-05T09:32:12.038780+00:00,210,0,1,129,133,1064,532,12,44,960,768,192,48,"trk,seq=00210,pan=071.0,tilt=074.4,sun_pan=091.6,sun_tilt=102.7,err=035.0,st=seek,v_mv=00000,i_ma=00000,p_mw=00000,src=ina,act=sw"
2026-08-05T09:32:13.047652+00:00,211,0,1,129,133,1064,532,12,44,960,768,192,48,"trk,seq=00211,pan=072.7,tilt=077.1,sun_pan=095.4,sun_tilt=103.6,err=034.8,st=seek,v_mv=00001,i_ma=00000,p_mw=00000,src=ina,act=sw"
2026-08-05T09:32:14.070273+00:00,212,0,1,129,133,1064,532,12,44,960,768,192,48,"trk,seq=00212,pan=074.6,tilt=079.7,sun_pan=099.1,sun_tilt=104.4,err=034.8,st=seek,v_mv=00001,i_ma=00000,p_mw=00000,src=ina,act=sw"
2026-08-05T09:32:15.056337+00:00,213,0,1,129,133,1064,532,12,44,960,768,192,48,"trk,seq=00213,pan=076.7,tilt=082.0,sun_pan=102.7,sun_tilt=105.1,err=034.8,st=seek,v_mv=00001,i_ma=00000,p_mw=00000,src=ina,act=sw"
2026-08-05T09:32:16.117149+00:00,214,0,1,129,133,1064,532,12,44,960,768,192,48,"trk,seq=00214,pan=078.8,tilt=084.2,sun_pan=106.3,sun_tilt=105.7,err=034.9,st=seek,v_mv=00000,i_ma=00000,p_mw=00000,src=ina,act=sw"
2026-08-05T09:32:17.143703+00:00,215,0,1,129,133,1064,532,12,44,960,768,192,48,"trk,seq=00215,pan=081.0,tilt=086.3,sun_pan=109.7,sun_tilt=106.3,err=035.0,st=seek,v_mv=00001,i_ma=00000,p_mw=00000,src=ina,act=sw"
2026-08-05T09:32:18.074745+00:00,216,0,1,129,133,1064,532,12,44,960,768,192,48,"trk,seq=00216,pan=083.3,tilt=088.2,sun_pan=112.9,sun_tilt=106.8,err=035.0,st=seek,v_mv=00001,i_ma=00000,p_mw=00000,src=ina,act=sw"
2026-08-05T09:32:19.053092+00:00,217,0,1,129,133,1064,532,12,44,960,768,192,48,"trk,seq=00217,pan=085.7,tilt=089.9,sun_pan=116.0,sun_tilt=107.2,err=034.9,st=seek,v_mv=00001,i_ma=00000,p_mw=00000,src=ina,act=sw"
2026-08-05T09:32:20.062259+00:00,218,0,1,129,133,1064,532,12,44,960,768,192,48,"trk,seq=00218,pan=088.1,tilt=091.6,sun_pan=118.9,sun_tilt=107.5,err=034.7,st=seek,v_mv=00001,i_ma=00000,p_mw=00000,src=ina,act=sw"
2026-08-05T09:32:21.059539+00:00,219,0,1,129,133,1064,532,12,44,960,768,192,48,"trk,seq=00219,pan=090.5,tilt=093.1,sun_pan=121.5,sun_tilt=107.8,err=034.3,st=seek,v_mv=00001,i_ma=00000,p_mw=00000,src=ina,act=sw"
2026-08-05T09:32:22.058987+00:00,220,0,1,129,133,1064,532,12,44,960,768,192,48,"trk,seq=00220,pan=092.9,tilt=094.4,sun_pan=123.9,sun_tilt=107.9,err=033.8,st=seek,v_mv=00001,i_ma=00000,p_mw=00000,src=ina,act=sw"
2026-08-05T09:32:23.062471+00:00,221,0,1,129,133,1064,532,12,44,960,768,192,48,"trk,seq=00221,pan=095.2,tilt=095.7,sun_pan=125.9,sun_tilt=108.0,err=033.1,st=seek,v_mv=00000,i_ma=00000,p_mw=00000,src=ina,act=sw"
2026-08-05T09:32:24.063249+00:00,222,0,1,129,133,1064,532,12,44,960,768,192,48,"trk,seq=00222,pan=097.6,tilt=096.8,sun_pan=127.8,sun_tilt=108.0,err=032.2,st=seek,v_mv=00001,i_ma=00000,p_mw=00000,src=ina,act=sw"
2026-08-05T09:32:25.066609+00:00,223,0,1,129,133,1064,532,12,44,960,768,192,48,"trk,seq=00223,pan=099.9,tilt=097.9,sun_pan=129.3,sun_tilt=107.9,err=031.0,st=seek,v_mv=00001,i_ma=00000,p_mw=00000,src=ina,act=sw"
2026-08-05T09:32:26.066235+00:00,224,0,1,129,133,1064,532,12,44,960,768,192,48,"trk,seq=00224,pan=102.1,tilt=098.8,sun_pan=130.4,sun_tilt=107.7,err=029.7,st=seek,v_mv=00001,i_ma=00000,p_mw=00000,src=ina,act=sw"
2026-08-05T09:32:27.073205+00:00,225,0,1,129,133,1064,532,12,44,960,768,192,48,"trk,seq=00225,pan=104.2,tilt=099.6,sun_pan=131.3,sun_tilt=107.4,err=028.2,st=seek,v_mv=00001,i_ma=00000,p_mw=00000,src=ina,act=sw"
2026-08-05T09:32:28.069423+00:00,226,0,1,129,133,1064,532,12,44,960,768,192,48,"trk,seq=00226,pan=106.2,tilt=100.3,sun_pan=131.8,sun_tilt=107.1,err=026.5,st=seek,v_mv=00001,i_ma=00000,p_mw=00000,src=ina,act=sw"
2026-08-05T09:32:29.073554+00:00,227,0,1,129,133,1064,532,12,44,960,768,192,48,"trk,seq=00227,pan=108.0,tilt=100.8,sun_pan=132.0,sun_tilt=106.6,err=024.7,st=seek,v_mv=00001,i_ma=00000,p_mw=00000,src=ina,act=sw"
2026-08-05T09:32:30.074447+00:00,228,0,1,129,133,1064,532,12,44,960,768,192,48,"trk,seq=00228,pan=109.7,tilt=101.3,sun_pan=131.8,sun_tilt=106.1,err=022.6,st=seek,v_mv=00000,i_ma=00000,p_mw=00000,src=ina,act=sw"
2026-08-05T09:32:31.077015+00:00,229,0,1,129,133,1064,532,12,44,960,768,192,48,"trk,seq=00229,pan=111.3,tilt=101.7,sun_pan=131.4,sun_tilt=105.5,err=020.4,st=seek,v_mv=00001,i_ma=00000,p_mw=00000,src=ina,act=sw"
2026-08-05T09:32:32.083210+00:00,230,0,1,129,133,1064,532,12,44,960,768,192,48,"trk,seq=00230,pan=112.7,tilt=102.0,sun_pan=130.5,sun_tilt=104.8,err=018.1,st=seek,v_mv=00000,i_ma=00000,p_mw=00000,src=ina,act=sw"
2026-08-05T09:32:33.081211+00:00,231,0,1,129,133,1064,532,12,44,960,768,192,48,"trk,seq=00231,pan=113.9,tilt=102.2,sun_pan=129.4,sun_tilt=104.1,err=015.6,st=seek,v_mv=00001,i_ma=00000,p_mw=00000,src=ina,act=sw"
2026-08-05T09:32:34.083835+00:00,232,0,1,129,133,1064,532,12,44,960,768,192,48,"trk,seq=00232,pan=114.9,tilt=102.3,sun_pan=127.9,sun_tilt=103.3,err=013.0,st=seek,v_mv=00002,i_ma=00000,p_mw=00000,src=ina,act=sw"
2026-08-05T09:32:35.087995+00:00,233,0,1,129,133,1064,532,12,44,960,768,192,48,"trk,seq=00233,pan=115.7,tilt=102.3,sun_pan=126.1,sun_tilt=102.4,err=010.4,st=seek,v_mv=00000,i_ma=00000,p_mw=00000,src=ina,act=sw"
2026-08-05T09:32:36.090619+00:00,234,0,1,129,133,1064,532,12,44,960,768,192,48,"trk,seq=00234,pan=116.3,tilt=102.2,sun_pan=124.0,sun_tilt=101.5,err=007.8,st=lock,v_mv=00001,i_ma=00000,p_mw=00000,src=ina,act=sw"
2026-08-05T09:32:37.089767+00:00,235,0,1,129,133,1064,532,12,44,960,768,192,48,"trk,seq=00235,pan=116.7,tilt=102.1,sun_pan=121.7,sun_tilt=100.5,err=005.3,st=lock,v_mv=00001,i_ma=00000,p_mw=00000,src=ina,act=sw"
2026-08-05T09:32:38.095504+00:00,236,0,1,129,133,1064,532,12,44,960,768,192,48,"trk,seq=00236,pan=116.9,tilt=101.8,sun_pan=119.1,sun_tilt=099.4,err=003.3,st=lock,v_mv=00000,i_ma=00000,p_mw=00000,src=ina,act=sw"
2026-08-05T09:32:39.094964+00:00,237,0,1,129,133,1064,532,12,44,960,768,192,48,"trk,seq=00237,pan=116.8,tilt=101.5,sun_pan=116.3,sun_tilt=098.3,err=003.2,st=lock,v_mv=00001,i_ma=00000,p_mw=00000,src=ina,act=sw"
2026-08-05T09:32:40.095412+00:00,238,0,1,129,133,1064,532,12,44,960,768,192,48,"trk,seq=00238,pan=116.6,tilt=101.1,sun_pan=113.2,sun_tilt=097.2,err=005.2,st=lock,v_mv=00002,i_ma=00000,p_mw=00000,src=ina,act=sw"
2026-08-05T09:32:41.100137+00:00,239,0,1,129,133,1064,532,12,44,960,768,192,48,"trk,seq=00239,pan=116.1,tilt=100.6,sun_pan=110.0,sun_tilt=096.0,err=007.7,st=lock,v_mv=00001,i_ma=00000,p_mw=00000,src=ina,act=sw"
2026-08-05T09:32:42.099357+00:00,240,0,1,129,133,1064,532,12,44,960,768,192,48,"trk,seq=00240,pan=115.4,tilt=100.1,sun_pan=106.6,sun_tilt=094.7,err=010.3,st=seek,v_mv=00001,i_ma=00000,p_mw=00000,src=ina,act=sw"
2026-08-05T09:32:43.101114+00:00,241,0,1,129,133,1064,532,12,44,960,768,192,48,"trk,seq=00241,pan=114.6,tilt=099.5,sun_pan=103.0,sun_tilt=093.5,err=013.0,st=seek,v_mv=00000,i_ma=00000,p_mw=00000,src=ina,act=sw"
2026-08-05T09:32:44.103608+00:00,242,0,1,129,133,1064,532,12,44,960,768,192,48,"trk,seq=00242,pan=113.5,tilt=098.9,sun_pan=099.4,sun_tilt=092.2,err=015.6,st=seek,v_mv=00000,i_ma=00000,p_mw=00000,src=ina,act=sw"
2026-08-05T09:32:45.105165+00:00,243,0,1,129,133,1064,532,12,44,960,768,192,48,"trk,seq=00243,pan=112.3,tilt=098.2,sun_pan=095.7,sun_tilt=090.9,err=018.1,st=seek,v_mv=00001,i_ma=00000,p_mw=00000,src=ina,act=sw"
2026-08-05T09:32:46.108460+00:00,244,0,1,129,133,1064,532,12,44,960,768,192,48,"trk,seq=00244,pan=110.9,tilt=097.5,sun_pan=091.9,sun_tilt=089.6,err=020.5,st=seek,v_mv=00000,i_ma=00000,p_mw=00000,src=ina,act=sw"
2026-08-05T09:32:47.108686+00:00,245,0,1,129,133,1064,532,12,44,960,768,192,48,"trk,seq=00245,pan=109.3,tilt=096.7,sun_pan=088.1,sun_tilt=088.3,err=022.7,st=seek,v_mv=00001,i_ma=00000,p_mw=00000,src=ina,act=sw"
2026-08-05T09:32:48.110462+00:00,246,0,1,129,133,1064,532,12,44,960,768,192,48,"trk,seq=00246,pan=107.5,tilt=095.8,sun_pan=084.4,sun_tilt=087.0,err=024.7,st=seek,v_mv=00002,i_ma=00000,p_mw=00000,src=ina,act=sw"
2026-08-05T09:32:49.117321+00:00,247,0,1,129,133,1064,532,12,44,960,768,192,48,"trk,seq=00247,pan=105.6,tilt=094.9,sun_pan=080.7,sun_tilt=085.7,err=026.5,st=seek,v_mv=00000,i_ma=00000,p_mw=00000,src=ina,act=sw"
2026-08-05T09:32:50.114987+00:00,248,0,1,129,133,1064,532,12,44,960,768,192,48,"trk,seq=00248,pan=103.5,tilt=093.9,sun_pan=077.0,sun_tilt=084.4,err=028.1,st=seek,v_mv=00001,i_ma=00000,p_mw=00000,src=ina,act=sw"
2026-08-05T09:32:51.129379+00:00,249,0,1,129,133,1064,532,12,44,960,768,192,48,"trk,seq=00249,pan=101.4,tilt=092.9,sun_pan=073.5,sun_tilt=083.1,err=029.5,st=seek,v_mv=00001,i_ma=00000,p_mw=00000,src=ina,act=sw"
2026-08-05T09:32:52.118481+00:00,250,0,1,129,133,1064,532,12,44,960,768,192,48,"trk,seq=00250,pan=099.1,tilt=091.9,sun_pan=070.1,sun_tilt=081.9,err=030.7,st=seek,v_mv=00001,i_ma=00000,p_mw=00000,src=ina,act=sw"
2026-08-05T09:32:53.125162+00:00,251,0,1,129,133,1064,532,12,44,960,768,192,48,"trk,seq=00251,pan=096.8,tilt=090.8,sun_pan=066.8,sun_tilt=080.6,err=031.6,st=seek,v_mv=00001,i_ma=00000,p_mw=00000,src=ina,act=sw"
2026-08-05T09:32:54.123314+00:00,252,0,1,129,133,1064,532,12,44,960,768,192,48,"trk,seq=00252,pan=094.4,tilt=089.8,sun_pan=063.8,sun_tilt=079.4,err=032.3,st=seek,v_mv=00001,i_ma=00000,p_mw=00000,src=ina,act=sw"
2026-08-05T09:32:55.124968+00:00,253,0,1,129,133,1064,532,12,44,960,768,192,48,"trk,seq=00253,pan=092.0,tilt=088.7,sun_pan=061.0,sun_tilt=078.2,err=032.8,st=seek,v_mv=00000,i_ma=00000,p_mw=00000,src=ina,act=sw"
2026-08-05T09:32:56.126049+00:00,254,0,1,129,133,1064,532,12,44,960,768,192,48,"trk,seq=00254,pan=089.6,tilt=087.6,sun_pan=058.3,sun_tilt=077.1,err=033.0,st=seek,v_mv=00001,i_ma=00000,p_mw=00000,src=ina,act=sw"
2026-08-05T09:32:57.128994+00:00,255,0,1,129,133,1064,532,12,44,960,768,192,48,"trk,seq=00255,pan=087.2,tilt=086.6,sun_pan=056.0,sun_tilt=076.0,err=032.9,st=seek,v_mv=00001,i_ma=00000,p_mw=00000,src=ina,act=sw"
2026-08-05T09:32:58.130918+00:00,256,0,1,129,133,1064,532,12,44,960,768,192,48,"trk,seq=00256,pan=084.8,tilt=085.5,sun_pan=053.9,sun_tilt=075.0,err=032.6,st=seek,v_mv=00000,i_ma=00000,p_mw=00000,src=ina,act=sw"
2026-08-05T09:32:59.132749+00:00,257,0,1,129,133,1064,532,12,44,960,768,192,48,"trk,seq=00257,pan=082.4,tilt=084.4,sun_pan=052.1,sun_tilt=074.0,err=032.0,st=seek,v_mv=00000,i_ma=00000,p_mw=00000,src=ina,act=sw"
2026-08-05T09:33:00.135120+00:00,258,0,1,129,133,1064,532,12,44,960,768,192,48,"trk,seq=00258,pan=080.1,tilt=083.4,sun_pan=050.7,sun_tilt=073.1,err=031.2,st=seek,v_mv=00000,i_ma=00000,p_mw=00000,src=ina,act=sw"
2026-08-05T09:33:01.136349+00:00,259,0,1,129,133,1064,532,12,44,960,768,192,48,"trk,seq=00259,pan=077.9,tilt=082.4,sun_pan=049.5,sun_tilt=072.3,err=030.2,st=seek,v_mv=00001,i_ma=00000,p_mw=00000,src=ina,act=sw"
2026-08-05T09:33:02.139472+00:00,260,0,1,129,133,1064,532,12,44,960,768,192,48,"trk,seq=00260,pan=075.8,tilt=081.4,sun_pan=048.7,sun_tilt=071.5,err=028.9,st=seek,v_mv=00001,i_ma=00000,p_mw=00000,src=ina,act=sw"
2026-08-05T09:33:03.140821+00:00,261,0,1,129,133,1064,532,12,44,960,768,192,48,"trk,seq=00261,pan=073.8,tilt=080.4,sun_pan=048.2,sun_tilt=070.8,err=027.4,st=seek,v_mv=00001,i_ma=00000,p_mw=00000,src=ina,act=sw"
2026-08-05T09:33:04.142500+00:00,262,0,1,129,133,1064,532,12,44,960,768,192,48,"trk,seq=00262,pan=072.0,tilt=079.5,sun_pan=048.0,sun_tilt=070.2,err=025.7,st=seek,v_mv=00001,i_ma=00000,p_mw=00000,src=ina,act=sw"
2026-08-05T09:33:05.144083+00:00,263,0,1,129,133,1064,532,12,44,960,768,192,48,"trk,seq=00263,pan=070.3,tilt=078.6,sun_pan=048.2,sun_tilt=069.6,err=023.9,st=seek,v_mv=00001,i_ma=00000,p_mw=00000,src=ina,act=sw"
2026-08-05T09:33:06.146030+00:00,264,0,1,129,133,1064,532,12,44,960,768,192,48,"trk,seq=00264,pan=068.8,tilt=077.8,sun_pan=048.7,sun_tilt=069.1,err=021.9,st=seek,v_mv=00001,i_ma=00000,p_mw=00000,src=ina,act=sw"
2026-08-05T09:33:07.149329+00:00,265,0,1,129,133,1064,532,12,44,960,768,192,48,"trk,seq=00265,pan=067.5,tilt=077.0,sun_pan=049.5,sun_tilt=068.7,err=019.7,st=seek,v_mv=00000,i_ma=00000,p_mw=00000,src=ina,act=sw"
2026-08-05T09:33:08.150006+00:00,266,0,1,129,133,1064,532,12,44,960,768,192,48,"trk,seq=00266,pan=066.3,tilt=076.3,sun_pan=050.7,sun_tilt=068.4,err=017.5,st=seek,v_mv=00001,i_ma=00000,p_mw=00000,src=ina,act=sw"
2026-08-05T09:33:09.151652+00:00,267,0,1,129,133,1064,532,12,44,960,768,192,48,"trk,seq=00267,pan=065.4,tilt=075.6,sun_pan=052.2,sun_tilt=068.2,err=015.1,st=seek,v_mv=00001,i_ma=00000,p_mw=00000,src=ina,act=sw"
2026-08-05T09:33:10.154466+00:00,268,0,1,129,133,1064,532,12,44,960,768,192,48,"trk,seq=00268,pan=064.6,tilt=074.9,sun_pan=054.0,sun_tilt=068.1,err=012.6,st=seek,v_mv=00000,i_ma=00000,p_mw=00000,src=ina,act=sw"
2026-08-05T09:33:11.156169+00:00,269,0,1,129,133,1064,532,12,44,960,768,192,48,"trk,seq=00269,pan=064.0,tilt=074.3,sun_pan=056.1,sun_tilt=068.0,err=010.1,st=seek,v_mv=00001,i_ma=00000,p_mw=00000,src=ina,act=sw"
2026-08-05T09:33:12.157988+00:00,270,0,1,129,133,1064,532,12,44,960,768,192,48,"trk,seq=00270,pan=063.6,tilt=073.7,sun_pan=058.5,sun_tilt=068.0,err=007.7,st=lock,v_mv=00002,i_ma=00000,p_mw=00000,src=ina,act=sw"
2026-08-05T09:33:13.159886+00:00,271,0,1,129,133,1064,532,12,44,960,768,192,48,"trk,seq=00271,pan=063.4,tilt=073.2,sun_pan=061.1,sun_tilt=068.1,err=005.6,st=lock,v_mv=00000,i_ma=00000,p_mw=00000,src=ina,act=sw"
2026-08-05T09:33:14.170137+00:00,272,0,1,129,133,1064,532,12,44,960,768,192,48,"trk,seq=00272,pan=063.5,tilt=072.8,sun_pan=064.0,sun_tilt=068.3,err=004.4,st=lock,v_mv=00000,i_ma=00000,p_mw=00000,src=ina,act=sw"
2026-08-05T09:33:15.165157+00:00,273,0,1,129,133,1064,532,12,44,960,768,192,48,"trk,seq=00273,pan=063.7,tilt=072.4,sun_pan=067.0,sun_tilt=068.6,err=005.0,st=lock,v_mv=00002,i_ma=00000,p_mw=00000,src=ina,act=sw"
2026-08-05T09:33:16.166564+00:00,274,0,1,129,133,1064,532,12,44,960,768,192,48,"trk,seq=00274,pan=064.2,tilt=072.1,sun_pan=070.3,sun_tilt=069.0,err=006.8,st=lock,v_mv=00001,i_ma=00000,p_mw=00000,src=ina,act=sw"
2026-08-05T09:33:17.168974+00:00,275,0,1,129,133,1064,532,12,44,960,768,192,48,"trk,seq=00275,pan=064.9,tilt=071.8,sun_pan=073.7,sun_tilt=069.4,err=009.1,st=lock,v_mv=00000,i_ma=00000,p_mw=00000,src=ina,act=sw"
2026-08-05T09:33:18.169827+00:00,276,0,1,129,133,1064,532,12,44,960,768,192,48,"trk,seq=00276,pan=065.8,tilt=071.7,sun_pan=077.2,sun_tilt=070.0,err=011.6,st=seek,v_mv=00001,i_ma=00000,p_mw=00000,src=ina,act=sw"
2026-08-05T09:33:19.172132+00:00,277,0,1,129,133,1064,532,12,44,960,768,192,48,"trk,seq=00277,pan=066.9,tilt=071.6,sun_pan=080.9,sun_tilt=070.6,err=014.0,st=seek,v_mv=00000,i_ma=00000,p_mw=00000,src=ina,act=sw"
2026-08-05T09:33:20.173613+00:00,278,0,1,129,133,1064,532,12,44,960,768,192,48,"trk,seq=00278,pan=068.1,tilt=071.5,sun_pan=084.6,sun_tilt=071.3,err=016.5,st=seek,v_mv=00001,i_ma=00000,p_mw=00000,src=ina,act=sw"
2026-08-05T09:33:21.176656+00:00,279,0,1,129,133,1064,532,12,44,960,768,192,48,"trk,seq=00279,pan=069.6,tilt=071.6,sun_pan=088.3,sun_tilt=072.0,err=018.8,st=seek,v_mv=00001,i_ma=00000,p_mw=00000,src=ina,act=sw"
2026-08-05T09:33:22.272254+00:00,280,0,1,129,133,1064,532,12,44,960,768,192,48,"trk,seq=00280,pan=071.2,tilt=074.5,sun_pan=092.1,sun_tilt=102.9,err=035.3,st=seek,v_mv=00001,i_ma=00000,p_mw=00000,src=ina,act=sw"
2026-08-05T09:33:23.199781+00:00,281,0,1,129,133,1064,532,12,44,960,768,192,48,"trk,seq=00281,pan=073.0,tilt=077.2,sun_pan=095.9,sun_tilt=103.7,err=035.0,st=seek,v_mv=00000,i_ma=00000,p_mw=00000,src=ina,act=sw"
2026-08-05T09:33:24.182451+00:00,282,0,1,129,133,1064,532,12,44,960,768,192,48,"trk,seq=00282,pan=074.9,tilt=079.7,sun_pan=099.6,sun_tilt=104.5,err=035.0,st=seek,v_mv=00000,i_ma=00000,p_mw=00000,src=ina,act=sw"
2026-08-05T09:33:25.185321+00:00,283,0,1,129,133,1064,532,12,44,960,768,192,48,"trk,seq=00283,pan=076.9,tilt=082.1,sun_pan=103.2,sun_tilt=105.2,err=035.0,st=seek,v_mv=00000,i_ma=00000,p_mw=00000,src=ina,act=sw"
2026-08-05T09:33:26.202778+00:00,284,0,1,129,133,1064,532,12,44,960,768,192,48,"trk,seq=00284,pan=079.1,tilt=084.3,sun_pan=106.8,sun_tilt=105.8,err=035.1,st=seek,v_mv=00000,i_ma=00000,p_mw=00000,src=ina,act=sw"
2026-08-05T09:33:27.203613+00:00,285,0,1,129,133,1064,532,12,44,960,768,192,48,"trk,seq=00285,pan=081.3,tilt=086.3,sun_pan=110.1,sun_tilt=106.4,err=035.1,st=seek,v_mv=00001,i_ma=00000,p_mw=00000,src=ina,act=sw"
2026-08-05T09:33:28.189925+00:00,286,0,1,129,133,1064,532,12,44,960,768,192,48,"trk,seq=00286,pan=083.6,tilt=088.2,sun_pan=113.4,sun_tilt=106.9,err=035.1,st=seek,v_mv=00001,i_ma=00000,p_mw=00000,src=ina,act=sw"
2026-08-05T09:33:29.192976+00:00,287,0,1,129,133,1064,532,12,44,960,768,192,48,"trk,seq=00287,pan=086.0,tilt=090.0,sun_pan=116.4,sun_tilt=107.3,err=035.0,st=seek,v_mv=00000,i_ma=00000,p_mw=00000,src=ina,act=sw"
2026-08-05T09:33:30.193794+00:00,288,0,1,129,133,1064,532,12,44,960,768,192,48,"trk,seq=00288,pan=088.4,tilt=091.6,sun_pan=119.2,sun_tilt=107.6,err=034.7,st=seek,v_mv=00001,i_ma=00000,p_mw=00000,src=ina,act=sw"
2026-08-05T09:33:31.196715+00:00,289,0,1,129,133,1064,532,12,44,960,768,192,48,"trk,seq=00289,pan=090.8,tilt=093.1,sun_pan=121.8,sun_tilt=107.8,err=034.3,st=seek,v_mv=00001,i_ma=00000,p_mw=00000,src=ina,act=sw"
2026-08-05T09:33:32.197948+00:00,290,0,1,129,133,1064,532,12,44,960,768,192,48,"trk,seq=00290,pan=093.2,tilt=094.5,sun_pan=124.2,sun_tilt=107.9,err=033.8,st=seek,v_mv=00000,i_ma=00000,p_mw=00000,src=ina,act=sw"
2026-08-05T09:33:33.201207+00:00,291,0,1,129,133,1064,532,12,44,960,768,192,48,"trk,seq=00291,pan=095.6,tilt=095.7,sun_pan=126.2,sun_tilt=108.0,err=033.0,st=seek,v_mv=00001,i_ma=00000,p_mw=00000,src=ina,act=sw"
2026-08-05T09:33:34.202115+00:00,292,0,1,129,133,1064,532,12,44,960,768,192,48,"trk,seq=00292,pan=097.9,tilt=096.9,sun_pan=128.0,sun_tilt=108.0,err=032.1,st=seek,v_mv=00000,i_ma=00000,p_mw=00000,src=ina,act=sw"
2026-08-05T09:33:35.208301+00:00,293,0,1,129,133,1064,532,12,44,960,768,192,48,"trk,seq=00293,pan=100.2,tilt=097.9,sun_pan=129.4,sun_tilt=107.9,err=030.9,st=seek,v_mv=00000,i_ma=00000,p_mw=00000,src=ina,act=sw"
2026-08-05T09:33:36.207973+00:00,294,0,1,129,133,1064,532,12,44,960,768,192,48,"trk,seq=00294,pan=102.4,tilt=098.8,sun_pan=130.6,sun_tilt=107.7,err=029.6,st=seek,v_mv=00000,i_ma=00000,p_mw=00000,src=ina,act=sw"
2026-08-05T09:33:37.209170+00:00,295,0,1,129,133,1064,532,12,44,960,768,192,48,"trk,seq=00295,pan=104.5,tilt=099.6,sun_pan=131.4,sun_tilt=107.4,err=028.0,st=seek,v_mv=00000,i_ma=00000,p_mw=00000,src=ina,act=sw"
2026-08-05T09:33:38.210179+00:00,296,0,1,129,133,1064,532,12,44,960,768,192,48,"trk,seq=00296,pan=106.4,tilt=100.3,sun_pan=131.9,sun_tilt=107.0,err=026.3,st=seek,v_mv=00000,i_ma=00000,p_mw=00000,src=ina,act=sw"
2026-08-05T09:33:39.212433+00:00,297,0,1,129,133,1064,532,12,44,960,768,192,48,"trk,seq=00297,pan=108.3,tilt=100.8,sun_pan=132.0,sun_tilt=106.6,err=024.4,st=seek,v_mv=00000,i_ma=00000,p_mw=00000,src=ina,act=sw"
2026-08-05T09:33:40.215202+00:00,298,0,1,129,133,1064,532,12,44,960,768,192,48,"trk,seq=00298,pan=110.0,tilt=101.3,sun_pan=131.8,sun_tilt=106.0,err=022.3,st=seek,v_mv=00000,i_ma=00000,p_mw=00000,src=ina,act=sw"
2026-08-05T09:33:41.222309+00:00,299,0,1,129,133,1064,532,12,44,960,768,192,48,"trk,seq=00299,pan=111.5,tilt=101.7,sun_pan=131.3,sun_tilt=105.4,err=020.1,st=seek,v_mv=00001,i_ma=00000,p_mw=00000,src=ina,act=sw"
2026-08-05T09:33:42.222904+00:00,300,0,1,129,133,1064,532,12,44,960,768,192,48,"trk,seq=00300,pan=112.9,tilt=102.0,sun_pan=130.4,sun_tilt=104.7,err=017.7,st=seek,v_mv=00000,i_ma=00000,p_mw=00000,src=ina,act=sw"
2026-08-05T09:33:43.221626+00:00,301,0,1,129,133,1064,532,12,44,960,768,192,48,"trk,seq=00301,pan=114.0,tilt=102.2,sun_pan=129.2,sun_tilt=104.0,err=015.3,st=seek,v_mv=00001,i_ma=00000,p_mw=00000,src=ina,act=sw"
2026-08-05T09:33:44.223353+00:00,302,0,1,129,133,1064,532,12,44,960,768,192,48,"trk,seq=00302,pan=115.0,tilt=102.3,sun_pan=127.7,sun_tilt=103.2,err=012.7,st=seek,v_mv=00001,i_ma=00000,p_mw=00000,src=ina,act=sw"
2026-08-05T09:33:45.223748+00:00,303,0,1,129,133,1064,532,12,44,960,768,192,48,"trk,seq=00303,pan=115.8,tilt=102.3,sun_pan=125.8,sun_tilt=102.3,err=010.0,st=seek,v_mv=00000,i_ma=00000,p_mw=00000,src=ina,act=sw"
2026-08-05T09:33:46.227983+00:00,304,0,1,129,133,1064,532,12,44,960,768,192,48,"trk,seq=00304,pan=116.4,tilt=102.2,sun_pan=123.7,sun_tilt=101.3,err=007.4,st=lock,v_mv=00001,i_ma=00000,p_mw=00000,src=ina,act=sw"
2026-08-05T09:33:47.230393+00:00,305,0,1,129,133,1064,532,12,44,960,768,192,48,"trk,seq=00305,pan=116.7,tilt=102.0,sun_pan=121.3,sun_tilt=100.3,err=004.9,st=lock,v_mv=00000,i_ma=00000,p_mw=00000,src=ina,act=sw"
2026-08-05T09:33:48.229862+00:00,306,0,1,129,133,1064,532,12,44,960,768,192,48,"trk,seq=00306,pan=116.9,tilt=101.8,sun_pan=118.7,sun_tilt=099.3,err=003.1,st=lock,v_mv=00001,i_ma=00000,p_mw=00000,src=ina,act=sw"
2026-08-05T09:33:49.233165+00:00,307,0,1,129,133,1064,532,12,44,960,768,192,48,"trk,seq=00307,pan=116.8,tilt=101.4,sun_pan=115.8,sun_tilt=098.1,err=003.4,st=lock,v_mv=00002,i_ma=00000,p_mw=00000,src=ina,act=sw"
2026-08-05T09:33:50.234034+00:00,308,0,1,129,133,1064,532,12,44,960,768,192,48,"trk,seq=00308,pan=116.5,tilt=101.0,sun_pan=112.8,sun_tilt=097.0,err=005.5,st=lock,v_mv=00001,i_ma=00000,p_mw=00000,src=ina,act=sw"
2026-08-05T09:33:51.246316+00:00,309,0,1,129,133,1064,532,12,44,960,768,192,48,"trk,seq=00309,pan=116.0,tilt=100.5,sun_pan=109.5,sun_tilt=095.8,err=008.0,st=lock,v_mv=00000,i_ma=00000,p_mw=00000,src=ina,act=sw"
2026-08-05T09:33:52.238594+00:00,310,0,1,129,133,1064,532,12,44,960,768,192,48,"trk,seq=00310,pan=115.3,tilt=100.0,sun_pan=106.1,sun_tilt=094.6,err=010.7,st=seek,v_mv=00001,i_ma=00000,p_mw=00000,src=ina,act=sw"
2026-08-05T09:33:53.239639+00:00,311,0,1,129,133,1064,532,12,44,960,768,192,48,"trk,seq=00311,pan=114.4,tilt=099.4,sun_pan=102.5,sun_tilt=093.3,err=013.4,st=seek,v_mv=00000,i_ma=00000,p_mw=00000,src=ina,act=sw"
2026-08-05T09:33:54.245076+00:00,312,0,1,129,133,1064,532,12,44,960,768,192,48,"trk,seq=00312,pan=113.4,tilt=098.8,sun_pan=098.9,sun_tilt=092.0,err=016.0,st=seek,v_mv=00000,i_ma=00000,p_mw=00000,src=ina,act=sw"
2026-08-05T09:33:55.244703+00:00,313,0,1,129,133,1064,532,12,44,960,768,192,48,"trk,seq=00313,pan=112.1,tilt=098.1,sun_pan=095.2,sun_tilt=090.8,err=018.5,st=seek,v_mv=00000,i_ma=00000,p_mw=00000,src=ina,act=sw"
2026-08-05T09:33:56.249093+00:00,314,0,1,129,133,1064,532,12,44,960,768,192,48,"trk,seq=00314,pan=110.7,tilt=097.4,sun_pan=091.4,sun_tilt=089.4,err=020.8,st=seek,v_mv=00001,i_ma=00000,p_mw=00000,src=ina,act=sw"
2026-08-05T09:33:57.248324+00:00,315,0,1,129,133,1064,532,12,44,960,768,192,48,"trk,seq=00315,pan=109.0,tilt=096.5,sun_pan=087.6,sun_tilt=088.1,err=023.0,st=seek,v_mv=00000,i_ma=00000,p_mw=00000,src=ina,act=sw"
2026-08-05T09:33:58.251701+00:00,316,0,1,129,133,1064,532,12,44,960,768,192,48,"trk,seq=00316,pan=107.2,tilt=095.7,sun_pan=083.9,sun_tilt=086.8,err=025.0,st=seek,v_mv=00000,i_ma=00000,p_mw=00000,src=ina,act=sw"
2026-08-05T09:33:59.253601+00:00,317,0,1,129,133,1064,532,12,44,960,768,192,48,"trk,seq=00317,pan=105.3,tilt=094.7,sun_pan=080.1,sun_tilt=085.5,err=026.8,st=seek,v_mv=00000,i_ma=00000,p_mw=00000,src=ina,act=sw"
2026-08-05T09:34:00.256960+00:00,318,0,1,129,133,1064,532,12,44,960,768,192,48,"trk,seq=00318,pan=103.2,tilt=093.7,sun_pan=076.5,sun_tilt=084.2,err=028.3,st=seek,v_mv=00001,i_ma=00000,p_mw=00000,src=ina,act=sw"
2026-08-05T09:34:01.256858+00:00,319,0,1,129,133,1064,532,12,44,960,768,192,48,"trk,seq=00319,pan=101.0,tilt=092.7,sun_pan=073.0,sun_tilt=082.9,err=029.7,st=seek,v_mv=00001,i_ma=00000,p_mw=00000,src=ina,act=sw"
2026-08-05T09:34:02.259039+00:00,320,0,1,129,133,1064,532,12,44,960,768,192,48,"trk,seq=00320,pan=098.8,tilt=091.7,sun_pan=069.6,sun_tilt=081.7,err=030.8,st=seek,v_mv=00001,i_ma=00000,p_mw=00000,src=ina,act=sw"
2026-08-05T09:34:03.260840+00:00,321,0,1,129,133,1064,532,12,44,960,768,192,48,"trk,seq=00321,pan=096.4,tilt=090.7,sun_pan=066.4,sun_tilt=080.4,err=031.7,st=seek,v_mv=00002,i_ma=00000,p_mw=00000,src=ina,act=sw"
2026-08-05T09:34:04.263030+00:00,322,0,1,129,133,1064,532,12,44,960,768,192,48,"trk,seq=00322,pan=094.1,tilt=089.6,sun_pan=063.4,sun_tilt=079.2,err=032.4,st=seek,v_mv=00001,i_ma=00000,p_mw=00000,src=ina,act=sw"
2026-08-05T09:34:05.264467+00:00,323,0,1,129,133,1064,532,12,44,960,768,192,48,"trk,seq=00323,pan=091.7,tilt=088.6,sun_pan=060.6,sun_tilt=078.1,err=032.8,st=seek,v_mv=00000,i_ma=00000,p_mw=00000,src=ina,act=sw"
2026-08-05T09:34:06.267050+00:00,324,0,1,129,133,1064,532,12,44,960,768,192,48,"trk,seq=00324,pan=089.2,tilt=087.5,sun_pan=058.0,sun_tilt=077.0,err=033.0,st=seek,v_mv=00001,i_ma=00000,p_mw=00000,src=ina,act=sw"
2026-08-05T09:34:07.269126+00:00,325,0,1,129,133,1064,532,12,44,960,768,192,48,"trk,seq=00325,pan=086.8,tilt=086.4,sun_pan=055.7,sun_tilt=075.9,err=032.9,st=seek,v_mv=00001,i_ma=00000,p_mw=00000,src=ina,act=sw"
2026-08-05T09:34:08.273339+00:00,326,0,1,129,133,1064,532,12,44,960,768,192,48,"trk,seq=00326,pan=084.4,tilt=085.3,sun_pan=053.6,sun_tilt=074.9,err=032.5,st=seek,v_mv=00000,i_ma=00000,p_mw=00000,src=ina,act=sw"
2026-08-05T09:34:09.274471+00:00,327,0,1,129,133,1064,532,12,44,960,768,192,48,"trk,seq=00327,pan=082.1,tilt=084.3,sun_pan=051.9,sun_tilt=073.9,err=031.9,st=seek,v_mv=00001,i_ma=00000,p_mw=00000,src=ina,act=sw"
2026-08-05T09:34:10.276922+00:00,328,0,1,129,133,1064,532,12,44,960,768,192,48,"trk,seq=00328,pan=079.8,tilt=083.2,sun_pan=050.5,sun_tilt=073.0,err=031.1,st=seek,v_mv=00001,i_ma=00000,p_mw=00000,src=ina,act=sw"
2026-08-05T09:34:11.276794+00:00,329,0,1,129,133,1064,532,12,44,960,768,192,48,"trk,seq=00329,pan=077.6,tilt=082.2,sun_pan=049.4,sun_tilt=072.2,err=030.0,st=seek,v_mv=00001,i_ma=00000,p_mw=00000,src=ina,act=sw"
2026-08-05T09:34:12.280400+00:00,330,0,1,129,133,1064,532,12,44,960,768,192,48,"trk,seq=00330,pan=075.5,tilt=081.2,sun_pan=048.6,sun_tilt=071.4,err=028.7,st=seek,v_mv=00000,i_ma=00000,p_mw=00000,src=ina,act=sw"
2026-08-05T09:34:13.281433+00:00,331,0,1,129,133,1064,532,12,44,960,768,192,48,"trk,seq=00331,pan=073.5,tilt=080.2,sun_pan=048.1,sun_tilt=070.7,err=027.2,st=seek,v_mv=00001,i_ma=00000,p_mw=00000,src=ina,act=sw"
2026-08-05T09:34:14.286033+00:00,332,0,1,129,133,1064,532,12,44,960,768,192,48,"trk,seq=00332,pan=071.7,tilt=079.3,sun_pan=048.0,sun_tilt=070.1,err=025.5,st=seek,v_mv=00001,i_ma=00000,p_mw=00000,src=ina,act=sw"
2026-08-05T09:34:15.284727+00:00,333,0,1,129,133,1064,532,12,44,960,768,192,48,"trk,seq=00333,pan=070.1,tilt=078.5,sun_pan=048.2,sun_tilt=069.5,err=023.6,st=seek,v_mv=00000,i_ma=00000,p_mw=00000,src=ina,act=sw"
2026-08-05T09:34:16.288521+00:00,334,0,1,129,133,1064,532,12,44,960,768,192,48,"trk,seq=00334,pan=068.6,tilt=077.6,sun_pan=048.8,sun_tilt=069.1,err=021.6,st=seek,v_mv=00001,i_ma=00000,p_mw=00000,src=ina,act=sw"
2026-08-05T09:34:17.289705+00:00,335,0,1,129,133,1064,532,12,44,960,768,192,48,"trk,seq=00335,pan=067.3,tilt=076.9,sun_pan=049.7,sun_tilt=068.7,err=019.4,st=seek,v_mv=00000,i_ma=00000,p_mw=00000,src=ina,act=sw"
2026-08-05T09:34:18.291830+00:00,336,0,1,129,133,1064,532,12,44,960,768,192,48,"trk,seq=00336,pan=066.2,tilt=076.2,sun_pan=050.9,sun_tilt=068.4,err=017.1,st=seek,v_mv=00001,i_ma=00000,p_mw=00000,src=ina,act=sw"
2026-08-05T09:34:19.305303+00:00,337,0,1,129,133,1064,532,12,44,960,768,192,48,"trk,seq=00337,pan=065.3,tilt=075.5,sun_pan=052.5,sun_tilt=068.2,err=014.7,st=seek,v_mv=00001,i_ma=00000,p_mw=00000,src=ina,act=sw"
2026-08-05T09:34:20.295446+00:00,338,0,1,129,133,1064,532,12,44,960,768,192,48,"trk,seq=00338,pan=064.5,tilt=074.8,sun_pan=054.3,sun_tilt=068.0,err=012.3,st=seek,v_mv=00000,i_ma=00000,p_mw=00000,src=ina,act=sw"
2026-08-05T09:34:21.297170+00:00,339,0,1,129,133,1064,532,12,44,960,768,192,48,"trk,seq=00339,pan=063.9,tilt=074.2,sun_pan=056.4,sun_tilt=068.0,err=009.8,st=lock,v_mv=00000,i_ma=00000,p_mw=00000,src=ina,act=sw"
2026-08-05T09:34:22.301965+00:00,340,0,1,129,133,1064,532,12,44,960,768,192,48,"trk,seq=00340,pan=063.6,tilt=073.7,sun_pan=058.8,sun_tilt=068.0,err=007.3,st=lock,v_mv=00001,i_ma=00000,p_mw=00000,src=ina,act=sw"
2026-08-05T09:34:23.306962+00:00,341,0,1,129,133,1064,532,12,44,960,768,192,48,"trk,seq=00341,pan=063.4,tilt=073.1,sun_pan=061.5,sun_tilt=068.2,err=005.3,st=lock,v_mv=00001,i_ma=00000,p_mw=00000,src=ina,act=sw"
2026-08-05T09:34:24.308685+00:00,342,0,1,129,133,1064,532,12,44,960,768,192,48,"trk,seq=00342,pan=063.5,tilt=072.7,sun_pan=064.4,sun_tilt=068.4,err=004.4,st=lock,v_mv=00001,i_ma=00000,p_mw=00000,src=ina,act=sw"
2026-08-05T09:34:25.304922+00:00,343,0,1,129,133,1064,532,12,44,960,768,192,48,"trk,seq=00343,pan=063.8,tilt=072.3,sun_pan=067.5,sun_tilt=068.7,err=005.2,st=lock,v_mv=00001,i_ma=00000,p_mw=00000,src=ina,act=sw"
2026-08-05T09:34:26.314497+00:00,344,0,1,129,133,1064,532,12,44,960,768,192,48,"trk,seq=00344,pan=064.3,tilt=072.0,sun_pan=070.7,sun_tilt=069.1,err=007.1,st=lock,v_mv=00000,i_ma=00000,p_mw=00000,src=ina,act=sw"
2026-08-05T09:34:27.310305+00:00,345,0,1,129,133,1064,532,12,44,960,768,192,48,"trk,seq=00345,pan=065.0,tilt=071.8,sun_pan=074.2,sun_tilt=069.5,err=009.5,st=lock,v_mv=00001,i_ma=00000,p_mw=00000,src=ina,act=sw"
2026-08-05T09:34:28.318301+00:00,346,0,1,129,133,1064,532,12,44,960,768,192,48,"trk,seq=00346,pan=065.9,tilt=071.6,sun_pan=077.7,sun_tilt=070.1,err=011.9,st=seek,v_mv=00001,i_ma=00000,p_mw=00000,src=ina,act=sw"
2026-08-05T09:34:29.313097+00:00,347,0,1,129,133,1064,532,12,44,960,768,192,48,"trk,seq=00347,pan=067.0,tilt=071.5,sun_pan=081.4,sun_tilt=070.7,err=014.4,st=seek,v_mv=00001,i_ma=00000,p_mw=00000,src=ina,act=sw"
2026-08-05T09:34:30.316235+00:00,348,0,1,129,133,1064,532,12,44,960,768,192,48,"trk,seq=00348,pan=068.3,tilt=071.5,sun_pan=085.1,sun_tilt=071.4,err=016.8,st=seek,v_mv=00000,i_ma=00000,p_mw=00000,src=ina,act=sw"
2026-08-05T09:34:31.316695+00:00,349,0,1,129,133,1064,532,12,44,960,768,192,48,"trk,seq=00349,pan=069.8,tilt=071.6,sun_pan=088.9,sun_tilt=072.1,err=019.1,st=seek,v_mv=00001,i_ma=00000,p_mw=00000,src=ina,act=sw"
2026-08-05T09:34:32.320286+00:00,350,0,1,129,133,1064,532,12,44,960,768,192,48,"trk,seq=00350,pan=071.5,tilt=074.5,sun_pan=092.7,sun_tilt=103.0,err=035.5,st=seek,v_mv=00001,i_ma=00000,p_mw=00000,src=ina,act=sw"
2026-08-05T09:34:33.320622+00:00,351,0,1,129,133,1064,532,12,44,960,768,192,48,"trk,seq=00351,pan=073.3,tilt=077.2,sun_pan=096.4,sun_tilt=103.8,err=035.3,st=seek,v_mv=00001,i_ma=00000,p_mw=00000,src=ina,act=sw"
2026-08-05T09:34:34.358644+00:00,352,0,1,129,133,1064,532,12,44,960,768,192,48,"trk,seq=00352,pan=075.2,tilt=079.7,sun_pan=100.1,sun_tilt=104.6,err=035.2,st=seek,v_mv=00001,i_ma=00000,p_mw=00000,src=ina,act=sw"
2026-08-05T09:34:35.347371+00:00,353,0,1,129,133,1064,532,12,44,960,768,192,48,"trk,seq=00353,pan=077.2,tilt=082.1,sun_pan=103.7,sun_tilt=105.3,err=035.2,st=seek,v_mv=00001,i_ma=00000,p_mw=00000,src=ina,act=sw"
2026-08-05T09:34:36.330855+00:00,354,0,1,129,133,1064,532,12,44,960,768,192,48,"trk,seq=00354,pan=079.4,tilt=084.3,sun_pan=107.2,sun_tilt=105.9,err=035.2,st=seek,v_mv=00000,i_ma=00000,p_mw=00000,src=ina,act=sw"
2026-08-05T09:34:37.330332+00:00,355,0,1,129,133,1064,532,12,44,960,768,192,48,"trk,seq=00355,pan=081.6,tilt=086.4,sun_pan=110.6,sun_tilt=106.5,err=035.3,st=seek,v_mv=00001,i_ma=00000,p_mw=00000,src=ina,act=sw"
2026-08-05T09:34:38.357945+00:00,356,0,1,129,133,1064,532,12,44,960,768,192,48,"trk,seq=00356,pan=084.0,tilt=088.3,sun_pan=113.8,sun_tilt=106.9,err=035.2,st=seek,v_mv=00000,i_ma=00000,p_mw=00000,src=ina,act=sw"
2026-08-05T09:34:39.334141+00:00,357,0,1,129,133,1064,532,12,44,960,768,192,48,"trk,seq=00357,pan=086.3,tilt=090.0,sun_pan=116.8,sun_tilt=107.3,err=035.1,st=seek,v_mv=00000,i_ma=00000,p_mw=00000,src=ina,act=sw"
2026-08-05T09:34:40.337601+00:00,358,0,1,129,133,1064,532,12,44,960,768,192,48,"trk,seq=00358,pan=088.7,tilt=091.7,sun_pan=119.6,sun_tilt=107.6,err=034.8,st=seek,v_mv=00001,i_ma=00000,p_mw=00000,src=ina,act=sw"
2026-08-05T09:34:41.337092+00:00,359,0,1,129,133,1064,532,12,44,960,768,192,48,"trk,seq=00359,pan=091.1,tilt=093.1,sun_pan=122.2,sun_tilt=107.8,err=034.3,st=seek,v_mv=00000,i_ma=00000,p_mw=00000,src=ina,act=sw"
2026-08-05T09:34:42.338960+00:00,360,0,1,129,133,1064,532,12,44,960,768,192,48,"trk,seq=00360,pan=093.5,tilt=094.5,sun_pan=124.5,sun_tilt=108.0,err=033.7,st=seek,v_mv=00001,i_ma=00000,p_mw=00000,src=ina,act=sw"
2026-08-05T09:34:43.346655+00:00,361,0,1,129,133,1064,532,12,44,960,768,192,48,"trk,seq=00361,pan=095.9,tilt=095.8,sun_pan=126.5,sun_tilt=108.0,err=032.9,st=seek,v_mv=00001,i_ma=00000,p_mw=00000,src=ina,act=sw"
2026-08-05T09:34:44.342502+00:00,362,0,1,129,133,1064,532,12,44,960,768,192,48,"trk,seq=00362,pan=098.2,tilt=096.9,sun_pan=128.2,sun_tilt=108.0,err=031.9,st=seek,v_mv=00000,i_ma=00000,p_mw=00000,src=ina,act=sw"
2026-08-05T09:34:45.345182+00:00,363,0,1,129,133,1064,532,12,44,960,768,192,48,"trk,seq=00363,pan=100.5,tilt=097.9,sun_pan=129.6,sun_tilt=107.8,err=030.8,st=seek,v_mv=00000,i_ma=00000,p_mw=00000,src=ina,act=sw"
2026-08-05T09:34:46.349855+00:00,364,0,1,129,133,1064,532,12,44,960,768,192,48,"trk,seq=00364,pan=102.7,tilt=098.8,sun_pan=130.7,sun_tilt=107.6,err=029.4,st=seek,v_mv=00000,i_ma=00000,p_mw=00000,src=ina,act=sw"
2026-08-05T09:34:47.348740+00:00,365,0,1,129,133,1064,532,12,44,960,768,192,48,"trk,seq=00365,pan=104.7,tilt=099.6,sun_pan=131.5,sun_tilt=107.3,err=027.8,st=seek,v_mv=00001,i_ma=00000,p_mw=00000,src=ina,act=sw"
2026-08-05T09:34:48.350718+00:00,366,0,1,129,133,1064,532,12,44,960,768,192,48,"trk,seq=00366,pan=106.7,tilt=100.3,sun_pan=131.9,sun_tilt=106.9,err=026.1,st=seek,v_mv=00000,i_ma=00000,p_mw=00000,src=ina,act=sw"
2026-08-05T09:34:49.352776+00:00,367,0,1,129,133,1064,532,12,44,960,768,192,48,"trk,seq=00367,pan=108.5,tilt=100.9,sun_pan=132.0,sun_tilt=106.5,err=024.1,st=seek,v_mv=00001,i_ma=00000,p_mw=00000,src=ina,act=sw"
2026-08-05T09:34:50.355227+00:00,368,0,1,129,133,1064,532,12,44,960,768,192,48,"trk,seq=00368,pan=110.2,tilt=101.3,sun_pan=131.7,sun_tilt=105.9,err=022.0,st=seek,v_mv=00001,i_ma=00000,p_mw=00000,src=ina,act=sw"
2026-08-05T09:34:51.357006+00:00,369,0,1,129,133,1064,532,12,44,960,768,192,48,"trk,seq=00369,pan=111.7,tilt=101.7,sun_pan=131.2,sun_tilt=105.3,err=019.8,st=seek,v_mv=00001,i_ma=00000,p_mw=00000,src=ina,act=sw"
2026-08-05T09:34:52.360088+00:00,370,0,1,129,133,1064,532,12,44,960,768,192,48,"trk,seq=00370,pan=113.0,tilt=102.0,sun_pan=130.2,sun_tilt=104.6,err=017.4,st=seek,v_mv=00001,i_ma=00000,p_mw=00000,src=ina,act=sw"
2026-08-05T09:34:53.360861+00:00,371,0,1,129,133,1064,532,12,44,960,768,192,48,"trk,seq=00371,pan=114.2,tilt=102.1,sun_pan=129.0,sun_tilt=103.9,err=014.9,st=seek,v_mv=00000,i_ma=00000,p_mw=00000,src=ina,act=sw"
2026-08-05T09:34:54.362131+00:00,372,0,1,129,133,1064,532,12,44,960,768,192,48,"trk,seq=00372,pan=115.1,tilt=102.2,sun_pan=127.4,sun_tilt=103.0,err=012.3,st=seek,v_mv=00000,i_ma=00000,p_mw=00000,src=ina,act=sw"
2026-08-05T09:34:55.365261+00:00,373,0,1,129,133,1064,532,12,44,960,768,192,48,"trk,seq=00373,pan=115.9,tilt=102.2,sun_pan=125.6,sun_tilt=102.1,err=009.7,st=lock,v_mv=00000,i_ma=00000,p_mw=00000,src=ina,act=sw"
2026-08-05T09:34:56.365905+00:00,374,0,1,129,133,1064,532,12,44,960,768,192,48,"trk,seq=00374,pan=116.4,tilt=102.1,sun_pan=123.4,sun_tilt=101.2,err=007.0,st=lock,v_mv=00000,i_ma=00000,p_mw=00000,src=ina,act=sw"
2026-08-05T09:34:57.368593+00:00,375,0,1,129,133,1064,532,12,44,960,768,192,48,"trk,seq=00375,pan=116.8,tilt=101.9,sun_pan=121.0,sun_tilt=100.2,err=004.6,st=lock,v_mv=00001,i_ma=00000,p_mw=00000,src=ina,act=sw"
2026-08-05T09:34:58.370654+00:00,376,0,1,129,133,1064,532,12,44,960,768,192,48,"trk,seq=00376,pan=116.9,tilt=101.7,sun_pan=118.3,sun_tilt=099.1,err=003.0,st=lock,v_mv=00001,i_ma=00000,p_mw=00000,src=ina,act=sw"
2026-08-05T09:34:59.374374+00:00,377,0,1,129,133,1064,532,12,44,960,768,192,48,"trk,seq=00377,pan=116.8,tilt=101.3,sun_pan=115.4,sun_tilt=098.0,err=003.6,st=lock,v_mv=00000,i_ma=00000,p_mw=00000,src=ina,act=sw"
2026-08-05T09:35:00.374601+00:00,378,0,1,129,133,1064,532,12,44,960,768,192,48,"trk,seq=00378,pan=116.4,tilt=100.9,sun_pan=112.3,sun_tilt=096.8,err=005.8,st=lock,v_mv=00001,i_ma=00000,p_mw=00000,src=ina,act=sw"
2026-08-05T09:35:01.394972+00:00,379,0,1,129,133,1064,532,12,44,960,768,192,48,"trk,seq=00379,pan=115.9,tilt=100.4,sun_pan=109.0,sun_tilt=095.6,err=008.4,st=lock,v_mv=00001,i_ma=00000,p_mw=00000,src=ina,act=sw"
2026-08-05T09:35:02.379062+00:00,380,0,1,129,133,1064,532,12,44,960,768,192,48,"trk,seq=00380,pan=115.2,tilt=099.9,sun_pan=105.6,sun_tilt=094.4,err=011.1,st=seek,v_mv=00001,i_ma=00000,p_mw=00000,src=ina,act=sw"
2026-08-05T09:35:03.381964+00:00,381,0,1,129,133,1064,532,12,44,960,768,192,48,"trk,seq=00381,pan=114.3,tilt=099.3,sun_pan=102.0,sun_tilt=093.1,err=013.7,st=seek,v_mv=00001,i_ma=00000,p_mw=00000,src=ina,act=sw"
2026-08-05T09:35:04.383832+00:00,382,0,1,129,133,1064,532,12,44,960,768,192,48,"trk,seq=00382,pan=113.2,tilt=098.7,sun_pan=098.4,sun_tilt=091.9,err=016.3,st=seek,v_mv=00000,i_ma=00000,p_mw=00000,src=ina,act=sw"
2026-08-05T09:35:05.385105+00:00,383,0,1,129,133,1064,532,12,44,960,768,192,48,"trk,seq=00383,pan=111.9,tilt=098.0,sun_pan=094.6,sun_tilt=090.6,err=018.8,st=seek,v_mv=00001,i_ma=00000,p_mw=00000,src=ina,act=sw"
2026-08-05T09:35:06.387363+00:00,384,0,1,129,133,1064,532,12,44,960,768,192,48,"trk,seq=00384,pan=110.4,tilt=097.2,sun_pan=090.9,sun_tilt=089.3,err=021.1,st=seek,v_mv=00000,i_ma=00000,p_mw=00000,src=ina,act=sw"
2026-08-05T09:35:07.389779+00:00,385,0,1,129,133,1064,532,12,44,960,768,192,48,"trk,seq=00385,pan=108.8,tilt=096.4,sun_pan=087.1,sun_tilt=087.9,err=023.3,st=seek,v_mv=00002,i_ma=00000,p_mw=00000,src=ina,act=sw"
2026-08-05T09:35:08.391355+00:00,386,0,1,129,133,1064,532,12,44,960,768,192,48,"trk,seq=00386,pan=107.0,tilt=095.5,sun_pan=083.3,sun_tilt=086.6,err=025.3,st=seek,v_mv=00001,i_ma=00000,p_mw=00000,src=ina,act=sw"
2026-08-05T09:35:09.393848+00:00,387,0,1,129,133,1064,532,12,44,960,768,192,48,"trk,seq=00387,pan=105.0,tilt=094.6,sun_pan=079.6,sun_tilt=085.3,err=027.0,st=seek,v_mv=00001,i_ma=00000,p_mw=00000,src=ina,act=sw"
2026-08-05T09:35:10.395433+00:00,388,0,1,129,133,1064,532,12,44,960,768,192,48,"trk,seq=00388,pan=102.9,tilt=093.6,sun_pan=076.0,sun_tilt=084.0,err=028.6,st=seek,v_mv=00000,i_ma=00000,p_mw=00000,src=ina,act=sw"
2026-08-05T09:35:11.398013+00:00,389,0,1,129,133,1064,532,12,44,960,768,192,48,"trk,seq=00389,pan=100.7,tilt=092.6,sun_pan=072.5,sun_tilt=082.8,err=029.9,st=seek,v_mv=00000,i_ma=00000,p_mw=00000,src=ina,act=sw"
2026-08-05T09:35:12.399418+00:00,390,0,1,129,133,1064,532,12,44,960,768,192,48,"trk,seq=00390,pan=098.5,tilt=091.6,sun_pan=069.2,sun_tilt=081.5,err=031.0,st=seek,v_mv=00000,i_ma=00000,p_mw=00000,src=ina,act=sw"
2026-08-05T09:35:13.402223+00:00,391,0,1,129,133,1064,532,12,44,960,768,192,48,"trk,seq=00391,pan=096.1,tilt=090.5,sun_pan=066.0,sun_tilt=080.3,err=031.8,st=seek,v_mv=00001,i_ma=00000,p_mw=00000,src=ina,act=sw"
2026-08-05T09:35:14.404520+00:00,392,0,1,129,133,1064,532,12,44,960,768,192,48,"trk,seq=00392,pan=093.7,tilt=089.5,sun_pan=063.0,sun_tilt=079.1,err=032.5,st=seek,v_mv=00001,i_ma=00000,p_mw=00000,src=ina,act=sw"
2026-08-05T09:35:15.406694+00:00,393,0,1,129,133,1064,532,12,44,960,768,192,48,"trk,seq=00393,pan=091.3,tilt=088.4,sun_pan=060.2,sun_tilt=077.9,err=032.8,st=seek,v_mv=00001,i_ma=00000,p_mw=00000,src=ina,act=sw"
2026-08-05T09:35:16.410080+00:00,394,0,1,129,133,1064,532,12,44,960,768,192,48,"trk,seq=00394,pan=088.9,tilt=087.3,sun_pan=057.6,sun_tilt=076.8,err=033.0,st=seek,v_mv=00001,i_ma=00000,p_mw=00000,src=ina,act=sw"
2026-08-05T09:35:17.410349+00:00,395,0,1,129,133,1064,532,12,44,960,768,192,48,"trk,seq=00395,pan=086.5,tilt=086.2,sun_pan=055.4,sun_tilt=075.7,err=032.8,st=seek,v_mv=00001,i_ma=00000,p_mw=00000,src=ina,act=sw"
2026-08-05T09:35:18.412119+00:00,396,0,1,129,133,1064,532,12,44,960,768,192,48,"trk,seq=00396,pan=084.1,tilt=085.2,sun_pan=053.4,sun_tilt=074.7,err=032.4,st=seek,v_mv=00001,i_ma=00000,p_mw=00000,src=ina,act=sw"
2026-08-05T09:35:19.416324+00:00,397,0,1,129,133,1064,532,12,44,960,768,192,48,"trk,seq=00397,pan=081.8,tilt=084.1,sun_pan=051.7,sun_tilt=073.8,err=031.8,st=seek,v_mv=00000,i_ma=00000,p_mw=00000,src=ina,act=sw"
2026-08-05T09:35:20.417569+00:00,398,0,1,129,133,1064,532,12,44,960,768,192,48,"trk,seq=00398,pan=079.5,tilt=083.1,sun_pan=050.3,sun_tilt=072.9,err=030.9,st=seek,v_mv=00000,i_ma=00000,p_mw=00000,src=ina,act=sw"
2026-08-05T09:35:21.420038+00:00,399,0,1,129,133,1064,532,12,44,960,768,192,48,"trk,seq=00399,pan=077.3,tilt=082.1,sun_pan=049.2,sun_tilt=072.1,err=029.8,st=seek,v_mv=00002,i_ma=00000,p_mw=00000,src=ina,act=sw"
2026-08-05T09:35:22.420894+00:00,400,0,1,129,133,1064,532,12,44,960,768,192,48,"trk,seq=00400,pan=075.2,tilt=081.1,sun_pan=048.5,sun_tilt=071.3,err=028.5,st=seek,v_mv=00000,i_ma=00000,p_mw=00000,src=ina,act=sw"
2026-08-05T09:35:23.423394+00:00,401,0,1,129,133,1064,532,12,44,960,768,192,48,"trk,seq=00401,pan=073.3,tilt=080.1,sun_pan=048.1,sun_tilt=070.6,err=026.9,st=seek,v_mv=00001,i_ma=00000,p_mw=00000,src=ina,act=sw"
2026-08-05T09:35:24.426030+00:00,402,0,1,129,133,1064,532,12,44,960,768,192,48,"trk,seq=00402,pan=071.5,tilt=079.2,sun_pan=048.0,sun_tilt=070.0,err=025.2,st=seek,v_mv=00000,i_ma=00000,p_mw=00000,src=ina,act=sw"
2026-08-05T09:35:25.428341+00:00,403,0,1,129,133,1064,532,12,44,960,768,192,48,"trk,seq=00403,pan=069.9,tilt=078.3,sun_pan=048.3,sun_tilt=069.5,err=023.3,st=seek,v_mv=00000,i_ma=00000,p_mw=00000,src=ina,act=sw"
2026-08-05T09:35:26.429249+00:00,404,0,1,129,133,1064,532,12,44,960,768,192,48,"trk,seq=00404,pan=068.4,tilt=077.5,sun_pan=048.9,sun_tilt=069.0,err=021.3,st=seek,v_mv=00001,i_ma=00000,p_mw=00000,src=ina,act=sw"
2026-08-05T09:35:27.430490+00:00,405,0,1,129,133,1064,532,12,44,960,768,192,48,"trk,seq=00405,pan=067.1,tilt=076.8,sun_pan=049.8,sun_tilt=068.6,err=019.1,st=seek,v_mv=00000,i_ma=00000,p_mw=00000,src=ina,act=sw"
2026-08-05T09:35:28.433793+00:00,406,0,1,129,133,1064,532,12,44,960,768,192,48,"trk,seq=00406,pan=066.0,tilt=076.1,sun_pan=051.1,sun_tilt=068.4,err=016.8,st=seek,v_mv=00000,i_ma=00000,p_mw=00000,src=ina,act=sw"
2026-08-05T09:35:29.437491+00:00,407,0,1,129,133,1064,532,12,44,960,768,192,48,"trk,seq=00407,pan=065.1,tilt=075.4,sun_pan=052.7,sun_tilt=068.2,err=014.4,st=seek,v_mv=00000,i_ma=00000,p_mw=00000,src=ina,act=sw"
2026-08-05T09:35:30.436903+00:00,408,0,1,129,133,1064,532,12,44,960,768,192,48,"trk,seq=00408,pan=064.4,tilt=074.8,sun_pan=054.6,sun_tilt=068.0,err=011.9,st=seek,v_mv=00001,i_ma=00000,p_mw=00000,src=ina,act=sw"
2026-08-05T09:35:31.437905+00:00,409,0,1,129,133,1064,532,12,44,960,768,192,48,"trk,seq=00409,pan=063.9,tilt=074.1,sun_pan=056.8,sun_tilt=068.0,err=009.4,st=lock,v_mv=00001,i_ma=00000,p_mw=00000,src=ina,act=sw"
2026-08-05T09:35:32.440525+00:00,410,0,1,129,133,1064,532,12,44,960,768,192,48,"trk,seq=00410,pan=063.5,tilt=073.6,sun_pan=059.2,sun_tilt=068.1,err=007.0,st=lock,v_mv=00001,i_ma=00000,p_mw=00000,src=ina,act=sw"
2026-08-05T09:35:33.442437+00:00,411,0,1,129,133,1064,532,12,44,960,768,192,48,"trk,seq=00411,pan=063.4,tilt=073.1,sun_pan=061.9,sun_tilt=068.2,err=005.1,st=lock,v_mv=00001,i_ma=00000,p_mw=00000,src=ina,act=sw"
2026-08-05T09:35:34.443970+00:00,412,0,1,129,133,1064,532,12,44,960,768,192,48,"trk,seq=00412,pan=063.5,tilt=072.6,sun_pan=064.8,sun_tilt=068.4,err=004.4,st=lock,v_mv=00001,i_ma=00000,p_mw=00000,src=ina,act=sw"
2026-08-05T09:35:35.446222+00:00,413,0,1,129,133,1064,532,12,44,960,768,192,48,"trk,seq=00413,pan=063.8,tilt=072.3,sun_pan=067.9,sun_tilt=068.7,err=005.4,st=lock,v_mv=00002,i_ma=00000,p_mw=00000,src=ina,act=sw"
2026-08-05T09:35:36.448990+00:00,414,0,1,129,133,1064,532,12,44,960,768,192,48,"trk,seq=00414,pan=064.4,tilt=072.0,sun_pan=071.2,sun_tilt=069.1,err=007.4,st=lock,v_mv=00001,i_ma=00000,p_mw=00000,src=ina,act=sw"
2026-08-05T09:35:37.451600+00:00,415,0,1,129,133,1064,532,12,44,960,768,192,48,"trk,seq=00415,pan=065.1,tilt=071.8,sun_pan=074.7,sun_tilt=069.6,err=009.8,st=lock,v_mv=00000,i_ma=00000,p_mw=00000,src=ina,act=sw"
2026-08-05T09:35:38.462796+00:00,416,0,1,129,133,1064,532,12,44,960,768,192,48,"trk,seq=00416,pan=066.1,tilt=071.6,sun_pan=078.2,sun_tilt=070.1,err=012.3,st=seek,v_mv=00001,i_ma=00000,p_mw=00000,src=ina,act=sw"
2026-08-05T09:35:39.453979+00:00,417,0,1,129,133,1064,532,12,44,960,768,192,48,"trk,seq=00417,pan=067.2,tilt=071.5,sun_pan=081.9,sun_tilt=070.8,err=014.7,st=seek,v_mv=00001,i_ma=00000,p_mw=00000,src=ina,act=sw"
2026-08-05T09:35:40.510693+00:00,418,0,1,129,133,1064,532,12,44,960,768,192,48,"trk,seq=00418,pan=068.5,tilt=071.5,sun_pan=085.6,sun_tilt=071.5,err=017.1,st=seek,v_mv=00001,i_ma=00000,p_mw=00000,src=ina,act=sw"
2026-08-05T09:35:41.459558+00:00,419,0,1,129,133,1064,532,12,44,960,768,192,48,"trk,seq=00419,pan=070.0,tilt=071.6,sun_pan=089.4,sun_tilt=072.3,err=019.4,st=seek,v_mv=00001,i_ma=00000,p_mw=00000,src=ina,act=sw"
2026-08-05T09:35:42.460369+00:00,420,0,1,129,133,1064,532,12,44,960,768,192,48,"trk,seq=00420,pan=071.7,tilt=074.5,sun_pan=093.2,sun_tilt=103.1,err=035.8,st=seek,v_mv=00001,i_ma=00000,p_mw=00000,src=ina,act=sw"
2026-08-05T09:35:43.462107+00:00,421,0,1,129,133,1064,532,12,44,960,768,192,48,"trk,seq=00421,pan=073.5,tilt=077.2,sun_pan=096.9,sun_tilt=103.9,err=035.5,st=seek,v_mv=00000,i_ma=00000,p_mw=00000,src=ina,act=sw"
2026-08-05T09:35:44.464469+00:00,422,0,1,129,133,1064,532,12,44,960,768,192,48,"trk,seq=00422,pan=075.5,tilt=079.8,sun_pan=100.6,sun_tilt=104.7,err=035.4,st=seek,v_mv=00001,i_ma=00000,p_mw=00000,src=ina,act=sw"
2026-08-05T09:35:45.467474+00:00,423,0,1,129,133,1064,532,12,44,960,768,192,48,"trk,seq=00423,pan=077.5,tilt=082.2,sun_pan=104.2,sun_tilt=105.4,err=035.4,st=seek,v_mv=00001,i_ma=00000,p_mw=00000,src=ina,act=sw"
2026-08-05T09:35:46.468414+00:00,424,0,1,129,133,1064,532,12,44,960,768,192,48,"trk,seq=00424,pan=079.7,tilt=084.4,sun_pan=107.7,sun_tilt=106.0,err=035.4,st=seek,v_mv=00000,i_ma=00000,p_mw=00000,src=ina,act=sw"
2026-08-05T09:35:47.471026+00:00,425,0,1,129,133,1064,532,12,44,960,768,192,48,"trk,seq=00425,pan=082.0,tilt=086.4,sun_pan=111.1,sun_tilt=106.5,err=035.4,st=seek,v_mv=00000,i_ma=00000,p_mw=00000,src=ina,act=sw"
2026-08-05T09:35:48.472116+00:00,426,0,1,129,133,1064,532,12,44,960,768,192,48,"trk,seq=00426,pan=084.3,tilt=088.3,sun_pan=114.3,sun_tilt=107.0,err=035.3,st=seek,v_mv=00001,i_ma=00000,p_mw=00000,src=ina,act=sw"
2026-08-05T09:35:49.473808+00:00,427,0,1,129,133,1064,532,12,44,960,768,192,48,"trk,seq=00427,pan=086.7,tilt=090.1,sun_pan=117.2,sun_tilt=107.3,err=035.1,st=seek,v_mv=00001,i_ma=00000,p_mw=00000,src=ina,act=sw"
2026-08-05T09:35:50.476941+00:00,428,0,1,129,133,1064,532,12,44,960,768,192,48,"trk,seq=00428,pan=089.1,tilt=091.7,sun_pan=120.0,sun_tilt=107.6,err=034.8,st=seek,v_mv=00001,i_ma=00000,p_mw=00000,src=ina,act=sw"
2026-08-05T09:35:51.478906+00:00,429,0,1,129,133,1064,532,12,44,960,768,192,48,"trk,seq=00429,pan=091.5,tilt=093.2,sun_pan=122.5,sun_tilt=107.8,err=034.3,st=seek,v_mv=00000,i_ma=00000,p_mw=00000,src=ina,act=sw"
2026-08-05T09:35:52.482525+00:00,430,0,1,129,133,1064,532,12,44,960,768,192,48,"trk,seq=00430,pan=093.9,tilt=094.6,sun_pan=124.8,sun_tilt=108.0,err=033.7,st=seek,v_mv=00000,i_ma=00000,p_mw=00000,src=ina,act=sw"
2026-08-05T09:35:53.482419+00:00,431,0,1,129,133,1064,532,12,44,960,768,192,48,"trk,seq=00431,pan=096.2,tilt=095.8,sun_pan=126.7,sun_tilt=108.0,err=032.8,st=seek,v_mv=00001,i_ma=00000,p_mw=00000,src=ina,act=sw"
2026-08-05T09:35:54.485528+00:00,432,0,1,129,133,1064,532,12,44,960,768,192,48,"trk,seq=00432,pan=098.6,tilt=096.9,sun_pan=128.4,sun_tilt=107.9,err=031.8,st=seek,v_mv=00001,i_ma=00000,p_mw=00000,src=ina,act=sw"
2026-08-05T09:35:55.488363+00:00,433,0,1,129,133,1064,532,12,44,960,768,192,48,"trk,seq=00433,pan=100.8,tilt=097.9,sun_pan=129.8,sun_tilt=107.8,err=030.6,st=seek,v_mv=00001,i_ma=00000,p_mw=00000,src=ina,act=sw"
2026-08-05T09:35:56.490157+00:00,434,0,1,129,133,1064,532,12,44,960,768,192,48,"trk,seq=00434,pan=103.0,tilt=098.8,sun_pan=130.8,sun_tilt=107.6,err=029.2,st=seek,v_mv=00001,i_ma=00000,p_mw=00000,src=ina,act=sw"
2026-08-05T09:35:57.492795+00:00,435,0,1,129,133,1064,532,12,44,960,768,192,48,"trk,seq=00435,pan=105.0,tilt=099.6,sun_pan=131.6,sun_tilt=107.3,err=027.6,st=seek,v_mv=00000,i_ma=00000,p_mw=00000,src=ina,act=sw"
2026-08-05T09:35:58.491786+00:00,436,0,1,129,133,1064,532,12,44,960,768,192,48,"trk,seq=00436,pan=107.0,tilt=100.3,sun_pan=131.9,sun_tilt=106.9,err=025.8,st=seek,v_mv=00001,i_ma=00000,p_mw=00000,src=ina,act=sw"
2026-08-05T09:35:59.495362+00:00,437,0,1,129,133,1064,532,12,44,960,768,192,48,"trk,seq=00437,pan=108.8,tilt=100.9,sun_pan=132.0,sun_tilt=106.4,err=023.9,st=seek,v_mv=00002,i_ma=00000,p_mw=00000,src=ina,act=sw"
2026-08-05T09:36:00.497170+00:00,438,0,1,129,133,1064,532,12,44,960,768,192,48,"trk,seq=00438,pan=110.4,tilt=101.3,sun_pan=131.7,sun_tilt=105.9,err=021.7,st=seek,v_mv=00001,i_ma=00000,p_mw=00000,src=ina,act=sw"
2026-08-05T09:36:01.498716+00:00,439,0,1,129,133,1064,532,12,44,960,768,192,48,"trk,seq=00439,pan=111.9,tilt=101.7,sun_pan=131.0,sun_tilt=105.2,err=019.5,st=seek,v_mv=00001,i_ma=00000,p_mw=00000,src=ina,act=sw"
2026-08-05T09:36:02.500127+00:00,440,0,1,129,133,1064,532,12,44,960,768,192,48,"trk,seq=00440,pan=113.2,tilt=101.9,sun_pan=130.1,sun_tilt=104.5,err=017.1,st=seek,v_mv=00000,i_ma=00000,p_mw=00000,src=ina,act=sw"
2026-08-05T09:36:03.503954+00:00,441,0,1,129,133,1064,532,12,44,960,768,192,48,"trk,seq=00441,pan=114.3,tilt=102.1,sun_pan=128.8,sun_tilt=103.8,err=014.5,st=seek,v_mv=00000,i_ma=00000,p_mw=00000,src=ina,act=sw"
2026-08-05T09:36:04.505736+00:00,442,0,1,129,133,1064,532,12,44,960,768,192,48,"trk,seq=00442,pan=115.3,tilt=102.2,sun_pan=127.2,sun_tilt=102.9,err=011.9,st=seek,v_mv=00001,i_ma=00000,p_mw=00000,src=ina,act=sw"
2026-08-05T09:36:05.506264+00:00,443,0,1,129,133,1064,532,12,44,960,768,192,48,"trk,seq=00443,pan=116.0,tilt=102.2,sun_pan=125.3,sun_tilt=102.0,err=009.3,st=lock,v_mv=00001,i_ma=00000,p_mw=00000,src=ina,act=sw"
2026-08-05T09:36:06.511165+00:00,444,0,1,129,133,1064,532,12,44,960,768,192,48,"trk,seq=00444,pan=116.5,tilt=102.1,sun_pan=123.1,sun_tilt=101.0,err=006.7,st=lock,v_mv=00001,i_ma=00000,p_mw=00000,src=ina,act=sw"
2026-08-05T09:36:07.509539+00:00,445,0,1,129,133,1064,532,12,44,960,768,192,48,"trk,seq=00445,pan=116.8,tilt=101.9,sun_pan=120.6,sun_tilt=100.0,err=004.3,st=lock,v_mv=00000,i_ma=00000,p_mw=00000,src=ina,act=sw"
2026-08-05T09:36:08.513236+00:00,446,0,1,129,133,1064,532,12,44,960,768,192,48,"trk,seq=00446,pan=116.9,tilt=101.6,sun_pan=117.9,sun_tilt=098.9,err=002.9,st=lock,v_mv=00000,i_ma=00000,p_mw=00000,src=ina,act=sw"
2026-08-05T09:36:09.517842+00:00,447,0,1,129,133,1064,532,12,44,960,768,192,48,"trk,seq=00447,pan=116.7,tilt=101.3,sun_pan=115.0,sun_tilt=097.8,err=003.9,st=lock,v_mv=00001,i_ma=00000,p_mw=00000,src=ina,act=sw"
2026-08-05T09:36:10.516429+00:00,448,0,1,129,133,1064,532,12,44,960,768,192,48,"trk,seq=00448,pan=116.4,tilt=100.8,sun_pan=111.9,sun_tilt=096.7,err=006.2,st=lock,v_mv=00000,i_ma=00000,p_mw=00000,src=ina,act=sw"
2026-08-05T09:36:11.517495+00:00,449,0,1,129,133,1064,532,12,44,960,768,192,48,"trk,seq=00449,pan=115.8,tilt=100.3,sun_pan=108.5,sun_tilt=095.5,err=008.8,st=lock,v_mv=00000,i_ma=00000,p_mw=00000,src=ina,act=sw"
2026-08-05T09:36:12.520421+00:00,450,0,1,129,133,1064,532,12,44,960,768,192,48,"trk,seq=00450,pan=115.1,tilt=099.8,sun_pan=105.1,sun_tilt=094.2,err=011.4,st=seek,v_mv=00001,i_ma=00000,p_mw=00000,src=ina,act=sw"
2026-08-05T09:36:13.524382+00:00,451,0,1,129,133,1064,532,12,44,960,768,192,48,"trk,seq=00451,pan=114.1,tilt=099.2,sun_pan=101.5,sun_tilt=093.0,err=014.1,st=seek,v_mv=00001,i_ma=00000,p_mw=00000,src=ina,act=sw"
2026-08-05T09:36:14.523493+00:00,452,0,1,129,133,1064,532,12,44,960,768,192,48,"trk,seq=00452,pan=113.0,tilt=098.6,sun_pan=097.8,sun_tilt=091.7,err=016.7,st=seek,v_mv=00000,i_ma=00000,p_mw=00000,src=ina,act=sw"
2026-08-05T09:36:15.527537+00:00,453,0,1,129,133,1064,532,12,44,960,768,192,48,"trk,seq=00453,pan=111.7,tilt=097.9,sun_pan=094.1,sun_tilt=090.4,err=019.1,st=seek,v_mv=00000,i_ma=00000,p_mw=00000,src=ina,act=sw"
2026-08-05T09:36:16.527691+00:00,454,0,1,129,133,1064,532,12,44,960,768,192,48,"trk,seq=00454,pan=110.2,tilt=097.1,sun_pan=090.3,sun_tilt=089.1,err=021.5,st=seek,v_mv=00001,i_ma=00000,p_mw=00000,src=ina,act=sw"
2026-08-05T09:36:17.530072+00:00,455,0,1,129,133,1064,532,12,44,960,768,192,48,"trk,seq=00455,pan=108.5,tilt=096.3,sun_pan=086.5,sun_tilt=087.8,err=023.6,st=seek,v_mv=00000,i_ma=00000,p_mw=00000,src=ina,act=sw"
2026-08-05T09:36:18.532326+00:00,456,0,1,129,133,1064,532,12,44,960,768,192,48,"trk,seq=00456,pan=106.7,tilt=095.4,sun_pan=082.8,sun_tilt=086.5,err=025.5,st=seek,v_mv=00000,i_ma=00000,p_mw=00000,src=ina,act=sw"
2026-08-05T09:36:19.534264+00:00,457,0,1,129,133,1064,532,12,44,960,768,192,48,"trk,seq=00457,pan=104.7,tilt=094.4,sun_pan=079.1,sun_tilt=085.1,err=027.2,st=seek,v_mv=00001,i_ma=00000,p_mw=00000,src=ina,act=sw"
2026-08-05T09:36:20.535985+00:00,458,0,1,129,133,1064,532,12,44,960,768,192,48,"trk,seq=00458,pan=102.6,tilt=093.4,sun_pan=075.5,sun_tilt=083.9,err=028.7,st=seek,v_mv=00001,i_ma=00000,p_mw=00000,src=ina,act=sw"
2026-08-05T09:36:21.538664+00:00,459,0,1,129,133,1064,532,12,44,960,768,192,48,"trk,seq=00459,pan=100.4,tilt=092.4,sun_pan=072.0,sun_tilt=082.6,err=030.0,st=seek,v_mv=00000,i_ma=00000,p_mw=00000,src=ina,act=sw"
2026-08-05T09:36:22.539409+00:00,460,0,1,129,133,1064,532,12,44,960,768,192,48,"trk,seq=00460,pan=098.1,tilt=091.4,sun_pan=068.7,sun_tilt=081.3,err=031.1,st=seek,v_mv=00001,i_ma=00000,p_mw=00000,src=ina,act=sw"
2026-08-05T09:36:23.550285+00:00,461,0,1,129,133,1064,532,12,44,960,768,192,48,"trk,seq=00461,pan=095.8,tilt=090.4,sun_pan=065.5,sun_tilt=080.1,err=031.9,st=seek,v_mv=00001,i_ma=00000,p_mw=00000,src=ina,act=sw"
2026-08-05T09:36:24.543144+00:00,462,0,1,129,133,1064,532,12,44,960,768,192,48,"trk,seq=00462,pan=093.4,tilt=089.3,sun_pan=062.6,sun_tilt=078.9,err=032.5,st=seek,v_mv=00002,i_ma=00000,p_mw=00000,src=ina,act=sw"
2026-08-05T09:36:25.550682+00:00,463,0,1,129,133,1064,532,12,44,960,768,192,48,"trk,seq=00463,pan=091.0,tilt=088.2,sun_pan=059.8,sun_tilt=077.8,err=032.9,st=seek,v_mv=00001,i_ma=00000,p_mw=00000,src=ina,act=sw"
2026-08-05T09:36:26.548746+00:00,464,0,1,129,133,1064,532,12,44,960,768,192,48,"trk,seq=00464,pan=088.5,tilt=087.2,sun_pan=057.3,sun_tilt=076.7,err=033.0,st=seek,v_mv=00000,i_ma=00000,p_mw=00000,src=ina,act=sw"
2026-08-05T09:36:27.550695+00:00,465,0,1,129,133,1064,532,12,44,960,768,192,48,"trk,seq=00465,pan=086.1,tilt=086.1,sun_pan=055.1,sun_tilt=075.6,err=032.8,st=seek,v_mv=00000,i_ma=00000,p_mw=00000,src=ina,act=sw"
2026-08-05T09:36:28.555593+00:00,466,0,1,129,133,1064,532,12,44,960,768,192,48,"trk,seq=00466,pan=083.8,tilt=085.0,sun_pan=053.1,sun_tilt=074.6,err=032.4,st=seek,v_mv=00000,i_ma=00000,p_mw=00000,src=ina,act=sw"
2026-08-05T09:36:29.553603+00:00,467,0,1,129,133,1064,532,12,44,960,768,192,48,"trk,seq=00467,pan=081.4,tilt=084.0,sun_pan=051.5,sun_tilt=073.7,err=031.7,st=seek,v_mv=00000,i_ma=00000,p_mw=00000,src=ina,act=sw"
2026-08-05T09:36:30.557354+00:00,468,0,1,129,133,1064,532,12,44,960,768,192,48,"trk,seq=00468,pan=079.2,tilt=082.9,sun_pan=050.1,sun_tilt=072.8,err=030.8,st=seek,v_mv=00001,i_ma=00000,p_mw=00000,src=ina,act=sw"
2026-08-05T09:36:31.557128+00:00,469,0,1,129,133,1064,532,12,44,960,768,192,48,"trk,seq=00469,pan=077.0,tilt=081.9,sun_pan=049.1,sun_tilt=072.0,err=029.6,st=seek,v_mv=00000,i_ma=00000,p_mw=00000,src=ina,act=sw"
2026-08-05T09:36:32.559779+00:00,470,0,1,129,133,1064,532,12,44,960,768,192,48,"trk,seq=00470,pan=075.0,tilt=080.9,sun_pan=048.4,sun_tilt=071.2,err=028.3,st=seek,v_mv=00000,i_ma=00000,p_mw=00000,src=ina,act=sw"
2026-08-05T09:36:33.569129+00:00,471,0,1,129,133,1064,532,12,44,960,768,192,48,"trk,seq=00471,pan=073.0,tilt=080.0,sun_pan=048.1,sun_tilt=070.5,err=026.7,st=seek,v_mv=00000,i_ma=00000,p_mw=00000,src=ina,act=sw"
2026-08-05T09:36:34.565957+00:00,472,0,1,129,133,1064,532,12,44,960,768,192,48,"trk,seq=00472,pan=071.2,tilt=079.1,sun_pan=048.0,sun_tilt=069.9,err=024.9,st=seek,v_mv=00000,i_ma=00000,p_mw=00000,src=ina,act=sw"
2026-08-05T09:36:35.568966+00:00,473,0,1,129,133,1064,532,12,44,960,768,192,48,"trk,seq=00473,pan=069.6,tilt=078.2,sun_pan=048.4,sun_tilt=069.4,err=023.0,st=seek,v_mv=00002,i_ma=00000,p_mw=00000,src=ina,act=sw"
2026-08-05T09:36:36.567890+00:00,474,0,1,129,133,1064,532,12,44,960,768,192,48,"trk,seq=00474,pan=068.2,tilt=077.4,sun_pan=049.0,sun_tilt=069.0,err=021.0,st=seek,v_mv=00001,i_ma=00000,p_mw=00000,src=ina,act=sw"
2026-08-05T09:36:37.572478+00:00,475,0,1,129,133,1064,532,12,44,960,768,192,48,"trk,seq=00475,pan=067.0,tilt=076.7,sun_pan=050.0,sun_tilt=068.6,err=018.8,st=seek,v_mv=00000,i_ma=00000,p_mw=00000,src=ina,act=sw"
2026-08-05T09:36:38.574332+00:00,476,0,1,129,133,1064,532,12,44,960,768,192,48,"trk,seq=00476,pan=065.9,tilt=076.0,sun_pan=051.3,sun_tilt=068.3,err=016.5,st=seek,v_mv=00001,i_ma=00000,p_mw=00000,src=ina,act=sw"
2026-08-05T09:36:39.574944+00:00,477,0,1,129,133,1064,532,12,44,960,768,192,48,"trk,seq=00477,pan=065.0,tilt=075.3,sun_pan=052.9,sun_tilt=068.1,err=014.0,st=seek,v_mv=00000,i_ma=00000,p_mw=00000,src=ina,act=sw"
2026-08-05T09:36:40.575685+00:00,478,0,1,129,133,1064,532,12,44,960,768,192,48,"trk,seq=00478,pan=064.3,tilt=074.7,sun_pan=054.9,sun_tilt=068.0,err=011.6,st=seek,v_mv=00001,i_ma=00000,p_mw=00000,src=ina,act=sw"
2026-08-05T09:36:41.576817+00:00,479,0,1,129,133,1064,532,12,44,960,768,192,48,"trk,seq=00479,pan=063.8,tilt=074.0,sun_pan=057.1,sun_tilt=068.0,err=009.1,st=lock,v_mv=00000,i_ma=00000,p_mw=00000,src=ina,act=sw"
2026-08-05T09:36:42.580168+00:00,480,0,1,129,133,1064,532,12,44,960,768,192,48,"trk,seq=00480,pan=063.5,tilt=073.5,sun_pan=059.6,sun_tilt=068.1,err=006.7,st=lock,v_mv=00001,i_ma=00000,p_mw=00000,src=ina,act=sw"
2026-08-05T09:36:43.585249+00:00,481,0,1,129,133,1064,532,12,44,960,768,192,48,"trk,seq=00481,pan=063.4,tilt=073.0,sun_pan=062.3,sun_tilt=068.2,err=004.9,st=lock,v_mv=00001,i_ma=00000,p_mw=00000,src=ina,act=sw"
2026-08-05T09:36:44.582909+00:00,482,0,1,129,133,1064,532,12,44,960,768,192,48,"trk,seq=00482,pan=063.6,tilt=072.6,sun_pan=065.2,sun_tilt=068.5,err=004.5,st=lock,v_mv=00001,i_ma=00000,p_mw=00000,src=ina,act=sw"
2026-08-05T09:36:45.585650+00:00,483,0,1,129,133,1064,532,12,44,960,768,192,48,"trk,seq=00483,pan=063.9,tilt=072.2,sun_pan=068.4,sun_tilt=068.8,err=005.7,st=lock,v_mv=00000,i_ma=00000,p_mw=00000,src=ina,act=sw"
2026-08-05T09:36:46.588288+00:00,484,0,1,129,133,1064,532,12,44,960,768,192,48,"trk,seq=00484,pan=064.5,tilt=071.9,sun_pan=071.7,sun_tilt=069.2,err=007.7,st=lock,v_mv=00001,i_ma=00000,p_mw=00000,src=ina,act=sw"
2026-08-05T09:36:47.616391+00:00,485,0,1,129,133,1064,532,12,44,960,768,192,48,"trk,seq=00485,pan=065.2,tilt=071.7,sun_pan=075.2,sun_tilt=069.7,err=010.1,st=seek,v_mv=00001,i_ma=00000,p_mw=00000,src=ina,act=sw"
2026-08-05T09:36:48.708765+00:00,486,0,1,129,133,1064,532,12,44,960,768,192,48,"trk,seq=00486,pan=066.2,tilt=071.6,sun_pan=078.8,sun_tilt=070.2,err=012.6,st=seek,v_mv=00000,i_ma=00000,p_mw=00000,src=ina,act=sw"
2026-08-05T09:36:49.593668+00:00,487,0,1,129,133,1064,532,12,44,960,768,192,48,"trk,seq=00487,pan=067.4,tilt=071.5,sun_pan=082.4,sun_tilt=070.9,err=015.1,st=seek,v_mv=00000,i_ma=00000,p_mw=00000,src=ina,act=sw"
2026-08-05T09:36:50.595310+00:00,488,0,1,129,133,1064,532,12,44,960,768,192,48,"trk,seq=00488,pan=068.7,tilt=071.5,sun_pan=086.2,sun_tilt=071.6,err=017.4,st=seek,v_mv=00000,i_ma=00000,p_mw=00000,src=ina,act=sw"
2026-08-05T09:36:51.598901+00:00,489,0,1,129,133,1064,532,12,44,960,768,192,48,"trk,seq=00489,pan=070.3,tilt=071.6,sun_pan=089.9,sun_tilt=072.4,err=019.7,st=seek,v_mv=00001,i_ma=00000,p_mw=00000,src=ina,act=sw"
2026-08-05T09:36:52.601648+00:00,490,0,1,129,133,1064,532,12,44,960,768,192,48,"trk,seq=00490,pan=071.9,tilt=074.5,sun_pan=093.7,sun_tilt=103.2,err=036.0,st=seek,v_mv=00000,i_ma=00000,p_mw=00000,src=ina,act=sw"
2026-08-05T09:36:53.601265+00:00,491,0,1,129,133,1064,532,12,44,960,768,192,48,"trk,seq=00491,pan=073.8,tilt=077.3,sun_pan=097.5,sun_tilt=104.0,err=035.7,st=seek,v_mv=00001,i_ma=00000,p_mw=00000,src=ina,act=sw"
2026-08-05T09:36:54.650799+00:00,492,0,1,129,133,1064,532,12,44,960,768,192,48,"trk,seq=00492,pan=075.8,tilt=079.8,sun_pan=101.1,sun_tilt=104.8,err=035.6,st=seek,v_mv=00001,i_ma=00000,p_mw=00000,src=ina,act=sw"
2026-08-05T09:36:55.672761+00:00,493,0,1,129,133,1064,532,12,44,960,768,192,48,"trk,seq=00493,pan=077.8,tilt=082.2,sun_pan=104.7,sun_tilt=105.5,err=035.6,st=seek,v_mv=00001,i_ma=00000,p_mw=00000,src=ina,act=sw"
2026-08-05T09:36:56.607314+00:00,494,0,1,129,133,1064,532,12,44,960,768,192,48,"trk,seq=00494,pan=080.0,tilt=084.4,sun_pan=108.2,sun_tilt=106.1,err=035.5,st=seek,v_mv=00000,i_ma=00000,p_mw=00000,src=ina,act=sw"
2026-08-05T09:36:57.610959+00:00,495,0,1,129,133,1064,532,12,44,960,768,192,48,"trk,seq=00495,pan=082.3,tilt=086.5,sun_pan=111.5,sun_tilt=106.6,err=035.5,st=seek,v_mv=00001,i_ma=00000,p_mw=00000,src=ina,act=sw"
2026-08-05T09:36:58.611652+00:00,496,0,1,129,133,1064,532,12,44,960,768,192,48,"trk,seq=00496,pan=084.6,tilt=088.4,sun_pan=114.7,sun_tilt=107.0,err=035.4,st=seek,v_mv=00000,i_ma=00000,p_mw=00000,src=ina,act=sw"
2026-08-05T09:36:59.615379+00:00,497,0,1,129,133,1064,532,12,44,960,768,192,48,"trk,seq=00497,pan=087.0,tilt=090.1,sun_pan=117.6,sun_tilt=107.4,err=035.2,st=seek,v_mv=00001,i_ma=00000,p_mw=00000,src=ina,act=sw"
2026-08-05T09:37:00.615444+00:00,498,0,1,129,133,1064,532,12,44,960,768,192,48,"trk,seq=00498,pan=089.4,tilt=091.7,sun_pan=120.4,sun_tilt=107.7,err=034.8,st=seek,v_mv=00001,i_ma=00000,p_mw=00000,src=ina,act=sw"
2026-08-05T09:37:01.617933+00:00,499,0,1,129,133,1064,532,12,44,960,768,192,48,"trk,seq=00499,pan=091.8,tilt=093.2,sun_pan=122.8,sun_tilt=107.9,err=034.3,st=seek,v_mv=00001,i_ma=00000,p_mw=00000,src=ina,act=sw"
2026-08-05T09:37:02.629700+00:00,500,0,1,129,133,1064,532,12,44,960,768,192,48,"trk,seq=00500,pan=094.2,tilt=094.6,sun_pan=125.1,sun_tilt=108.0,err=033.6,st=seek,v_mv=00001,i_ma=00000,p_mw=00000,src=ina,act=sw"
2026-08-05T09:37:03.621682+00:00,501,0,1,129,133,1064,532,12,44,960,768,192,48,"trk,seq=00501,pan=096.6,tilt=095.8,sun_pan=127.0,sun_tilt=108.0,err=032.8,st=seek,v_mv=00001,i_ma=00000,p_mw=00000,src=ina,act=sw"
2026-08-05T09:37:04.625288+00:00,502,0,1,129,133,1064,532,12,44,960,768,192,48,"trk,seq=00502,pan=098.9,tilt=097.0,sun_pan=128.6,sun_tilt=107.9,err=031.7,st=seek,v_mv=00000,i_ma=00000,p_mw=00000,src=ina,act=sw"
2026-08-05T09:37:05.625543+00:00,503,0,1,129,133,1064,532,12,44,960,768,192,48,"trk,seq=00503,pan=101.1,tilt=098.0,sun_pan=130.0,sun_tilt=107.8,err=030.5,st=seek,v_mv=00000,i_ma=00000,p_mw=00000,src=ina,act=sw"
2026-08-05T09:37:06.630582+00:00,504,0,1,129,133,1064,532,12,44,960,768,192,48,"trk,seq=00504,pan=103.3,tilt=098.9,sun_pan=131.0,sun_tilt=107.5,err=029.0,st=seek,v_mv=00001,i_ma=00000,p_mw=00000,src=ina,act=sw"
2026-08-05T09:37:07.632171+00:00,505,0,1,129,133,1064,532,12,44,960,768,192,48,"trk,seq=00505,pan=105.3,tilt=099.6,sun_pan=131.6,sun_tilt=107.2,err=027.4,st=seek,v_mv=00000,i_ma=00000,p_mw=00000,src=ina,act=sw"
2026-08-05T09:37:08.632151+00:00,506,0,1,129,133,1064,532,12,44,960,768,192,48,"trk,seq=00506,pan=107.2,tilt=100.3,sun_pan=132.0,sun_tilt=106.8,err=025.6,st=seek,v_mv=00001,i_ma=00000,p_mw=00000,src=ina,act=sw"
2026-08-05T09:37:09.633297+00:00,507,0,1,129,133,1064,532,12,44,960,768,192,48,"trk,seq=00507,pan=109.0,tilt=100.9,sun_pan=132.0,sun_tilt=106.3,err=023.6,st=seek,v_mv=00000,i_ma=00000,p_mw=00000,src=ina,act=sw"
2026-08-05T09:37:10.637135+00:00,508,0,1,129,133,1064,532,12,44,960,768,192,48,"trk,seq=00508,pan=110.6,tilt=101.3,sun_pan=131.6,sun_tilt=105.8,err=021.4,st=seek,v_mv=00001,i_ma=00000,p_mw=00000,src=ina,act=sw"
2026-08-05T09:37:11.637732+00:00,509,0,1,129,133,1064,532,12,44,960,768,192,48,"trk,seq=00509,pan=112.1,tilt=101.7,sun_pan=130.9,sun_tilt=105.1,err=019.1,st=seek,v_mv=00001,i_ma=00000,p_mw=00000,src=ina,act=sw"
2026-08-05T09:37:12.641787+00:00,510,0,1,129,133,1064,532,12,44,960,768,192,48,"trk,seq=00510,pan=113.4,tilt=101.9,sun_pan=129.9,sun_tilt=104.4,err=016.7,st=seek,v_mv=00001,i_ma=00000,p_mw=00000,src=ina,act=sw"
2026-08-05T09:37:13.644566+00:00,511,0,1,129,133,1064,532,12,44,960,768,192,48,"trk,seq=00511,pan=114.5,tilt=102.1,sun_pan=128.6,sun_tilt=103.6,err=014.2,st=seek,v_mv=00000,i_ma=00000,p_mw=00000,src=ina,act=sw"
2026-08-05T09:37:14.646874+00:00,512,0,1,129,133,1064,532,12,44,960,768,192,48,"trk,seq=00512,pan=115.4,tilt=102.1,sun_pan=126.9,sun_tilt=102.8,err=011.6,st=seek,v_mv=00000,i_ma=00000,p_mw=00000,src=ina,act=sw"
2026-08-05T09:37:15.648898+00:00,513,0,1,129,133,1064,532,12,44,960,768,192,48,"trk,seq=00513,pan=116.1,tilt=102.1,sun_pan=125.0,sun_tilt=101.9,err=008.9,st=lock,v_mv=00001,i_ma=00000,p_mw=00000,src=ina,act=sw"
2026-08-05T09:37:16.651034+00:00,514,0,1,129,133,1064,532,12,44,960,768,192,48,"trk,seq=00514,pan=116.5,tilt=102.0,sun_pan=122.8,sun_tilt=100.9,err=006.3,st=lock,v_mv=00001,i_ma=00000,p_mw=00000,src=ina,act=sw"
2026-08-05T09:37:17.650938+00:00,515,0,1,129,133,1064,532,12,44,960,768,192,48,"trk,seq=00515,pan=116.8,tilt=101.8,sun_pan=120.3,sun_tilt=099.9,err=004.0,st=lock,v_mv=00000,i_ma=00000,p_mw=00000,src=ina,act=sw"
2026-08-05T09:37:18.652222+00:00,516,0,1,129,133,1064,532,12,44,960,768,192,48,"trk,seq=00516,pan=116.9,tilt=101.5,sun_pan=117.5,sun_tilt=098.8,err=002.8,st=lock,v_mv=00001,i_ma=00000,p_mw=00000,src=ina,act=sw"
2026-08-05T09:37:19.655998+00:00,517,0,1,129,133,1064,532,12,44,960,768,192,48,"trk,seq=00517,pan=116.7,tilt=101.2,sun_pan=114.6,sun_tilt=097.7,err=004.1,st=lock,v_mv=00001,i_ma=00000,p_mw=00000,src=ina,act=sw"
2026-08-05T09:37:20.655936+00:00,518,0,1,129,133,1064,532,12,44,960,768,192,48,"trk,seq=00518,pan=116.3,tilt=100.7,sun_pan=111.4,sun_tilt=096.5,err=006.5,st=lock,v_mv=00000,i_ma=00000,p_mw=00000,src=ina,act=sw"
2026-08-05T09:37:21.658107+00:00,519,0,1,129,133,1064,532,12,44,960,768,192,48,"trk,seq=00519,pan=115.7,tilt=100.2,sun_pan=108.1,sun_tilt=095.3,err=009.1,st=lock,v_mv=00001,i_ma=00000,p_mw=00000,src=ina,act=sw"
2026-08-05T09:37:22.659192+00:00,520,0,1,129,133,1064,532,12,44,960,768,192,48,"trk,seq=00520,pan=115.0,tilt=099.7,sun_pan=104.6,sun_tilt=094.0,err=011.8,st=seek,v_mv=00001,i_ma=00000,p_mw=00000,src=ina,act=sw"
2026-08-05T09:37:23.662777+00:00,521,0,1,129,133,1064,532,12,44,960,768,192,48,"trk,seq=00521,pan=114.0,tilt=099.1,sun_pan=101.0,sun_tilt=092.8,err=014.4,st=seek,v_mv=00001,i_ma=00000,p_mw=00000,src=ina,act=sw"
2026-08-05T09:37:24.664019+00:00,522,0,1,129,133,1064,532,12,44,960,768,192,48,"trk,seq=00522,pan=112.8,tilt=098.4,sun_pan=097.3,sun_tilt=091.5,err=017.0,st=seek,v_mv=00001,i_ma=00000,p_mw=00000,src=ina,act=sw"
2026-08-05T09:37:25.668850+00:00,523,0,1,129,133,1064,532,12,44,960,768,192,48,"trk,seq=00523,pan=111.5,tilt=097.7,sun_pan=093.6,sun_tilt=090.2,err=019.5,st=seek,v_mv=00001,i_ma=00000,p_mw=00000,src=ina,act=sw"
2026-08-05T09:37:26.666298+00:00,524,0,1,129,133,1064,532,12,44,960,768,192,48,"trk,seq=00524,pan=110.0,tilt=097.0,sun_pan=089.8,sun_tilt=088.9,err=021.8,st=seek,v_mv=00000,i_ma=00000,p_mw=00000,src=ina,act=sw"
2026-08-05T09:37:27.669321+00:00,525,0,1,129,133,1064,532,12,44,960,768,192,48,"trk,seq=00525,pan=108.3,tilt=096.1,sun_pan=086.0,sun_tilt=087.6,err=023.9,st=seek,v_mv=00001,i_ma=00000,p_mw=00000,src=ina,act=sw"
2026-08-05T09:37:28.676530+00:00,526,0,1,129,133,1064,532,12,44,960,768,192,48,"trk,seq=00526,pan=106.4,tilt=095.2,sun_pan=082.3,sun_tilt=086.3,err=025.8,st=seek,v_mv=00000,i_ma=00000,p_mw=00000,src=ina,act=sw"
2026-08-05T09:37:29.678222+00:00,527,0,1,129,133,1064,532,12,44,960,768,192,48,"trk,seq=00527,pan=104.4,tilt=094.3,sun_pan=078.6,sun_tilt=085.0,err=027.4,st=seek,v_mv=00001,i_ma=00000,p_mw=00000,src=ina,act=sw"
2026-08-05T09:37:30.678426+00:00,528,0,1,129,133,1064,532,12,44,960,768,192,48,"trk,seq=00528,pan=102.3,tilt=093.3,sun_pan=075.0,sun_tilt=083.7,err=028.9,st=seek,v_mv=00001,i_ma=00000,p_mw=00000,src=ina,act=sw"
2026-08-05T09:37:31.677344+00:00,529,0,1,129,133,1064,532,12,44,960,768,192,48,"trk,seq=00529,pan=100.1,tilt=092.3,sun_pan=071.6,sun_tilt=082.4,err=030.2,st=seek,v_mv=00000,i_ma=00000,p_mw=00000,src=ina,act=sw"
2026-08-05T09:37:32.680666+00:00,530,0,1,129,133,1064,532,12,44,960,768,192,48,"trk,seq=00530,pan=097.8,tilt=091.3,sun_pan=068.2,sun_tilt=081.2,err=031.2,st=seek,v_mv=00001,i_ma=00000,p_mw=00000,src=ina,act=sw"
2026-08-05T09:37:33.682476+00:00,531,0,1,129,133,1064,532,12,44,960,768,192,48,"trk,seq=00531,pan=095.4,tilt=090.2,sun_pan=065.1,sun_tilt=079.9,err=032.0,st=seek,v_mv=00001,i_ma=00000,p_mw=00000,src=ina,act=sw"
2026-08-05T09:37:34.682512+00:00,532,0,1,129,133,1064,532,12,44,960,768,192,48,"trk,seq=00532,pan=093.0,tilt=089.1,sun_pan=062.2,sun_tilt=078.8,err=032.6,st=seek,v_mv=00000,i_ma=00000,p_mw=00000,src=ina,act=sw"
2026-08-05T09:37:35.685338+00:00,533,0,1,129,133,1064,532,12,44,960,768,192,48,"trk,seq=00533,pan=090.6,tilt=088.1,sun_pan=059.5,sun_tilt=077.6,err=032.9,st=seek,v_mv=00000,i_ma=00000,p_mw=00000,src=ina,act=sw"
2026-08-05T09:37:36.687523+00:00,534,0,1,129,133,1064,532,12,44,960,768,192,48,"trk,seq=00534,pan=088.2,tilt=087.0,sun_pan=057.0,sun_tilt=076.5,err=032.9,st=seek,v_mv=00001,i_ma=00000,p_mw=00000,src=ina,act=sw"
2026-08-05T09:37:37.688679+00:00,535,0,1,129,133,1064,532,12,44,960,768,192,48,"trk,seq=00535,pan=085.8,tilt=085.9,sun_pan=054.8,sun_tilt=075.5,err=032.7,st=seek,v_mv=00001,i_ma=00000,p_mw=00000,src=ina,act=sw"
2026-08-05T09:37:38.690359+00:00,536,0,1,129,133,1064,532,12,44,960,768,192,48,"trk,seq=00536,pan=083.4,tilt=084.9,sun_pan=052.9,sun_tilt=074.5,err=032.3,st=seek,v_mv=00002,i_ma=00000,p_mw=00000,src=ina,act=sw"
2026-08-05T09:37:39.693382+00:00,537,0,1,129,133,1064,532,12,44,960,768,192,48,"trk,seq=00537,pan=081.1,tilt=083.8,sun_pan=051.3,sun_tilt=073.5,err=031.6,st=seek,v_mv=00000,i_ma=00000,p_mw=00000,src=ina,act=sw"
2026-08-05T09:37:40.695426+00:00,538,0,1,129,133,1064,532,12,44,960,768,192,48,"trk,seq=00538,pan=078.9,tilt=082.8,sun_pan=050.0,sun_tilt=072.7,err=030.6,st=seek,v_mv=00001,i_ma=00000,p_mw=00000,src=ina,act=sw"
2026-08-05T09:37:41.695875+00:00,539,0,1,129,133,1064,532,12,44,960,768,192,48,"trk,seq=00539,pan=076.7,tilt=081.8,sun_pan=049.0,sun_tilt=071.8,err=029.5,st=seek,v_mv=00001,i_ma=00000,p_mw=00000,src=ina,act=sw"
2026-08-05T09:37:42.698567+00:00,540,0,1,129,133,1064,532,12,44,960,768,192,48,"trk,seq=00540,pan=074.7,tilt=080.8,sun_pan=048.3,sun_tilt=071.1,err=028.1,st=seek,v_mv=00001,i_ma=00000,p_mw=00000,src=ina,act=sw"
2026-08-05T09:37:43.699939+00:00,541,0,1,129,133,1064,532,12,44,960,768,192,48,"trk,seq=00541,pan=072.8,tilt=079.8,sun_pan=048.0,sun_tilt=070.4,err=026.5,st=seek,v_mv=00001,i_ma=00000,p_mw=00000,src=ina,act=sw"
2026-08-05T09:37:44.702404+00:00,542,0,1,129,133,1064,532,12,44,960,768,192,48,"trk,seq=00542,pan=071.0,tilt=078.9,sun_pan=048.1,sun_tilt=069.9,err=024.7,st=seek,v_mv=00000,i_ma=00000,p_mw=00000,src=ina,act=sw"
2026-08-05T09:37:45.702288+00:00,543,0,1,129,133,1064,532,12,44,960,768,192,48,"trk,seq=00543,pan=069.4,tilt=078.1,sun_pan=048.4,sun_tilt=069.3,err=022.8,st=seek,v_mv=00001,i_ma=00000,p_mw=00000,src=ina,act=sw"
2026-08-05T09:37:46.705587+00:00,544,0,1,129,133,1064,532,12,44,960,768,192,48,"trk,seq=00544,pan=068.0,tilt=077.3,sun_pan=049.1,sun_tilt=068.9,err=020.7,st=seek,v_mv=00000,i_ma=00000,p_mw=00000,src=ina,act=sw"
2026-08-05T09:37:47.706642+00:00,545,0,1,129,133,1064,532,12,44,960,768,192,48,"trk,seq=00545,pan=066.8,tilt=076.6,sun_pan=050.2,sun_tilt=068.6,err=018.5,st=seek,v_mv=00001,i_ma=00000,p_mw=00000,src=ina,act=sw"
2026-08-05T09:37:48.710144+00:00,546,0,1,129,133,1064,532,12,44,960,768,192,48,"trk,seq=00546,pan=065.8,tilt=075.9,sun_pan=051.5,sun_tilt=068.3,err=016.1,st=seek,v_mv=00001,i_ma=00000,p_mw=00000,src=ina,act=sw"
2026-08-05T09:37:49.712723+00:00,547,0,1,129,133,1064,532,12,44,960,768,192,48,"trk,seq=00547,pan=064.9,tilt=075.2,sun_pan=053.2,sun_tilt=068.1,err=013.7,st=seek,v_mv=00000,i_ma=00000,p_mw=00000,src=ina,act=sw"
2026-08-05T09:37:50.713442+00:00,548,0,1,129,133,1064,532,12,44,960,768,192,48,"trk,seq=00548,pan=064.2,tilt=074.6,sun_pan=055.2,sun_tilt=068.0,err=011.2,st=seek,v_mv=00000,i_ma=00000,p_mw=00000,src=ina,act=sw"
2026-08-05T09:37:51.714745+00:00,549,0,1,129,133,1064,532,12,44,960,768,192,48,"trk,seq=00549,pan=063.8,tilt=074.0,sun_pan=057.4,sun_tilt=068.0,err=008.7,st=lock,v_mv=00001,i_ma=00000,p_mw=00000,src=ina,act=sw"
2026-08-05T09:37:52.716909+00:00,550,0,1,129,133,1064,532,12,44,960,768,192,48,"trk,seq=00550,pan=063.5,tilt=073.4,sun_pan=059.9,sun_tilt=068.1,err=006.4,st=lock,v_mv=00001,i_ma=00000,p_mw=00000,src=ina,act=sw"
2026-08-05T09:37:53.731049+00:00,551,0,1,129,133,1064,532,12,44,960,768,192,48,"trk,seq=00551,pan=063.4,tilt=072.9,sun_pan=062.7,sun_tilt=068.2,err=004.8,st=lock,v_mv=00000,i_ma=00000,p_mw=00000,src=ina,act=sw"
2026-08-05T09:37:54.721975+00:00,552,0,1,129,133,1064,532,12,44,960,768,192,48,"trk,seq=00552,pan=063.6,tilt=072.5,sun_pan=065.6,sun_tilt=068.5,err=004.5,st=lock,v_mv=00001,i_ma=00000,p_mw=00000,src=ina,act=sw"
2026-08-05T09:37:55.723188+00:00,553,0,1,129,133,1064,532,12,44,960,768,192,48,"trk,seq=00553,pan=064.0,tilt=072.2,sun_pan=068.8,sun_tilt=068.8,err=005.9,st=lock,v_mv=00000,i_ma=00000,p_mw=00000,src=ina,act=sw"
2026-08-05T09:37:56.754809+00:00,554,0,1,129,133,1064,532,12,44,960,768,192,48,"trk,seq=00554,pan=064.5,tilt=071.9,sun_pan=072.2,sun_tilt=069.2,err=008.1,st=lock,v_mv=00000,i_ma=00000,p_mw=00000,src=ina,act=sw"
2026-08-05T09:37:57.726694+00:00,555,0,1,129,133,1064,532,12,44,960,768,192,48,"trk,seq=00555,pan=065.3,tilt=071.7,sun_pan=075.6,sun_tilt=069.7,err=010.5,st=seek,v_mv=00000,i_ma=00000,p_mw=00000,src=ina,act=sw"
2026-08-05T09:37:58.752097+00:00,556,0,1,129,133,1064,532,12,44,960,768,192,48,"trk,seq=00556,pan=066.3,tilt=071.6,sun_pan=079.3,sun_tilt=070.3,err=013.0,st=seek,v_mv=00000,i_ma=00000,p_mw=00000,src=ina,act=sw"
2026-08-05T09:37:59.777863+00:00,557,0,1,129,133,1064,532,12,44,960,768,192,48,"trk,seq=00557,pan=067.5,tilt=071.5,sun_pan=082.9,sun_tilt=071.0,err=015.4,st=seek,v_mv=00001,i_ma=00000,p_mw=00000,src=ina,act=sw"
2026-08-05T09:38:00.733026+00:00,558,0,1,129,133,1064,532,12,44,960,768,192,48,"trk,seq=00558,pan=068.9,tilt=071.5,sun_pan=086.7,sun_tilt=071.7,err=017.8,st=seek,v_mv=00001,i_ma=00000,p_mw=00000,src=ina,act=sw"
2026-08-05T09:38:01.824699+00:00,559,0,1,129,133,1064,532,12,44,960,768,192,48,"trk,seq=00559,pan=070.5,tilt=074.4,sun_pan=090.5,sun_tilt=102.5,err=034.5,st=seek,v_mv=00000,i_ma=00000,p_mw=00000,src=ina,act=sw"
2026-08-05T09:38:02.847647+00:00,560,0,1,129,133,1064,532,12,44,960,768,192,48,"trk,seq=00560,pan=072.2,tilt=077.1,sun_pan=094.2,sun_tilt=103.3,err=034.3,st=seek,v_mv=00001,i_ma=00000,p_mw=00000,src=ina,act=sw"
2026-08-05T09:38:03.750060+00:00,561,0,1,129,133,1064,532,12,44,960,768,192,48,"trk,seq=00561,pan=074.0,tilt=079.6,sun_pan=098.0,sun_tilt=104.1,err=034.3,st=seek,v_mv=00001,i_ma=00000,p_mw=00000,src=ina,act=sw"
2026-08-05T09:38:04.741104+00:00,562,0,1,129,133,1064,532,12,44,960,768,192,48,"trk,seq=00562,pan=076.0,tilt=081.9,sun_pan=101.6,sun_tilt=104.9,err=034.4,st=seek,v_mv=00001,i_ma=00000,p_mw=00000,src=ina,act=sw"
2026-08-05T09:38:05.743068+00:00,563,0,1,129,133,1064,532,12,44,960,768,192,48,"trk,seq=00563,pan=078.1,tilt=084.1,sun_pan=105.2,sun_tilt=105.6,err=034.5,st=seek,v_mv=00001,i_ma=00000,p_mw=00000,src=ina,act=sw"
2026-08-05T09:38:06.745605+00:00,564,0,1,129,133,1064,532,12,44,960,768,192,48,"trk,seq=00564,pan=080.3,tilt=086.2,sun_pan=108.7,sun_tilt=106.1,err=034.7,st=seek,v_mv=00000,i_ma=00000,p_mw=00000,src=ina,act=sw"
2026-08-05T09:38:07.747979+00:00,565,0,1,129,133,1064,532,12,44,960,768,192,48,"trk,seq=00565,pan=082.6,tilt=088.1,sun_pan=112.0,sun_tilt=106.7,err=034.8,st=seek,v_mv=00000,i_ma=00000,p_mw=00000,src=ina,act=sw"
2026-08-05T09:38:08.750211+00:00,566,0,1,129,133,1064,532,12,44,960,768,192,48,"trk,seq=00566,pan=085.0,tilt=089.8,sun_pan=115.1,sun_tilt=107.1,err=034.7,st=seek,v_mv=00001,i_ma=00000,p_mw=00000,src=ina,act=sw"
2026-08-05T09:38:09.751784+00:00,567,0,1,129,133,1064,532,12,44,960,768,192,48,"trk,seq=00567,pan=087.3,tilt=091.4,sun_pan=118.0,sun_tilt=107.4,err=034.6,st=seek,v_mv=00001,i_ma=00000,p_mw=00000,src=ina,act=sw"
2026-08-05T09:38:10.752442+00:00,568,0,1,129,133,1064,532,12,44,960,768,192,48,"trk,seq=00568,pan=089.7,tilt=093.0,sun_pan=120.7,sun_tilt=107.7,err=034.3,st=seek,v_mv=00000,i_ma=00000,p_mw=00000,src=ina,act=sw"
2026-08-05T09:38:11.755088+00:00,569,0,1,129,133,1064,532,12,44,960,768,192,48,"trk,seq=00569,pan=092.1,tilt=094.3,sun_pan=123.2,sun_tilt=107.9,err=033.9,st=seek,v_mv=00001,i_ma=00000,p_mw=00000,src=ina,act=sw"
2026-08-05T09:38:12.755695+00:00,570,0,1,129,133,1064,532,12,44,960,768,192,48,"trk,seq=00570,pan=094.5,tilt=095.6,sun_pan=125.4,sun_tilt=108.0,err=033.2,st=seek,v_mv=00001,i_ma=00000,p_mw=00000,src=ina,act=sw"
2026-08-05T09:38:13.758681+00:00,571,0,1,129,133,1064,532,12,44,960,768,192,48,"trk,seq=00571,pan=096.9,tilt=096.7,sun_pan=127.2,sun_tilt=108.0,err=032.4,st=seek,v_mv=00001,i_ma=00000,p_mw=00000,src=ina,act=sw"
2026-08-05T09:38:14.760409+00:00,572,0,1,129,133,1064,532,12,44,960,768,192,48,"trk,seq=00572,pan=099.2,tilt=097.8,sun_pan=128.8,sun_tilt=107.9,err=031.3,st=seek,v_mv=00001,i_ma=00000,p_mw=00000,src=ina,act=sw"
2026-08-05T09:38:15.762582+00:00,573,0,1,129,133,1064,532,12,44,960,768,192,48,"trk,seq=00573,pan=101.4,tilt=098.7,sun_pan=130.1,sun_tilt=107.8,err=030.1,st=seek,v_mv=00001,i_ma=00000,p_mw=00000,src=ina,act=sw"
2026-08-05T09:38:16.766864+00:00,574,0,1,129,133,1064,532,12,44,960,768,192,48,"trk,seq=00574,pan=103.6,tilt=099.5,sun_pan=131.1,sun_tilt=107.5,err=028.7,st=seek,v_mv=00000,i_ma=00000,p_mw=00000,src=ina,act=sw"
2026-08-05T09:38:17.766340+00:00,575,0,1,129,133,1064,532,12,44,960,768,192,48,"trk,seq=00575,pan=105.6,tilt=100.2,sun_pan=131.7,sun_tilt=107.2,err=027.0,st=seek,v_mv=00001,i_ma=00000,p_mw=00000,src=ina,act=sw"
2026-08-05T09:38:18.768569+00:00,576,0,1,129,133,1064,532,12,44,960,768,192,48,"trk,seq=00576,pan=107.5,tilt=100.8,sun_pan=132.0,sun_tilt=106.8,err=025.2,st=seek,v_mv=00001,i_ma=00000,p_mw=00000,src=ina,act=sw"
2026-08-05T09:38:19.771299+00:00,577,0,1,129,133,1064,532,12,44,960,768,192,48,"trk,seq=00577,pan=109.2,tilt=101.3,sun_pan=131.9,sun_tilt=106.3,err=023.2,st=seek,v_mv=00001,i_ma=00000,p_mw=00000,src=ina,act=sw"
2026-08-05T09:38:20.774439+00:00,578,0,1,129,133,1064,532,12,44,960,768,192,48,"trk,seq=00578,pan=110.8,tilt=101.7,sun_pan=131.5,sun_tilt=105.7,err=021.1,st=seek,v_mv=00001,i_ma=00000,p_mw=00000,src=ina,act=sw"
2026-08-05T09:38:21.775809+00:00,579,0,1,129,133,1064,532,12,44,960,768,192,48,"trk,seq=00579,pan=112.3,tilt=102.0,sun_pan=130.8,sun_tilt=105.0,err=018.8,st=seek,v_mv=00000,i_ma=00000,p_mw=00000,src=ina,act=sw"
2026-08-05T09:38:22.775845+00:00,580,0,1,129,133,1064,532,12,44,960,768,192,48,"trk,seq=00580,pan=113.5,tilt=102.3,sun_pan=129.7,sun_tilt=104.3,err=016.3,st=seek,v_mv=00001,i_ma=00000,p_mw=00000,src=ina,act=sw"
2026-08-05T09:38:23.779682+00:00,581,0,1,129,133,1064,532,12,44,960,768,192,48,"trk,seq=00581,pan=114.6,tilt=102.4,sun_pan=128.4,sun_tilt=103.5,err=013.8,st=seek,v_mv=00001,i_ma=00000,p_mw=00000,src=ina,act=sw"
2026-08-05T09:38:24.779541+00:00,582,0,1,129,133,1064,532,12,44,960,768,192,48,"trk,seq=00582,pan=115.5,tilt=102.4,sun_pan=126.7,sun_tilt=102.7,err=011.2,st=seek,v_mv=00000,i_ma=00000,p_mw=00000,src=ina,act=sw"
2026-08-05T09:38:25.783320+00:00,583,0,1,129,133,1064,532,12,44,960,768,192,48,"trk,seq=00583,pan=116.1,tilt=102.3,sun_pan=124.7,sun_tilt=101.7,err=008.6,st=lock,v_mv=00001,i_ma=00000,p_mw=00000,src=ina,act=sw"
2026-08-05T09:38:26.784191+00:00,584,0,1,129,133,1064,532,12,44,960,768,192,48,"trk,seq=00584,pan=116.6,tilt=102.2,sun_pan=122.4,sun_tilt=100.8,err=006.0,st=lock,v_mv=00001,i_ma=00000,p_mw=00000,src=ina,act=sw"
2026-08-05T09:38:27.787066+00:00,585,0,1,129,133,1064,532,12,44,960,768,192,48,"trk,seq=00585,pan=116.8,tilt=102.0,sun_pan=119.9,sun_tilt=099.7,err=003.8,st=lock,v_mv=00000,i_ma=00000,p_mw=00000,src=ina,act=sw"
2026-08-05T09:38:28.788471+00:00,586,0,1,129,133,1064,532,12,44,960,768,192,48,"trk,seq=00586,pan=116.9,tilt=101.7,sun_pan=117.1,sun_tilt=098.6,err=003.0,st=lock,v_mv=00000,i_ma=00000,p_mw=00000,src=ina,act=sw"
2026-08-05T09:38:29.790764+00:00,587,0,1,129,133,1064,532,12,44,960,768,192,48,"trk,seq=00587,pan=116.7,tilt=101.3,sun_pan=114.1,sun_tilt=097.5,err=004.5,st=lock,v_mv=00001,i_ma=00000,p_mw=00000,src=ina,act=sw"
2026-08-05T09:38:30.795241+00:00,588,0,1,129,133,1064,532,12,44,960,768,192,48,"trk,seq=00588,pan=116.2,tilt=100.8,sun_pan=111.0,sun_tilt=096.3,err=006.9,st=lock,v_mv=00000,i_ma=00000,p_mw=00000,src=ina,act=sw"
2026-08-05T09:38:31.793915+00:00,589,0,1,129,133,1064,532,12,44,960,768,192,48,"trk,seq=00589,pan=115.6,tilt=100.3,sun_pan=107.6,sun_tilt=095.1,err=009.6,st=lock,v_mv=00000,i_ma=00000,p_mw=00000,src=ina,act=sw"
