received_utc,valid,error,seq_gap,seq,d_pct,v_mv,i_ma,p_mw,mppt,fault,chk,computed_chk,bess_soc_pct,bess_power_w,bess_load_w,bess_state,bess_energy_wh,bess_capacity_wh,tracker_state,tracker_pan_deg,tracker_tilt_deg,tracker_sun_pan_deg,tracker_sun_tilt_deg,tracker_error_deg,tracker_servo_enabled,comm_layer,comm_frame_ok,comm_bridge_gap,comm_payload_bytes,comm_frame_bytes,comm_frame_bits,comm_qpsk_symbols,comm_ofdm_symbols,comm_pad_q,comm_tx_samples,comm_cp_samples,comm_pilot_bins,comm_status_line,raw_line,source_label
2026-08-05T09:28:41.623712+00:00,1,,0,0,50,0.0,-0.075,-0.0,trk,0,,,55.0,-0.1,0.1,discharging,27.5,50.0,seeking,90.0,91.142,90.003,102.348,11.206,0,CRC/QPSK/OFDM,1,0,129,133,1064,532,12,44,960,192,48,"p1br,seq=00000,frame_b=00133,bits=01064,qpsk=00532,ofdm=012,pad_q=00044,gap=0,ok=1","trk,seq=00000,pan=090.00,tilt=091.14,sun_pan=090.00,sun_tilt=102.35,err=11.21,state=seeking,ldr=4073/4073/3587/3587",Orin software solar tracker
2026-08-05T09:28:42.716243+00:00,1,,0,1,50,1.25,-0.075,-0.0,trk,0,,,55.0,-0.1,0.1,discharging,27.5,50.0,seeking,90.239,92.232,93.775,103.231,11.554,0,CRC/QPSK/OFDM,1,0,129,133,1064,532,12,44,960,192,48,"p1br,seq=00001,frame_b=00133,bits=01064,qpsk=00532,ofdm=012,pad_q=00044,gap=0,ok=1","trk,seq=00001,pan=090.24,tilt=092.23,sun_pan=093.78,sun_tilt=103.23,err=11.55,state=seeking,ldr=4007/4095/3531/3646",Orin software solar tracker
2026-08-05T09:28:43.743335+00:00,1,,0,2,51,0.0,-0.05,-0.0,trk,0,,,55.0,-0.1,0.1,discharging,27.4999,50.0,seeking,90.694,93.26,97.517,104.049,12.765,0,CRC/QPSK/OFDM,1,0,129,133,1064,532,12,44,960,192,48,"p1br,seq=00002,frame_b=00133,bits=01064,qpsk=00532,ofdm=012,pad_q=00044,gap=0,ok=1","trk,seq=00002,pan=090.69,tilt=093.26,sun_pan=097.52,sun_tilt=104.05,err=12.76,state=seeking,ldr=3933/4095/3469/3691",Orin software solar tracker
2026-08-05T09:28:44.626908+00:00,1,,0,3,51,1.25,-0.1,-0.0,trk,0,,,55.0,-0.1,0.1,discharging,27.4999,50.0,seeking,91.36,94.242,101.199,104.797,14.429,0,CRC/QPSK/OFDM,1,0,129,133,1064,532,12,44,960,192,48,"p1br,seq=00003,frame_b=00133,bits=01064,qpsk=00532,ofdm=012,pad_q=00044,gap=0,ok=1","trk,seq=00003,pan=091.36,tilt=094.24,sun_pan=101.20,sun_tilt=104.80,err=14.43,state=seeking,ldr=3855/4095/3405/3723",Orin software solar tracker
2026-08-05T09:28:45.662214+00:00,1,,0,4,52,1.25,-0.1,-0.0,trk,0,,,55.0,-0.1,0.1,discharging,27.4999,50.0,seeking,92.23,95.186,104.789,105.473,16.234,0,CRC/QPSK/OFDM,1,0,129,133,1064,532,12,44,960,192,48,"p1br,seq=00004,frame_b=00133,bits=01064,qpsk=00532,ofdm=012,pad_q=00044,gap=0,ok=1","trk,seq=00004,pan=092.23,tilt=095.19,sun_pan=104.79,sun_tilt=105.47,err=16.23,state=seeking,ldr=3776/4095/3341/3745",Orin software solar tracker
2026-08-05T09:28:46.643169+00:00,1,,0,5,53,1.25,-0.075,-0.0,trk,0,,,55.0,-0.1,0.1,discharging,27.4999,50.0,seeking,93.291,96.099,108.26,106.074,17.989,0,CRC/QPSK/OFDM,1,0,129,133,1064,532,12,44,960,192,48,"p1br,seq=00005,frame_b=00133,bits=01064,qpsk=00532,ofdm=012,pad_q=00044,gap=0,ok=1","trk,seq=00005,pan=093.29,tilt=096.10,sun_pan=108.26,sun_tilt=106.07,err=17.99,state=seeking,ldr=3699/4095/3282/3760",Orin software solar tracker
2026-08-05T09:28:47.633024+00:00,1,,0,6,54,1.25,-0.075,-0.0,trk,0,,,55.0,-0.1,0.1,discharging,27.4998,50.0,seeking,94.523,96.987,111.584,106.597,19.581,0,CRC/QPSK/OFDM,1,0,129,133,1064,532,12,44,960,192,48,"p1br,seq=00006,frame_b=00133,bits=01064,qpsk=00532,ofdm=012,pad_q=00044,gap=0,ok=1","trk,seq=00006,pan=094.52,tilt=096.99,sun_pan=111.58,sun_tilt=106.60,err=19.58,state=seeking,ldr=3628/4095/3228/3769",Orin software solar tracker
2026-08-05T09:28:48.651481+00:00,1,,0,7,55,1.25,-0.1,-0.0,trk,0,,,55.0,-0.1,0.1,discharging,27.4998,50.0,seeking,95.91,97.846,114.733,107.04,20.948,0,CRC/QPSK/OFDM,1,0,129,133,1064,532,12,44,960,192,48,"p1br,seq=00007,frame_b=00133,bits=01064,qpsk=00532,ofdm=012,pad_q=00044,gap=0,ok=1","trk,seq=00007,pan=095.91,tilt=097.85,sun_pan=114.73,sun_tilt=107.04,err=20.95,state=seeking,ldr=3563/4095/3183/3777",Orin software solar tracker
2026-08-05T09:28:49.642423+00:00,1,,0,8,57,1.25,-0.1,-0.0,trk,0,,,55.0,-0.1,0.1,discharging,27.4998,50.0,seeking,97.425,98.677,117.682,107.4,22.056,0,CRC/QPSK/OFDM,1,0,129,133,1064,532,12,44,960,192,48,"p1br,seq=00008,frame_b=00133,bits=01064,qpsk=00532,ofdm=012,pad_q=00044,gap=0,ok=1","trk,seq=00008,pan=097.42,tilt=098.68,sun_pan=117.68,sun_tilt=107.40,err=22.06,state=seeking,ldr=3507/4095/3148/3783",Orin software solar tracker
2026-08-05T09:28:50.700035+00:00,1,,0,9,58,1.25,-0.1,-0.0,trk,0,,,54.999,-0.1,0.1,discharging,27.4997,50.0,seeking,99.044,99.473,120.407,107.678,22.884,0,CRC/QPSK/OFDM,1,0,129,133,1064,532,12,44,960,192,48,"p1br,seq=00009,frame_b=00133,bits=01064,qpsk=00532,ofdm=012,pad_q=00044,gap=0,ok=1","trk,seq=00009,pan=099.04,tilt=099.47,sun_pan=120.41,sun_tilt=107.68,err=22.88,state=seeking,ldr=3460/4095/3124/3791",Orin software solar tracker
2026-08-05T09:28:51.723558+00:00,1,,0,10,60,1.25,-0.075,-0.0,trk,0,,,54.999,-0.1,0.1,discharging,27.4997,50.0,seeking,100.741,100.229,122.887,107.87,23.427,0,CRC/QPSK/OFDM,1,0,129,133,1064,532,12,44,960,192,48,"p1br,seq=00010,frame_b=00133,bits=01064,qpsk=00532,ofdm=012,pad_q=00044,gap=0,ok=1","trk,seq=00010,pan=100.74,tilt=100.23,sun_pan=122.89,sun_tilt=107.87,err=23.43,state=seeking,ldr=3424/4095/3112/3801",Orin software solar tracker
2026-08-05T09:28:52.642769+00:00,1,,0,11,61,0.0,-0.075,-0.0,trk,0,,,54.999,-0.1,0.1,discharging,27.4997,50.0,seeking,102.488,100.938,125.1,107.976,23.682,0,CRC/QPSK/OFDM,1,0,129,133,1064,532,12,44,960,192,48,"p1br,seq=00011,frame_b=00133,bits=01064,qpsk=00532,ofdm=012,pad_q=00044,gap=0,ok=1","trk,seq=00011,pan=102.49,tilt=100.94,sun_pan=125.10,sun_tilt=107.98,err=23.68,state=seeking,ldr=3398/4095/3111/3814",Orin software solar tracker
2026-08-05T09:28:53.645332+00:00,1,,0,12,63,1.25,-0.075,-0.0,trk,0,,,54.999,-0.1,0.1,discharging,27.4996,50.0,seeking,104.257,101.591,127.03,107.997,23.657,0,CRC/QPSK/OFDM,1,0,129,133,1064,532,12,44,960,192,48,"p1br,seq=00012,frame_b=00133,bits=01064,qpsk=00532,ofdm=012,pad_q=00044,gap=0,ok=1","trk,seq=00012,pan=104.26,tilt=101.59,sun_pan=127.03,sun_tilt=108.00,err=23.66,state=seeking,ldr=3383/4091/3121/3830",Orin software solar tracker
2026-08-05T09:28:54.647535+00:00,1,,0,13,65,0.0,-0.075,-0.0,trk,0,,,54.999,-0.1,0.1,discharging,27.4996,50.0,seeking,106.014,102.177,128.66,107.931,23.366,0,CRC/QPSK/OFDM,1,0,129,133,1064,532,12,44,960,192,48,"p1br,seq=00013,frame_b=00133,bits=01064,qpsk=00532,ofdm=012,pad_q=00044,gap=0,ok=1","trk,seq=00013,pan=106.01,tilt=102.18,sun_pan=128.66,sun_tilt=107.93,err=23.37,state=seeking,ldr=3379/4084/3143/3849",Orin software solar tracker
2026-08-05T09:28:55.649798+00:00,1,,0,14,66,1.25,-0.075,-0.0,trk,0,,,54.999,-0.1,0.1,discharging,27.4996,50.0,seeking,107.738,102.696,129.978,107.78,22.814,0,CRC/QPSK/OFDM,1,0,129,133,1064,532,12,44,960,192,48,"p1br,seq=00014,frame_b=00133,bits=01064,qpsk=00532,ofdm=012,pad_q=00044,gap=0,ok=1","trk,seq=00014,pan=107.74,tilt=102.70,sun_pan=129.98,sun_tilt=107.78,err=22.81,state=seeking,ldr=3384/4079/3175/3870",Orin software solar tracker
2026-08-05T09:28:56.655388+00:00,1,,0,15,68,2.5,-0.1,-0.0,trk,0,,,54.999,-0.1,0.1,discharging,27.4996,50.0,seeking,109.412,103.145,130.973,107.543,22.005,0,CRC/QPSK/OFDM,1,0,129,133,1064,532,12,44,960,192,48,"p1br,seq=00015,frame_b=00133,bits=01064,qpsk=00532,ofdm=012,pad_q=00044,gap=0,ok=1","trk,seq=00015,pan=109.41,tilt=103.15,sun_pan=130.97,sun_tilt=107.54,err=22.01,state=seeking,ldr=3398/4076/3216/3894",Orin software solar tracker
2026-08-05T09:28:57.655065+00:00,1,,0,16,69,1.25,-0.075,-0.0,trk,0,,,54.999,-0.1,0.1,discharging,27.4995,50.0,seeking,111.012,103.522,131.636,107.222,20.954,0,CRC/QPSK/OFDM,1,0,129,133,1064,532,12,44,960,192,48,"p1br,seq=00016,frame_b=00133,bits=01064,qpsk=00532,ofdm=012,pad_q=00044,gap=0,ok=1","trk,seq=00016,pan=111.01,tilt=103.52,sun_pan=131.64,sun_tilt=107.22,err=20.95,state=seeking,ldr=3420/4072/3266/3919",Orin software solar tracker
2026-08-05T09:28:58.655331+00:00,1,,0,17,70,1.25,-0.075,-0.0,trk,0,,,54.999,-0.1,0.1,discharging,27.4995,50.0,seeking,112.521,103.827,131.963,106.819,19.672,0,CRC/QPSK/OFDM,1,0,129,133,1064,532,12,44,960,192,48,"p1br,seq=00017,frame_b=00133,bits=01064,qpsk=00532,ofdm=012,pad_q=00044,gap=0,ok=1","trk,seq=00017,pan=112.52,tilt=103.83,sun_pan=131.96,sun_tilt=106.82,err=19.67,state=seeking,ldr=3449/4069/3324/3943",Orin software solar tracker
2026-08-05T09:28:59.656347+00:00,1,,0,18,72,1.25,-0.1,-0.0,trk,0,,,54.999,-0.1,0.1,discharging,27.4995,50.0,seeking,113.919,104.059,131.951,106.334,18.175,0,CRC/QPSK/OFDM,1,0,129,133,1064,532,12,44,960,192,48,"p1br,seq=00018,frame_b=00133,bits=01064,qpsk=00532,ofdm=012,pad_q=00044,gap=0,ok=1","trk,seq=00018,pan=113.92,tilt=104.06,sun_pan=131.95,sun_tilt=106.33,err=18.17,state=seeking,ldr=3484/4063/3388/3967",Orin software solar tracker
2026-08-05T09:29:00.660055+00:00,1,,0,19,73,1.25,-0.075,-0.0,trk,0,,,54.999,-0.1,0.1,discharging,27.4994,50.0,seeking,115.192,104.217,131.6,105.77,16.481,0,CRC/QPSK/OFDM,1,0,129,133,1064,532,12,44,960,192,48,"p1br,seq=00019,frame_b=00133,bits=01064,qpsk=00532,ofdm=012,pad_q=00044,gap=0,ok=1","trk,seq=00019,pan=115.19,tilt=104.22,sun_pan=131.60,sun_tilt=105.77,err=16.48,state=seeking,ldr=3524/4055/3458/3989",Orin software solar tracker
2026-08-05T09:29:01.661453+00:00,1,,0,20,74,0.0,-0.1,-0.0,trk,0,,,54.999,-0.1,0.1,discharging,27.4994,50.0,seeking,116.323,104.303,130.912,105.13,14.613,0,CRC/QPSK/OFDM,1,0,129,133,1064,532,12,44,960,192,48,"p1br,seq=00020,frame_b=00133,bits=01064,qpsk=00532,ofdm=012,pad_q=00044,gap=0,ok=1","trk,seq=00020,pan=116.32,tilt=104.30,sun_pan=130.91,sun_tilt=105.13,err=14.61,state=seeking,ldr=3567/4043/3531/4007",Orin software solar tracker
2026-08-05T09:29:02.665914+00:00,1,,0,21,75,0.0,-0.075,-0.0,trk,0,,,54.999,-0.1,0.1,discharging,27.4994,50.0,seeking,117.301,104.314,129.894,104.415,12.594,0,CRC/QPSK/OFDM,1,0,129,133,1064,532,12,44,960,192,48,"p1br,seq=00021,frame_b=00133,bits=01064,qpsk=00532,ofdm=012,pad_q=00044,gap=0,ok=1","trk,seq=00021,pan=117.30,tilt=104.31,sun_pan=129.89,sun_tilt=104.42,err=12.59,state=seeking,ldr=3611/4025/3606/4021",Orin software solar tracker
2026-08-05T09:29:03.666119+00:00,1,,0,22,76,1.25,-0.075,-0.0,trk,0,,,54.999,-0.1,0.1,discharging,27.4994,50.0,seeking,118.111,104.25,128.553,103.63,10.46,0,CRC/QPSK/OFDM,1,0,129,133,1064,532,12,44,960,192,48,"p1br,seq=00022,frame_b=00133,bits=01064,qpsk=00532,ofdm=012,pad_q=00044,gap=0,ok=1","trk,seq=00022,pan=118.11,tilt=104.25,sun_pan=128.55,sun_tilt=103.63,err=10.46,state=seeking,ldr=3655/4001/3682/4028",Orin software solar tracker
2026-08-05T09:29:04.667770+00:00,1,,0,23,76,1.25,-0.125,-0.0,trk,0,,,54.999,-0.1,0.1,discharging,27.4993,50.0,locked,118.744,104.114,126.9,102.778,8.265,0,CRC/QPSK/OFDM,1,0,129,133,1064,532,12,44,960,192,48,"p1br,seq=00023,frame_b=00133,bits=01064,qpsk=00532,ofdm=012,pad_q=00044,gap=0,ok=1","trk,seq=00023,pan=118.74,tilt=104.11,sun_pan=126.90,sun_tilt=102.78,err=08.27,state=locked,ldr=3698/3970/3757/4028",Orin software solar tracker
2026-08-05T09:29:05.670411+00:00,1,,0,24,77,1.25,-0.1,-0.0,trk,0,,,54.999,-0.1,0.1,discharging,27.4993,50.0,locked,119.191,103.905,124.95,101.862,6.11,0,CRC/QPSK/OFDM,1,0,129,133,1064,532,12,44,960,192,48,"p1br,seq=00024,frame_b=00133,bits=01064,qpsk=00532,ofdm=012,pad_q=00044,gap=0,ok=1","trk,seq=00024,pan=119.19,tilt=103.91,sun_pan=124.95,sun_tilt=101.86,err=06.11,state=locked,ldr=3738/3931/3828/4021",Orin software solar tracker
2026-08-05T09:29:06.673008+00:00,1,,0,25,77,1.25,-0.05,-0.0,trk,0,,,54.999,-0.1,0.1,discharging,27.4993,50.0,locked,119.446,103.625,122.716,100.886,4.266,0,CRC/QPSK/OFDM,1,0,129,133,1064,532,12,44,960,192,48,"p1br,seq=00025,frame_b=00133,bits=01064,qpsk=00532,ofdm=012,pad_q=00044,gap=0,ok=1","trk,seq=00025,pan=119.45,tilt=103.63,sun_pan=122.72,sun_tilt=100.89,err=04.27,state=locked,ldr=3774/3884/3895/4005",Orin software solar tracker
2026-08-05T09:29:07.672037+00:00,1,,0,26,77,0.0,-0.1,-0.0,trk,0,,,54.998,-0.1,0.1,discharging,27.4992,50.0,locked,119.501,103.276,120.218,99.855,3.495,0,CRC/QPSK/OFDM,1,0,129,133,1064,532,12,44,960,192,48,"p1br,seq=00026,frame_b=00133,bits=01064,qpsk=00532,ofdm=012,pad_q=00044,gap=0,ok=1","trk,seq=00026,pan=119.50,tilt=103.28,sun_pan=120.22,sun_tilt=099.85,err=03.50,state=locked,ldr=3805/3829/3956/3980",Orin software solar tracker
2026-08-05T09:29:08.675185+00:00,1,,0,27,77,1.25,-0.1,-0.0,trk,0,,,54.998,-0.1,0.1,discharging,27.4992,50.0,locked,119.356,102.859,117.476,98.773,4.498,0,CRC/QPSK/OFDM,1,0,129,133,1064,532,12,44,960,192,48,"p1br,seq=00027,frame_b=00133,bits=01064,qpsk=00532,ofdm=012,pad_q=00044,gap=0,ok=1","trk,seq=00027,pan=119.36,tilt=102.86,sun_pan=117.48,sun_tilt=098.77,err=04.50,state=locked,ldr=3830/3767/4010/3947",Orin software solar tracker
2026-08-05T09:29:09.677737+00:00,1,,0,28,76,0.0,-0.075,-0.0,trk,0,,,54.998,-0.1,0.1,discharging,27.4992,50.0,locked,119.007,102.377,114.512,97.644,6.527,0,CRC/QPSK/OFDM,1,0,129,133,1064,532,12,44,960,192,48,"p1br,seq=00028,frame_b=00133,bits=01064,qpsk=00532,ofdm=012,pad_q=00044,gap=0,ok=1","trk,seq=00028,pan=119.01,tilt=102.38,sun_pan=114.51,sun_tilt=097.64,err=06.53,state=locked,ldr=3847/3697/4055/3905",Orin software solar tracker
2026-08-05T09:29:10.678865+00:00,1,,0,29,76,1.25,-0.075,-0.0,trk,0,,,54.998,-0.1,0.1,discharging,27.4992,50.0,locked,118.457,101.83,111.35,96.474,8.9,0,CRC/QPSK/OFDM,1,0,129,133,1064,532,12,44,960,192,48,"p1br,seq=00029,frame_b=00133,bits=01064,qpsk=00532,ofdm=012,pad_q=00044,gap=0,ok=1","trk,seq=00029,pan=118.46,tilt=101.83,sun_pan=111.35,sun_tilt=096.47,err=08.90,state=locked,ldr=3858/3622/4092/3856",Orin software solar tracker
2026-08-05T09:29:11.681039+00:00,1,,0,30,75,1.25,-0.1,-0.0,trk,0,,,54.998,-0.1,0.1,discharging,27.4991,50.0,seeking,117.733,101.25,108.015,95.267,11.412,0,CRC/QPSK/OFDM,1,0,129,133,1064,532,12,44,960,192,48,"p1br,seq=00030,frame_b=00133,bits=01064,qpsk=00532,ofdm=012,pad_q=00044,gap=0,ok=1","trk,seq=00030,pan=117.73,tilt=101.25,sun_pan=108.01,sun_tilt=095.27,err=11.41,state=seeking,ldr=3861/3541/4095/3800",Orin software solar tracker
2026-08-05T09:29:12.686175+00:00,1,,0,31,74,0.0,-0.1,-0.0,trk,0,,,54.998,-0.1,0.1,discharging,27.4991,50.0,seeking,116.831,100.631,104.535,94.029,13.957,0,CRC/QPSK/OFDM,1,0,129,133,1064,532,12,44,960,192,48,"p1br,seq=00031,frame_b=00133,bits=01064,qpsk=00532,ofdm=012,pad_q=00044,gap=0,ok=1","trk,seq=00031,pan=116.83,tilt=100.63,sun_pan=104.53,sun_tilt=094.03,err=13.96,state=seeking,ldr=3856/3455/4095/3737",Orin software solar tracker
2026-08-05T09:29:13.685273+00:00,1,,0,32,73,1.25,-0.075,-0.0,trk,0,,,54.998,-0.1,0.1,discharging,27.4991,50.0,seeking,115.745,99.964,100.937,92.764,16.466,0,CRC/QPSK/OFDM,1,0,129,133,1064,532,12,44,960,192,48,"p1br,seq=00032,frame_b=00133,bits=01064,qpsk=00532,ofdm=012,pad_q=00044,gap=0,ok=1","trk,seq=00032,pan=115.75,tilt=099.96,sun_pan=100.94,sun_tilt=092.76,err=16.47,state=seeking,ldr=3844/3366/4095/3670",Orin software solar tracker
2026-08-05T09:29:14.689830+00:00,1,,0,33,72,0.0,-0.075,-0.0,trk,0,,,54.998,-0.1,0.1,discharging,27.499,50.0,seeking,114.475,99.241,97.25,91.48,18.893,0,CRC/QPSK/OFDM,1,0,129,133,1064,532,12,44,960,192,48,"p1br,seq=00033,frame_b=00133,bits=01064,qpsk=00532,ofdm=012,pad_q=00044,gap=0,ok=1","trk,seq=00033,pan=114.48,tilt=099.24,sun_pan=097.25,sun_tilt=091.48,err=18.89,state=seeking,ldr=3825/3276/4095/3600",Orin software solar tracker
2026-08-05T09:29:15.689744+00:00,1,,0,34,71,0.0,-0.1,-0.0,trk,0,,,54.998,-0.1,0.1,discharging,27.499,50.0,seeking,113.019,98.458,93.505,90.18,21.197,0,CRC/QPSK/OFDM,1,0,129,133,1064,532,12,44,960,192,48,"p1br,seq=00034,frame_b=00133,bits=01064,qpsk=00532,ofdm=012,pad_q=00044,gap=0,ok=1","trk,seq=00034,pan=113.02,tilt=098.46,sun_pan=093.51,sun_tilt=090.18,err=21.20,state=seeking,ldr=3801/3186/4095/3528",Orin software solar tracker
2026-08-05T09:29:16.691525+00:00,1,,0,35,69,0.0,-0.1,-0.0,trk,0,,,54.998,-0.1,0.1,discharging,27.499,50.0,seeking,111.38,97.61,89.732,88.871,23.346,0,CRC/QPSK/OFDM,1,0,129,133,1064,532,12,44,960,192,48,"p1br,seq=00035,frame_b=00133,bits=01064,qpsk=00532,ofdm=012,pad_q=00044,gap=0,ok=1","trk,seq=00035,pan=111.38,tilt=097.61,sun_pan=089.73,sun_tilt=088.87,err=23.35,state=seeking,ldr=3773/3099/4095/3456",Orin software solar tracker
2026-08-05T09:29:17.693199+00:00,1,,0,36,68,1.25,-0.1,-0.0,trk,0,,,54.998,-0.1,0.1,discharging,27.4989,50.0,seeking,109.568,96.7,85.961,87.558,25.316,0,CRC/QPSK/OFDM,1,0,129,133,1064,532,12,44,960,192,48,"p1br,seq=00036,frame_b=00133,bits=01064,qpsk=00532,ofdm=012,pad_q=00044,gap=0,ok=1","trk,seq=00036,pan=109.57,tilt=096.70,sun_pan=085.96,sun_tilt=087.56,err=25.32,state=seeking,ldr=3743/3018/4095/3386",Orin software solar tracker
2026-08-05T09:29:18.696054+00:00,1,,0,37,66,0.0,-0.075,-0.0,trk,0,,,54.998,-0.1,0.1,discharging,27.4989,50.0,seeking,107.6,95.733,82.222,86.247,27.093,0,CRC/QPSK/OFDM,1,0,129,133,1064,532,12,44,960,192,48,"p1br,seq=00037,frame_b=00133,bits=01064,qpsk=00532,ofdm=012,pad_q=00044,gap=0,ok=1","trk,seq=00037,pan=107.60,tilt=095.73,sun_pan=082.22,sun_tilt=086.25,err=27.09,state=seeking,ldr=3712/2943/4090/3321",Orin software solar tracker
2026-08-05T09:29:19.696621+00:00,1,,0,38,64,1.25,-0.075,-0.0,trk,0,,,54.998,-0.1,0.1,discharging,27.4989,50.0,seeking,105.507,94.735,78.546,84.944,28.684,0,CRC/QPSK/OFDM,1,0,129,133,1064,532,12,44,960,192,48,"p1br,seq=00038,frame_b=00133,bits=01064,qpsk=00532,ofdm=012,pad_q=00044,gap=0,ok=1","trk,seq=00038,pan=105.51,tilt=094.73,sun_pan=078.55,sun_tilt=084.94,err=28.68,state=seeking,ldr=3682/2875/4067/3260",Orin software solar tracker
2026-08-05T09:29:20.699747+00:00,1,,0,39,62,0.0,-0.075,-0.0,trk,0,,,54.998,-0.1,0.1,discharging,27.4989,50.0,seeking,103.306,93.709,74.963,83.654,30.073,0,CRC/QPSK/OFDM,1,0,129,133,1064,532,12,44,960,192,48,"p1br,seq=00039,frame_b=00133,bits=01064,qpsk=00532,ofdm=012,pad_q=00044,gap=0,ok=1","trk,seq=00039,pan=103.31,tilt=093.71,sun_pan=074.96,sun_tilt=083.65,err=30.07,state=seeking,ldr=3654/2815/4045/3206",Orin software solar tracker
2026-08-05T09:29:21.701099+00:00,1,,0,40,60,1.25,-0.075,-0.0,trk,0,,,54.998,-0.1,0.1,discharging,27.4988,50.0,seeking,101.016,92.66,71.501,82.382,31.253,0,CRC/QPSK/OFDM,1,0,129,133,1064,532,12,44,960,192,48,"p1br,seq=00040,frame_b=00133,bits=01064,qpsk=00532,ofdm=012,pad_q=00044,gap=0,ok=1","trk,seq=00040,pan=101.02,tilt=092.66,sun_pan=071.50,sun_tilt=082.38,err=31.25,state=seeking,ldr=3628/2764/4023/3160",Orin software solar tracker
2026-08-05T09:29:22.703570+00:00,1,,0,41,58,0.0,-0.05,-0.0,trk,0,,,54.998,-0.1,0.1,discharging,27.4988,50.0,seeking,98.652,91.594,68.19,81.135,32.207,0,CRC/QPSK/OFDM,1,0,129,133,1064,532,12,44,960,192,48,"p1br,seq=00041,frame_b=00133,bits=01064,qpsk=00532,ofdm=012,pad_q=00044,gap=0,ok=1","trk,seq=00041,pan=098.65,tilt=091.59,sun_pan=068.19,sun_tilt=081.14,err=32.21,state=seeking,ldr=3606/2722/4004/3121",Orin software solar tracker
2026-08-05T09:29:23.705794+00:00,1,,0,42,56,0.0,-0.075,-0.0,trk,0,,,54.998,-0.1,0.1,discharging,27.4988,50.0,seeking,96.232,90.513,65.054,79.917,32.929,0,CRC/QPSK/OFDM,1,0,129,133,1064,532,12,44,960,192,48,"p1br,seq=00042,frame_b=00133,bits=01064,qpsk=00532,ofdm=012,pad_q=00044,gap=0,ok=1","trk,seq=00042,pan=096.23,tilt=090.51,sun_pan=065.05,sun_tilt=079.92,err=32.93,state=seeking,ldr=3588/2690/3989/3091",Orin software solar tracker
2026-08-05T09:29:24.707955+00:00,1,,0,43,53,0.0,-0.1,-0.0,trk,0,,,54.997,-0.1,0.1,discharging,27.4987,50.0,seeking,93.776,89.422,62.12,78.735,33.411,0,CRC/QPSK/OFDM,1,0,129,133,1064,532,12,44,960,192,48,"p1br,seq=00043,frame_b=00133,bits=01064,qpsk=00532,ofdm=012,pad_q=00044,gap=0,ok=1","trk,seq=00043,pan=093.78,tilt=089.42,sun_pan=062.12,sun_tilt=078.73,err=33.41,state=seeking,ldr=3576/2669/3979/3072",Orin software solar tracker
2026-08-05T09:29:25.712110+00:00,1,,0,44,51,1.25,-0.075,-0.0,trk,0,,,54.997,-0.1,0.1,discharging,27.4987,50.0,seeking,91.301,88.325,59.411,77.592,33.647,0,CRC/QPSK/OFDM,1,0,129,133,1064,532,12,44,960,192,48,"p1br,seq=00044,frame_b=00133,bits=01064,qpsk=00532,ofdm=012,pad_q=00044,gap=0,ok=1","trk,seq=00044,pan=091.30,tilt=088.33,sun_pan=059.41,sun_tilt=077.59,err=33.65,state=seeking,ldr=3570/2658/3974/3062",Orin software solar tracker
2026-08-05T09:29:26.710473+00:00,1,,0,45,49,1.25,-0.1,-0.0,trk,0,,,54.997,-0.1,0.1,discharging,27.4987,50.0,seeking,88.827,87.23,56.95,76.494,33.636,0,CRC/QPSK/OFDM,1,0,129,133,1064,532,12,44,960,192,48,"p1br,seq=00045,frame_b=00133,bits=01064,qpsk=00532,ofdm=012,pad_q=00044,gap=0,ok=1","trk,seq=00045,pan=088.83,tilt=087.23,sun_pan=056.95,sun_tilt=076.49,err=33.64,state=seeking,ldr=3570/2659/3974/3062",Orin software solar tracker
2026-08-05T09:29:27.712291+00:00,1,,0,46,47,0.0,-0.1,-0.0,trk,0,,,54.997,-0.1,0.1,discharging,27.4987,50.0,seeking,86.372,86.139,54.756,75.445,33.376,0,CRC/QPSK/OFDM,1,0,129,133,1064,532,12,44,960,192,48,"p1br,seq=00046,frame_b=00133,bits=01064,qpsk=00532,ofdm=012,pad_q=00044,gap=0,ok=1","trk,seq=00046,pan=086.37,tilt=086.14,sun_pan=054.76,sun_tilt=075.45,err=33.38,state=seeking,ldr=3577/2670/3980/3073",Orin software solar tracker
2026-08-05T09:29:28.717729+00:00,1,,0,47,45,1.25,-0.1,-0.0,trk,0,,,54.997,-0.1,0.1,discharging,27.4986,50.0,seeking,83.957,85.058,52.846,74.451,32.87,0,CRC/QPSK/OFDM,1,0,129,133,1064,532,12,44,960,192,48,"p1br,seq=00047,frame_b=00133,bits=01064,qpsk=00532,ofdm=012,pad_q=00044,gap=0,ok=1","trk,seq=00047,pan=083.96,tilt=085.06,sun_pan=052.85,sun_tilt=074.45,err=32.87,state=seeking,ldr=3589/2693/3991/3094",Orin software solar tracker
2026-08-05T09:29:29.716949+00:00,1,,0,48,42,1.25,-0.1,-0.0,trk,0,,,54.997,-0.1,0.1,discharging,27.4986,50.0,seeking,81.601,83.99,51.237,73.515,32.119,0,CRC/QPSK/OFDM,1,0,129,133,1064,532,12,44,960,192,48,"p1br,seq=00048,frame_b=00133,bits=01064,qpsk=00532,ofdm=012,pad_q=00044,gap=0,ok=1","trk,seq=00048,pan=081.60,tilt=083.99,sun_pan=051.24,sun_tilt=073.51,err=32.12,state=seeking,ldr=3607/2726/4007/3125",Orin software solar tracker
2026-08-05T09:29:30.722644+00:00,1,,0,49,40,0.0,-0.1,-0.0,trk,0,,,54.997,-0.1,0.1,discharging,27.4986,50.0,seeking,79.321,82.939,49.942,72.641,31.132,0,CRC/QPSK/OFDM,1,0,129,133,1064,532,12,44,960,192,48,"p1br,seq=00049,frame_b=00133,bits=01064,qpsk=00532,ofdm=012,pad_q=00044,gap=0,ok=1","trk,seq=00049,pan=079.32,tilt=082.94,sun_pan=049.94,sun_tilt=072.64,err=31.13,state=seeking,ldr=3629/2769/4026/3165",Orin software solar tracker
2026-08-05T09:29:31.721836+00:00,1,,0,50,38,1.25,-0.075,-0.0,trk,0,,,54.997,-0.1,0.1,discharging,27.4985,50.0,seeking,77.134,81.911,48.97,71.834,29.913,0,CRC/QPSK/OFDM,1,0,129,133,1064,532,12,44,960,192,48,"p1br,seq=00050,frame_b=00133,bits=01064,qpsk=00532,ofdm=012,pad_q=00044,gap=0,ok=1","trk,seq=00050,pan=077.13,tilt=081.91,sun_pan=048.97,sun_tilt=071.83,err=29.91,state=seeking,ldr=3656/2821/4048/3214",Orin software solar tracker
2026-08-05T09:29:32.728058+00:00,1,,0,51,36,0.0,-0.075,-0.0,trk,0,,,54.997,-0.1,0.1,discharging,27.4985,50.0,seeking,75.06,80.911,48.33,71.096,28.475,0,CRC/QPSK/OFDM,1,0,129,133,1064,532,12,44,960,192,48,"p1br,seq=00051,frame_b=00133,bits=01064,qpsk=00532,ofdm=012,pad_q=00044,gap=0,ok=1","trk,seq=00051,pan=075.06,tilt=080.91,sun_pan=048.33,sun_tilt=071.10,err=28.47,state=seeking,ldr=3685/2883/4071/3270",Orin software solar tracker
2026-08-05T09:29:33.726671+00:00,1,,0,52,35,1.25,-0.1,-0.0,trk,0,,,54.997,-0.1,0.1,discharging,27.4985,50.0,seeking,73.112,79.941,48.026,70.431,26.828,0,CRC/QPSK/OFDM,1,0,129,133,1064,532,12,44,960,192,48,"p1br,seq=00052,frame_b=00133,bits=01064,qpsk=00532,ofdm=012,pad_q=00044,gap=0,ok=1","trk,seq=00052,pan=073.11,tilt=079.94,sun_pan=048.03,sun_tilt=070.43,err=26.83,state=seeking,ldr=3715/2953/4095/3332",Orin software solar tracker
2026-08-05T09:29:34.732192+00:00,1,,0,53,33,0.0,-0.075,-0.0,trk,0,,,54.997,-0.1,0.1,discharging,27.4984,50.0,seeking,71.332,79.032,48.062,69.842,25.019,0,CRC/QPSK/OFDM,1,0,129,133,1064,532,12,44,960,192,48,"p1br,seq=00053,frame_b=00133,bits=01064,qpsk=00532,ofdm=012,pad_q=00044,gap=0,ok=1","trk,seq=00053,pan=071.33,tilt=079.03,sun_pan=048.06,sun_tilt=069.84,err=25.02,state=seeking,ldr=3745/3029/4095/3400",Orin software solar tracker
2026-08-05T09:29:35.730374+00:00,1,,0,54,32,1.25,-0.1,-0.0,trk,0,,,54.997,-0.1,0.1,discharging,27.4984,50.0,seeking,69.727,78.18,48.437,69.331,23.056,0,CRC/QPSK/OFDM,1,0,129,133,1064,532,12,44,960,192,48,"p1br,seq=00054,frame_b=00133,bits=01064,qpsk=00532,ofdm=012,pad_q=00044,gap=0,ok=1","trk,seq=00054,pan=069.73,tilt=078.18,sun_pan=048.44,sun_tilt=069.33,err=23.06,state=seeking,ldr=3772/3109/4095/3470",Orin software solar tracker
2026-08-05T09:29:36.733695+00:00,1,,0,55,30,1.25,-0.05,-0.0,trk,0,,,54.997,-0.1,0.1,discharging,27.4984,50.0,seeking,68.304,77.381,49.148,68.901,20.949,0,CRC/QPSK/OFDM,1,0,129,133,1064,532,12,44,960,192,48,"p1br,seq=00055,frame_b=00133,bits=01064,qpsk=00532,ofdm=012,pad_q=00044,gap=0,ok=1","trk,seq=00055,pan=068.30,tilt=077.38,sun_pan=049.15,sun_tilt=068.90,err=20.95,state=seeking,ldr=3797/3192/4095/3543",Orin software solar tracker
2026-08-05T09:29:37.735747+00:00,1,,0,56,29,0.0,-0.1,-0.0,trk,0,,,54.997,-0.1,0.1,discharging,27.4984,50.0,seeking,67.066,76.632,50.19,68.552,18.711,0,CRC/QPSK/OFDM,1,0,129,133,1064,532,12,44,960,192,48,"p1br,seq=00056,frame_b=00133,bits=01064,qpsk=00532,ofdm=012,pad_q=00044,gap=0,ok=1","trk,seq=00056,pan=067.07,tilt=076.63,sun_pan=050.19,sun_tilt=068.55,err=18.71,state=seeking,ldr=3816/3278/4095/3615",Orin software solar tracker
2026-08-05T09:29:38.734815+00:00,1,,0,57,28,0.0,-0.1,-0.0,trk,0,,,54.997,-0.1,0.1,discharging,27.4983,50.0,seeking,66.014,75.926,51.553,68.288,16.355,0,CRC/QPSK/OFDM,1,0,129,133,1064,532,12,44,960,192,48,"p1br,seq=00057,frame_b=00133,bits=01064,qpsk=00532,ofdm=012,pad_q=00044,gap=0,ok=1","trk,seq=00057,pan=066.01,tilt=075.93,sun_pan=051.55,sun_tilt=068.29,err=16.36,state=seeking,ldr=3831/3364/4095/3687",Orin software solar tracker
2026-08-05T09:29:39.738888+00:00,1,,0,58,27,0.0,-0.1,-0.0,trk,0,,,54.997,-0.1,0.1,discharging,27.4983,50.0,seeking,65.149,75.258,53.226,68.109,13.902,0,CRC/QPSK/OFDM,1,0,129,133,1064,532,12,44,960,192,48,"p1br,seq=00058,frame_b=00133,bits=01064,qpsk=00532,ofdm=012,pad_q=00044,gap=0,ok=1","trk,seq=00058,pan=065.15,tilt=075.26,sun_pan=053.23,sun_tilt=068.11,err=13.90,state=seeking,ldr=3839/3450/4095/3756",Orin software solar tracker
2026-08-05T09:29:40.737974+00:00,1,,0,59,27,1.25,-0.075,-0.0,trk,0,,,54.997,-0.1,0.1,discharging,27.4983,50.0,seeking,64.467,74.621,55.197,68.015,11.383,0,CRC/QPSK/OFDM,1,0,129,133,1064,532,12,44,960,192,48,"p1br,seq=00059,frame_b=00133,bits=01064,qpsk=00532,ofdm=012,pad_q=00044,gap=0,ok=1","trk,seq=00059,pan=064.47,tilt=074.62,sun_pan=055.20,sun_tilt=068.01,err=11.38,state=seeking,ldr=3840/3535/4095/3821",Orin software solar tracker
2026-08-05T09:29:41.740860+00:00,1,,0,60,26,0.0,-0.075,-0.0,trk,0,,,54.996,-0.1,0.1,discharging,27.4982,50.0,locked,63.964,74.011,57.45,68.007,8.859,0,CRC/QPSK/OFDM,1,0,129,133,1064,532,12,44,960,192,48,"p1br,seq=00060,frame_b=00133,bits=01064,qpsk=00532,ofdm=012,pad_q=00044,gap=0,ok=1","trk,seq=00060,pan=063.96,tilt=074.01,sun_pan=057.45,sun_tilt=068.01,err=08.86,state=locked,ldr=3834/3618/4095/3880",Orin software solar tracker
2026-08-05T09:29:42.743089+00:00,1,,0,61,26,0.0,-0.1,-0.0,trk,0,,,54.996,-0.1,0.1,discharging,27.4982,50.0,locked,63.676,73.463,59.965,68.086,6.534,0,CRC/QPSK/OFDM,1,0,129,133,1064,532,12,44,960,192,48,"p1br,seq=00061,frame_b=00133,bits=01064,qpsk=00532,ofdm=012,pad_q=00044,gap=0,ok=1","trk,seq=00061,pan=063.68,tilt=073.46,sun_pan=059.97,sun_tilt=068.09,err=06.53,state=locked,ldr=3820/3696/4056/3932",Orin software solar tracker
2026-08-05T09:29:43.747733+00:00,1,,0,62,26,0.0,-0.1,-0.0,trk,0,,,54.996,-0.1,0.1,discharging,27.4982,50.0,locked,63.608,72.98,62.724,68.25,4.812,0,CRC/QPSK/OFDM,1,0,129,133,1064,532,12,44,960,192,48,"p1br,seq=00062,frame_b=00133,bits=01064,qpsk=00532,ofdm=012,pad_q=00044,gap=0,ok=1","trk,seq=00062,pan=063.61,tilt=072.98,sun_pan=062.72,sun_tilt=068.25,err=04.81,state=locked,ldr=3797/3768/4006/3976",Orin software solar tracker
2026-08-05T09:29:44.752757+00:00,1,,0,63,26,0.0,-0.075,-0.0,trk,0,,,54.996,-0.1,0.1,discharging,27.4982,50.0,locked,63.76,72.565,65.702,68.5,4.506,0,CRC/QPSK/OFDM,1,0,129,133,1064,532,12,44,960,192,48,"p1br,seq=00063,frame_b=00133,bits=01064,qpsk=00532,ofdm=012,pad_q=00044,gap=0,ok=1","trk,seq=00063,pan=063.76,tilt=072.56,sun_pan=065.70,sun_tilt=068.50,err=04.51,state=locked,ldr=3766/3831/3945/4011",Orin software solar tracker
2026-08-05T09:29:45.751487+00:00,1,,0,64,26,0.0,-0.1,-0.0,trk,0,,,54.996,-0.1,0.1,discharging,27.4981,50.0,locked,64.128,72.219,68.878,68.833,5.833,0,CRC/QPSK/OFDM,1,0,129,133,1064,532,12,44,960,192,48,"p1br,seq=00064,frame_b=00133,bits=01064,qpsk=00532,ofdm=012,pad_q=00044,gap=0,ok=1","trk,seq=00064,pan=064.13,tilt=072.22,sun_pan=068.88,sun_tilt=068.83,err=05.83,state=locked,ldr=3727/3886/3876/4035",Orin software solar tracker
2026-08-05T09:29:46.753051+00:00,1,,0,65,27,0.0,-0.075,-0.0,trk,0,,,54.996,-0.1,0.1,discharging,27.4981,50.0,locked,64.713,71.945,72.224,69.249,7.98,0,CRC/QPSK/OFDM,1,0,129,133,1064,532,12,44,960,192,48,"p1br,seq=00065,frame_b=00133,bits=01064,qpsk=00532,ofdm=012,pad_q=00044,gap=0,ok=1","trk,seq=00065,pan=064.71,tilt=071.94,sun_pan=072.22,sun_tilt=069.25,err=07.98,state=locked,ldr=3681/3932/3799/4050",Orin software solar tracker
2026-08-05T09:29:47.751655+00:00,1,,0,66,28,0.0,-0.1,-0.0,trk,0,,,54.996,-0.1,0.1,discharging,27.4981,50.0,seeking,65.504,71.741,75.713,69.746,10.402,0,CRC/QPSK/OFDM,1,0,129,133,1064,532,12,44,960,192,48,"p1br,seq=00066,frame_b=00133,bits=01064,qpsk=00532,ofdm=012,pad_q=00044,gap=0,ok=1","trk,seq=00066,pan=065.50,tilt=071.74,sun_pan=075.71,sun_tilt=069.75,err=10.40,state=seeking,ldr=3630/3968/3717/4055",Orin software solar tracker
2026-08-05T09:29:48.760196+00:00,1,,0,67,29,1.25,-0.075,-0.0,trk,0,,,54.996,-0.1,0.1,discharging,27.498,50.0,seeking,66.5,71.61,79.318,70.322,12.883,0,CRC/QPSK/OFDM,1,0,129,133,1064,532,12,44,960,192,48,"p1br,seq=00067,frame_b=00133,bits=01064,qpsk=00532,ofdm=012,pad_q=00044,gap=0,ok=1","trk,seq=00067,pan=066.50,tilt=071.61,sun_pan=079.32,sun_tilt=070.32,err=12.88,state=seeking,ldr=3573/3995/3629/4050",Orin software solar tracker
2026-08-05T09:30:05.795345+00:00,1,,0,84,60,1.25,-0.075,-0.0,trk,0,,,55.0,-0.1,0.1,discharging,27.5,50.0,seeking,101.493,98.715,130.137,107.752,30.036,0,CRC/QPSK/OFDM,1,0,129,133,1064,532,12,44,960,192,48,"p1br,seq=00084,frame_b=00133,bits=01064,qpsk=00532,ofdm=012,pad_q=00044,gap=0,ok=1","trk,seq=00084,pan=101.49,tilt=098.72,sun_pan=130.14,sun_tilt=107.75,err=30.04,state=seeking,ldr=3184/4031/2832/3679",Orin software solar tracker
2026-08-05T09:30:06.791545+00:00,1,,0,85,62,1.25,-0.075,-0.0,trk,0,,,55.0,-0.1,0.1,discharging,27.5,50.0,seeking,103.625,99.528,131.086,107.503,28.596,0,CRC/QPSK/OFDM,1,0,129,133,1064,532,12,44,960,192,48,"p1br,seq=00085,frame_b=00133,bits=01064,qpsk=00532,ofdm=012,pad_q=00044,gap=0,ok=1","trk,seq=00085,pan=103.62,tilt=099.53,sun_pan=131.09,sun_tilt=107.50,err=28.60,state=seeking,ldr=3220/4043/2906/3729",Orin software solar tracker
2026-08-05T09:30:07.792701+00:00,1,,0,86,64,0.0,-0.1,-0.0,trk,0,,,55.0,-0.1,0.1,discharging,27.4999,50.0,seeking,105.647,100.236,131.702,107.171,26.963,0,CRC/QPSK/OFDM,1,0,129,133,1064,532,12,44,960,192,48,"p1br,seq=00086,frame_b=00133,bits=01064,qpsk=00532,ofdm=012,pad_q=00044,gap=0,ok=1","trk,seq=00086,pan=105.65,tilt=100.24,sun_pan=131.70,sun_tilt=107.17,err=26.96,state=seeking,ldr=3264/4055/2987/3778",Orin software solar tracker
2026-08-05T09:30:08.797022+00:00,1,,0,87,66,1.25,-0.125,-0.0,trk,0,,,55.0,-0.1,0.1,discharging,27.4999,50.0,seeking,107.543,100.839,131.982,106.756,25.145,0,CRC/QPSK/OFDM,1,0,129,133,1064,532,12,44,960,192,48,"p1br,seq=00087,frame_b=00133,bits=01064,qpsk=00532,ofdm=012,pad_q=00044,gap=0,ok=1","trk,seq=00087,pan=107.54,tilt=100.84,sun_pan=131.98,sun_tilt=106.76,err=25.15,state=seeking,ldr=3313/4065/3074/3826",Orin software solar tracker
2026-08-05T09:30:09.796414+00:00,1,,0,88,68,0.0,-0.075,-0.0,trk,0,,,55.0,-0.1,0.1,discharging,27.4999,50.0,seeking,109.298,101.341,131.922,106.26,23.152,0,CRC/QPSK/OFDM,1,0,129,133,1064,532,12,44,960,192,48,"p1br,seq=00088,frame_b=00133,bits=01064,qpsk=00532,ofdm=012,pad_q=00044,gap=0,ok=1","trk,seq=00088,pan=109.30,tilt=101.34,sun_pan=131.92,sun_tilt=106.26,err=23.15,state=seeking,ldr=3367/4073/3165/3871",Orin software solar tracker
2026-08-05T09:30:10.797291+00:00,1,,0,89,69,0.0,-0.075,-0.0,trk,0,,,55.0,-0.1,0.1,discharging,27.4999,50.0,seeking,110.898,101.744,131.524,105.685,20.999,0,CRC/QPSK/OFDM,1,0,129,133,1064,532,12,44,960,192,48,"p1br,seq=00089,frame_b=00133,bits=01064,qpsk=00532,ofdm=012,pad_q=00044,gap=0,ok=1","trk,seq=00089,pan=110.90,tilt=101.74,sun_pan=131.52,sun_tilt=105.68,err=21.00,state=seeking,ldr=3424/4076/3260/3912",Orin software solar tracker
2026-08-05T09:30:11.800526+00:00,1,,0,90,70,1.25,-0.1,-0.0,trk,0,,,55.0,-0.1,0.1,discharging,27.4998,50.0,seeking,112.33,102.049,130.79,105.034,18.7,0,CRC/QPSK/OFDM,1,0,129,133,1064,532,12,44,960,192,48,"p1br,seq=00090,frame_b=00133,bits=01064,qpsk=00532,ofdm=012,pad_q=00044,gap=0,ok=1","trk,seq=00090,pan=112.33,tilt=102.05,sun_pan=130.79,sun_tilt=105.03,err=18.70,state=seeking,ldr=3483/4074/3357/3948",Orin software solar tracker
2026-08-05T09:30:12.801912+00:00,1,,0,91,71,1.25,-0.1,-0.0,trk,0,,,55.0,-0.1,0.1,discharging,27.4998,50.0,seeking,113.582,102.257,129.726,104.31,16.274,0,CRC/QPSK/OFDM,1,0,129,133,1064,532,12,44,960,192,48,"p1br,seq=00091,frame_b=00133,bits=01064,qpsk=00532,ofdm=012,pad_q=00044,gap=0,ok=1","trk,seq=00091,pan=113.58,tilt=102.26,sun_pan=129.73,sun_tilt=104.31,err=16.27,state=seeking,ldr=3542/4065/3455/3978",Orin software solar tracker
2026-08-05T09:30:13.803056+00:00,1,,0,92,72,0.0,-0.05,-0.0,trk,0,,,55.0,-0.1,0.1,discharging,27.4998,50.0,seeking,114.645,102.373,128.34,103.515,13.743,0,CRC/QPSK/OFDM,1,0,129,133,1064,532,12,44,960,192,48,"p1br,seq=00092,frame_b=00133,bits=01064,qpsk=00532,ofdm=012,pad_q=00044,gap=0,ok=1","trk,seq=00092,pan=114.65,tilt=102.37,sun_pan=128.34,sun_tilt=103.52,err=13.74,state=seeking,ldr=3600/4049/3551/4000",Orin software solar tracker
2026-08-05T09:30:14.808478+00:00,1,,0,93,73,0.0,-0.075,-0.0,trk,0,,,54.999,-0.1,0.1,discharging,27.4997,50.0,seeking,115.509,102.399,126.645,102.654,11.139,0,CRC/QPSK/OFDM,1,0,129,133,1064,532,12,44,960,192,48,"p1br,seq=00093,frame_b=00133,bits=01064,qpsk=00532,ofdm=012,pad_q=00044,gap=0,ok=1","trk,seq=00093,pan=115.51,tilt=102.40,sun_pan=126.65,sun_tilt=102.65,err=11.14,state=seeking,ldr=3655/4023/3644/4012",Orin software solar tracker
2026-08-05T09:30:15.807275+00:00,1,,0,94,74,0.0,-0.075,-0.0,trk,0,,,54.999,-0.1,0.1,discharging,27.4997,50.0,locked,116.168,102.337,124.654,101.729,8.508,0,CRC/QPSK/OFDM,1,0,129,133,1064,532,12,44,960,192,48,"p1br,seq=00094,frame_b=00133,bits=01064,qpsk=00532,ofdm=012,pad_q=00044,gap=0,ok=1","trk,seq=00094,pan=116.17,tilt=102.34,sun_pan=124.65,sun_tilt=101.73,err=08.51,state=locked,ldr=3707/3989/3733/4016",Orin software solar tracker
2026-08-05T09:30:16.809165+00:00,1,,0,95,74,0.0,-0.1,-0.0,trk,0,,,54.999,-0.1,0.1,discharging,27.4997,50.0,locked,116.615,102.189,122.383,100.745,5.946,0,CRC/QPSK/OFDM,1,0,129,133,1064,532,12,44,960,192,48,"p1br,seq=00095,frame_b=00133,bits=01064,qpsk=00532,ofdm=012,pad_q=00044,gap=0,ok=1","trk,seq=00095,pan=116.62,tilt=102.19,sun_pan=122.38,sun_tilt=100.75,err=05.95,state=locked,ldr=3752/3945/3816/4009",Orin software solar tracker
2026-08-05T09:30:17.813289+00:00,1,,0,96,74,1.25,-0.075,-0.0,trk,0,,,54.999,-0.1,0.1,discharging,27.4996,50.0,locked,116.849,101.96,119.85,99.707,3.753,0,CRC/QPSK/OFDM,1,0,129,133,1064,532,12,44,960,192,48,"p1br,seq=00096,frame_b=00133,bits=01064,qpsk=00532,ofdm=012,pad_q=00044,gap=0,ok=1","trk,seq=00096,pan=116.85,tilt=101.96,sun_pan=119.85,sun_tilt=099.71,err=03.75,state=locked,ldr=3792/3893/3891/3992",Orin software solar tracker
2026-08-05T09:30:18.814912+00:00,1,,0,97,74,0.0,-0.075,-0.0,trk,0,,,54.999,-0.1,0.1,discharging,27.4996,50.0,locked,116.865,101.65,117.075,98.618,3.04,0,CRC/QPSK/OFDM,1,0,129,133,1064,532,12,44,960,192,48,"p1br,seq=00097,frame_b=00133,bits=01064,qpsk=00532,ofdm=012,pad_q=00044,gap=0,ok=1","trk,seq=00097,pan=116.86,tilt=101.65,sun_pan=117.08,sun_tilt=098.62,err=03.04,state=locked,ldr=3824/3831/3958/3965",Orin software solar tracker
2026-08-05T09:30:19.816809+00:00,1,,0,98,74,0.0,-0.1,-0.0,trk,0,,,54.999,-0.1,0.1,discharging,27.4996,50.0,locked,116.664,101.264,114.082,97.483,4.578,0,CRC/QPSK/OFDM,1,0,129,133,1064,532,12,44,960,192,48,"p1br,seq=00098,frame_b=00133,bits=01064,qpsk=00532,ofdm=012,pad_q=00044,gap=0,ok=1","trk,seq=00098,pan=116.66,tilt=101.26,sun_pan=114.08,sun_tilt=097.48,err=04.58,state=locked,ldr=3848/3761/4015/3928",Orin software solar tracker
2026-08-05T09:30:20.817799+00:00,1,,0,99,74,1.25,-0.075,-0.0,trk,0,,,54.999,-0.1,0.1,discharging,27.4996,50.0,locked,116.248,100.806,110.894,96.307,6.993,0,CRC/QPSK/OFDM,1,0,129,133,1064,532,12,44,960,192,48,"p1br,seq=00099,frame_b=00133,bits=01064,qpsk=00532,ofdm=012,pad_q=00044,gap=0,ok=1","trk,seq=00099,pan=116.25,tilt=100.81,sun_pan=110.89,sun_tilt=096.31,err=06.99,state=locked,ldr=3864/3685/4061/3882",Orin software solar tracker
2026-08-05T09:30:21.819930+00:00,1,,0,100,73,1.25,-0.075,-0.0,trk,0,,,54.999,-0.1,0.1,discharging,27.4995,50.0,locked,115.623,100.28,107.537,95.095,9.606,0,CRC/QPSK/OFDM,1,0,129,133,1064,532,12,44,960,192,48,"p1br,seq=00100,frame_b=00133,bits=01064,qpsk=00532,ofdm=012,pad_q=00044,gap=0,ok=1","trk,seq=00100,pan=115.62,tilt=100.28,sun_pan=107.54,sun_tilt=095.10,err=09.61,state=locked,ldr=3871/3603/4095/3829",Orin software solar tracker
2026-08-05T09:30:22.824247+00:00,1,,0,101,73,1.25,-0.1,-0.0,trk,0,,,54.999,-0.1,0.1,discharging,27.4995,50.0,seeking,114.821,99.716,104.038,93.853,12.274,0,CRC/QPSK/OFDM,1,0,129,133,1064,532,12,44,960,192,48,"p1br,seq=00101,frame_b=00133,bits=01064,qpsk=00532,ofdm=012,pad_q=00044,gap=0,ok=1","trk,seq=00101,pan=114.82,tilt=099.72,sun_pan=104.04,sun_tilt=093.85,err=12.27,state=seeking,ldr=3870/3516/4095/3769",Orin software solar tracker
2026-08-05T09:30:23.824977+00:00,1,,0,102,72,0.0,-0.075,-0.0,trk,0,,,54.999,-0.1,0.1,discharging,27.4995,50.0,seeking,113.834,99.106,100.426,92.586,14.91,0,CRC/QPSK/OFDM,1,0,129,133,1064,532,12,44,960,192,48,"p1br,seq=00102,frame_b=00133,bits=01064,qpsk=00532,ofdm=012,pad_q=00044,gap=0,ok=1","trk,seq=00102,pan=113.83,tilt=099.11,sun_pan=100.43,sun_tilt=092.59,err=14.91,state=seeking,ldr=3861/3426/4095/3703",Orin software solar tracker
2026-08-05T09:30:24.824671+00:00,1,,0,103,71,0.0,-0.1,-0.0,trk,0,,,54.999,-0.1,0.1,discharging,27.4994,50.0,seeking,112.659,98.441,96.73,91.299,17.457,0,CRC/QPSK/OFDM,1,0,129,133,1064,532,12,44,960,192,48,"p1br,seq=00103,frame_b=00133,bits=01064,qpsk=00532,ofdm=012,pad_q=00044,gap=0,ok=1","trk,seq=00103,pan=112.66,tilt=098.44,sun_pan=096.73,sun_tilt=091.30,err=17.46,state=seeking,ldr=3845/3333/4095/3634",Orin software solar tracker
2026-08-05T09:30:25.828156+00:00,1,,0,104,69,1.25,-0.075,-0.0,trk,0,,,54.999,-0.1,0.1,discharging,27.4994,50.0,seeking,111.296,97.716,92.979,89.998,19.877,0,CRC/QPSK/OFDM,1,0,129,133,1064,532,12,44,960,192,48,"p1br,seq=00104,frame_b=00133,bits=01064,qpsk=00532,ofdm=012,pad_q=00044,gap=0,ok=1","trk,seq=00104,pan=111.30,tilt=097.72,sun_pan=092.98,sun_tilt=090.00,err=19.88,state=seeking,ldr=3823/3241/4095/3562",Orin software solar tracker
2026-08-05T09:30:26.829778+00:00,1,,0,105,68,1.25,-0.075,-0.0,trk,0,,,54.999,-0.1,0.1,discharging,27.4994,50.0,seeking,109.749,96.927,89.204,88.688,22.136,0,CRC/QPSK/OFDM,1,0,129,133,1064,532,12,44,960,192,48,"p1br,seq=00105,frame_b=00133,bits=01064,qpsk=00532,ofdm=012,pad_q=00044,gap=0,ok=1","trk,seq=00105,pan=109.75,tilt=096.93,sun_pan=089.20,sun_tilt=088.69,err=22.14,state=seeking,ldr=3796/3152/4095/3490",Orin software solar tracker
2026-08-05T09:30:27.830259+00:00,1,,0,106,66,0.0,-0.05,-0.0,trk,0,,,54.999,-0.1,0.1,discharging,27.4994,50.0,seeking,108.025,96.071,85.438,87.376,24.203,0,CRC/QPSK/OFDM,1,0,129,133,1064,532,12,44,960,192,48,"p1br,seq=00106,frame_b=00133,bits=01064,qpsk=00532,ofdm=012,pad_q=00044,gap=0,ok=1","trk,seq=00106,pan=108.02,tilt=096.07,sun_pan=085.44,sun_tilt=087.38,err=24.20,state=seeking,ldr=3766/3067/4095/3420",Orin software solar tracker
2026-08-05T09:30:28.831784+00:00,1,,0,107,65,0.0,-0.1,-0.0,trk,0,,,54.999,-0.1,0.1,discharging,27.4993,50.0,seeking,106.136,95.15,81.706,86.066,26.064,0,CRC/QPSK/OFDM,1,0,129,133,1064,532,12,44,960,192,48,"p1br,seq=00107,frame_b=00133,bits=01064,qpsk=00532,ofdm=012,pad_q=00044,gap=0,ok=1","trk,seq=00107,pan=106.14,tilt=095.15,sun_pan=081.71,sun_tilt=086.07,err=26.06,state=seeking,ldr=3735/2989/4095/3354",Orin software solar tracker
2026-08-05T09:30:29.834908+00:00,1,,0,108,63,1.25,-0.075,-0.0,trk,0,,,54.999,-0.1,0.1,discharging,27.4993,50.0,seeking,104.113,94.189,78.041,84.763,27.724,0,CRC/QPSK/OFDM,1,0,129,133,1064,532,12,44,960,192,48,"p1br,seq=00108,frame_b=00133,bits=01064,qpsk=00532,ofdm=012,pad_q=00044,gap=0,ok=1","trk,seq=00108,pan=104.11,tilt=094.19,sun_pan=078.04,sun_tilt=084.76,err=27.72,state=seeking,ldr=3705/2919/4079/3292",Orin software solar tracker
2026-08-05T09:30:30.838980+00:00,1,,0,109,61,0.0,-0.075,-0.0,trk,0,,,54.999,-0.1,0.1,discharging,27.4993,50.0,seeking,101.981,93.198,74.473,83.475,29.176,0,CRC/QPSK/OFDM,1,0,129,133,1064,532,12,44,960,192,48,"p1br,seq=00109,frame_b=00133,bits=01064,qpsk=00532,ofdm=012,pad_q=00044,gap=0,ok=1","trk,seq=00109,pan=101.98,tilt=093.20,sun_pan=074.47,sun_tilt=083.48,err=29.18,state=seeking,ldr=3676/2857/4057/3238",Orin software solar tracker
2026-08-05T09:30:31.843610+00:00,1,,0,110,59,1.25,-0.075,-0.0,trk,0,,,54.998,-0.1,0.1,discharging,27.4992,50.0,seeking,99.752,92.179,71.03,82.207,30.404,0,CRC/QPSK/OFDM,1,0,129,133,1064,532,12,44,960,192,48,"p1br,seq=00110,frame_b=00133,bits=01064,qpsk=00532,ofdm=012,pad_q=00044,gap=0,ok=1","trk,seq=00110,pan=099.75,tilt=092.18,sun_pan=071.03,sun_tilt=082.21,err=30.40,state=seeking,ldr=3650/2803/4037/3190",Orin software solar tracker
2026-08-05T09:30:32.841227+00:00,1,,0,111,57,0.0,-0.075,-0.0,trk,0,,,54.998,-0.1,0.1,discharging,27.4992,50.0,seeking,97.447,91.141,67.741,80.963,31.4,0,CRC/QPSK/OFDM,1,0,129,133,1064,532,12,44,960,192,48,"p1br,seq=00111,frame_b=00133,bits=01064,qpsk=00532,ofdm=012,pad_q=00044,gap=0,ok=1","trk,seq=00111,pan=097.45,tilt=091.14,sun_pan=067.74,sun_tilt=080.96,err=31.40,state=seeking,ldr=3627/2759/4018/3150",Orin software solar tracker
2026-08-05T09:30:33.844765+00:00,1,,0,112,55,1.25,-0.075,-0.0,trk,0,,,54.998,-0.1,0.1,discharging,27.4992,50.0,seeking,95.084,90.085,64.632,79.75,32.158,0,CRC/QPSK/OFDM,1,0,129,133,1064,532,12,44,960,192,48,"p1br,seq=00112,frame_b=00133,bits=01064,qpsk=00532,ofdm=012,pad_q=00044,gap=0,ok=1","trk,seq=00112,pan=095.08,tilt=090.09,sun_pan=064.63,sun_tilt=079.75,err=32.16,state=seeking,ldr=3609/2726/4004/3120",Orin software solar tracker
2026-08-05T09:30:34.848301+00:00,1,,0,113,52,0.0,-0.075,-0.0,trk,0,,,54.998,-0.1,0.1,discharging,27.4992,50.0,seeking,92.682,89.02,61.727,78.572,32.67,0,CRC/QPSK/OFDM,1,0,129,133,1064,532,12,44,960,192,48,"p1br,seq=00113,frame_b=00133,bits=01064,qpsk=00532,ofdm=012,pad_q=00044,gap=0,ok=1","trk,seq=00113,pan=092.68,tilt=089.02,sun_pan=061.73,sun_tilt=078.57,err=32.67,state=seeking,ldr=3597/2703/3993/3100",Orin software solar tracker
2026-08-05T09:30:35.848462+00:00,1,,0,114,50,1.25,-0.1,-0.0,trk,0,,,54.998,-0.1,0.1,discharging,27.4991,50.0,seeking,90.259,87.947,59.052,77.435,32.93,0,CRC/QPSK/OFDM,1,0,129,133,1064,532,12,44,960,192,48,"p1br,seq=00114,frame_b=00133,bits=01064,qpsk=00532,ofdm=012,pad_q=00044,gap=0,ok=1","trk,seq=00114,pan=090.26,tilt=087.95,sun_pan=059.05,sun_tilt=077.44,err=32.93,state=seeking,ldr=3590/2691/3988/3089",Orin software solar tracker
2026-08-05T09:30:36.850356+00:00,1,,0,115,48,0.0,-0.1,-0.0,trk,0,,,54.998,-0.1,0.1,discharging,27.4991,50.0,seeking,87.836,86.874,56.627,76.344,32.938,0,CRC/QPSK/OFDM,1,0,129,133,1064,532,12,44,960,192,48,"p1br,seq=00115,frame_b=00133,bits=01064,qpsk=00532,ofdm=012,pad_q=00044,gap=0,ok=1","trk,seq=00115,pan=087.84,tilt=086.87,sun_pan=056.63,sun_tilt=076.34,err=32.94,state=seeking,ldr=3590/2691/3988/3089",Orin software solar tracker
2026-08-05T09:30:37.852020+00:00,1,,0,116,46,1.25,-0.1,-0.0,trk,0,,,54.998,-0.1,0.1,discharging,27.4991,50.0,seeking,85.433,85.802,54.471,75.303,32.693,0,CRC/QPSK/OFDM,1,0,129,133,1064,532,12,44,960,192,48,"p1br,seq=00116,frame_b=00133,bits=01064,qpsk=00532,ofdm=012,pad_q=00044,gap=0,ok=1","trk,seq=00116,pan=085.43,tilt=085.80,sun_pan=054.47,sun_tilt=075.30,err=32.69,state=seeking,ldr=3595/2701/3994/3100",Orin software solar tracker
2026-08-05T09:30:38.856371+00:00,1,,0,117,44,0.0,-0.075,-0.0,trk,0,,,54.998,-0.1,0.1,discharging,27.499,50.0,seeking,83.067,84.739,52.603,74.316,32.198,0,CRC/QPSK/OFDM,1,0,129,133,1064,532,12,44,960,192,48,"p1br,seq=00117,frame_b=00133,bits=01064,qpsk=00532,ofdm=012,pad_q=00044,gap=0,ok=1","trk,seq=00117,pan=083.07,tilt=084.74,sun_pan=052.60,sun_tilt=074.32,err=32.20,state=seeking,ldr=3607/2723/4004/3120",Orin software solar tracker
2026-08-05T09:30:39.856617+00:00,1,,0,118,42,1.25,-0.075,-0.0,trk,0,,,54.998,-0.1,0.1,discharging,27.499,50.0,seeking,80.761,83.687,51.037,73.389,31.457,0,CRC/QPSK/OFDM,1,0,129,133,1064,532,12,44,960,192,48,"p1br,seq=00118,frame_b=00133,bits=01064,qpsk=00532,ofdm=012,pad_q=00044,gap=0,ok=1","trk,seq=00118,pan=080.76,tilt=083.69,sun_pan=051.04,sun_tilt=073.39,err=31.46,state=seeking,ldr=3623/2755/4019/3151",Orin software solar tracker
2026-08-05T09:30:40.858667+00:00,1,,0,119,40,0.0,-0.1,-0.0,trk,0,,,54.998,-0.1,0.1,discharging,27.499,50.0,seeking,78.53,82.655,49.786,72.524,30.477,0,CRC/QPSK/OFDM,1,0,129,133,1064,532,12,44,960,192,48,"p1br,seq=00119,frame_b=00133,bits=01064,qpsk=00532,ofdm=012,pad_q=00044,gap=0,ok=1","trk,seq=00119,pan=078.53,tilt=082.65,sun_pan=049.79,sun_tilt=072.52,err=30.48,state=seeking,ldr=3645/2798/4037/3190",Orin software solar tracker
2026-08-05T09:30:41.859635+00:00,1,,0,120,38,1.25,-0.075,-0.0,trk,0,,,54.998,-0.1,0.1,discharging,27.4989,50.0,seeking,76.394,81.644,48.86,71.727,29.265,0,CRC/QPSK/OFDM,1,0,129,133,1064,532,12,44,960,192,48,"p1br,seq=00120,frame_b=00133,bits=01064,qpsk=00532,ofdm=012,pad_q=00044,gap=0,ok=1","trk,seq=00120,pan=076.39,tilt=081.64,sun_pan=048.86,sun_tilt=071.73,err=29.26,state=seeking,ldr=3670/2850/4058/3238",Orin software solar tracker
2026-08-05T09:30:42.860654+00:00,1,,0,121,36,1.25,-0.1,-0.0,trk,0,,,54.998,-0.1,0.1,discharging,27.4989,50.0,seeking,74.369,80.659,48.267,70.999,27.832,0,CRC/QPSK/OFDM,1,0,129,133,1064,532,12,44,960,192,48,"p1br,seq=00121,frame_b=00133,bits=01064,qpsk=00532,ofdm=012,pad_q=00044,gap=0,ok=1","trk,seq=00121,pan=074.37,tilt=080.66,sun_pan=048.27,sun_tilt=071.00,err=27.83,state=seeking,ldr=3698/2911/4080/3294",Orin software solar tracker
2026-08-05T09:30:43.862688+00:00,1,,0,122,34,0.0,-0.1,-0.0,trk,0,,,54.998,-0.1,0.1,discharging,27.4989,50.0,seeking,72.479,79.713,48.011,70.344,26.2,0,CRC/QPSK/OFDM,1,0,129,133,1064,532,12,44,960,192,48,"p1br,seq=00122,frame_b=00133,bits=01064,qpsk=00532,ofdm=012,pad_q=00044,gap=0,ok=1","trk,seq=00122,pan=072.48,tilt=079.71,sun_pan=048.01,sun_tilt=070.34,err=26.20,state=seeking,ldr=3726/2980/4095/3355",Orin software solar tracker
2026-08-05T09:30:44.865139+00:00,1,,0,123,33,1.25,-0.1,-0.0,trk,0,,,54.998,-0.1,0.1,discharging,27.4989,50.0,seeking,70.754,78.825,48.094,69.766,24.403,0,CRC/QPSK/OFDM,1,0,129,133,1064,532,12,44,960,192,48,"p1br,seq=00123,frame_b=00133,bits=01064,qpsk=00532,ofdm=012,pad_q=00044,gap=0,ok=1","trk,seq=00123,pan=070.75,tilt=078.82,sun_pan=048.09,sun_tilt=069.77,err=24.40,state=seeking,ldr=3755/3055/4095/3422",Orin software solar tracker
2026-08-05T09:30:45.866452+00:00,1,,0,124,31,1.25,-0.075,-0.0,trk,0,,,54.998,-0.1,0.1,discharging,27.4988,50.0,seeking,69.202,77.991,48.517,69.266,22.45,0,CRC/QPSK/OFDM,1,0,129,133,1064,532,12,44,960,192,48,"p1br,seq=00124,frame_b=00133,bits=01064,qpsk=00532,ofdm=012,pad_q=00044,gap=0,ok=1","trk,seq=00124,pan=069.20,tilt=077.99,sun_pan=048.52,sun_tilt=069.27,err=22.45,state=seeking,ldr=3780/3134/4095/3491",Orin software solar tracker
2026-08-05T09:30:46.871602+00:00,1,,0,125,30,1.25,-0.075,-0.0,trk,0,,,54.998,-0.1,0.1,discharging,27.4988,50.0,seeking,67.829,77.208,49.274,68.847,20.351,0,CRC/QPSK/OFDM,1,0,129,133,1064,532,12,44,960,192,48,"p1br,seq=00125,frame_b=00133,bits=01064,qpsk=00532,ofdm=012,pad_q=00044,gap=0,ok=1","trk,seq=00125,pan=067.83,tilt=077.21,sun_pan=049.27,sun_tilt=068.85,err=20.35,state=seeking,ldr=3803/3216/4095/3562",Orin software solar tracker
2026-08-05T09:30:47.873986+00:00,1,,0,126,29,1.25,-0.075,-0.0,trk,0,,,54.998,-0.1,0.1,discharging,27.4988,50.0,seeking,66.638,76.471,50.363,68.51,18.118,0,CRC/QPSK/OFDM,1,0,129,133,1064,532,12,44,960,192,48,"p1br,seq=00126,frame_b=00133,bits=01064,qpsk=00532,ofdm=012,pad_q=00044,gap=0,ok=1","trk,seq=00126,pan=066.64,tilt=076.47,sun_pan=050.36,sun_tilt=068.51,err=18.12,state=seeking,ldr=3821/3300/4095/3634",Orin software solar tracker
2026-08-05T09:30:48.875715+00:00,1,,0,127,28,0.0,-0.075,-0.0,trk,0,,,54.997,-0.1,0.1,discharging,27.4987,50.0,seeking,65.632,75.776,51.771,68.257,15.768,0,CRC/QPSK/OFDM,1,0,129,133,1064,532,12,44,960,192,48,"p1br,seq=00127,frame_b=00133,bits=01064,qpsk=00532,ofdm=012,pad_q=00044,gap=0,ok=1","trk,seq=00127,pan=065.63,tilt=075.78,sun_pan=051.77,sun_tilt=068.26,err=15.77,state=seeking,ldr=3834/3385/4095/3704",Orin software solar tracker
2026-08-05T09:30:49.876592+00:00,1,,0,128,27,0.0,-0.075,-0.0,trk,0,,,54.997,-0.1,0.1,discharging,27.4987,50.0,seeking,64.808,75.116,53.488,68.09,13.324,0,CRC/QPSK/OFDM,1,0,129,133,1064,532,12,44,960,192,48,"p1br,seq=00128,frame_b=00133,bits=01064,qpsk=00532,ofdm=012,pad_q=00044,gap=0,ok=1","trk,seq=00128,pan=064.81,tilt=075.12,sun_pan=053.49,sun_tilt=068.09,err=13.32,state=seeking,ldr=3840/3470/4095/3771",Orin software solar tracker
2026-08-05T09:30:50.878545+00:00,1,,0,129,27,0.0,-0.075,-0.0,trk,0,,,54.997,-0.1,0.1,discharging,27.4987,50.0,seeking,64.166,74.488,55.5,68.009,10.82,0,CRC/QPSK/OFDM,1,0,129,133,1064,532,12,44,960,192,48,"p1br,seq=00129,frame_b=00133,bits=01064,qpsk=00532,ofdm=012,pad_q=00044,gap=0,ok=1","trk,seq=00129,pan=064.17,tilt=074.49,sun_pan=055.50,sun_tilt=068.01,err=10.82,state=seeking,ldr=3840/3554/4095/3834",Orin software solar tracker
2026-08-05T09:30:51.880996+00:00,1,,0,130,26,1.25,-0.075,-0.0,trk,0,,,54.997,-0.1,0.1,discharging,27.4987,50.0,locked,63.707,73.889,57.791,68.013,8.338,0,CRC/QPSK/OFDM,1,0,129,133,1064,532,12,44,960,192,48,"p1br,seq=00130,frame_b=00133,bits=01064,qpsk=00532,ofdm=012,pad_q=00044,gap=0,ok=1","trk,seq=00130,pan=063.71,tilt=073.89,sun_pan=057.79,sun_tilt=068.01,err=08.34,state=locked,ldr=3832/3635/4089/3892",Orin software solar tracker
2026-08-05T09:30:52.886428+00:00,1,,0,131,26,0.0,-0.075,-0.0,trk,0,,,54.997,-0.1,0.1,discharging,27.4986,50.0,locked,63.463,73.353,60.342,68.104,6.107,0,CRC/QPSK/OFDM,1,0,129,133,1064,532,12,44,960,192,48,"p1br,seq=00131,frame_b=00133,bits=01064,qpsk=00532,ofdm=012,pad_q=00044,gap=0,ok=1","trk,seq=00131,pan=063.46,tilt=073.35,sun_pan=060.34,sun_tilt=068.10,err=06.11,state=locked,ldr=3816/3711/4047/3942",Orin software solar tracker
2026-08-05T09:30:53.885540+00:00,1,,0,132,26,1.25,-0.075,-0.0,trk,0,,,54.997,-0.1,0.1,discharging,27.4986,50.0,locked,63.44,72.883,63.133,68.28,4.613,0,CRC/QPSK/OFDM,1,0,129,133,1064,532,12,44,960,192,48,"p1br,seq=00132,frame_b=00133,bits=01064,qpsk=00532,ofdm=012,pad_q=00044,gap=0,ok=1","trk,seq=00132,pan=063.44,tilt=072.88,sun_pan=063.13,sun_tilt=068.28,err=04.61,state=locked,ldr=3791/3781/3994/3984",Orin software solar tracker
2026-08-05T09:30:54.887641+00:00,1,,0,133,26,0.0,-0.075,-0.0,trk,0,,,54.997,-0.1,0.1,discharging,27.4986,50.0,locked,63.635,72.483,66.141,68.542,4.67,0,CRC/QPSK/OFDM,1,0,129,133,1064,532,12,44,960,192,48,"p1br,seq=00133,frame_b=00133,bits=01064,qpsk=00532,ofdm=012,pad_q=00044,gap=0,ok=1","trk,seq=00133,pan=063.63,tilt=072.48,sun_pan=066.14,sun_tilt=068.54,err=04.67,state=locked,ldr=3759/3843/3932/4016",Orin software solar tracker
2026-08-05T09:30:55.889437+00:00,1,,0,134,26,0.0,-0.1,-0.0,trk,0,,,54.997,-0.1,0.1,discharging,27.4985,50.0,locked,64.046,72.15,69.342,68.887,6.22,0,CRC/QPSK/OFDM,1,0,129,133,1064,532,12,44,960,192,48,"p1br,seq=00134,frame_b=00133,bits=01064,qpsk=00532,ofdm=012,pad_q=00044,gap=0,ok=1","trk,seq=00134,pan=064.05,tilt=072.15,sun_pan=069.34,sun_tilt=068.89,err=06.22,state=locked,ldr=3718/3896/3862/4039",Orin software solar tracker
2026-08-05T09:30:56.890833+00:00,1,,0,135,27,1.25,-0.075,-0.0,trk,0,,,54.997,-0.1,0.1,discharging,27.4985,50.0,locked,64.671,71.886,72.71,69.315,8.44,0,CRC/QPSK/OFDM,1,0,129,133,1064,532,12,44,960,192,48,"p1br,seq=00135,frame_b=00133,bits=01064,qpsk=00532,ofdm=012,pad_q=00044,gap=0,ok=1","trk,seq=00135,pan=064.67,tilt=071.89,sun_pan=072.71,sun_tilt=069.31,err=08.44,state=locked,ldr=3671/3939/3784/4052",Orin software solar tracker
2026-08-05T09:30:57.901207+00:00,1,,0,136,28,0.0,-0.1,-0.0,trk,0,,,54.997,-0.1,0.1,discharging,27.4985,50.0,seeking,65.503,71.695,76.218,69.823,10.878,0,CRC/QPSK/OFDM,1,0,129,133,1064,532,12,44,960,192,48,"p1br,seq=00136,frame_b=00133,bits=01064,qpsk=00532,ofdm=012,pad_q=00044,gap=0,ok=1","trk,seq=00136,pan=065.50,tilt=071.70,sun_pan=076.22,sun_tilt=069.82,err=10.88,state=seeking,ldr=3619/3973/3700/4055",Orin software solar tracker
2026-08-05T09:30:58.895774+00:00,1,,0,137,29,0.0,-0.075,-0.0,trk,0,,,54.997,-0.1,0.1,discharging,27.4984,50.0,seeking,66.535,71.576,79.837,70.409,13.353,0,CRC/QPSK/OFDM,1,0,129,133,1064,532,12,44,960,192,48,"p1br,seq=00137,frame_b=00133,bits=01064,qpsk=00532,ofdm=012,pad_q=00044,gap=0,ok=1","trk,seq=00137,pan=066.53,tilt=071.58,sun_pan=079.84,sun_tilt=070.41,err=13.35,state=seeking,ldr=3562/3998/3612/4049",Orin software solar tracker
2026-08-05T09:30:59.896382+00:00,1,,0,138,30,1.25,-0.05,-0.0,trk,0,,,54.997,-0.1,0.1,discharging,27.4984,50.0,seeking,67.759,71.529,83.538,71.072,15.786,0,CRC/QPSK/OFDM,1,0,129,133,1064,532,12,44,960,192,48,"p1br,seq=00138,frame_b=00133,bits=01064,qpsk=00532,ofdm=012,pad_q=00044,gap=0,ok=1","trk,seq=00138,pan=067.76,tilt=071.53,sun_pan=083.54,sun_tilt=071.07,err=15.79,state=seeking,ldr=3502/4015/3522/4034",Orin software solar tracker
2026-08-05T09:31:00.996643+00:00,1,,0,139,31,0.0,-0.1,-0.0,trk,0,,,54.997,-0.1,0.1,discharging,27.4984,50.0,seeking,69.166,71.554,87.292,71.807,18.128,0,CRC/QPSK/OFDM,1,0,129,133,1064,532,12,44,960,192,48,"p1br,seq=00139,frame_b=00133,bits=01064,qpsk=00532,ofdm=012,pad_q=00044,gap=0,ok=1","trk,seq=00139,pan=069.17,tilt=071.55,sun_pan=087.29,sun_tilt=071.81,err=18.13,state=seeking,ldr=3441/4023/3430/4013",Orin software solar tracker
2026-08-05T09:31:01.903450+00:00,1,,0,140,32,1.25,-0.125,-0.0,trk,0,,,54.997,-0.1,0.1,discharging,27.4984,50.0,seeking,70.743,74.431,91.067,102.603,34.738,0,CRC/QPSK/OFDM,1,0,129,133,1064,532,12,44,960,192,48,"p1br,seq=00140,frame_b=00133,bits=01064,qpsk=00532,ofdm=012,pad_q=00044,gap=0,ok=1","trk,seq=00140,pan=070.74,tilt=074.43,sun_pan=091.07,sun_tilt=102.60,err=34.74,state=seeking,ldr=3499/4071/2456/3028",Orin software solar tracker
2026-08-05T09:31:03.002792+00:00,1,,0,141,34,1.25,-0.1,-0.0,trk,0,,,54.997,-0.1,0.1,discharging,27.4983,50.0,seeking,72.477,77.119,94.834,103.468,34.556,0,CRC/QPSK/OFDM,1,0,129,133,1064,532,12,44,960,192,48,"p1br,seq=00141,frame_b=00133,bits=01064,qpsk=00532,ofdm=012,pad_q=00044,gap=0,ok=1","trk,seq=00141,pan=072.48,tilt=077.12,sun_pan=094.83,sun_tilt=103.47,err=34.56,state=seeking,ldr=3446/4076/2468/3099",Orin software solar tracker
2026-08-05T09:31:04.026303+00:00,1,,0,142,36,0.0,-0.1,-0.0,trk,0,,,54.997,-0.1,0.1,discharging,27.4983,50.0,seeking,74.356,79.633,98.562,104.267,34.537,0,CRC/QPSK/OFDM,1,0,129,133,1064,532,12,44,960,192,48,"p1br,seq=00142,frame_b=00133,bits=01064,qpsk=00532,ofdm=012,pad_q=00044,gap=0,ok=1","trk,seq=00142,pan=074.36,tilt=079.63,sun_pan=098.56,sun_tilt=104.27,err=34.54,state=seeking,ldr=3390/4074/2476/3159",Orin software solar tracker
2026-08-05T09:31:04.908142+00:00,1,,0,143,38,2.5,-0.075,-0.0,trk,0,,,54.997,-0.1,0.1,discharging,27.4983,50.0,seeking,76.362,81.98,102.221,104.995,34.617,0,CRC/QPSK/OFDM,1,0,129,133,1064,532,12,44,960,192,48,"p1br,seq=00143,frame_b=00133,bits=01064,qpsk=00532,ofdm=012,pad_q=00044,gap=0,ok=1","trk,seq=00143,pan=076.36,tilt=081.98,sun_pan=102.22,sun_tilt=105.00,err=34.62,state=seeking,ldr=3336/4066/2482/3212",Orin software solar tracker
2026-08-05T09:31:05.909458+00:00,1,,0,144,40,0.0,-0.075,-0.0,trk,0,,,54.996,-0.1,0.1,discharging,27.4982,50.0,seeking,78.481,84.173,105.78,105.65,34.735,0,CRC/QPSK/OFDM,1,0,129,133,1064,532,12,44,960,192,48,"p1br,seq=00144,frame_b=00133,bits=01064,qpsk=00532,ofdm=012,pad_q=00044,gap=0,ok=1","trk,seq=00144,pan=078.48,tilt=084.17,sun_pan=105.78,sun_tilt=105.65,err=34.74,state=seeking,ldr=3285/4055/2488/3258",Orin software solar tracker
2026-08-05T09:31:06.910914+00:00,1,,0,145,42,0.0,-0.075,-0.0,trk,0,,,54.996,-0.1,0.1,discharging,27.4982,50.0,seeking,80.694,86.216,109.213,106.229,34.84,0,CRC/QPSK/OFDM,1,0,129,133,1064,532,12,44,960,192,48,"p1br,seq=00145,frame_b=00133,bits=01064,qpsk=00532,ofdm=012,pad_q=00044,gap=0,ok=1","trk,seq=00145,pan=080.69,tilt=086.22,sun_pan=109.21,sun_tilt=106.23,err=34.84,state=seeking,ldr=3238/4042/2496/3300",Orin software solar tracker
2026-08-05T09:31:07.915081+00:00,1,,0,146,44,1.25,-0.1,-0.0,trk,0,,,54.996,-0.1,0.1,discharging,27.4982,50.0,seeking,82.984,88.114,112.489,106.73,34.887,0,CRC/QPSK/OFDM,1,0,129,133,1064,532,12,44,960,192,48,"p1br,seq=00146,frame_b=00133,bits=01064,qpsk=00532,ofdm=012,pad_q=00044,gap=0,ok=1","trk,seq=00146,pan=082.98,tilt=088.11,sun_pan=112.49,sun_tilt=106.73,err=34.89,state=seeking,ldr=3198/4029/2508/3340",Orin software solar tracker
2026-08-05T09:31:08.940890+00:00,1,,0,147,46,0.0,-0.075,-0.0,trk,0,,,54.996,-0.1,0.1,discharging,27.4982,50.0,seeking,85.332,89.876,115.584,107.15,34.837,0,CRC/QPSK/OFDM,1,0,129,133,1064,532,12,44,960,192,48,"p1br,seq=00147,frame_b=00133,bits=01064,qpsk=00532,ofdm=012,pad_q=00044,gap=0,ok=1","trk,seq=00147,pan=085.33,tilt=089.88,sun_pan=115.58,sun_tilt=107.15,err=34.84,state=seeking,ldr=3165/4019/2525/3378",Orin software solar tracker
2026-08-05T09:31:09.965893+00:00,1,,0,148,48,0.0,-0.1,-0.0,trk,0,,,54.996,-0.1,0.1,discharging,27.4981,50.0,seeking,87.717,91.507,118.473,107.487,34.659,0,CRC/QPSK/OFDM,1,0,129,133,1064,532,12,44,960,192,48,"p1br,seq=00148,frame_b=00133,bits=01064,qpsk=00532,ofdm=012,pad_q=00044,gap=0,ok=1","trk,seq=00148,pan=087.72,tilt=091.51,sun_pan=118.47,sun_tilt=107.49,err=34.66,state=seeking,ldr=3141/4010/2547/3416",Orin software solar tracker
2026-08-05T09:31:10.918171+00:00,1,,0,149,50,1.25,-0.075,-0.0,trk,0,,,54.996,-0.1,0.1,discharging,27.4981,50.0,seeking,90.122,93.009,121.131,107.74,34.33,0,CRC/QPSK/OFDM,1,0,129,133,1064,532,12,44,960,192,48,"p1br,seq=00149,frame_b=00133,bits=01064,qpsk=00532,ofdm=012,pad_q=00044,gap=0,ok=1","trk,seq=00149,pan=090.12,tilt=093.01,sun_pan=121.13,sun_tilt=107.74,err=34.33,state=seeking,ldr=3126/4005/2576/3456",Orin software solar tracker
2026-08-05T09:31:11.922292+00:00,1,,0,150,52,1.25,-0.1,-0.0,trk,0,,,54.996,-0.1,0.1,discharging,27.4981,50.0,seeking,92.527,94.389,123.537,107.909,33.829,0,CRC/QPSK/OFDM,1,0,129,133,1064,532,12,44,960,192,48,"p1br,seq=00150,frame_b=00133,bits=01064,qpsk=00532,ofdm=012,pad_q=00044,gap=0,ok=1","trk,seq=00150,pan=092.53,tilt=094.39,sun_pan=123.54,sun_tilt=107.91,err=33.83,state=seeking,ldr=3120/4004/2613/3497",Orin software solar tracker
2026-08-05T09:31:12.921929+00:00,1,,0,151,54,0.0,-0.1,-0.0,trk,0,,,54.996,-0.1,0.1,discharging,27.498,50.0,seeking,94.915,95.647,125.673,107.991,33.142,0,CRC/QPSK/OFDM,1,0,129,133,1064,532,12,44,960,192,48,"p1br,seq=00151,frame_b=00133,bits=01064,qpsk=00532,ofdm=012,pad_q=00044,gap=0,ok=1","trk,seq=00151,pan=094.91,tilt=095.65,sun_pan=125.67,sun_tilt=107.99,err=33.14,state=seeking,ldr=3123/4007/2657/3541",Orin software solar tracker
2026-08-05T09:31:13.925258+00:00,1,,0,152,57,0.0,-0.075,-0.0,trk,0,,,54.996,-0.1,0.1,discharging,27.498,50.0,seeking,97.263,96.791,127.52,107.987,32.262,0,CRC/QPSK/OFDM,1,0,129,133,1064,532,12,44,960,192,48,"p1br,seq=00152,frame_b=00133,bits=01064,qpsk=00532,ofdm=012,pad_q=00044,gap=0,ok=1","trk,seq=00152,pan=097.26,tilt=096.79,sun_pan=127.52,sun_tilt=107.99,err=32.26,state=seeking,ldr=3136/4013/2709/3586",Orin software solar tracker
2026-08-05T09:31:14.925760+00:00,1,,0,153,59,0.0,-0.075,-0.0,trk,0,,,54.996,-0.1,0.1,discharging,27.498,50.0,seeking,99.553,97.819,129.063,107.898,31.184,0,CRC/QPSK/OFDM,1,0,129,133,1064,532,12,44,960,192,48,"p1br,seq=00153,frame_b=00133,bits=01064,qpsk=00532,ofdm=012,pad_q=00044,gap=0,ok=1","trk,seq=00153,pan=099.55,tilt=097.82,sun_pan=129.06,sun_tilt=107.90,err=31.18,state=seeking,ldr=3158/4022/2770/3634",Orin software solar tracker
2026-08-05T09:31:15.931155+00:00,1,,0,154,61,0.0,-0.1,-0.0,trk,0,,,54.996,-0.1,0.1,discharging,27.4979,50.0,seeking,101.767,98.736,130.291,107.722,29.906,0,CRC/QPSK/OFDM,1,0,129,133,1064,532,12,44,960,192,48,"p1br,seq=00154,frame_b=00133,bits=01064,qpsk=00532,ofdm=012,pad_q=00044,gap=0,ok=1","trk,seq=00154,pan=101.77,tilt=098.74,sun_pan=130.29,sun_tilt=107.72,err=29.91,state=seeking,ldr=3188/4033/2838/3683",Orin software solar tracker
2026-08-05T09:31:16.931404+00:00,1,,0,155,63,0.0,-0.1,-0.0,trk,0,,,54.996,-0.1,0.1,discharging,27.4979,50.0,seeking,103.885,99.543,131.193,107.461,28.433,0,CRC/QPSK/OFDM,1,0,129,133,1064,532,12,44,960,192,48,"p1br,seq=00155,frame_b=00133,bits=01064,qpsk=00532,ofdm=012,pad_q=00044,gap=0,ok=1","trk,seq=00155,pan=103.89,tilt=099.54,sun_pan=131.19,sun_tilt=107.46,err=28.43,state=seeking,ldr=3226/4045/2914/3733",Orin software solar tracker
2026-08-05T09:31:17.936786+00:00,1,,0,156,64,1.25,-0.1,-0.0,trk,0,,,54.996,-0.1,0.1,discharging,27.4979,50.0,seeking,105.893,100.244,131.763,107.117,26.768,0,CRC/QPSK/OFDM,1,0,129,133,1064,532,12,44,960,192,48,"p1br,seq=00156,frame_b=00133,bits=01064,qpsk=00532,ofdm=012,pad_q=00044,gap=0,ok=1","trk,seq=00156,pan=105.89,tilt=100.24,sun_pan=131.76,sun_tilt=107.12,err=26.77,state=seeking,ldr=3270/4057/2996/3782",Orin software solar tracker
2026-08-05T09:31:18.934008+00:00,1,,0,157,66,0.0,-0.075,-0.0,trk,0,,,54.996,-0.1,0.1,discharging,27.4979,50.0,seeking,107.773,100.84,131.994,106.69,24.918,0,CRC/QPSK/OFDM,1,0,129,133,1064,532,12,44,960,192,48,"p1br,seq=00157,frame_b=00133,bits=01064,qpsk=00532,ofdm=012,pad_q=00044,gap=0,ok=1","trk,seq=00157,pan=107.77,tilt=100.84,sun_pan=131.99,sun_tilt=106.69,err=24.92,state=seeking,ldr=3320/4067/3083/3830",Orin software solar tracker
2026-08-05T09:31:19.939468+00:00,1,,0,158,68,0.0,-0.1,-0.0,trk,0,,,54.996,-0.1,0.1,discharging,27.4978,50.0,seeking,109.509,101.334,131.886,106.183,22.897,0,CRC/QPSK/OFDM,1,0,129,133,1064,532,12,44,960,192,48,"p1br,seq=00158,frame_b=00133,bits=01064,qpsk=00532,ofdm=012,pad_q=00044,gap=0,ok=1","trk,seq=00158,pan=109.51,tilt=101.33,sun_pan=131.89,sun_tilt=106.18,err=22.90,state=seeking,ldr=3375/4074/3176/3875",Orin software solar tracker
2026-08-05T09:31:20.941916+00:00,1,,0,159,69,1.25,-0.075,-0.0,trk,0,,,54.996,-0.1,0.1,discharging,27.4978,50.0,seeking,111.089,101.729,131.44,105.597,20.716,0,CRC/QPSK/OFDM,1,0,129,133,1064,532,12,44,960,192,48,"p1br,seq=00159,frame_b=00133,bits=01064,qpsk=00532,ofdm=012,pad_q=00044,gap=0,ok=1","trk,seq=00159,pan=111.09,tilt=101.73,sun_pan=131.44,sun_tilt=105.60,err=20.72,state=seeking,ldr=3432/4077/3271/3916",Orin software solar tracker
2026-08-05T09:31:21.942456+00:00,1,,0,160,70,1.25,-0.075,-0.0,trk,0,,,54.996,-0.1,0.1,discharging,27.4978,50.0,seeking,112.497,102.025,130.658,104.936,18.393,0,CRC/QPSK/OFDM,1,0,129,133,1064,532,12,44,960,192,48,"p1br,seq=00160,frame_b=00133,bits=01064,qpsk=00532,ofdm=012,pad_q=00044,gap=0,ok=1","trk,seq=00160,pan=112.50,tilt=102.02,sun_pan=130.66,sun_tilt=104.94,err=18.39,state=seeking,ldr=3492/4074/3369/3952",Orin software solar tracker
2026-08-05T09:31:22.945171+00:00,1,,0,161,72,1.25,-0.075,-0.0,trk,0,,,54.995,-0.1,0.1,discharging,27.4977,50.0,seeking,113.726,102.228,129.548,104.201,15.945,0,CRC/QPSK/OFDM,1,0,129,133,1064,532,12,44,960,192,48,"p1br,seq=00161,frame_b=00133,bits=01064,qpsk=00532,ofdm=012,pad_q=00044,gap=0,ok=1","trk,seq=00161,pan=113.73,tilt=102.23,sun_pan=129.55,sun_tilt=104.20,err=15.95,state=seeking,ldr=3551/4065/3466/3980",Orin software solar tracker
2026-08-05T09:31:23.945248+00:00,1,,0,162,73,1.25,-0.075,-0.0,trk,0,,,54.995,-0.1,0.1,discharging,27.4977,50.0,seeking,114.762,102.337,128.119,103.397,13.399,0,CRC/QPSK/OFDM,1,0,129,133,1064,532,12,44,960,192,48,"p1br,seq=00162,frame_b=00133,bits=01064,qpsk=00532,ofdm=012,pad_q=00044,gap=0,ok=1","trk,seq=00162,pan=114.76,tilt=102.34,sun_pan=128.12,sun_tilt=103.40,err=13.40,state=seeking,ldr=3609/4047/3563/4001",Orin software solar tracker
2026-08-05T09:31:24.946077+00:00,1,,0,163,73,0.0,-0.05,-0.0,trk,0,,,54.995,-0.1,0.1,discharging,27.4977,50.0,seeking,115.599,102.353,126.38,102.526,10.783,0,CRC/QPSK/OFDM,1,0,129,133,1064,532,12,44,960,192,48,"p1br,seq=00163,frame_b=00133,bits=01064,qpsk=00532,ofdm=012,pad_q=00044,gap=0,ok=1","trk,seq=00163,pan=115.60,tilt=102.35,sun_pan=126.38,sun_tilt=102.53,err=10.78,state=seeking,ldr=3663/4020/3656/4013",Orin software solar tracker
2026-08-05T09:31:25.950133+00:00,1,,0,164,74,1.25,-0.1,-0.0,trk,0,,,54.995,-0.1,0.1,discharging,27.4977,50.0,locked,116.229,102.282,124.348,101.593,8.149,0,CRC/QPSK/OFDM,1,0,129,133,1064,532,12,44,960,192,48,"p1br,seq=00164,frame_b=00133,bits=01064,qpsk=00532,ofdm=012,pad_q=00044,gap=0,ok=1","trk,seq=00164,pan=116.23,tilt=102.28,sun_pan=124.35,sun_tilt=101.59,err=08.15,state=locked,ldr=3714/3984/3744/4015",Orin software solar tracker
2026-08-05T09:31:26.951496+00:00,1,,0,165,74,0.0,-0.075,-0.0,trk,0,,,54.995,-0.1,0.1,discharging,27.4976,50.0,locked,116.647,102.126,122.038,100.601,5.603,0,CRC/QPSK/OFDM,1,0,129,133,1064,532,12,44,960,192,48,"p1br,seq=00165,frame_b=00133,bits=01064,qpsk=00532,ofdm=012,pad_q=00044,gap=0,ok=1","trk,seq=00165,pan=116.65,tilt=102.13,sun_pan=122.04,sun_tilt=100.60,err=05.60,state=locked,ldr=3759/3939/3826/4007",Orin software solar tracker
2026-08-05T09:31:27.952796+00:00,1,,0,166,74,1.25,-0.075,-0.0,trk,0,,,54.995,-0.1,0.1,discharging,27.4976,50.0,locked,116.851,101.888,119.471,99.555,3.508,0,CRC/QPSK/OFDM,1,0,129,133,1064,532,12,44,960,192,48,"p1br,seq=00166,frame_b=00133,bits=01064,qpsk=00532,ofdm=012,pad_q=00044,gap=0,ok=1","trk,seq=00166,pan=116.85,tilt=101.89,sun_pan=119.47,sun_tilt=099.56,err=03.51,state=locked,ldr=3797/3885/3900/3988",Orin software solar tracker
2026-08-05T09:31:28.960280+00:00,1,,0,167,74,1.25,-0.1,-0.0,trk,0,,,54.995,-0.1,0.1,discharging,27.4976,50.0,locked,116.838,101.57,116.664,98.459,3.115,0,CRC/QPSK/OFDM,1,0,129,133,1064,532,12,44,960,192,48,"p1br,seq=00167,frame_b=00133,bits=01064,qpsk=00532,ofdm=012,pad_q=00044,gap=0,ok=1","trk,seq=00167,pan=116.84,tilt=101.57,sun_pan=116.66,sun_tilt=098.46,err=03.12,state=locked,ldr=3828/3823/3966/3960",Orin software solar tracker
2026-08-05T09:31:29.956831+00:00,1,,0,168,74,2.5,-0.1,-0.0,trk,0,,,54.995,-0.1,0.1,discharging,27.4975,50.0,locked,116.609,101.176,113.641,97.318,4.867,0,CRC/QPSK/OFDM,1,0,129,133,1064,532,12,44,960,192,48,"p1br,seq=00168,frame_b=00133,bits=01064,qpsk=00532,ofdm=012,pad_q=00044,gap=0,ok=1","trk,seq=00168,pan=116.61,tilt=101.18,sun_pan=113.64,sun_tilt=097.32,err=04.87,state=locked,ldr=3851/3752/4021/3922",Orin software solar tracker
2026-08-05T09:31:30.958964+00:00,1,,0,169,74,0.0,-0.075,-0.0,trk,0,,,54.995,-0.1,0.1,discharging,27.4975,50.0,locked,116.162,100.709,110.428,96.137,7.334,0,CRC/QPSK/OFDM,1,0,129,133,1064,532,12,44,960,192,48,"p1br,seq=00169,frame_b=00133,bits=01064,qpsk=00532,ofdm=012,pad_q=00044,gap=0,ok=1","trk,seq=00169,pan=116.16,tilt=100.71,sun_pan=110.43,sun_tilt=096.14,err=07.33,state=locked,ldr=3866/3674/4067/3875",Orin software solar tracker
2026-08-05T09:31:31.960476+00:00,1,,0,170,73,1.25,-0.1,-0.0,trk,0,,,54.995,-0.1,0.1,discharging,27.4975,50.0,locked,115.514,100.18,107.049,94.921,9.965,0,CRC/QPSK/OFDM,1,0,129,133,1064,532,12,44,960,192,48,"p1br,seq=00170,frame_b=00133,bits=01064,qpsk=00532,ofdm=012,pad_q=00044,gap=0,ok=1","trk,seq=00170,pan=115.51,tilt=100.18,sun_pan=107.05,sun_tilt=094.92,err=09.97,state=locked,ldr=3872/3592/4095/3821",Orin software solar tracker
2026-08-05T09:31:32.964568+00:00,1,,0,171,72,1.25,-0.075,-0.0,trk,0,,,54.995,-0.1,0.1,discharging,27.4975,50.0,seeking,114.685,99.611,103.533,93.675,12.634,0,CRC/QPSK/OFDM,1,0,129,133,1064,532,12,44,960,192,48,"p1br,seq=00171,frame_b=00133,bits=01064,qpsk=00532,ofdm=012,pad_q=00044,gap=0,ok=1","trk,seq=00171,pan=114.69,tilt=099.61,sun_pan=103.53,sun_tilt=093.68,err=12.63,state=seeking,ldr=3870/3504/4095/3760",Orin software solar tracker
2026-08-05T09:31:33.964714+00:00,1,,0,172,72,1.25,-0.075,-0.0,trk,0,,,54.995,-0.1,0.1,discharging,27.4974,50.0,seeking,113.673,98.996,99.907,92.405,15.263,0,CRC/QPSK/OFDM,1,0,129,133,1064,532,12,44,960,192,48,"p1br,seq=00172,frame_b=00133,bits=01064,qpsk=00532,ofdm=012,pad_q=00044,gap=0,ok=1","trk,seq=00172,pan=113.67,tilt=099.00,sun_pan=099.91,sun_tilt=092.40,err=15.26,state=seeking,ldr=3860/3414/4095/3694",Orin software solar tracker
2026-08-05T09:31:34.966500+00:00,1,,0,173,70,1.25,-0.075,-0.0,trk,0,,,54.995,-0.1,0.1,discharging,27.4974,50.0,seeking,112.472,98.325,96.201,91.115,17.797,0,CRC/QPSK/OFDM,1,0,129,133,1064,532,12,44,960,192,48,"p1br,seq=00173,frame_b=00133,bits=01064,qpsk=00532,ofdm=012,pad_q=00044,gap=0,ok=1","trk,seq=00173,pan=112.47,tilt=098.32,sun_pan=096.20,sun_tilt=091.12,err=17.80,state=seeking,ldr=3843/3321/4095/3624",Orin software solar tracker
2026-08-05T09:31:35.967567+00:00,1,,0,174,69,1.25,-0.05,-0.0,trk,0,,,54.995,-0.1,0.1,discharging,27.4974,50.0,seeking,111.083,97.592,92.444,89.812,20.197,0,CRC/QPSK/OFDM,1,0,129,133,1064,532,12,44,960,192,48,"p1br,seq=00174,frame_b=00133,bits=01064,qpsk=00532,ofdm=012,pad_q=00044,gap=0,ok=1","trk,seq=00174,pan=111.08,tilt=097.59,sun_pan=092.44,sun_tilt=089.81,err=20.20,state=seeking,ldr=3820/3229/4095/3552",Orin software solar tracker
2026-08-05T09:31:36.970991+00:00,1,,0,175,68,1.25,-0.075,-0.0,trk,0,,,54.995,-0.1,0.1,discharging,27.4973,50.0,seeking,109.511,96.794,88.668,88.501,22.433,0,CRC/QPSK/OFDM,1,0,129,133,1064,532,12,44,960,192,48,"p1br,seq=00175,frame_b=00133,bits=01064,qpsk=00532,ofdm=012,pad_q=00044,gap=0,ok=1","trk,seq=00175,pan=109.51,tilt=096.79,sun_pan=088.67,sun_tilt=088.50,err=22.43,state=seeking,ldr=3792/3140/4095/3480",Orin software solar tracker
2026-08-05T09:31:37.971744+00:00,1,,0,176,66,0.0,-0.075,-0.0,trk,0,,,54.995,-0.1,0.1,discharging,27.4973,50.0,seeking,107.763,95.931,84.904,87.189,24.474,0,CRC/QPSK/OFDM,1,0,129,133,1064,532,12,44,960,192,48,"p1br,seq=00176,frame_b=00133,bits=01064,qpsk=00532,ofdm=012,pad_q=00044,gap=0,ok=1","trk,seq=00176,pan=107.76,tilt=095.93,sun_pan=084.90,sun_tilt=087.19,err=24.47,state=seeking,ldr=3762/3056/4095/3410",Orin software solar tracker
2026-08-05T09:31:38.974016+00:00,1,,0,177,64,1.25,-0.1,-0.0,trk,0,,,54.995,-0.1,0.1,discharging,27.4973,50.0,seeking,105.852,95.002,81.18,85.88,26.305,0,CRC/QPSK/OFDM,1,0,129,133,1064,532,12,44,960,192,48,"p1br,seq=00177,frame_b=00133,bits=01064,qpsk=00532,ofdm=012,pad_q=00044,gap=0,ok=1","trk,seq=00177,pan=105.85,tilt=095.00,sun_pan=081.18,sun_tilt=085.88,err=26.31,state=seeking,ldr=3731/2979/4095/3345",Orin software solar tracker
2026-08-05T09:31:39.977303+00:00,1,,0,178,63,1.25,-0.075,-0.0,trk,0,,,54.994,-0.1,0.1,discharging,27.4972,50.0,seeking,103.813,94.037,77.527,84.579,27.936,0,CRC/QPSK/OFDM,1,0,129,133,1064,532,12,44,960,192,48,"p1br,seq=00178,frame_b=00133,bits=01064,qpsk=00532,ofdm=012,pad_q=00044,gap=0,ok=1","trk,seq=00178,pan=103.81,tilt=094.04,sun_pan=077.53,sun_tilt=084.58,err=27.94,state=seeking,ldr=3701/2910/4076/3284",Orin software solar tracker
2026-08-05T09:31:40.983609+00:00,1,,0,179,61,0.0,-0.075,-0.0,trk,0,,,54.994,-0.1,0.1,discharging,27.4972,50.0,seeking,101.664,93.044,73.975,83.294,29.356,0,CRC/QPSK/OFDM,1,0,129,133,1064,532,12,44,960,192,48,"p1br,seq=00179,frame_b=00133,bits=01064,qpsk=00532,ofdm=012,pad_q=00044,gap=0,ok=1","trk,seq=00179,pan=101.66,tilt=093.04,sun_pan=073.98,sun_tilt=083.29,err=29.36,state=seeking,ldr=3673/2849/4054/3230",Orin software solar tracker
2026-08-05T09:31:41.980961+00:00,1,,0,180,59,2.5,-0.075,-0.0,trk,0,,,54.994,-0.1,0.1,discharging,27.4972,50.0,seeking,99.425,92.024,70.553,82.029,30.552,0,CRC/QPSK/OFDM,1,0,129,133,1064,532,12,44,960,192,48,"p1br,seq=00180,frame_b=00133,bits=01064,qpsk=00532,ofdm=012,pad_q=00044,gap=0,ok=1","trk,seq=00180,pan=099.42,tilt=092.02,sun_pan=070.55,sun_tilt=082.03,err=30.55,state=seeking,ldr=3647/2797/4034/3184",Orin software solar tracker
2026-08-05T09:31:42.982322+00:00,1,,0,181,56,0.0,-0.1,-0.0,trk,0,,,54.994,-0.1,0.1,discharging,27.4972,50.0,seeking,97.11,90.983,67.288,80.789,31.516,0,CRC/QPSK/OFDM,1,0,129,133,1064,532,12,44,960,192,48,"p1br,seq=00181,frame_b=00133,bits=01064,qpsk=00532,ofdm=012,pad_q=00044,gap=0,ok=1","trk,seq=00181,pan=097.11,tilt=090.98,sun_pan=067.29,sun_tilt=080.79,err=31.52,state=seeking,ldr=3625/2754/4016/3146",Orin software solar tracker
2026-08-05T09:31:43.991205+00:00,1,,0,182,54,0.0,-0.075,-0.0,trk,0,,,54.994,-0.1,0.1,discharging,27.4971,50.0,seeking,94.74,89.927,64.207,79.581,32.238,0,CRC/QPSK/OFDM,1,0,129,133,1064,532,12,44,960,192,48,"p1br,seq=00182,frame_b=00133,bits=01064,qpsk=00532,ofdm=012,pad_q=00044,gap=0,ok=1","trk,seq=00182,pan=094.74,tilt=089.93,sun_pan=064.21,sun_tilt=079.58,err=32.24,state=seeking,ldr=3608/2722/4002/3117",Orin software solar tracker
2026-08-05T09:31:44.986009+00:00,1,,0,183,52,1.25,-0.1,-0.0,trk,0,,,54.994,-0.1,0.1,discharging,27.4971,50.0,seeking,92.334,88.861,61.334,78.409,32.715,0,CRC/QPSK/OFDM,1,0,129,133,1064,532,12,44,960,192,48,"p1br,seq=00183,frame_b=00133,bits=01064,qpsk=00532,ofdm=012,pad_q=00044,gap=0,ok=1","trk,seq=00183,pan=092.33,tilt=088.86,sun_pan=061.33,sun_tilt=078.41,err=32.72,state=seeking,ldr=3596/2701/3992/3098",Orin software solar tracker
2026-08-05T09:31:45.989041+00:00,1,,0,184,50,1.25,-0.075,-0.0,trk,0,,,54.994,-0.1,0.1,discharging,27.4971,50.0,seeking,89.912,87.788,58.693,77.278,32.941,0,CRC/QPSK/OFDM,1,0,129,133,1064,532,12,44,960,192,48,"p1br,seq=00184,frame_b=00133,bits=01064,qpsk=00532,ofdm=012,pad_q=00044,gap=0,ok=1","trk,seq=00184,pan=089.91,tilt=087.79,sun_pan=058.69,sun_tilt=077.28,err=32.94,state=seeking,ldr=3590/2691/3988/3089",Orin software solar tracker
2026-08-05T09:31:46.995209+00:00,1,,0,185,48,1.25,-0.1,-0.0,trk,0,,,54.994,-0.1,0.1,discharging,27.497,50.0,seeking,87.491,86.715,56.304,76.193,32.913,0,CRC/QPSK/OFDM,1,0,129,133,1064,532,12,44,960,192,48,"p1br,seq=00185,frame_b=00133,bits=01064,qpsk=00532,ofdm=012,pad_q=00044,gap=0,ok=1","trk,seq=00185,pan=087.49,tilt=086.71,sun_pan=056.30,sun_tilt=076.19,err=32.91,state=seeking,ldr=3590/2692/3989/3090",Orin software solar tracker
2026-08-05T09:31:47.994230+00:00,1,,0,186,46,1.25,-0.075,-0.0,trk,0,,,54.994,-0.1,0.1,discharging,27.497,50.0,seeking,85.091,85.645,54.189,75.16,32.633,0,CRC/QPSK/OFDM,1,0,129,133,1064,532,12,44,960,192,48,"p1br,seq=00186,frame_b=00133,bits=01064,qpsk=00532,ofdm=012,pad_q=00044,gap=0,ok=1","trk,seq=00186,pan=085.09,tilt=085.65,sun_pan=054.19,sun_tilt=075.16,err=32.63,state=seeking,ldr=3597/2704/3995/3102",Orin software solar tracker
2026-08-05T09:31:48.995966+00:00,1,,0,187,43,0.0,-0.075,-0.0,trk,0,,,54.994,-0.1,0.1,discharging,27.497,50.0,seeking,82.733,84.584,52.362,74.181,32.103,0,CRC/QPSK/OFDM,1,0,129,133,1064,532,12,44,960,192,48,"p1br,seq=00187,frame_b=00133,bits=01064,qpsk=00532,ofdm=012,pad_q=00044,gap=0,ok=1","trk,seq=00187,pan=082.73,tilt=084.58,sun_pan=052.36,sun_tilt=074.18,err=32.10,state=seeking,ldr=3609/2727/4006/3124",Orin software solar tracker
2026-08-05T09:31:49.997009+00:00,1,,0,188,41,1.25,-0.075,-0.0,trk,0,,,54.994,-0.1,0.1,discharging,27.497,50.0,seeking,80.438,83.536,50.84,73.262,31.329,0,CRC/QPSK/OFDM,1,0,129,133,1064,532,12,44,960,192,48,"p1br,seq=00188,frame_b=00133,bits=01064,qpsk=00532,ofdm=012,pad_q=00044,gap=0,ok=1","trk,seq=00188,pan=080.44,tilt=083.54,sun_pan=050.84,sun_tilt=073.26,err=31.33,state=seeking,ldr=3626/2761/4021/3156",Orin software solar tracker
2026-08-05T09:31:50.997955+00:00,1,,0,189,39,1.25,-0.075,-0.0,trk,0,,,54.994,-0.1,0.1,discharging,27.4969,50.0,seeking,78.221,82.505,49.635,72.407,30.317,0,CRC/QPSK/OFDM,1,0,129,133,1064,532,12,44,960,192,48,"p1br,seq=00189,frame_b=00133,bits=01064,qpsk=00532,ofdm=012,pad_q=00044,gap=0,ok=1","trk,seq=00189,pan=078.22,tilt=082.50,sun_pan=049.63,sun_tilt=072.41,err=30.32,state=seeking,ldr=3648/2805/4040/3197",Orin software solar tracker
2026-08-05T09:31:51.999859+00:00,1,,0,190,37,1.25,-0.1,-0.0,trk,0,,,54.994,-0.1,0.1,discharging,27.4969,50.0,seeking,76.099,81.497,48.756,71.619,29.073,0,CRC/QPSK/OFDM,1,0,129,133,1064,532,12,44,960,192,48,"p1br,seq=00190,frame_b=00133,bits=01064,qpsk=00532,ofdm=012,pad_q=00044,gap=0,ok=1","trk,seq=00190,pan=076.10,tilt=081.50,sun_pan=048.76,sun_tilt=071.62,err=29.07,state=seeking,ldr=3674/2858/4061/3246",Orin software solar tracker
2026-08-05T09:31:53.001816+00:00,1,,0,191,36,1.25,-0.05,-0.0,trk,0,,,54.994,-0.1,0.1,discharging,27.4969,50.0,seeking,74.091,80.516,48.21,70.901,27.609,0,CRC/QPSK/OFDM,1,0,129,133,1064,532,12,44,960,192,48,"p1br,seq=00191,frame_b=00133,bits=01064,qpsk=00532,ofdm=012,pad_q=00044,gap=0,ok=1","trk,seq=00191,pan=074.09,tilt=080.52,sun_pan=048.21,sun_tilt=070.90,err=27.61,state=seeking,ldr=3702/2920/4083/3302",Orin software solar tracker
2026-08-05T09:31:54.004703+00:00,1,,0,192,34,1.25,-0.075,-0.0,trk,0,,,54.994,-0.1,0.1,discharging,27.4968,50.0,seeking,72.222,79.579,48.002,70.257,25.952,0,CRC/QPSK/OFDM,1,0,129,133,1064,532,12,44,960,192,48,"p1br,seq=00192,frame_b=00133,bits=01064,qpsk=00532,ofdm=012,pad_q=00044,gap=0,ok=1","trk,seq=00192,pan=072.22,tilt=079.58,sun_pan=048.00,sun_tilt=070.26,err=25.95,state=seeking,ldr=3731/2990/4095/3364",Orin software solar tracker
2026-08-05T09:31:55.008440+00:00,1,,0,193,32,2.5,-0.1,-0.0,trk,0,,,54.994,-0.1,0.1,discharging,27.4968,50.0,seeking,70.52,78.7,48.134,69.69,24.132,0,CRC/QPSK/OFDM,1,0,129,133,1064,532,12,44,960,192,48,"p1br,seq=00193,frame_b=00133,bits=01064,qpsk=00532,ofdm=012,pad_q=00044,gap=0,ok=1","trk,seq=00193,pan=070.52,tilt=078.70,sun_pan=048.13,sun_tilt=069.69,err=24.13,state=seeking,ldr=3759/3066/4095/3431",Orin software solar tracker
2026-08-05T09:31:56.008029+00:00,1,,0,194,31,1.25,-0.1,-0.0,trk,0,,,54.994,-0.1,0.1,discharging,27.4968,50.0,seeking,68.992,77.874,48.604,69.202,22.156,0,CRC/QPSK/OFDM,1,0,129,133,1064,532,12,44,960,192,48,"p1br,seq=00194,frame_b=00133,bits=01064,qpsk=00532,ofdm=012,pad_q=00044,gap=0,ok=1","trk,seq=00194,pan=068.99,tilt=077.87,sun_pan=048.60,sun_tilt=069.20,err=22.16,state=seeking,ldr=3784/3145/4095/3501",Orin software solar tracker
2026-08-05T09:31:57.009866+00:00,1,,0,195,30,1.25,-0.075,-0.0,trk,0,,,54.993,-0.1,0.1,discharging,27.4967,50.0,seeking,67.644,77.099,49.408,68.794,20.038,0,CRC/QPSK/OFDM,1,0,129,133,1064,532,12,44,960,192,48,"p1br,seq=00195,frame_b=00133,bits=01064,qpsk=00532,ofdm=012,pad_q=00044,gap=0,ok=1","trk,seq=00195,pan=067.64,tilt=077.10,sun_pan=049.41,sun_tilt=068.79,err=20.04,state=seeking,ldr=3806/3228/4095/3572",Orin software solar tracker
2026-08-05T09:31:58.015612+00:00,1,,0,196,29,1.25,-0.1,-0.0,trk,0,,,54.993,-0.1,0.1,discharging,27.4967,50.0,seeking,66.48,76.368,50.541,68.47,17.788,0,CRC/QPSK/OFDM,1,0,129,133,1064,532,12,44,960,192,48,"p1br,seq=00196,frame_b=00133,bits=01064,qpsk=00532,ofdm=012,pad_q=00044,gap=0,ok=1","trk,seq=00196,pan=066.48,tilt=076.37,sun_pan=050.54,sun_tilt=068.47,err=17.79,state=seeking,ldr=3823/3312/4095/3644",Orin software solar tracker
2026-08-05T09:31:59.013741+00:00,1,,0,197,28,1.25,-0.075,-0.0,trk,0,,,54.993,-0.1,0.1,discharging,27.4967,50.0,seeking,65.499,75.678,51.993,68.229,15.424,0,CRC/QPSK/OFDM,1,0,129,133,1064,532,12,44,960,192,48,"p1br,seq=00197,frame_b=00133,bits=01064,qpsk=00532,ofdm=012,pad_q=00044,gap=0,ok=1","trk,seq=00197,pan=065.50,tilt=075.68,sun_pan=051.99,sun_tilt=068.23,err=15.42,state=seeking,ldr=3835/3397/4095/3713",Orin software solar tracker
2026-08-05T09:32:00.015068+00:00,1,,0,198,27,1.25,-0.075,-0.0,trk,0,,,54.993,-0.1,0.1,discharging,27.4967,50.0,seeking,64.701,75.023,53.752,68.074,12.969,0,CRC/QPSK/OFDM,1,0,129,133,1064,532,12,44,960,192,48,"p1br,seq=00198,frame_b=00133,bits=01064,qpsk=00532,ofdm=012,pad_q=00044,gap=0,ok=1","trk,seq=00198,pan=064.70,tilt=075.02,sun_pan=053.75,sun_tilt=068.07,err=12.97,state=seeking,ldr=3840/3482/4095/3780",Orin software solar tracker
2026-08-05T09:32:01.019677+00:00,1,,0,199,26,2.5,-0.1,-0.0,trk,0,,,54.993,-0.1,0.1,discharging,27.4966,50.0,seeking,64.086,74.398,55.804,68.004,10.462,0,CRC/QPSK/OFDM,1,0,129,133,1064,532,12,44,960,192,48,"p1br,seq=00199,frame_b=00133,bits=01064,qpsk=00532,ofdm=012,pad_q=00044,gap=0,ok=1","trk,seq=00199,pan=064.09,tilt=074.40,sun_pan=055.80,sun_tilt=068.00,err=10.46,state=seeking,ldr=3839/3566/4095/3843",Orin software solar tracker
2026-08-05T09:32:02.020299+00:00,1,,0,200,26,1.25,-0.075,-0.0,trk,0,,,54.993,-0.1,0.1,discharging,27.4966,50.0,locked,63.657,73.806,58.133,68.021,8.0,0,CRC/QPSK/OFDM,1,0,129,133,1064,532,12,44,960,192,48,"p1br,seq=00200,frame_b=00133,bits=01064,qpsk=00532,ofdm=012,pad_q=00044,gap=0,ok=1","trk,seq=00200,pan=063.66,tilt=073.81,sun_pan=058.13,sun_tilt=068.02,err=08.00,state=locked,ldr=3830/3646/4084/3900",Orin software solar tracker
2026-08-05T09:32:03.025033+00:00,1,,0,201,26,1.25,-0.075,-0.0,trk,0,,,54.993,-0.1,0.1,discharging,27.4966,50.0,locked,63.446,73.28,60.719,68.123,5.833,0,CRC/QPSK/OFDM,1,0,129,133,1064,532,12,44,960,192,48,"p1br,seq=00201,frame_b=00133,bits=01064,qpsk=00532,ofdm=012,pad_q=00044,gap=0,ok=1","trk,seq=00201,pan=063.45,tilt=073.28,sun_pan=060.72,sun_tilt=068.12,err=05.83,state=locked,ldr=3813/3722/4040/3949",Orin software solar tracker
2026-08-05T09:32:04.025182+00:00,1,,0,202,26,1.25,-0.075,-0.0,trk,0,,,54.993,-0.1,0.1,discharging,27.4965,50.0,locked,63.453,72.819,63.542,68.312,4.508,0,CRC/QPSK/OFDM,1,0,129,133,1064,532,12,44,960,192,48,"p1br,seq=00202,frame_b=00133,bits=01064,qpsk=00532,ofdm=012,pad_q=00044,gap=0,ok=1","trk,seq=00202,pan=063.45,tilt=072.82,sun_pan=063.54,sun_tilt=068.31,err=04.51,state=locked,ldr=3787/3790/3986/3989",Orin software solar tracker
2026-08-05T09:32:05.026554+00:00,1,,0,203,26,0.0,-0.075,-0.0,trk,0,,,54.993,-0.1,0.1,discharging,27.4965,50.0,locked,63.678,72.428,66.579,68.585,4.815,0,CRC/QPSK/OFDM,1,0,129,133,1064,532,12,44,960,192,48,"p1br,seq=00203,frame_b=00133,bits=01064,qpsk=00532,ofdm=012,pad_q=00044,gap=0,ok=1","trk,seq=00203,pan=063.68,tilt=072.43,sun_pan=066.58,sun_tilt=068.59,err=04.81,state=locked,ldr=3754/3851/3923/4020",Orin software solar tracker
2026-08-05T09:32:06.029225+00:00,1,,0,204,26,1.25,-0.075,-0.0,trk,0,,,54.993,-0.1,0.1,discharging,27.4965,50.0,locked,64.119,72.105,69.805,68.942,6.507,0,CRC/QPSK/OFDM,1,0,129,133,1064,532,12,44,960,192,48,"p1br,seq=00204,frame_b=00133,bits=01064,qpsk=00532,ofdm=012,pad_q=00044,gap=0,ok=1","trk,seq=00204,pan=064.12,tilt=072.11,sun_pan=069.80,sun_tilt=068.94,err=06.51,state=locked,ldr=3712/3902/3851/4041",Orin software solar tracker
2026-08-05T09:32:07.031233+00:00,1,,0,205,27,0.0,-0.075,-0.0,trk,0,,,54.993,-0.1,0.1,discharging,27.4965,50.0,locked,64.773,71.852,73.194,69.381,8.776,0,CRC/QPSK/OFDM,1,0,129,133,1064,532,12,44,960,192,48,"p1br,seq=00205,frame_b=00133,bits=01064,qpsk=00532,ofdm=012,pad_q=00044,gap=0,ok=1","trk,seq=00205,pan=064.77,tilt=071.85,sun_pan=073.19,sun_tilt=069.38,err=08.78,state=locked,ldr=3664/3945/3773/4053",Orin software solar tracker
2026-08-05T09:32:08.033352+00:00,1,,0,206,28,1.25,-0.075,-0.0,trk,0,,,54.993,-0.1,0.1,discharging,27.4964,50.0,seeking,65.632,71.671,76.719,69.901,11.228,0,CRC/QPSK/OFDM,1,0,129,133,1064,532,12,44,960,192,48,"p1br,seq=00206,frame_b=00133,bits=01064,qpsk=00532,ofdm=012,pad_q=00044,gap=0,ok=1","trk,seq=00206,pan=065.63,tilt=071.67,sun_pan=076.72,sun_tilt=069.90,err=11.23,state=seeking,ldr=3611/3977/3688/4054",Orin software solar tracker
2026-08-05T09:32:09.034176+00:00,1,,0,207,29,2.5,-0.075,-0.0,trk,0,,,54.993,-0.1,0.1,discharging,27.4964,50.0,seeking,66.691,71.563,80.352,70.498,13.702,0,CRC/QPSK/OFDM,1,0,129,133,1064,532,12,44,960,192,48,"p1br,seq=00207,frame_b=00133,bits=01064,qpsk=00532,ofdm=012,pad_q=00044,gap=0,ok=1","trk,seq=00207,pan=066.69,tilt=071.56,sun_pan=080.35,sun_tilt=070.50,err=13.70,state=seeking,ldr=3554/4001/3600/4047",Orin software solar tracker
2026-08-05T09:32:10.036581+00:00,1,,0,208,30,0.0,-0.075,-0.0,trk,0,,,54.993,-0.1,0.1,discharging,27.4964,50.0,seeking,67.941,71.525,84.06,71.17,16.124,0,CRC/QPSK/OFDM,1,0,129,133,1064,532,12,44,960,192,48,"p1br,seq=00208,frame_b=00133,bits=01064,qpsk=00532,ofdm=012,pad_q=00044,gap=0,ok=1","trk,seq=00208,pan=067.94,tilt=071.53,sun_pan=084.06,sun_tilt=071.17,err=16.12,state=seeking,ldr=3494/4016/3509/4032",Orin software solar tracker
2026-08-05T09:32:11.039020+00:00,1,,0,209,31,0.0,-0.075,-0.0,trk,0,,,54.993,-0.1,0.1,discharging,27.4963,50.0,seeking,69.373,71.562,87.819,71.915,18.45,0,CRC/QPSK/OFDM,1,0,129,133,1064,532,12,44,960,192,48,"p1br,seq=00209,frame_b=00133,bits=01064,qpsk=00532,ofdm=012,pad_q=00044,gap=0,ok=1","trk,seq=00209,pan=069.37,tilt=071.56,sun_pan=087.82,sun_tilt=071.92,err=18.45,state=seeking,ldr=3432/4024/3417/4009",Orin software solar tracker
2026-08-05T09:32:12.039780+00:00,1,,0,210,33,0.0,-0.1,-0.0,trk,0,,,54.993,-0.1,0.1,discharging,27.4963,50.0,seeking,70.974,74.449,91.595,102.728,34.999,0,CRC/QPSK/OFDM,1,0,129,133,1064,532,12,44,960,192,48,"p1br,seq=00210,frame_b=00133,bits=01064,qpsk=00532,ofdm=012,pad_q=00044,gap=0,ok=1","trk,seq=00210,pan=070.97,tilt=074.45,sun_pan=091.60,sun_tilt=102.73,err=35.00,state=seeking,ldr=3487/4066/2443/3022",Orin software solar tracker
2026-08-05T09:32:13.048661+00:00,1,,0,211,34,1.25,-0.1,-0.0,trk,0,,,54.993,-0.1,0.1,discharging,27.4963,50.0,seeking,72.731,77.146,95.358,103.584,34.799,0,CRC/QPSK/OFDM,1,0,129,133,1064,532,12,44,960,192,48,"p1br,seq=00211,frame_b=00133,bits=01064,qpsk=00532,ofdm=012,pad_q=00044,gap=0,ok=1","trk,seq=00211,pan=072.73,tilt=077.15,sun_pan=095.36,sun_tilt=103.58,err=34.80,state=seeking,ldr=3434/4071/2456/3093",Orin software solar tracker
2026-08-05T09:32:14.071276+00:00,1,,0,212,36,1.25,-0.075,-0.0,trk,0,,,54.992,-0.1,0.1,discharging,27.4962,50.0,seeking,74.629,79.667,99.078,104.373,34.759,0,CRC/QPSK/OFDM,1,0,129,133,1064,532,12,44,960,192,48,"p1br,seq=00212,frame_b=00133,bits=01064,qpsk=00532,ofdm=012,pad_q=00044,gap=0,ok=1","trk,seq=00212,pan=074.63,tilt=079.67,sun_pan=099.08,sun_tilt=104.37,err=34.76,state=seeking,ldr=3380/4069/2465/3154",Orin software solar tracker
2026-08-05T09:32:15.057333+00:00,1,,0,213,38,1.25,-0.075,-0.0,trk,0,,,54.992,-0.1,0.1,discharging,27.4962,50.0,seeking,76.651,82.019,102.725,105.091,34.816,0,CRC/QPSK/OFDM,1,0,129,133,1064,532,12,44,960,192,48,"p1br,seq=00213,frame_b=00133,bits=01064,qpsk=00532,ofdm=012,pad_q=00044,gap=0,ok=1","trk,seq=00213,pan=076.65,tilt=082.02,sun_pan=102.72,sun_tilt=105.09,err=34.82,state=seeking,ldr=3327/4061/2473/3207",Orin software solar tracker
2026-08-05T09:32:16.117149+00:00,1,,0,214,40,0.0,-0.075,-0.0,trk,0,,,54.992,-0.1,0.1,discharging,27.4962,50.0,seeking,78.784,84.216,106.269,105.736,34.907,0,CRC/QPSK/OFDM,1,0,129,133,1064,532,12,44,960,192,48,"p1br,seq=00214,frame_b=00133,bits=01064,qpsk=00532,ofdm=012,pad_q=00044,gap=0,ok=1","trk,seq=00214,pan=078.78,tilt=084.22,sun_pan=106.27,sun_tilt=105.74,err=34.91,state=seeking,ldr=3277/4051/2480/3254",Orin software solar tracker
2026-08-05T09:32:17.144408+00:00,1,,0,215,42,1.25,-0.1,-0.0,trk,0,,,54.992,-0.1,0.1,discharging,27.4962,50.0,seeking,81.008,86.26,109.681,106.304,34.985,0,CRC/QPSK/OFDM,1,0,129,133,1064,532,12,44,960,192,48,"p1br,seq=00215,frame_b=00133,bits=01064,qpsk=00532,ofdm=012,pad_q=00044,gap=0,ok=1","trk,seq=00215,pan=081.01,tilt=086.26,sun_pan=109.68,sun_tilt=106.30,err=34.98,state=seeking,ldr=3232/4038/2490/3297",Orin software solar tracker
2026-08-05T09:32:18.075745+00:00,1,,0,216,44,1.25,-0.075,-0.0,trk,0,,,54.992,-0.1,0.1,discharging,27.4961,50.0,seeking,83.307,88.162,112.934,106.794,34.999,0,CRC/QPSK/OFDM,1,0,129,133,1064,532,12,44,960,192,48,"p1br,seq=00216,frame_b=00133,bits=01064,qpsk=00532,ofdm=012,pad_q=00044,gap=0,ok=1","trk,seq=00216,pan=083.31,tilt=088.16,sun_pan=112.93,sun_tilt=106.79,err=35.00,state=seeking,ldr=3193/4027/2503/3337",Orin software solar tracker
2026-08-05T09:32:19.053092+00:00,1,,0,217,46,1.25,-0.1,-0.0,trk,0,,,54.992,-0.1,0.1,discharging,27.4961,50.0,seeking,85.662,89.926,116.002,107.202,34.914,0,CRC/QPSK/OFDM,1,0,129,133,1064,532,12,44,960,192,48,"p1br,seq=00217,frame_b=00133,bits=01064,qpsk=00532,ofdm=012,pad_q=00044,gap=0,ok=1","trk,seq=00217,pan=085.66,tilt=089.93,sun_pan=116.00,sun_tilt=107.20,err=34.91,state=seeking,ldr=3161/4017/2521/3376",Orin software solar tracker
2026-08-05T09:32:20.063265+00:00,1,,0,218,48,1.25,-0.1,-0.0,trk,0,,,54.992,-0.1,0.1,discharging,27.4961,50.0,seeking,88.053,91.556,118.858,107.527,34.7,0,CRC/QPSK/OFDM,1,0,129,133,1064,532,12,44,960,192,48,"p1br,seq=00218,frame_b=00133,bits=01064,qpsk=00532,ofdm=012,pad_q=00044,gap=0,ok=1","trk,seq=00218,pan=088.05,tilt=091.56,sun_pan=118.86,sun_tilt=107.53,err=34.70,state=seeking,ldr=3139/4009/2545/3416",Orin software solar tracker
2026-08-05T09:32:21.060541+00:00,1,,0,219,50,1.25,-0.075,-0.0,trk,0,,,54.992,-0.1,0.1,discharging,27.496,50.0,seeking,90.46,93.057,121.483,107.769,34.335,0,CRC/QPSK/OFDM,1,0,129,133,1064,532,12,44,960,192,48,"p1br,seq=00219,frame_b=00133,bits=01064,qpsk=00532,ofdm=012,pad_q=00044,gap=0,ok=1","trk,seq=00219,pan=090.46,tilt=093.06,sun_pan=121.48,sun_tilt=107.77,err=34.33,state=seeking,ldr=3125/4005/2576/3456",Orin software solar tracker
2026-08-05T09:32:22.058987+00:00,1,,0,220,53,1.25,-0.1,-0.0,trk,0,,,54.992,-0.1,0.1,discharging,27.496,50.0,seeking,92.865,94.435,123.852,107.925,33.796,0,CRC/QPSK/OFDM,1,0,129,133,1064,532,12,44,960,192,48,"p1br,seq=00220,frame_b=00133,bits=01064,qpsk=00532,ofdm=012,pad_q=00044,gap=0,ok=1","trk,seq=00220,pan=092.87,tilt=094.43,sun_pan=123.85,sun_tilt=107.93,err=33.80,state=seeking,ldr=3120/4005/2614/3498",Orin software solar tracker
2026-08-05T09:32:23.062471+00:00,1,,0,221,55,0.0,-0.075,-0.0,trk,0,,,54.992,-0.1,0.1,discharging,27.496,50.0,seeking,95.249,95.69,125.948,107.996,33.074,0,CRC/QPSK/OFDM,1,0,129,133,1064,532,12,44,960,192,48,"p1br,seq=00221,frame_b=00133,bits=01064,qpsk=00532,ofdm=012,pad_q=00044,gap=0,ok=1","trk,seq=00221,pan=095.25,tilt=095.69,sun_pan=125.95,sun_tilt=108.00,err=33.07,state=seeking,ldr=3125/4008/2660/3543",Orin software solar tracker
2026-08-05T09:32:24.063249+00:00,1,,0,222,57,1.25,-0.075,-0.0,trk,0,,,54.992,-0.1,0.1,discharging,27.496,50.0,seeking,97.589,96.83,127.753,107.98,32.159,0,CRC/QPSK/OFDM,1,0,129,133,1064,532,12,44,960,192,48,"p1br,seq=00222,frame_b=00133,bits=01064,qpsk=00532,ofdm=012,pad_q=00044,gap=0,ok=1","trk,seq=00222,pan=097.59,tilt=096.83,sun_pan=127.75,sun_tilt=107.98,err=32.16,state=seeking,ldr=3140/4015/2714/3589",Orin software solar tracker
2026-08-05T09:32:25.067659+00:00,1,,0,223,59,1.25,-0.1,-0.0,trk,0,,,54.992,-0.1,0.1,discharging,27.4959,50.0,seeking,99.87,97.853,129.254,107.878,31.047,0,CRC/QPSK/OFDM,1,0,129,133,1064,532,12,44,960,192,48,"p1br,seq=00223,frame_b=00133,bits=01064,qpsk=00532,ofdm=012,pad_q=00044,gap=0,ok=1","trk,seq=00223,pan=099.87,tilt=097.85,sun_pan=129.25,sun_tilt=107.88,err=31.05,state=seeking,ldr=3163/4024/2776/3638",Orin software solar tracker
2026-08-05T09:32:26.066235+00:00,1,,0,224,61,1.25,-0.075,-0.0,trk,0,,,54.992,-0.1,0.1,discharging,27.4959,50.0,seeking,102.07,98.763,130.437,107.691,29.739,0,CRC/QPSK/OFDM,1,0,129,133,1064,532,12,44,960,192,48,"p1br,seq=00224,frame_b=00133,bits=01064,qpsk=00532,ofdm=012,pad_q=00044,gap=0,ok=1","trk,seq=00224,pan=102.07,tilt=098.76,sun_pan=130.44,sun_tilt=107.69,err=29.74,state=seeking,ldr=3194/4035/2846/3687",Orin software solar tracker
2026-08-05T09:32:27.073205+00:00,1,,0,225,63,1.25,-0.1,-0.0,trk,0,,,54.992,-0.1,0.1,discharging,27.4959,50.0,seeking,104.174,99.566,131.293,107.418,28.233,0,CRC/QPSK/OFDM,1,0,129,133,1064,532,12,44,960,192,48,"p1br,seq=00225,frame_b=00133,bits=01064,qpsk=00532,ofdm=012,pad_q=00044,gap=0,ok=1","trk,seq=00225,pan=104.17,tilt=099.57,sun_pan=131.29,sun_tilt=107.42,err=28.23,state=seeking,ldr=3233/4048/2922/3737",Orin software solar tracker
2026-08-05T09:32:28.070926+00:00,1,,0,226,65,1.25,-0.075,-0.0,trk,0,,,54.992,-0.1,0.1,discharging,27.4958,50.0,seeking,106.164,100.259,131.815,107.062,26.538,0,CRC/QPSK/OFDM,1,0,129,133,1064,532,12,44,960,192,48,"p1br,seq=00226,frame_b=00133,bits=01064,qpsk=00532,ofdm=012,pad_q=00044,gap=0,ok=1","trk,seq=00226,pan=106.16,tilt=100.26,sun_pan=131.82,sun_tilt=107.06,err=26.54,state=seeking,ldr=3278/4059/3006/3787",Orin software solar tracker
2026-08-05T09:32:29.073554+00:00,1,,0,227,66,1.25,-0.075,-0.0,trk,0,,,54.992,-0.1,0.1,discharging,27.4958,50.0,seeking,108.025,100.848,132.0,106.624,24.661,0,CRC/QPSK/OFDM,1,0,129,133,1064,532,12,44,960,192,48,"p1br,seq=00227,frame_b=00133,bits=01064,qpsk=00532,ofdm=012,pad_q=00044,gap=0,ok=1","trk,seq=00227,pan=108.02,tilt=100.85,sun_pan=132.00,sun_tilt=106.62,err=24.66,state=seeking,ldr=3329/4069/3094/3835",Orin software solar tracker
2026-08-05T09:32:30.075447+00:00,1,,0,228,68,0.0,-0.075,-0.0,trk,0,,,54.992,-0.1,0.1,discharging,27.4958,50.0,seeking,109.741,101.335,131.844,106.106,22.613,0,CRC/QPSK/OFDM,1,0,129,133,1064,532,12,44,960,192,48,"p1br,seq=00228,frame_b=00133,bits=01064,qpsk=00532,ofdm=012,pad_q=00044,gap=0,ok=1","trk,seq=00228,pan=109.74,tilt=101.34,sun_pan=131.84,sun_tilt=106.11,err=22.61,state=seeking,ldr=3384/4076/3187/3880",Orin software solar tracker
2026-08-05T09:32:31.078022+00:00,1,,0,229,69,1.25,-0.075,-0.0,trk,0,,,54.992,-0.1,0.1,discharging,27.4958,50.0,seeking,111.296,101.722,131.351,105.509,20.41,0,CRC/QPSK/OFDM,1,0,129,133,1064,532,12,44,960,192,48,"p1br,seq=00229,frame_b=00133,bits=01064,qpsk=00532,ofdm=012,pad_q=00044,gap=0,ok=1","trk,seq=00229,pan=111.30,tilt=101.72,sun_pan=131.35,sun_tilt=105.51,err=20.41,state=seeking,ldr=3442/4078/3284/3920",Orin software solar tracker
2026-08-05T09:32:32.084212+00:00,1,,0,230,71,0.0,-0.1,-0.0,trk,0,,,54.991,-0.1,0.1,discharging,27.4957,50.0,seeking,112.68,102.01,130.523,104.838,18.065,0,CRC/QPSK/OFDM,1,0,129,133,1064,532,12,44,960,192,48,"p1br,seq=00230,frame_b=00133,bits=01064,qpsk=00532,ofdm=012,pad_q=00044,gap=0,ok=1","trk,seq=00230,pan=112.68,tilt=102.01,sun_pan=130.52,sun_tilt=104.84,err=18.07,state=seeking,ldr=3501/4074/3381/3955",Orin software solar tracker
2026-08-05T09:32:33.082216+00:00,1,,0,231,72,1.25,-0.05,-0.0,trk,0,,,54.991,-0.1,0.1,discharging,27.4957,50.0,seeking,113.882,102.202,129.368,104.093,15.601,0,CRC/QPSK/OFDM,1,0,129,133,1064,532,12,44,960,192,48,"p1br,seq=00231,frame_b=00133,bits=01064,qpsk=00532,ofdm=012,pad_q=00044,gap=0,ok=1","trk,seq=00231,pan=113.88,tilt=102.20,sun_pan=129.37,sun_tilt=104.09,err=15.60,state=seeking,ldr=3560/4063/3479/3983",Orin software solar tracker
2026-08-05T09:32:34.083835+00:00,1,,0,232,73,2.5,-0.075,-0.0,trk,0,,,54.991,-0.1,0.1,discharging,27.4957,50.0,seeking,114.891,102.301,127.894,103.279,13.04,0,CRC/QPSK/OFDM,1,0,129,133,1064,532,12,44,960,192,48,"p1br,seq=00232,frame_b=00133,bits=01064,qpsk=00532,ofdm=012,pad_q=00044,gap=0,ok=1","trk,seq=00232,pan=114.89,tilt=102.30,sun_pan=127.89,sun_tilt=103.28,err=13.04,state=seeking,ldr=3617/4044/3575/4002",Orin software solar tracker
2026-08-05T09:32:35.087995+00:00,1,,0,233,73,0.0,-0.1,-0.0,trk,0,,,54.991,-0.1,0.1,discharging,27.4956,50.0,seeking,115.699,102.311,126.114,102.4,10.416,0,CRC/QPSK/OFDM,1,0,129,133,1064,532,12,44,960,192,48,"p1br,seq=00233,frame_b=00133,bits=01064,qpsk=00532,ofdm=012,pad_q=00044,gap=0,ok=1","trk,seq=00233,pan=115.70,tilt=102.31,sun_pan=126.11,sun_tilt=102.40,err=10.42,state=seeking,ldr=3672/4017/3668/4013",Orin software solar tracker
2026-08-05T09:32:36.091621+00:00,1,,0,234,74,1.25,-0.075,-0.0,trk,0,,,54.991,-0.1,0.1,discharging,27.4956,50.0,locked,116.301,102.233,124.042,101.458,7.78,0,CRC/QPSK/OFDM,1,0,129,133,1064,532,12,44,960,192,48,"p1br,seq=00234,frame_b=00133,bits=01064,qpsk=00532,ofdm=012,pad_q=00044,gap=0,ok=1","trk,seq=00234,pan=116.30,tilt=102.23,sun_pan=124.04,sun_tilt=101.46,err=07.78,state=locked,ldr=3721/3980/3755/4013",Orin software solar tracker
2026-08-05T09:32:37.090767+00:00,1,,0,235,74,1.25,-0.075,-0.0,trk,0,,,54.991,-0.1,0.1,discharging,27.4956,50.0,locked,116.69,102.068,121.695,100.458,5.258,0,CRC/QPSK/OFDM,1,0,129,133,1064,532,12,44,960,192,48,"p1br,seq=00235,frame_b=00133,bits=01064,qpsk=00532,ofdm=012,pad_q=00044,gap=0,ok=1","trk,seq=00235,pan=116.69,tilt=102.07,sun_pan=121.70,sun_tilt=100.46,err=05.26,state=locked,ldr=3765/3933/3836/4004",Orin software solar tracker
2026-08-05T09:32:38.096507+00:00,1,,0,236,74,0.0,-0.1,-0.0,trk,0,,,54.991,-0.1,0.1,discharging,27.4955,50.0,locked,116.862,101.822,119.092,99.405,3.289,0,CRC/QPSK/OFDM,1,0,129,133,1064,532,12,44,960,192,48,"p1br,seq=00236,frame_b=00133,bits=01064,qpsk=00532,ofdm=012,pad_q=00044,gap=0,ok=1","trk,seq=00236,pan=116.86,tilt=101.82,sun_pan=119.09,sun_tilt=099.41,err=03.29,state=locked,ldr=3803/3878/3910/3984",Orin software solar tracker
2026-08-05T09:32:39.094964+00:00,1,,0,237,74,1.25,-0.05,-0.0,trk,0,,,54.991,-0.1,0.1,discharging,27.4955,50.0,locked,116.818,101.496,116.254,98.303,3.243,0,CRC/QPSK/OFDM,1,0,129,133,1064,532,12,44,960,192,48,"p1br,seq=00237,frame_b=00133,bits=01064,qpsk=00532,ofdm=012,pad_q=00044,gap=0,ok=1","trk,seq=00237,pan=116.82,tilt=101.50,sun_pan=116.25,sun_tilt=098.30,err=03.24,state=locked,ldr=3833/3814/3974/3955",Orin software solar tracker
2026-08-05T09:32:40.095412+00:00,1,,0,238,74,2.5,-0.075,-0.0,trk,0,,,54.991,-0.1,0.1,discharging,27.4955,50.0,locked,116.557,101.094,113.203,97.156,5.173,0,CRC/QPSK/OFDM,1,0,129,133,1064,532,12,44,960,192,48,"p1br,seq=00238,frame_b=00133,bits=01064,qpsk=00532,ofdm=012,pad_q=00044,gap=0,ok=1","trk,seq=00238,pan=116.56,tilt=101.09,sun_pan=113.20,sun_tilt=097.16,err=05.17,state=locked,ldr=3854/3742/4028/3915",Orin software solar tracker
2026-08-05T09:32:41.100137+00:00,1,,0,239,74,1.25,-0.05,-0.0,trk,0,,,54.991,-0.1,0.1,discharging,27.4955,50.0,locked,116.083,100.62,109.965,95.969,7.685,0,CRC/QPSK/OFDM,1,0,129,133,1064,532,12,44,960,192,48,"p1br,seq=00239,frame_b=00133,bits=01064,qpsk=00532,ofdm=012,pad_q=00044,gap=0,ok=1","trk,seq=00239,pan=116.08,tilt=100.62,sun_pan=109.96,sun_tilt=095.97,err=07.68,state=locked,ldr=3868/3664/4072/3868",Orin software solar tracker
2026-08-05T09:32:42.099761+00:00,1,,0,240,73,1.25,-0.075,-0.0,trk,0,,,54.991,-0.1,0.1,discharging,27.4954,50.0,seeking,115.408,100.088,106.565,94.749,10.329,0,CRC/QPSK/OFDM,1,0,129,133,1064,532,12,44,960,192,48,"p1br,seq=00240,frame_b=00133,bits=01064,qpsk=00532,ofdm=012,pad_q=00044,gap=0,ok=1","trk,seq=00240,pan=115.41,tilt=100.09,sun_pan=106.57,sun_tilt=094.75,err=10.33,state=seeking,ldr=3873/3580/4095/3812",Orin software solar tracker
2026-08-05T09:32:43.101114+00:00,1,,0,241,72,0.0,-0.1,-0.0,trk,0,,,54.991,-0.1,0.1,discharging,27.4954,50.0,seeking,114.553,99.515,103.032,93.499,12.997,0,CRC/QPSK/OFDM,1,0,129,133,1064,532,12,44,960,192,48,"p1br,seq=00241,frame_b=00133,bits=01064,qpsk=00532,ofdm=012,pad_q=00044,gap=0,ok=1","trk,seq=00241,pan=114.55,tilt=099.51,sun_pan=103.03,sun_tilt=093.50,err=13.00,state=seeking,ldr=3870/3492/4095/3751",Orin software solar tracker
2026-08-05T09:32:44.103608+00:00,1,,0,242,71,0.0,-0.075,-0.0,trk,0,,,54.991,-0.1,0.1,discharging,27.4954,50.0,seeking,113.514,98.892,99.393,92.225,15.616,0,CRC/QPSK/OFDM,1,0,129,133,1064,532,12,44,960,192,48,"p1br,seq=00242,frame_b=00133,bits=01064,qpsk=00532,ofdm=012,pad_q=00044,gap=0,ok=1","trk,seq=00242,pan=113.51,tilt=098.89,sun_pan=099.39,sun_tilt=092.23,err=15.62,state=seeking,ldr=3858/3401/4095/3684",Orin software solar tracker
2026-08-05T09:32:45.105165+00:00,1,,0,243,70,1.25,-0.075,-0.0,trk,0,,,54.991,-0.1,0.1,discharging,27.4953,50.0,seeking,112.286,98.214,95.678,90.934,18.133,0,CRC/QPSK/OFDM,1,0,129,133,1064,532,12,44,960,192,48,"p1br,seq=00243,frame_b=00133,bits=01064,qpsk=00532,ofdm=012,pad_q=00044,gap=0,ok=1","trk,seq=00243,pan=112.29,tilt=098.21,sun_pan=095.68,sun_tilt=090.93,err=18.13,state=seeking,ldr=3840/3308/4095/3613",Orin software solar tracker
2026-08-05T09:32:46.110047+00:00,1,,0,244,69,0.0,-0.1,-0.0,trk,0,,,54.991,-0.1,0.1,discharging,27.4953,50.0,seeking,110.872,97.473,91.917,89.629,20.514,0,CRC/QPSK/OFDM,1,0,129,133,1064,532,12,44,960,192,48,"p1br,seq=00244,frame_b=00133,bits=01064,qpsk=00532,ofdm=012,pad_q=00044,gap=0,ok=1","trk,seq=00244,pan=110.87,tilt=097.47,sun_pan=091.92,sun_tilt=089.63,err=20.51,state=seeking,ldr=3816/3217/4095/3542",Orin software solar tracker
2026-08-05T09:32:47.108686+00:00,1,,0,245,68,1.25,-0.075,-0.0,trk,0,,,54.991,-0.1,0.1,discharging,27.4953,50.0,seeking,109.275,96.666,88.14,88.318,22.724,0,CRC/QPSK/OFDM,1,0,129,133,1064,532,12,44,960,192,48,"p1br,seq=00245,frame_b=00133,bits=01064,qpsk=00532,ofdm=012,pad_q=00044,gap=0,ok=1","trk,seq=00245,pan=109.27,tilt=096.67,sun_pan=088.14,sun_tilt=088.32,err=22.72,state=seeking,ldr=3788/3128/4095/3470",Orin software solar tracker
2026-08-05T09:32:48.111965+00:00,1,,0,246,66,2.5,-0.1,-0.0,trk,0,,,54.991,-0.1,0.1,discharging,27.4953,50.0,seeking,107.504,95.794,84.379,87.005,24.738,0,CRC/QPSK/OFDM,1,0,129,133,1064,532,12,44,960,192,48,"p1br,seq=00246,frame_b=00133,bits=01064,qpsk=00532,ofdm=012,pad_q=00044,gap=0,ok=1","trk,seq=00246,pan=107.50,tilt=095.79,sun_pan=084.38,sun_tilt=087.01,err=24.74,state=seeking,ldr=3758/3045/4095/3401",Orin software solar tracker
2026-08-05T09:32:49.118330+00:00,1,,0,247,64,0.0,-0.075,-0.0,trk,0,,,54.99,-0.1,0.1,discharging,27.4952,50.0,seeking,105.572,94.858,80.663,85.697,26.54,0,CRC/QPSK/OFDM,1,0,129,133,1064,532,12,44,960,192,48,"p1br,seq=00247,frame_b=00133,bits=01064,qpsk=00532,ofdm=012,pad_q=00044,gap=0,ok=1","trk,seq=00247,pan=105.57,tilt=094.86,sun_pan=080.66,sun_tilt=085.70,err=26.54,state=seeking,ldr=3727/2969/4094/3336",Orin software solar tracker
2026-08-05T09:32:50.115986+00:00,1,,0,248,62,1.25,-0.075,-0.0,trk,0,,,54.99,-0.1,0.1,discharging,27.4952,50.0,seeking,103.515,93.89,77.024,84.399,28.14,0,CRC/QPSK/OFDM,1,0,129,133,1064,532,12,44,960,192,48,"p1br,seq=00248,frame_b=00133,bits=01064,qpsk=00532,ofdm=012,pad_q=00044,gap=0,ok=1","trk,seq=00248,pan=103.51,tilt=093.89,sun_pan=077.02,sun_tilt=084.40,err=28.14,state=seeking,ldr=3698/2901/4073/3276",Orin software solar tracker
2026-08-05T09:32:51.129379+00:00,1,,0,249,60,1.25,-0.075,-0.0,trk,0,,,54.99,-0.1,0.1,discharging,27.4952,50.0,seeking,101.352,92.893,73.489,83.116,29.529,0,CRC/QPSK/OFDM,1,0,129,133,1064,532,12,44,960,192,48,"p1br,seq=00249,frame_b=00133,bits=01064,qpsk=00532,ofdm=012,pad_q=00044,gap=0,ok=1","trk,seq=00249,pan=101.35,tilt=092.89,sun_pan=073.49,sun_tilt=083.12,err=29.53,state=seeking,ldr=3669/2841/4051/3223",Orin software solar tracker
2026-08-05T09:32:52.119474+00:00,1,,0,250,58,1.25,-0.1,-0.0,trk,0,,,54.99,-0.1,0.1,discharging,27.4951,50.0,seeking,99.102,91.872,70.087,81.854,30.695,0,CRC/QPSK/OFDM,1,0,129,133,1064,532,12,44,960,192,48,"p1br,seq=00250,frame_b=00133,bits=01064,qpsk=00532,ofdm=012,pad_q=00044,gap=0,ok=1","trk,seq=00250,pan=099.10,tilt=091.87,sun_pan=070.09,sun_tilt=081.85,err=30.70,state=seeking,ldr=3644/2791/4031/3178",Orin software solar tracker
2026-08-05T09:32:53.126163+00:00,1,,0,251,56,1.25,-0.1,-0.0,trk,0,,,54.99,-0.1,0.1,discharging,27.4951,50.0,seeking,96.78,90.83,66.846,80.618,31.628,0,CRC/QPSK/OFDM,1,0,129,133,1064,532,12,44,960,192,48,"p1br,seq=00251,frame_b=00133,bits=01064,qpsk=00532,ofdm=012,pad_q=00044,gap=0,ok=1","trk,seq=00251,pan=096.78,tilt=090.83,sun_pan=066.85,sun_tilt=080.62,err=31.63,state=seeking,ldr=3622/2750/4014/3141",Orin software solar tracker
2026-08-05T09:32:54.123817+00:00,1,,0,252,54,1.25,-0.1,-0.0,trk,0,,,54.99,-0.1,0.1,discharging,27.4951,50.0,seeking,94.405,89.773,63.792,79.415,32.318,0,CRC/QPSK/OFDM,1,0,129,133,1064,532,12,44,960,192,48,"p1br,seq=00252,frame_b=00133,bits=01064,qpsk=00532,ofdm=012,pad_q=00044,gap=0,ok=1","trk,seq=00252,pan=094.40,tilt=089.77,sun_pan=063.79,sun_tilt=079.41,err=32.32,state=seeking,ldr=3606/2719/4000/3114",Orin software solar tracker
2026-08-05T09:32:55.125967+00:00,1,,0,253,52,0.0,-0.075,-0.0,trk,0,,,54.99,-0.1,0.1,discharging,27.495,50.0,seeking,91.996,88.706,60.95,78.248,32.76,0,CRC/QPSK/OFDM,1,0,129,133,1064,532,12,44,960,192,48,"p1br,seq=00253,frame_b=00133,bits=01064,qpsk=00532,ofdm=012,pad_q=00044,gap=0,ok=1","trk,seq=00253,pan=092.00,tilt=088.71,sun_pan=060.95,sun_tilt=078.25,err=32.76,state=seeking,ldr=3595/2699/3991/3096",Orin software solar tracker
2026-08-05T09:32:56.126049+00:00,1,,0,254,50,1.25,-0.1,-0.0,trk,0,,,54.99,-0.1,0.1,discharging,27.495,50.0,seeking,89.573,87.634,58.343,77.124,32.951,0,CRC/QPSK/OFDM,1,0,129,133,1064,532,12,44,960,192,48,"p1br,seq=00254,frame_b=00133,bits=01064,qpsk=00532,ofdm=012,pad_q=00044,gap=0,ok=1","trk,seq=00254,pan=089.57,tilt=087.63,sun_pan=058.34,sun_tilt=077.12,err=32.95,state=seeking,ldr=3590/2691/3988/3089",Orin software solar tracker
2026-08-05T09:32:57.129995+00:00,1,,0,255,47,1.25,-0.1,-0.0,trk,0,,,54.99,-0.1,0.1,discharging,27.495,50.0,seeking,87.154,86.561,55.994,76.047,32.886,0,CRC/QPSK/OFDM,1,0,129,133,1064,532,12,44,960,192,48,"p1br,seq=00255,frame_b=00133,bits=01064,qpsk=00532,ofdm=012,pad_q=00044,gap=0,ok=1","trk,seq=00255,pan=087.15,tilt=086.56,sun_pan=055.99,sun_tilt=076.05,err=32.89,state=seeking,ldr=3591/2693/3989/3091",Orin software solar tracker
2026-08-05T09:32:58.131849+00:00,1,,0,256,45,0.0,-0.075,-0.0,trk,0,,,54.99,-0.1,0.1,discharging,27.495,50.0,seeking,84.761,85.493,53.917,75.02,32.573,0,CRC/QPSK/OFDM,1,0,129,133,1064,532,12,44,960,192,48,"p1br,seq=00256,frame_b=00133,bits=01064,qpsk=00532,ofdm=012,pad_q=00044,gap=0,ok=1","trk,seq=00256,pan=084.76,tilt=085.49,sun_pan=053.92,sun_tilt=075.02,err=32.57,state=seeking,ldr=3598/2707/3996/3105",Orin software solar tracker
2026-08-05T09:32:59.133745+00:00,1,,0,257,43,0.0,-0.075,-0.0,trk,0,,,54.99,-0.1,0.1,discharging,27.4949,50.0,seeking,82.411,84.432,52.132,74.05,32.009,0,CRC/QPSK/OFDM,1,0,129,133,1064,532,12,44,960,192,48,"p1br,seq=00257,frame_b=00133,bits=01064,qpsk=00532,ofdm=012,pad_q=00044,gap=0,ok=1","trk,seq=00257,pan=082.41,tilt=084.43,sun_pan=052.13,sun_tilt=074.05,err=32.01,state=seeking,ldr=3611/2731/4008/3128",Orin software solar tracker
2026-08-05T09:33:00.135120+00:00,1,,0,258,41,0.0,-0.1,-0.0,trk,0,,,54.99,-0.1,0.1,discharging,27.4949,50.0,seeking,80.124,83.387,50.654,73.14,31.202,0,CRC/QPSK/OFDM,1,0,129,133,1064,532,12,44,960,192,48,"p1br,seq=00258,frame_b=00133,bits=01064,qpsk=00532,ofdm=012,pad_q=00044,gap=0,ok=1","trk,seq=00258,pan=080.12,tilt=083.39,sun_pan=050.65,sun_tilt=073.14,err=31.20,state=seeking,ldr=3629/2767/4024/3161",Orin software solar tracker
2026-08-05T09:33:01.137858+00:00,1,,0,259,39,1.25,-0.075,-0.0,trk,0,,,54.99,-0.1,0.1,discharging,27.4949,50.0,seeking,77.919,82.36,49.493,72.293,30.156,0,CRC/QPSK/OFDM,1,0,129,133,1064,532,12,44,960,192,48,"p1br,seq=00259,frame_b=00133,bits=01064,qpsk=00532,ofdm=012,pad_q=00044,gap=0,ok=1","trk,seq=00259,pan=077.92,tilt=082.36,sun_pan=049.49,sun_tilt=072.29,err=30.16,state=seeking,ldr=3652/2812/4043/3203",Orin software solar tracker
2026-08-05T09:33:02.139982+00:00,1,,0,260,37,1.25,-0.075,-0.0,trk,0,,,54.99,-0.1,0.1,discharging,27.4948,50.0,seeking,75.813,81.357,48.66,71.515,28.882,0,CRC/QPSK/OFDM,1,0,129,133,1064,532,12,44,960,192,48,"p1br,seq=00260,frame_b=00133,bits=01064,qpsk=00532,ofdm=012,pad_q=00044,gap=0,ok=1","trk,seq=00260,pan=075.81,tilt=081.36,sun_pan=048.66,sun_tilt=071.51,err=28.88,state=seeking,ldr=3678/2867/4064/3253",Orin software solar tracker
2026-08-05T09:33:03.142331+00:00,1,,0,261,35,1.25,-0.075,-0.0,trk,0,,,54.99,-0.1,0.1,discharging,27.4948,50.0,seeking,73.821,80.381,48.161,70.808,27.387,0,CRC/QPSK/OFDM,1,0,129,133,1064,532,12,44,960,192,48,"p1br,seq=00261,frame_b=00133,bits=01064,qpsk=00532,ofdm=012,pad_q=00044,gap=0,ok=1","trk,seq=00261,pan=073.82,tilt=080.38,sun_pan=048.16,sun_tilt=070.81,err=27.39,state=seeking,ldr=3706/2930/4087/3310",Orin software solar tracker
2026-08-05T09:33:04.142500+00:00,1,,0,262,34,1.25,-0.075,-0.0,trk,0,,,54.99,-0.1,0.1,discharging,27.4948,50.0,seeking,71.975,79.451,48.0,70.174,25.707,0,CRC/QPSK/OFDM,1,0,129,133,1064,532,12,44,960,192,48,"p1br,seq=00262,frame_b=00133,bits=01064,qpsk=00532,ofdm=012,pad_q=00044,gap=0,ok=1","trk,seq=00262,pan=071.98,tilt=079.45,sun_pan=048.00,sun_tilt=070.17,err=25.71,state=seeking,ldr=3735/3000/4095/3374",Orin software solar tracker
2026-08-05T09:33:05.144398+00:00,1,,0,263,32,1.25,-0.1,-0.0,trk,0,,,54.99,-0.1,0.1,discharging,27.4948,50.0,seeking,70.299,78.578,48.179,69.618,23.866,0,CRC/QPSK/OFDM,1,0,129,133,1064,532,12,44,960,192,48,"p1br,seq=00263,frame_b=00133,bits=01064,qpsk=00532,ofdm=012,pad_q=00044,gap=0,ok=1","trk,seq=00263,pan=070.30,tilt=078.58,sun_pan=048.18,sun_tilt=069.62,err=23.87,state=seeking,ldr=3762/3077/4095/3441",Orin software solar tracker
2026-08-05T09:33:06.146030+00:00,1,,0,264,31,1.25,-0.075,-0.0,trk,0,,,54.989,-0.1,0.1,discharging,27.4947,50.0,seeking,68.797,77.759,48.695,69.14,21.871,0,CRC/QPSK/OFDM,1,0,129,133,1064,532,12,44,960,192,48,"p1br,seq=00264,frame_b=00133,bits=01064,qpsk=00532,ofdm=012,pad_q=00044,gap=0,ok=1","trk,seq=00264,pan=068.80,tilt=077.76,sun_pan=048.70,sun_tilt=069.14,err=21.87,state=seeking,ldr=3787/3157/4095/3511",Orin software solar tracker
2026-08-05T09:33:07.150329+00:00,1,,0,265,30,0.0,-0.075,-0.0,trk,0,,,54.989,-0.1,0.1,discharging,27.4947,50.0,seeking,67.473,76.99,49.546,68.744,19.733,0,CRC/QPSK/OFDM,1,0,129,133,1064,532,12,44,960,192,48,"p1br,seq=00265,frame_b=00133,bits=01064,qpsk=00532,ofdm=012,pad_q=00044,gap=0,ok=1","trk,seq=00265,pan=067.47,tilt=076.99,sun_pan=049.55,sun_tilt=068.74,err=19.73,state=seeking,ldr=3809/3239/4095/3582",Orin software solar tracker
2026-08-05T09:33:08.151006+00:00,1,,0,266,28,1.25,-0.075,-0.0,trk,0,,,54.989,-0.1,0.1,discharging,27.4947,50.0,seeking,66.334,76.267,50.724,68.431,17.466,0,CRC/QPSK/OFDM,1,0,129,133,1064,532,12,44,960,192,48,"p1br,seq=00266,frame_b=00133,bits=01064,qpsk=00532,ofdm=012,pad_q=00044,gap=0,ok=1","trk,seq=00266,pan=066.33,tilt=076.27,sun_pan=050.72,sun_tilt=068.43,err=17.47,state=seeking,ldr=3825/3324/4095/3653",Orin software solar tracker
2026-08-05T09:33:09.152661+00:00,1,,0,267,28,1.25,-0.05,-0.0,trk,0,,,54.989,-0.1,0.1,discharging,27.4946,50.0,seeking,65.379,75.582,52.219,68.202,15.088,0,CRC/QPSK/OFDM,1,0,129,133,1064,532,12,44,960,192,48,"p1br,seq=00267,frame_b=00133,bits=01064,qpsk=00532,ofdm=012,pad_q=00044,gap=0,ok=1","trk,seq=00267,pan=065.38,tilt=075.58,sun_pan=052.22,sun_tilt=068.20,err=15.09,state=seeking,ldr=3836/3409/4095/3723",Orin software solar tracker
2026-08-05T09:33:10.154466+00:00,1,,0,268,27,0.0,-0.1,-0.0,trk,0,,,54.989,-0.1,0.1,discharging,27.4946,50.0,seeking,64.606,74.933,54.02,68.059,12.623,0,CRC/QPSK/OFDM,1,0,129,133,1064,532,12,44,960,192,48,"p1br,seq=00268,frame_b=00133,bits=01064,qpsk=00532,ofdm=012,pad_q=00044,gap=0,ok=1","trk,seq=00268,pan=064.61,tilt=074.93,sun_pan=054.02,sun_tilt=068.06,err=12.62,state=seeking,ldr=3841/3494/4095/3789",Orin software solar tracker
2026-08-05T09:33:11.157068+00:00,1,,0,269,26,1.25,-0.075,-0.0,trk,0,,,54.989,-0.1,0.1,discharging,27.4946,50.0,seeking,64.015,74.31,56.111,68.001,10.113,0,CRC/QPSK/OFDM,1,0,129,133,1064,532,12,44,960,192,48,"p1br,seq=00269,frame_b=00133,bits=01064,qpsk=00532,ofdm=012,pad_q=00044,gap=0,ok=1","trk,seq=00269,pan=064.01,tilt=074.31,sun_pan=056.11,sun_tilt=068.00,err=10.11,state=seeking,ldr=3838/3577/4095/3851",Orin software solar tracker
2026-08-05T09:33:12.157988+00:00,1,,0,270,26,2.5,-0.1,-0.0,trk,0,,,54.989,-0.1,0.1,discharging,27.4946,50.0,locked,63.617,73.729,58.477,68.03,7.674,0,CRC/QPSK/OFDM,1,0,129,133,1064,532,12,44,960,192,48,"p1br,seq=00270,frame_b=00133,bits=01064,qpsk=00532,ofdm=012,pad_q=00044,gap=0,ok=1","trk,seq=00270,pan=063.62,tilt=073.73,sun_pan=058.48,sun_tilt=068.03,err=07.67,state=locked,ldr=3828/3657/4078/3907",Orin software solar tracker
2026-08-05T09:33:13.160810+00:00,1,,0,271,26,0.0,-0.075,-0.0,trk,0,,,54.989,-0.1,0.1,discharging,27.4945,50.0,locked,63.436,73.212,61.097,68.145,5.581,0,CRC/QPSK/OFDM,1,0,129,133,1064,532,12,44,960,192,48,"p1br,seq=00271,frame_b=00133,bits=01064,qpsk=00532,ofdm=012,pad_q=00044,gap=0,ok=1","trk,seq=00271,pan=063.44,tilt=073.21,sun_pan=061.10,sun_tilt=068.14,err=05.58,state=locked,ldr=3810/3732/4033/3955",Orin software solar tracker
2026-08-05T09:33:14.170137+00:00,1,,0,272,26,0.0,-0.05,-0.0,trk,0,,,54.989,-0.1,0.1,discharging,27.4945,50.0,locked,63.473,72.76,63.951,68.345,4.441,0,CRC/QPSK/OFDM,1,0,129,133,1064,532,12,44,960,192,48,"p1br,seq=00272,frame_b=00133,bits=01064,qpsk=00532,ofdm=012,pad_q=00044,gap=0,ok=1","trk,seq=00272,pan=063.47,tilt=072.76,sun_pan=063.95,sun_tilt=068.34,err=04.44,state=locked,ldr=3783/3799/3978/3994",Orin software solar tracker
2026-08-05T09:33:15.166160+00:00,1,,0,273,26,2.5,-0.1,-0.0,trk,0,,,54.989,-0.1,0.1,discharging,27.4945,50.0,locked,63.729,72.377,67.016,68.63,4.985,0,CRC/QPSK/OFDM,1,0,129,133,1064,532,12,44,960,192,48,"p1br,seq=00273,frame_b=00133,bits=01064,qpsk=00532,ofdm=012,pad_q=00044,gap=0,ok=1","trk,seq=00273,pan=063.73,tilt=072.38,sun_pan=067.02,sun_tilt=068.63,err=04.98,state=locked,ldr=3748/3858/3913/4024",Orin software solar tracker
2026-08-05T09:33:16.167564+00:00,1,,0,274,27,1.25,-0.075,-0.0,trk,0,,,54.989,-0.1,0.1,discharging,27.4944,50.0,locked,64.199,72.065,70.266,68.998,6.798,0,CRC/QPSK/OFDM,1,0,129,133,1064,532,12,44,960,192,48,"p1br,seq=00274,frame_b=00133,bits=01064,qpsk=00532,ofdm=012,pad_q=00044,gap=0,ok=1","trk,seq=00274,pan=064.20,tilt=072.06,sun_pan=070.27,sun_tilt=069.00,err=06.80,state=locked,ldr=3706/3909/3841/4043",Orin software solar tracker
2026-08-05T09:33:17.168974+00:00,1,,0,275,27,0.0,-0.075,-0.0,trk,0,,,54.989,-0.1,0.1,discharging,27.4944,50.0,locked,64.882,71.823,73.676,69.449,9.109,0,CRC/QPSK/OFDM,1,0,129,133,1064,532,12,44,960,192,48,"p1br,seq=00275,frame_b=00133,bits=01064,qpsk=00532,ofdm=012,pad_q=00044,gap=0,ok=1","trk,seq=00275,pan=064.88,tilt=071.82,sun_pan=073.68,sun_tilt=069.45,err=09.11,state=locked,ldr=3657/3950/3761/4053",Orin software solar tracker
2026-08-05T09:33:18.169827+00:00,1,,0,276,28,1.25,-0.075,-0.0,trk,0,,,54.989,-0.1,0.1,discharging,27.4944,50.0,seeking,65.771,71.651,77.218,69.979,11.569,0,CRC/QPSK/OFDM,1,0,129,133,1064,532,12,44,960,192,48,"p1br,seq=00276,frame_b=00133,bits=01064,qpsk=00532,ofdm=012,pad_q=00044,gap=0,ok=1","trk,seq=00276,pan=065.77,tilt=071.65,sun_pan=077.22,sun_tilt=069.98,err=11.57,state=seeking,ldr=3603/3981/3676/4054",Orin software solar tracker
2026-08-05T09:33:19.172132+00:00,1,,0,277,29,0.0,-0.1,-0.0,trk,0,,,54.989,-0.1,0.1,discharging,27.4943,50.0,seeking,66.857,71.554,80.864,70.587,14.04,0,CRC/QPSK/OFDM,1,0,129,133,1064,532,12,44,960,192,48,"p1br,seq=00277,frame_b=00133,bits=01064,qpsk=00532,ofdm=012,pad_q=00044,gap=0,ok=1","trk,seq=00277,pan=066.86,tilt=071.55,sun_pan=080.86,sun_tilt=070.59,err=14.04,state=seeking,ldr=3546/4004/3587/4045",Orin software solar tracker
2026-08-05T09:33:20.174623+00:00,1,,0,278,30,1.25,-0.1,-0.0,trk,0,,,54.989,-0.1,0.1,discharging,27.4943,50.0,seeking,68.134,71.528,84.583,71.27,16.451,0,CRC/QPSK/OFDM,1,0,129,133,1064,532,12,44,960,192,48,"p1br,seq=00278,frame_b=00133,bits=01064,qpsk=00532,ofdm=012,pad_q=00044,gap=0,ok=1","trk,seq=00278,pan=068.13,tilt=071.53,sun_pan=084.58,sun_tilt=071.27,err=16.45,state=seeking,ldr=3485/4018/3496/4029",Orin software solar tracker
2026-08-05T09:33:21.176656+00:00,1,,0,279,31,1.25,-0.075,-0.0,trk,0,,,54.989,-0.1,0.1,discharging,27.4943,50.0,seeking,69.59,71.574,88.345,72.025,18.761,0,CRC/QPSK/OFDM,1,0,129,133,1064,532,12,44,960,192,48,"p1br,seq=00279,frame_b=00133,bits=01064,qpsk=00532,ofdm=012,pad_q=00044,gap=0,ok=1","trk,seq=00279,pan=069.59,tilt=071.57,sun_pan=088.35,sun_tilt=072.02,err=18.76,state=seeking,ldr=3424/4025/3405/4006",Orin software solar tracker
2026-08-05T09:33:22.272254+00:00,1,,0,280,33,1.25,-0.075,-0.0,trk,0,,,54.989,-0.1,0.1,discharging,27.4943,50.0,seeking,71.213,74.47,92.121,102.851,35.251,0,CRC/QPSK/OFDM,1,0,129,133,1064,532,12,44,960,192,48,"p1br,seq=00280,frame_b=00133,bits=01064,qpsk=00532,ofdm=012,pad_q=00044,gap=0,ok=1","trk,seq=00280,pan=071.21,tilt=074.47,sun_pan=092.12,sun_tilt=102.85,err=35.25,state=seeking,ldr=3475/4061/2431/3016",Orin software solar tracker
2026-08-05T09:33:23.199781+00:00,1,,0,281,35,0.0,-0.075,-0.0,trk,0,,,54.988,-0.1,0.1,discharging,27.4942,50.0,seeking,72.988,77.177,95.88,103.698,35.035,0,CRC/QPSK/OFDM,1,0,129,133,1064,532,12,44,960,192,48,"p1br,seq=00281,frame_b=00133,bits=01064,qpsk=00532,ofdm=012,pad_q=00044,gap=0,ok=1","trk,seq=00281,pan=072.99,tilt=077.18,sun_pan=095.88,sun_tilt=103.70,err=35.03,state=seeking,ldr=3424/4066/2445/3087",Orin software solar tracker
2026-08-05T09:33:24.182451+00:00,1,,0,282,36,0.0,-0.075,-0.0,trk,0,,,54.988,-0.1,0.1,discharging,27.4942,50.0,seeking,74.904,79.703,99.592,104.477,34.975,0,CRC/QPSK/OFDM,1,0,129,133,1064,532,12,44,960,192,48,"p1br,seq=00282,frame_b=00133,bits=01064,qpsk=00532,ofdm=012,pad_q=00044,gap=0,ok=1","trk,seq=00282,pan=074.90,tilt=079.70,sun_pan=099.59,sun_tilt=104.48,err=34.97,state=seeking,ldr=3370/4064/2455/3149",Orin software solar tracker
2026-08-05T09:33:25.185321+00:00,1,,0,283,38,0.0,-0.1,-0.0,trk,0,,,54.988,-0.1,0.1,discharging,27.4942,50.0,seeking,76.943,82.062,103.226,105.186,35.007,0,CRC/QPSK/OFDM,1,0,129,133,1064,532,12,44,960,192,48,"p1br,seq=00283,frame_b=00133,bits=01064,qpsk=00532,ofdm=012,pad_q=00044,gap=0,ok=1","trk,seq=00283,pan=076.94,tilt=082.06,sun_pan=103.23,sun_tilt=105.19,err=35.01,state=seeking,ldr=3318/4057/2464/3202",Orin software solar tracker
2026-08-05T09:33:26.203778+00:00,1,,0,284,40,0.0,-0.075,-0.0,trk,0,,,54.988,-0.1,0.1,discharging,27.4941,50.0,seeking,79.089,84.261,106.753,105.82,35.072,0,CRC/QPSK/OFDM,1,0,129,133,1064,532,12,44,960,192,48,"p1br,seq=00284,frame_b=00133,bits=01064,qpsk=00532,ofdm=012,pad_q=00044,gap=0,ok=1","trk,seq=00284,pan=079.09,tilt=084.26,sun_pan=106.75,sun_tilt=105.82,err=35.07,state=seeking,ldr=3269/4047/2473/3250",Orin software solar tracker
2026-08-05T09:33:27.203613+00:00,1,,0,285,42,1.25,-0.1,-0.0,trk,0,,,54.988,-0.1,0.1,discharging,27.4941,50.0,seeking,81.326,86.307,110.145,106.377,35.119,0,CRC/QPSK/OFDM,1,0,129,133,1064,532,12,44,960,192,48,"p1br,seq=00285,frame_b=00133,bits=01064,qpsk=00532,ofdm=012,pad_q=00044,gap=0,ok=1","trk,seq=00285,pan=081.33,tilt=086.31,sun_pan=110.14,sun_tilt=106.38,err=35.12,state=seeking,ldr=3225/4035/2484/3294",Orin software solar tracker
2026-08-05T09:33:28.190932+00:00,1,,0,286,44,1.25,-0.125,-0.0,trk,0,,,54.988,-0.1,0.1,discharging,27.4941,50.0,seeking,83.634,88.21,113.374,106.855,35.101,0,CRC/QPSK/OFDM,1,0,129,133,1064,532,12,44,960,192,48,"p1br,seq=00286,frame_b=00133,bits=01064,qpsk=00532,ofdm=012,pad_q=00044,gap=0,ok=1","trk,seq=00286,pan=083.63,tilt=088.21,sun_pan=113.37,sun_tilt=106.86,err=35.10,state=seeking,ldr=3188/4024/2498/3335",Orin software solar tracker
2026-08-05T09:33:29.193977+00:00,1,,0,287,46,0.0,-0.05,-0.0,trk,0,,,54.988,-0.1,0.1,discharging,27.4941,50.0,seeking,85.996,89.973,116.413,107.252,34.983,0,CRC/QPSK/OFDM,1,0,129,133,1064,532,12,44,960,192,48,"p1br,seq=00287,frame_b=00133,bits=01064,qpsk=00532,ofdm=012,pad_q=00044,gap=0,ok=1","trk,seq=00287,pan=086.00,tilt=089.97,sun_pan=116.41,sun_tilt=107.25,err=34.98,state=seeking,ldr=3158/4015/2518/3375",Orin software solar tracker
2026-08-05T09:33:30.194796+00:00,1,,0,288,49,1.25,-0.075,-0.0,trk,0,,,54.988,-0.1,0.1,discharging,27.494,50.0,seeking,88.389,91.602,119.24,107.566,34.737,0,CRC/QPSK/OFDM,1,0,129,133,1064,532,12,44,960,192,48,"p1br,seq=00288,frame_b=00133,bits=01064,qpsk=00532,ofdm=012,pad_q=00044,gap=0,ok=1","trk,seq=00288,pan=088.39,tilt=091.60,sun_pan=119.24,sun_tilt=107.57,err=34.74,state=seeking,ldr=3137/4008/2544/3415",Orin software solar tracker
2026-08-05T09:33:31.196715+00:00,1,,0,289,51,1.25,-0.075,-0.0,trk,0,,,54.988,-0.1,0.1,discharging,27.494,50.0,seeking,90.798,93.101,121.829,107.796,34.335,0,CRC/QPSK/OFDM,1,0,129,133,1064,532,12,44,960,192,48,"p1br,seq=00289,frame_b=00133,bits=01064,qpsk=00532,ofdm=012,pad_q=00044,gap=0,ok=1","trk,seq=00289,pan=090.80,tilt=093.10,sun_pan=121.83,sun_tilt=107.80,err=34.33,state=seeking,ldr=3124/4005/2576/3457",Orin software solar tracker
2026-08-05T09:33:32.197948+00:00,1,,0,290,53,0.0,-0.075,-0.0,trk,0,,,54.988,-0.1,0.1,discharging,27.494,50.0,seeking,93.201,94.474,124.162,107.94,33.762,0,CRC/QPSK/OFDM,1,0,129,133,1064,532,12,44,960,192,48,"p1br,seq=00290,frame_b=00133,bits=01064,qpsk=00532,ofdm=012,pad_q=00044,gap=0,ok=1","trk,seq=00290,pan=093.20,tilt=094.47,sun_pan=124.16,sun_tilt=107.94,err=33.76,state=seeking,ldr=3121/4005/2616/3500",Orin software solar tracker
2026-08-05T09:33:33.202214+00:00,1,,0,291,55,1.25,-0.075,-0.0,trk,0,,,54.988,-0.1,0.1,discharging,27.4939,50.0,seeking,95.578,95.726,126.219,107.999,33.007,0,CRC/QPSK/OFDM,1,0,129,133,1064,532,12,44,960,192,48,"p1br,seq=00291,frame_b=00133,bits=01064,qpsk=00532,ofdm=012,pad_q=00044,gap=0,ok=1","trk,seq=00291,pan=095.58,tilt=095.73,sun_pan=126.22,sun_tilt=108.00,err=33.01,state=seeking,ldr=3128/4009/2664/3545",Orin software solar tracker
2026-08-05T09:33:34.202115+00:00,1,,0,292,57,0.0,-0.1,-0.0,trk,0,,,54.988,-0.1,0.1,discharging,27.4939,50.0,seeking,97.911,96.859,127.982,107.971,32.058,0,CRC/QPSK/OFDM,1,0,129,133,1064,532,12,44,960,192,48,"p1br,seq=00292,frame_b=00133,bits=01064,qpsk=00532,ofdm=012,pad_q=00044,gap=0,ok=1","trk,seq=00292,pan=097.91,tilt=096.86,sun_pan=127.98,sun_tilt=107.97,err=32.06,state=seeking,ldr=3143/4016/2719/3592",Orin software solar tracker
2026-08-05T09:33:35.208301+00:00,1,,0,293,59,0.0,-0.075,-0.0,trk,0,,,54.988,-0.1,0.1,discharging,27.4939,50.0,seeking,100.181,97.878,129.439,107.857,30.913,0,CRC/QPSK/OFDM,1,0,129,133,1064,532,12,44,960,192,48,"p1br,seq=00293,frame_b=00133,bits=01064,qpsk=00532,ofdm=012,pad_q=00044,gap=0,ok=1","trk,seq=00293,pan=100.18,tilt=097.88,sun_pan=129.44,sun_tilt=107.86,err=30.91,state=seeking,ldr=3168/4026/2782/3641",Orin software solar tracker
2026-08-05T09:33:36.208983+00:00,1,,0,294,61,0.0,-0.075,-0.0,trk,0,,,54.988,-0.1,0.1,discharging,27.4938,50.0,seeking,102.37,98.785,130.577,107.658,29.57,0,CRC/QPSK/OFDM,1,0,129,133,1064,532,12,44,960,192,48,"p1br,seq=00294,frame_b=00133,bits=01064,qpsk=00532,ofdm=012,pad_q=00044,gap=0,ok=1","trk,seq=00294,pan=102.37,tilt=098.78,sun_pan=130.58,sun_tilt=107.66,err=29.57,state=seeking,ldr=3200/4038/2853/3691",Orin software solar tracker
2026-08-05T09:33:37.209170+00:00,1,,0,295,63,0.0,-0.075,-0.0,trk,0,,,54.988,-0.1,0.1,discharging,27.4938,50.0,seeking,104.459,99.58,131.386,107.374,28.032,0,CRC/QPSK/OFDM,1,0,129,133,1064,532,12,44,960,192,48,"p1br,seq=00295,frame_b=00133,bits=01064,qpsk=00532,ofdm=012,pad_q=00044,gap=0,ok=1","trk,seq=00295,pan=104.46,tilt=099.58,sun_pan=131.39,sun_tilt=107.37,err=28.03,state=seeking,ldr=3240/4050/2931/3742",Orin software solar tracker
2026-08-05T09:33:38.211187+00:00,1,,0,296,65,0.0,-0.075,-0.0,trk,0,,,54.988,-0.1,0.1,discharging,27.4938,50.0,seeking,106.432,100.268,131.862,107.006,26.307,0,CRC/QPSK/OFDM,1,0,129,133,1064,532,12,44,960,192,48,"p1br,seq=00296,frame_b=00133,bits=01064,qpsk=00532,ofdm=012,pad_q=00044,gap=0,ok=1","trk,seq=00296,pan=106.43,tilt=100.27,sun_pan=131.86,sun_tilt=107.01,err=26.31,state=seeking,ldr=3286/4062/3016/3791",Orin software solar tracker
2026-08-05T09:33:39.213438+00:00,1,,0,297,67,0.0,-0.1,-0.0,trk,0,,,54.988,-0.1,0.1,discharging,27.4938,50.0,seeking,108.273,100.85,131.998,106.556,24.402,0,CRC/QPSK/OFDM,1,0,129,133,1064,532,12,44,960,192,48,"p1br,seq=00297,frame_b=00133,bits=01064,qpsk=00532,ofdm=012,pad_q=00044,gap=0,ok=1","trk,seq=00297,pan=108.27,tilt=100.85,sun_pan=132.00,sun_tilt=106.56,err=24.40,state=seeking,ldr=3337/4071/3105/3839",Orin software solar tracker
2026-08-05T09:33:40.215202+00:00,1,,0,298,68,0.0,-0.075,-0.0,trk,0,,,54.987,-0.1,0.1,discharging,27.4937,50.0,seeking,109.967,101.33,131.796,106.027,22.328,0,CRC/QPSK/OFDM,1,0,129,133,1064,532,12,44,960,192,48,"p1br,seq=00298,frame_b=00133,bits=01064,qpsk=00532,ofdm=012,pad_q=00044,gap=0,ok=1","trk,seq=00298,pan=109.97,tilt=101.33,sun_pan=131.80,sun_tilt=106.03,err=22.33,state=seeking,ldr=3393/4078/3199/3884",Orin software solar tracker
2026-08-05T09:33:41.222309+00:00,1,,0,299,70,1.25,-0.075,-0.0,trk,0,,,54.987,-0.1,0.1,discharging,27.4937,50.0,seeking,111.5,101.708,131.255,105.42,20.101,0,CRC/QPSK/OFDM,1,0,129,133,1064,532,12,44,960,192,48,"p1br,seq=00299,frame_b=00133,bits=01064,qpsk=00532,ofdm=012,pad_q=00044,gap=0,ok=1","trk,seq=00299,pan=111.50,tilt=101.71,sun_pan=131.25,sun_tilt=105.42,err=20.10,state=seeking,ldr=3451/4079/3296/3924",Orin software solar tracker
2026-08-05T09:33:42.222904+00:00,1,,0,300,71,0.0,-0.075,-0.0,trk,0,,,54.987,-0.1,0.1,discharging,27.4937,50.0,seeking,112.859,101.988,130.381,104.738,17.736,0,CRC/QPSK/OFDM,1,0,129,133,1064,532,12,44,960,192,48,"p1br,seq=00300,frame_b=00133,bits=01064,qpsk=00532,ofdm=012,pad_q=00044,gap=0,ok=1","trk,seq=00300,pan=112.86,tilt=101.99,sun_pan=130.38,sun_tilt=104.74,err=17.74,state=seeking,ldr=3510/4074/3394/3958",Orin software solar tracker
2026-08-05T09:33:43.221626+00:00,1,,0,301,72,1.25,-0.075,-0.0,trk,0,,,54.987,-0.1,0.1,discharging,27.4936,50.0,seeking,114.035,102.172,129.181,103.983,15.253,0,CRC/QPSK/OFDM,1,0,129,133,1064,532,12,44,960,192,48,"p1br,seq=00301,frame_b=00133,bits=01064,qpsk=00532,ofdm=012,pad_q=00044,gap=0,ok=1","trk,seq=00301,pan=114.04,tilt=102.17,sun_pan=129.18,sun_tilt=103.98,err=15.25,state=seeking,ldr=3569/4062/3491/3985",Orin software solar tracker
2026-08-05T09:33:44.224353+00:00,1,,0,302,73,1.25,-0.075,-0.0,trk,0,,,54.987,-0.1,0.1,discharging,27.4936,50.0,seeking,115.017,102.264,127.664,103.16,12.678,0,CRC/QPSK/OFDM,1,0,129,133,1064,532,12,44,960,192,48,"p1br,seq=00302,frame_b=00133,bits=01064,qpsk=00532,ofdm=012,pad_q=00044,gap=0,ok=1","trk,seq=00302,pan=115.02,tilt=102.26,sun_pan=127.66,sun_tilt=103.16,err=12.68,state=seeking,ldr=3626/4042/3587/4003",Orin software solar tracker
2026-08-05T09:33:45.224738+00:00,1,,0,303,73,0.0,-0.1,-0.0,trk,0,,,54.987,-0.1,0.1,discharging,27.4936,50.0,seeking,115.797,102.265,125.842,102.272,10.045,0,CRC/QPSK/OFDM,1,0,129,133,1064,532,12,44,960,192,48,"p1br,seq=00303,frame_b=00133,bits=01064,qpsk=00532,ofdm=012,pad_q=00044,gap=0,ok=1","trk,seq=00303,pan=115.80,tilt=102.27,sun_pan=125.84,sun_tilt=102.27,err=10.04,state=seeking,ldr=3680/4013/3679/4013",Orin software solar tracker
2026-08-05T09:33:46.227983+00:00,1,,0,304,74,1.25,-0.075,-0.0,trk,0,,,54.987,-0.1,0.1,discharging,27.4936,50.0,locked,116.368,102.178,123.73,101.322,7.412,0,CRC/QPSK/OFDM,1,0,129,133,1064,532,12,44,960,192,48,"p1br,seq=00304,frame_b=00133,bits=01064,qpsk=00532,ofdm=012,pad_q=00044,gap=0,ok=1","trk,seq=00304,pan=116.37,tilt=102.18,sun_pan=123.73,sun_tilt=101.32,err=07.41,state=locked,ldr=3729/3974/3766/4012",Orin software solar tracker
2026-08-05T09:33:47.230393+00:00,1,,0,305,74,0.0,-0.05,-0.0,trk,0,,,54.987,-0.1,0.1,discharging,27.4935,50.0,locked,116.727,102.007,121.346,100.314,4.92,0,CRC/QPSK/OFDM,1,0,129,133,1064,532,12,44,960,192,48,"p1br,seq=00305,frame_b=00133,bits=01064,qpsk=00532,ofdm=012,pad_q=00044,gap=0,ok=1","trk,seq=00305,pan=116.73,tilt=102.01,sun_pan=121.35,sun_tilt=100.31,err=04.92,state=locked,ldr=3772/3927/3846/4001",Orin software solar tracker
2026-08-05T09:33:48.230867+00:00,1,,0,306,74,1.25,-0.1,-0.0,trk,0,,,54.987,-0.1,0.1,discharging,27.4935,50.0,locked,116.869,101.751,118.709,99.254,3.102,0,CRC/QPSK/OFDM,1,0,129,133,1064,532,12,44,960,192,48,"p1br,seq=00306,frame_b=00133,bits=01064,qpsk=00532,ofdm=012,pad_q=00044,gap=0,ok=1","trk,seq=00306,pan=116.87,tilt=101.75,sun_pan=118.71,sun_tilt=099.25,err=03.10,state=locked,ldr=3808/3870/3919/3980",Orin software solar tracker
2026-08-05T09:33:49.233165+00:00,1,,0,307,74,2.5,-0.1,-0.0,trk,0,,,54.987,-0.1,0.1,discharging,27.4935,50.0,locked,116.795,101.419,115.839,98.145,3.411,0,CRC/QPSK/OFDM,1,0,129,133,1064,532,12,44,960,192,48,"p1br,seq=00307,frame_b=00133,bits=01064,qpsk=00532,ofdm=012,pad_q=00044,gap=0,ok=1","trk,seq=00307,pan=116.80,tilt=101.42,sun_pan=115.84,sun_tilt=098.14,err=03.41,state=locked,ldr=3837/3805/3981/3949",Orin software solar tracker
2026-08-05T09:33:50.235035+00:00,1,,0,308,74,1.25,-0.075,-0.0,trk,0,,,54.987,-0.1,0.1,discharging,27.4934,50.0,locked,116.506,101.008,112.761,96.992,5.491,0,CRC/QPSK/OFDM,1,0,129,133,1064,532,12,44,960,192,48,"p1br,seq=00308,frame_b=00133,bits=01064,qpsk=00532,ofdm=012,pad_q=00044,gap=0,ok=1","trk,seq=00308,pan=116.51,tilt=101.01,sun_pan=112.76,sun_tilt=096.99,err=05.49,state=locked,ldr=3857/3732/4034/3909",Orin software solar tracker
2026-08-05T09:33:51.247321+00:00,1,,0,309,74,0.0,-0.075,-0.0,trk,0,,,54.987,-0.1,0.1,discharging,27.4934,50.0,locked,116.0,100.526,109.499,95.801,8.037,0,CRC/QPSK/OFDM,1,0,129,133,1064,532,12,44,960,192,48,"p1br,seq=00309,frame_b=00133,bits=01064,qpsk=00532,ofdm=012,pad_q=00044,gap=0,ok=1","trk,seq=00309,pan=116.00,tilt=100.53,sun_pan=109.50,sun_tilt=095.80,err=08.04,state=locked,ldr=3870/3653/4077/3860",Orin software solar tracker
2026-08-05T09:33:52.238594+00:00,1,,0,310,73,1.25,-0.1,-0.0,trk,0,,,54.987,-0.1,0.1,discharging,27.4934,50.0,seeking,115.302,99.99,106.079,94.576,10.695,0,CRC/QPSK/OFDM,1,0,129,133,1064,532,12,44,960,192,48,"p1br,seq=00310,frame_b=00133,bits=01064,qpsk=00532,ofdm=012,pad_q=00044,gap=0,ok=1","trk,seq=00310,pan=115.30,tilt=099.99,sun_pan=106.08,sun_tilt=094.58,err=10.69,state=seeking,ldr=3873/3569/4095/3804",Orin software solar tracker
2026-08-05T09:33:53.240631+00:00,1,,0,311,72,0.0,-0.075,-0.0,trk,0,,,54.987,-0.1,0.1,discharging,27.4933,50.0,seeking,114.421,99.413,102.529,93.322,13.361,0,CRC/QPSK/OFDM,1,0,129,133,1064,532,12,44,960,192,48,"p1br,seq=00311,frame_b=00133,bits=01064,qpsk=00532,ofdm=012,pad_q=00044,gap=0,ok=1","trk,seq=00311,pan=114.42,tilt=099.41,sun_pan=102.53,sun_tilt=093.32,err=13.36,state=seeking,ldr=3869/3480/4095/3741",Orin software solar tracker
2026-08-05T09:33:54.245076+00:00,1,,0,312,71,0.0,-0.05,-0.0,trk,0,,,54.987,-0.1,0.1,discharging,27.4933,50.0,seeking,113.356,98.786,98.878,92.046,15.97,0,CRC/QPSK/OFDM,1,0,129,133,1064,532,12,44,960,192,48,"p1br,seq=00312,frame_b=00133,bits=01064,qpsk=00532,ofdm=012,pad_q=00044,gap=0,ok=1","trk,seq=00312,pan=113.36,tilt=098.79,sun_pan=098.88,sun_tilt=092.05,err=15.97,state=seeking,ldr=3857/3389/4095/3674",Orin software solar tracker
2026-08-05T09:33:55.245863+00:00,1,,0,313,70,0.0,-0.075,-0.0,trk,0,,,54.987,-0.1,0.1,discharging,27.4933,50.0,seeking,112.101,98.101,95.154,90.752,18.472,0,CRC/QPSK/OFDM,1,0,129,133,1064,532,12,44,960,192,48,"p1br,seq=00313,frame_b=00133,bits=01064,qpsk=00532,ofdm=012,pad_q=00044,gap=0,ok=1","trk,seq=00313,pan=112.10,tilt=098.10,sun_pan=095.15,sun_tilt=090.75,err=18.47,state=seeking,ldr=3838/3296/4095/3603",Orin software solar tracker
2026-08-05T09:33:56.249093+00:00,1,,0,314,69,1.25,-0.075,-0.0,trk,0,,,54.987,-0.1,0.1,discharging,27.4933,50.0,seeking,110.659,97.353,91.389,89.446,20.828,0,CRC/QPSK/OFDM,1,0,129,133,1064,532,12,44,960,192,48,"p1br,seq=00314,frame_b=00133,bits=01064,qpsk=00532,ofdm=012,pad_q=00044,gap=0,ok=1","trk,seq=00314,pan=110.66,tilt=097.35,sun_pan=091.39,sun_tilt=089.45,err=20.83,state=seeking,ldr=3813/3204/4095/3531",Orin software solar tracker
2026-08-05T09:33:57.249353+00:00,1,,0,315,67,0.0,-0.075,-0.0,trk,0,,,54.986,-0.1,0.1,discharging,27.4932,50.0,seeking,109.037,96.54,87.613,88.134,23.013,0,CRC/QPSK/OFDM,1,0,129,133,1064,532,12,44,960,192,48,"p1br,seq=00315,frame_b=00133,bits=01064,qpsk=00532,ofdm=012,pad_q=00044,gap=0,ok=1","trk,seq=00315,pan=109.04,tilt=096.54,sun_pan=087.61,sun_tilt=088.13,err=23.01,state=seeking,ldr=3785/3117/4095/3460",Orin software solar tracker
2026-08-05T09:33:58.251701+00:00,1,,0,316,66,0.0,-0.1,-0.0,trk,0,,,54.986,-0.1,0.1,discharging,27.4932,50.0,seeking,107.241,95.66,83.854,86.821,25.001,0,CRC/QPSK/OFDM,1,0,129,133,1064,532,12,44,960,192,48,"p1br,seq=00316,frame_b=00133,bits=01064,qpsk=00532,ofdm=012,pad_q=00044,gap=0,ok=1","trk,seq=00316,pan=107.24,tilt=095.66,sun_pan=083.85,sun_tilt=086.82,err=25.00,state=seeking,ldr=3754/3034/4095/3391",Orin software solar tracker
2026-08-05T09:33:59.254903+00:00,1,,0,317,64,0.0,-0.1,-0.0,trk,0,,,54.986,-0.1,0.1,discharging,27.4932,50.0,seeking,105.29,94.72,80.147,85.514,26.776,0,CRC/QPSK/OFDM,1,0,129,133,1064,532,12,44,960,192,48,"p1br,seq=00317,frame_b=00133,bits=01064,qpsk=00532,ofdm=012,pad_q=00044,gap=0,ok=1","trk,seq=00317,pan=105.29,tilt=094.72,sun_pan=080.15,sun_tilt=085.51,err=26.78,state=seeking,ldr=3723/2959/4091/3327",Orin software solar tracker
2026-08-05T09:34:00.256960+00:00,1,,0,318,62,1.25,-0.125,-0.0,trk,0,,,54.986,-0.1,0.1,discharging,27.4931,50.0,seeking,103.217,93.748,76.519,84.217,28.348,0,CRC/QPSK/OFDM,1,0,129,133,1064,532,12,44,960,192,48,"p1br,seq=00318,frame_b=00133,bits=01064,qpsk=00532,ofdm=012,pad_q=00044,gap=0,ok=1","trk,seq=00318,pan=103.22,tilt=093.75,sun_pan=076.52,sun_tilt=084.22,err=28.35,state=seeking,ldr=3694/2892/4070/3268",Orin software solar tracker
2026-08-05T09:34:01.257852+00:00,1,,0,319,60,1.25,-0.1,-0.0,trk,0,,,54.986,-0.1,0.1,discharging,27.4931,50.0,seeking,101.041,92.749,73.001,82.937,29.707,0,CRC/QPSK/OFDM,1,0,129,133,1064,532,12,44,960,192,48,"p1br,seq=00319,frame_b=00133,bits=01064,qpsk=00532,ofdm=012,pad_q=00044,gap=0,ok=1","trk,seq=00319,pan=101.04,tilt=092.75,sun_pan=073.00,sun_tilt=082.94,err=29.71,state=seeking,ldr=3666/2834/4048/3216",Orin software solar tracker
2026-08-05T09:34:02.259039+00:00,1,,0,320,58,1.25,-0.1,-0.0,trk,0,,,54.986,-0.1,0.1,discharging,27.4931,50.0,seeking,98.776,91.724,69.62,81.678,30.838,0,CRC/QPSK/OFDM,1,0,129,133,1064,532,12,44,960,192,48,"p1br,seq=00320,frame_b=00133,bits=01064,qpsk=00532,ofdm=012,pad_q=00044,gap=0,ok=1","trk,seq=00320,pan=098.78,tilt=091.72,sun_pan=069.62,sun_tilt=081.68,err=30.84,state=seeking,ldr=3641/2784/4029/3172",Orin software solar tracker
2026-08-05T09:34:03.260840+00:00,1,,0,321,56,2.5,-0.075,-0.0,trk,0,,,54.986,-0.1,0.1,discharging,27.4931,50.0,seeking,96.445,90.679,66.404,80.447,31.737,0,CRC/QPSK/OFDM,1,0,129,133,1064,532,12,44,960,192,48,"p1br,seq=00321,frame_b=00133,bits=01064,qpsk=00532,ofdm=012,pad_q=00044,gap=0,ok=1","trk,seq=00321,pan=096.45,tilt=090.68,sun_pan=066.40,sun_tilt=080.45,err=31.74,state=seeking,ldr=3620/2745/4012/3137",Orin software solar tracker
2026-08-05T09:34:04.263030+00:00,1,,0,322,54,1.25,-0.1,-0.0,trk,0,,,54.986,-0.1,0.1,discharging,27.493,50.0,seeking,94.065,89.621,63.378,79.248,32.393,0,CRC/QPSK/OFDM,1,0,129,133,1064,532,12,44,960,192,48,"p1br,seq=00322,frame_b=00133,bits=01064,qpsk=00532,ofdm=012,pad_q=00044,gap=0,ok=1","trk,seq=00322,pan=094.07,tilt=089.62,sun_pan=063.38,sun_tilt=079.25,err=32.39,state=seeking,ldr=3604/2716/3999/3111",Orin software solar tracker
2026-08-05T09:34:05.265475+00:00,1,,0,323,52,0.0,-0.1,-0.0,trk,0,,,54.986,-0.1,0.1,discharging,27.493,50.0,seeking,91.652,88.553,60.568,78.087,32.799,0,CRC/QPSK/OFDM,1,0,129,133,1064,532,12,44,960,192,48,"p1br,seq=00323,frame_b=00133,bits=01064,qpsk=00532,ofdm=012,pad_q=00044,gap=0,ok=1","trk,seq=00323,pan=091.65,tilt=088.55,sun_pan=060.57,sun_tilt=078.09,err=32.80,state=seeking,ldr=3594/2698/3991/3094",Orin software solar tracker
2026-08-05T09:34:06.267050+00:00,1,,0,324,49,1.25,-0.1,-0.0,trk,0,,,54.986,-0.1,0.1,discharging,27.493,50.0,seeking,89.227,87.481,57.996,76.969,32.953,0,CRC/QPSK/OFDM,1,0,129,133,1064,532,12,44,960,192,48,"p1br,seq=00324,frame_b=00133,bits=01064,qpsk=00532,ofdm=012,pad_q=00044,gap=0,ok=1","trk,seq=00324,pan=089.23,tilt=087.48,sun_pan=058.00,sun_tilt=076.97,err=32.95,state=seeking,ldr=3590/2690/3988/3088",Orin software solar tracker
2026-08-05T09:34:07.270155+00:00,1,,0,325,47,1.25,-0.075,-0.0,trk,0,,,54.986,-0.1,0.1,discharging,27.4929,50.0,seeking,86.811,86.409,55.682,75.898,32.856,0,CRC/QPSK/OFDM,1,0,129,133,1064,532,12,44,960,192,48,"p1br,seq=00325,frame_b=00133,bits=01064,qpsk=00532,ofdm=012,pad_q=00044,gap=0,ok=1","trk,seq=00325,pan=086.81,tilt=086.41,sun_pan=055.68,sun_tilt=075.90,err=32.86,state=seeking,ldr=3592/2695/3990/3093",Orin software solar tracker
2026-08-05T09:34:08.273339+00:00,1,,0,326,45,0.0,-0.05,-0.0,trk,0,,,54.986,-0.1,0.1,discharging,27.4929,50.0,seeking,84.423,85.344,53.646,74.879,32.507,0,CRC/QPSK/OFDM,1,0,129,133,1064,532,12,44,960,192,48,"p1br,seq=00326,frame_b=00133,bits=01064,qpsk=00532,ofdm=012,pad_q=00044,gap=0,ok=1","trk,seq=00326,pan=084.42,tilt=085.34,sun_pan=053.65,sun_tilt=074.88,err=32.51,state=seeking,ldr=3600/2710/3997/3107",Orin software solar tracker
2026-08-05T09:34:09.274471+00:00,1,,0,327,43,1.25,-0.075,-0.0,trk,0,,,54.986,-0.1,0.1,discharging,27.4929,50.0,seeking,82.081,84.286,51.903,73.917,31.909,0,CRC/QPSK/OFDM,1,0,129,133,1064,532,12,44,960,192,48,"p1br,seq=00327,frame_b=00133,bits=01064,qpsk=00532,ofdm=012,pad_q=00044,gap=0,ok=1","trk,seq=00327,pan=082.08,tilt=084.29,sun_pan=051.90,sun_tilt=073.92,err=31.91,state=seeking,ldr=3613/2736/4010/3132",Orin software solar tracker
2026-08-05T09:34:10.276922+00:00,1,,0,328,41,1.25,-0.1,-0.0,trk,0,,,54.986,-0.1,0.1,discharging,27.4929,50.0,seeking,79.806,83.241,50.469,73.016,31.067,0,CRC/QPSK/OFDM,1,0,129,133,1064,532,12,44,960,192,48,"p1br,seq=00328,frame_b=00133,bits=01064,qpsk=00532,ofdm=012,pad_q=00044,gap=0,ok=1","trk,seq=00328,pan=079.81,tilt=083.24,sun_pan=050.47,sun_tilt=073.02,err=31.07,state=seeking,ldr=3632/2772/4026/3167",Orin software solar tracker
2026-08-05T09:34:11.277788+00:00,1,,0,329,39,1.25,-0.075,-0.0,trk,0,,,54.986,-0.1,0.1,discharging,27.4928,50.0,seeking,77.614,82.216,49.355,72.179,29.989,0,CRC/QPSK/OFDM,1,0,129,133,1064,532,12,44,960,192,48,"p1br,seq=00329,frame_b=00133,bits=01064,qpsk=00532,ofdm=012,pad_q=00044,gap=0,ok=1","trk,seq=00329,pan=077.61,tilt=082.22,sun_pan=049.35,sun_tilt=072.18,err=29.99,state=seeking,ldr=3655/2819/4046/3210",Orin software solar tracker
2026-08-05T09:34:12.281405+00:00,1,,0,330,37,0.0,-0.075,-0.0,trk,0,,,54.986,-0.1,0.1,discharging,27.4928,50.0,seeking,75.521,81.215,48.568,71.41,28.681,0,CRC/QPSK/OFDM,1,0,129,133,1064,532,12,44,960,192,48,"p1br,seq=00330,frame_b=00133,bits=01064,qpsk=00532,ofdm=012,pad_q=00044,gap=0,ok=1","trk,seq=00330,pan=075.52,tilt=081.22,sun_pan=048.57,sun_tilt=071.41,err=28.68,state=seeking,ldr=3682/2875/4068/3261",Orin software solar tracker
2026-08-05T09:34:13.281433+00:00,1,,0,331,35,1.25,-0.075,-0.0,trk,0,,,54.986,-0.1,0.1,discharging,27.4928,50.0,seeking,73.547,80.242,48.117,70.713,27.156,0,CRC/QPSK/OFDM,1,0,129,133,1064,532,12,44,960,192,48,"p1br,seq=00331,frame_b=00133,bits=01064,qpsk=00532,ofdm=012,pad_q=00044,gap=0,ok=1","trk,seq=00331,pan=073.55,tilt=080.24,sun_pan=048.12,sun_tilt=070.71,err=27.16,state=seeking,ldr=3710/2939/4090/3319",Orin software solar tracker
2026-08-05T09:34:14.286033+00:00,1,,0,332,33,1.25,-0.075,-0.0,trk,0,,,54.985,-0.1,0.1,discharging,27.4927,50.0,seeking,71.725,79.321,48.005,70.09,25.453,0,CRC/QPSK/OFDM,1,0,129,133,1064,532,12,44,960,192,48,"p1br,seq=00332,frame_b=00133,bits=01064,qpsk=00532,ofdm=012,pad_q=00044,gap=0,ok=1","trk,seq=00332,pan=071.73,tilt=079.32,sun_pan=048.00,sun_tilt=070.09,err=25.45,state=seeking,ldr=3739/3011/4095/3383",Orin software solar tracker
2026-08-05T09:34:15.285643+00:00,1,,0,333,32,0.0,-0.075,-0.0,trk,0,,,54.985,-0.1,0.1,discharging,27.4927,50.0,seeking,70.073,78.456,48.232,69.545,23.589,0,CRC/QPSK/OFDM,1,0,129,133,1064,532,12,44,960,192,48,"p1br,seq=00333,frame_b=00133,bits=01064,qpsk=00532,ofdm=012,pad_q=00044,gap=0,ok=1","trk,seq=00333,pan=070.07,tilt=078.46,sun_pan=048.23,sun_tilt=069.54,err=23.59,state=seeking,ldr=3766/3088/4095/3451",Orin software solar tracker
2026-08-05T09:34:16.288521+00:00,1,,0,334,31,1.25,-0.1,-0.0,trk,0,,,54.985,-0.1,0.1,discharging,27.4927,50.0,seeking,68.594,77.645,48.796,69.079,21.572,0,CRC/QPSK/OFDM,1,0,129,133,1064,532,12,44,960,192,48,"p1br,seq=00334,frame_b=00133,bits=01064,qpsk=00532,ofdm=012,pad_q=00044,gap=0,ok=1","trk,seq=00334,pan=068.59,tilt=077.64,sun_pan=048.80,sun_tilt=069.08,err=21.57,state=seeking,ldr=3791/3168/4095/3521",Orin software solar tracker
2026-08-05T09:34:17.290698+00:00,1,,0,335,29,0.0,-0.075,-0.0,trk,0,,,54.985,-0.1,0.1,discharging,27.4926,50.0,seeking,67.298,76.883,49.694,68.694,19.416,0,CRC/QPSK/OFDM,1,0,129,133,1064,532,12,44,960,192,48,"p1br,seq=00335,frame_b=00133,bits=01064,qpsk=00532,ofdm=012,pad_q=00044,gap=0,ok=1","trk,seq=00335,pan=067.30,tilt=076.88,sun_pan=049.69,sun_tilt=068.69,err=19.42,state=seeking,ldr=3811/3252/4095/3592",Orin software solar tracker
2026-08-05T09:34:18.292842+00:00,1,,0,336,28,1.25,-0.075,-0.0,trk,0,,,54.985,-0.1,0.1,discharging,27.4926,50.0,seeking,66.185,76.165,50.918,68.393,17.132,0,CRC/QPSK/OFDM,1,0,129,133,1064,532,12,44,960,192,48,"p1br,seq=00336,frame_b=00133,bits=01064,qpsk=00532,ofdm=012,pad_q=00044,gap=0,ok=1","trk,seq=00336,pan=066.18,tilt=076.17,sun_pan=050.92,sun_tilt=068.39,err=17.13,state=seeking,ldr=3827/3336/4095/3663",Orin software solar tracker
2026-08-05T09:34:19.305303+00:00,1,,0,337,28,1.25,-0.075,-0.0,trk,0,,,54.985,-0.1,0.1,discharging,27.4926,50.0,seeking,65.258,75.486,52.457,68.177,14.741,0,CRC/QPSK/OFDM,1,0,129,133,1064,532,12,44,960,192,48,"p1br,seq=00337,frame_b=00133,bits=01064,qpsk=00532,ofdm=012,pad_q=00044,gap=0,ok=1","trk,seq=00337,pan=065.26,tilt=075.49,sun_pan=052.46,sun_tilt=068.18,err=14.74,state=seeking,ldr=3837/3422/4095/3733",Orin software solar tracker
2026-08-05T09:34:20.297954+00:00,1,,0,338,27,0.0,-0.075,-0.0,trk,0,,,54.985,-0.1,0.1,discharging,27.4926,50.0,seeking,64.511,74.842,54.3,68.045,12.266,0,CRC/QPSK/OFDM,1,0,129,133,1064,532,12,44,960,192,48,"p1br,seq=00338,frame_b=00133,bits=01064,qpsk=00532,ofdm=012,pad_q=00044,gap=0,ok=1","trk,seq=00338,pan=064.51,tilt=074.84,sun_pan=054.30,sun_tilt=068.05,err=12.27,state=seeking,ldr=3841/3506/4095/3798",Orin software solar tracker
2026-08-05T09:34:21.297170+00:00,1,,0,339,26,0.0,-0.1,-0.0,trk,0,,,54.985,-0.1,0.1,discharging,27.4925,50.0,locked,63.945,74.224,56.432,68.0,9.756,0,CRC/QPSK/OFDM,1,0,129,133,1064,532,12,44,960,192,48,"p1br,seq=00339,frame_b=00133,bits=01064,qpsk=00532,ofdm=012,pad_q=00044,gap=0,ok=1","trk,seq=00339,pan=063.95,tilt=074.22,sun_pan=056.43,sun_tilt=068.00,err=09.76,state=locked,ldr=3837/3589/4095/3859",Orin software solar tracker
2026-08-05T09:34:22.301965+00:00,1,,0,340,26,1.25,-0.1,-0.0,trk,0,,,54.985,-0.1,0.1,discharging,27.4925,50.0,locked,63.578,73.652,58.835,68.041,7.347,0,CRC/QPSK/OFDM,1,0,129,133,1064,532,12,44,960,192,48,"p1br,seq=00340,frame_b=00133,bits=01064,qpsk=00532,ofdm=012,pad_q=00044,gap=0,ok=1","trk,seq=00340,pan=063.58,tilt=073.65,sun_pan=058.83,sun_tilt=068.04,err=07.35,state=locked,ldr=3826/3668/4072/3914",Orin software solar tracker
2026-08-05T09:34:23.306962+00:00,1,,0,341,26,1.25,-0.075,-0.0,trk,0,,,54.985,-0.1,0.1,discharging,27.4925,50.0,locked,63.427,73.144,61.489,68.168,5.34,0,CRC/QPSK/OFDM,1,0,129,133,1064,532,12,44,960,192,48,"p1br,seq=00341,frame_b=00133,bits=01064,qpsk=00532,ofdm=012,pad_q=00044,gap=0,ok=1","trk,seq=00341,pan=063.43,tilt=073.14,sun_pan=061.49,sun_tilt=068.17,err=05.34,state=locked,ldr=3807/3742/4026/3961",Orin software solar tracker
2026-08-05T09:34:24.309687+00:00,1,,0,342,26,1.25,-0.1,-0.0,trk,0,,,54.985,-0.1,0.1,discharging,27.4924,50.0,locked,63.495,72.703,64.375,68.38,4.412,0,CRC/QPSK/OFDM,1,0,129,133,1064,532,12,44,960,192,48,"p1br,seq=00342,frame_b=00133,bits=01064,qpsk=00532,ofdm=012,pad_q=00044,gap=0,ok=1","trk,seq=00342,pan=063.50,tilt=072.70,sun_pan=064.37,sun_tilt=068.38,err=04.41,state=locked,ldr=3779/3808/3969/3999",Orin software solar tracker
2026-08-05T09:34:25.304922+00:00,1,,0,343,26,1.25,-0.075,-0.0,trk,0,,,54.985,-0.1,0.1,discharging,27.4924,50.0,locked,63.78,72.33,67.467,68.677,5.19,0,CRC/QPSK/OFDM,1,0,129,133,1064,532,12,44,960,192,48,"p1br,seq=00343,frame_b=00133,bits=01064,qpsk=00532,ofdm=012,pad_q=00044,gap=0,ok=1","trk,seq=00343,pan=063.78,tilt=072.33,sun_pan=067.47,sun_tilt=068.68,err=05.19,state=locked,ldr=3743/3866/3904/4027",Orin software solar tracker
2026-08-05T09:34:26.315129+00:00,1,,0,344,27,0.0,-0.075,-0.0,trk,0,,,54.985,-0.1,0.1,discharging,27.4924,50.0,locked,64.282,72.026,70.742,69.057,7.109,0,CRC/QPSK/OFDM,1,0,129,133,1064,532,12,44,960,192,48,"p1br,seq=00344,frame_b=00133,bits=01064,qpsk=00532,ofdm=012,pad_q=00044,gap=0,ok=1","trk,seq=00344,pan=064.28,tilt=072.03,sun_pan=070.74,sun_tilt=069.06,err=07.11,state=locked,ldr=3699/3915/3830/4046",Orin software solar tracker
2026-08-05T09:34:27.310305+00:00,1,,0,345,27,1.25,-0.1,-0.0,trk,0,,,54.985,-0.1,0.1,discharging,27.4924,50.0,locked,64.995,71.794,74.172,69.519,9.455,0,CRC/QPSK/OFDM,1,0,129,133,1064,532,12,44,960,192,48,"p1br,seq=00345,frame_b=00133,bits=01064,qpsk=00532,ofdm=012,pad_q=00044,gap=0,ok=1","trk,seq=00345,pan=064.99,tilt=071.79,sun_pan=074.17,sun_tilt=069.52,err=09.46,state=locked,ldr=3650/3955/3749/4054",Orin software solar tracker
2026-08-05T09:34:28.319301+00:00,1,,0,346,28,1.25,-0.075,-0.0,trk,0,,,54.985,-0.1,0.1,discharging,27.4923,50.0,seeking,65.911,71.633,77.73,70.061,11.923,0,CRC/QPSK/OFDM,1,0,129,133,1064,532,12,44,960,192,48,"p1br,seq=00346,frame_b=00133,bits=01064,qpsk=00532,ofdm=012,pad_q=00044,gap=0,ok=1","trk,seq=00346,pan=065.91,tilt=071.63,sun_pan=077.73,sun_tilt=070.06,err=11.92,state=seeking,ldr=3595/3985/3664/4053",Orin software solar tracker
2026-08-05T09:34:29.313097+00:00,1,,0,347,29,1.25,-0.1,-0.0,trk,0,,,54.985,-0.1,0.1,discharging,27.4923,50.0,seeking,67.026,71.544,81.388,70.679,14.387,0,CRC/QPSK/OFDM,1,0,129,133,1064,532,12,44,960,192,48,"p1br,seq=00347,frame_b=00133,bits=01064,qpsk=00532,ofdm=012,pad_q=00044,gap=0,ok=1","trk,seq=00347,pan=067.03,tilt=071.54,sun_pan=081.39,sun_tilt=070.68,err=14.39,state=seeking,ldr=3537/4006/3574/4044",Orin software solar tracker
2026-08-05T09:34:30.316235+00:00,1,,0,348,30,0.0,-0.075,-0.0,trk,0,,,54.985,-0.1,0.1,discharging,27.4923,50.0,seeking,68.329,71.527,85.115,71.373,16.786,0,CRC/QPSK/OFDM,1,0,129,133,1064,532,12,44,960,192,48,"p1br,seq=00348,frame_b=00133,bits=01064,qpsk=00532,ofdm=012,pad_q=00044,gap=0,ok=1","trk,seq=00348,pan=068.33,tilt=071.53,sun_pan=085.11,sun_tilt=071.37,err=16.79,state=seeking,ldr=3476/4019/3483/4026",Orin software solar tracker
2026-08-05T09:34:31.317695+00:00,1,,0,349,32,1.25,-0.1,-0.0,trk,0,,,54.984,-0.1,0.1,discharging,27.4922,50.0,seeking,69.81,71.583,88.881,72.138,19.08,0,CRC/QPSK/OFDM,1,0,129,133,1064,532,12,44,960,192,48,"p1br,seq=00349,frame_b=00133,bits=01064,qpsk=00532,ofdm=012,pad_q=00044,gap=0,ok=1","trk,seq=00349,pan=069.81,tilt=071.58,sun_pan=088.88,sun_tilt=072.14,err=19.08,state=seeking,ldr=3415/4025/3392/4002",Orin software solar tracker
2026-08-05T09:34:32.321282+00:00,1,,0,350,33,1.25,-0.075,-0.0,trk,0,,,54.984,-0.1,0.1,discharging,27.4922,50.0,seeking,71.456,74.489,92.657,102.976,35.51,0,CRC/QPSK/OFDM,1,0,129,133,1064,532,12,44,960,192,48,"p1br,seq=00350,frame_b=00133,bits=01064,qpsk=00532,ofdm=012,pad_q=00044,gap=0,ok=1","trk,seq=00350,pan=071.46,tilt=074.49,sun_pan=092.66,sun_tilt=102.98,err=35.51,state=seeking,ldr=3463/4055/2418/3010",Orin software solar tracker
2026-08-05T09:34:33.321619+00:00,1,,0,351,35,1.25,-0.075,-0.0,trk,0,,,54.984,-0.1,0.1,discharging,27.4922,50.0,seeking,73.253,77.204,96.411,103.813,35.275,0,CRC/QPSK/OFDM,1,0,129,133,1064,532,12,44,960,192,48,"p1br,seq=00351,frame_b=00133,bits=01064,qpsk=00532,ofdm=012,pad_q=00044,gap=0,ok=1","trk,seq=00351,pan=073.25,tilt=077.20,sun_pan=096.41,sun_tilt=103.81,err=35.28,state=seeking,ldr=3413/4061/2433/3082",Orin software solar tracker
2026-08-05T09:34:34.358644+00:00,1,,0,352,37,1.25,-0.075,-0.0,trk,0,,,54.984,-0.1,0.1,discharging,27.4921,50.0,seeking,75.186,79.737,100.114,104.582,35.195,0,CRC/QPSK/OFDM,1,0,129,133,1064,532,12,44,960,192,48,"p1br,seq=00352,frame_b=00133,bits=01064,qpsk=00532,ofdm=012,pad_q=00044,gap=0,ok=1","trk,seq=00352,pan=075.19,tilt=079.74,sun_pan=100.11,sun_tilt=104.58,err=35.19,state=seeking,ldr=3361/4059/2445/3144",Orin software solar tracker
2026-08-05T09:34:35.347371+00:00,1,,0,353,38,1.25,-0.075,-0.0,trk,0,,,54.984,-0.1,0.1,discharging,27.4921,50.0,seeking,77.243,82.101,103.735,105.28,35.201,0,CRC/QPSK/OFDM,1,0,129,133,1064,532,12,44,960,192,48,"p1br,seq=00353,frame_b=00133,bits=01064,qpsk=00532,ofdm=012,pad_q=00044,gap=0,ok=1","trk,seq=00353,pan=077.24,tilt=082.10,sun_pan=103.74,sun_tilt=105.28,err=35.20,state=seeking,ldr=3309/4053/2455/3198",Orin software solar tracker
2026-08-05T09:34:36.330855+00:00,1,,0,354,40,0.0,-0.075,-0.0,trk,0,,,54.984,-0.1,0.1,discharging,27.4921,50.0,seeking,79.403,84.305,107.245,105.904,35.237,0,CRC/QPSK/OFDM,1,0,129,133,1064,532,12,44,960,192,48,"p1br,seq=00354,frame_b=00133,bits=01064,qpsk=00532,ofdm=012,pad_q=00044,gap=0,ok=1","trk,seq=00354,pan=079.40,tilt=084.31,sun_pan=107.24,sun_tilt=105.90,err=35.24,state=seeking,ldr=3262/4043/2465/3246",Orin software solar tracker
2026-08-05T09:34:37.330332+00:00,1,,0,355,42,1.25,-0.075,-0.0,trk,0,,,54.984,-0.1,0.1,discharging,27.4921,50.0,seeking,81.649,86.356,110.615,106.45,35.253,0,CRC/QPSK/OFDM,1,0,129,133,1064,532,12,44,960,192,48,"p1br,seq=00355,frame_b=00133,bits=01064,qpsk=00532,ofdm=012,pad_q=00044,gap=0,ok=1","trk,seq=00355,pan=081.65,tilt=086.36,sun_pan=110.61,sun_tilt=106.45,err=35.25,state=seeking,ldr=3219/4032/2478/3290",Orin software solar tracker
2026-08-05T09:34:38.357945+00:00,1,,0,356,45,0.0,-0.075,-0.0,trk,0,,,54.984,-0.1,0.1,discharging,27.492,50.0,seeking,83.966,88.261,113.818,106.917,35.202,0,CRC/QPSK/OFDM,1,0,129,133,1064,532,12,44,960,192,48,"p1br,seq=00356,frame_b=00133,bits=01064,qpsk=00532,ofdm=012,pad_q=00044,gap=0,ok=1","trk,seq=00356,pan=083.97,tilt=088.26,sun_pan=113.82,sun_tilt=106.92,err=35.20,state=seeking,ldr=3183/4022/2494/3332",Orin software solar tracker
2026-08-05T09:34:39.334141+00:00,1,,0,357,47,0.0,-0.075,-0.0,trk,0,,,54.984,-0.1,0.1,discharging,27.492,50.0,seeking,86.333,90.024,116.829,107.302,35.051,0,CRC/QPSK/OFDM,1,0,129,133,1064,532,12,44,960,192,48,"p1br,seq=00357,frame_b=00133,bits=01064,qpsk=00532,ofdm=012,pad_q=00044,gap=0,ok=1","trk,seq=00357,pan=086.33,tilt=090.02,sun_pan=116.83,sun_tilt=107.30,err=35.05,state=seeking,ldr=3155/4013/2515/3374",Orin software solar tracker
2026-08-05T09:34:40.339105+00:00,1,,0,358,49,1.25,-0.1,-0.0,trk,0,,,54.984,-0.1,0.1,discharging,27.492,50.0,seeking,88.729,91.651,119.623,107.604,34.77,0,CRC/QPSK/OFDM,1,0,129,133,1064,532,12,44,960,192,48,"p1br,seq=00358,frame_b=00133,bits=01064,qpsk=00532,ofdm=012,pad_q=00044,gap=0,ok=1","trk,seq=00358,pan=088.73,tilt=091.65,sun_pan=119.62,sun_tilt=107.60,err=34.77,state=seeking,ldr=3135/4007/2543/3415",Orin software solar tracker
2026-08-05T09:34:41.337092+00:00,1,,0,359,51,0.0,-0.1,-0.0,trk,0,,,54.984,-0.1,0.1,discharging,27.4919,50.0,seeking,91.137,93.148,122.176,107.822,34.332,0,CRC/QPSK/OFDM,1,0,129,133,1064,532,12,44,960,192,48,"p1br,seq=00359,frame_b=00133,bits=01064,qpsk=00532,ofdm=012,pad_q=00044,gap=0,ok=1","trk,seq=00359,pan=091.14,tilt=093.15,sun_pan=122.18,sun_tilt=107.82,err=34.33,state=seeking,ldr=3124/4005/2577/3457",Orin software solar tracker
2026-08-05T09:34:42.339956+00:00,1,,0,360,53,1.25,-0.1,-0.0,trk,0,,,54.984,-0.1,0.1,discharging,27.4919,50.0,seeking,93.537,94.52,124.469,107.954,33.723,0,CRC/QPSK/OFDM,1,0,129,133,1064,532,12,44,960,192,48,"p1br,seq=00360,frame_b=00133,bits=01064,qpsk=00532,ofdm=012,pad_q=00044,gap=0,ok=1","trk,seq=00360,pan=093.54,tilt=094.52,sun_pan=124.47,sun_tilt=107.95,err=33.72,state=seeking,ldr=3123/4006/2618/3501",Orin software solar tracker
2026-08-05T09:34:43.346655+00:00,1,,0,361,55,1.25,-0.075,-0.0,trk,0,,,54.984,-0.1,0.1,discharging,27.4919,50.0,seeking,95.909,95.768,126.485,108.0,32.932,0,CRC/QPSK/OFDM,1,0,129,133,1064,532,12,44,960,192,48,"p1br,seq=00361,frame_b=00133,bits=01064,qpsk=00532,ofdm=012,pad_q=00044,gap=0,ok=1","trk,seq=00361,pan=095.91,tilt=095.77,sun_pan=126.49,sun_tilt=108.00,err=32.93,state=seeking,ldr=3130/4010/2667/3547",Orin software solar tracker
2026-08-05T09:34:44.343007+00:00,1,,0,362,57,0.0,-0.075,-0.0,trk,0,,,54.984,-0.1,0.1,discharging,27.4919,50.0,seeking,98.235,96.898,128.206,107.96,31.948,0,CRC/QPSK/OFDM,1,0,129,133,1064,532,12,44,960,192,48,"p1br,seq=00362,frame_b=00133,bits=01064,qpsk=00532,ofdm=012,pad_q=00044,gap=0,ok=1","trk,seq=00362,pan=098.23,tilt=096.90,sun_pan=128.21,sun_tilt=107.96,err=31.95,state=seeking,ldr=3147/4018/2724/3595",Orin software solar tracker
2026-08-05T09:34:45.346128+00:00,1,,0,363,60,0.0,-0.075,-0.0,trk,0,,,54.984,-0.1,0.1,discharging,27.4918,50.0,seeking,100.494,97.912,129.619,107.834,30.768,0,CRC/QPSK/OFDM,1,0,129,133,1064,532,12,44,960,192,48,"p1br,seq=00363,frame_b=00133,bits=01064,qpsk=00532,ofdm=012,pad_q=00044,gap=0,ok=1","trk,seq=00363,pan=100.49,tilt=097.91,sun_pan=129.62,sun_tilt=107.83,err=30.77,state=seeking,ldr=3173/4029/2789/3645",Orin software solar tracker
2026-08-05T09:34:46.349855+00:00,1,,0,364,62,0.0,-0.075,-0.0,trk,0,,,54.984,-0.1,0.1,discharging,27.4918,50.0,seeking,102.671,98.81,130.711,107.623,29.392,0,CRC/QPSK/OFDM,1,0,129,133,1064,532,12,44,960,192,48,"p1br,seq=00364,frame_b=00133,bits=01064,qpsk=00532,ofdm=012,pad_q=00044,gap=0,ok=1","trk,seq=00364,pan=102.67,tilt=098.81,sun_pan=130.71,sun_tilt=107.62,err=29.39,state=seeking,ldr=3206/4040/2861/3696",Orin software solar tracker
2026-08-05T09:34:47.348740+00:00,1,,0,365,63,1.25,-0.1,-0.0,trk,0,,,54.984,-0.1,0.1,discharging,27.4918,50.0,seeking,104.744,99.599,131.474,107.327,27.824,0,CRC/QPSK/OFDM,1,0,129,133,1064,532,12,44,960,192,48,"p1br,seq=00365,frame_b=00133,bits=01064,qpsk=00532,ofdm=012,pad_q=00044,gap=0,ok=1","trk,seq=00365,pan=104.74,tilt=099.60,sun_pan=131.47,sun_tilt=107.33,err=27.82,state=seeking,ldr=3247/4053/2941/3746",Orin software solar tracker
2026-08-05T09:34:48.350718+00:00,1,,0,366,65,0.0,-0.075,-0.0,trk,0,,,54.983,-0.1,0.1,discharging,27.4917,50.0,seeking,106.699,100.279,131.901,106.948,26.07,0,CRC/QPSK/OFDM,1,0,129,133,1064,532,12,44,960,192,48,"p1br,seq=00366,frame_b=00133,bits=01064,qpsk=00532,ofdm=012,pad_q=00044,gap=0,ok=1","trk,seq=00366,pan=106.70,tilt=100.28,sun_pan=131.90,sun_tilt=106.95,err=26.07,state=seeking,ldr=3294/4064/3026/3796",Orin software solar tracker
2026-08-05T09:34:49.352776+00:00,1,,0,367,67,1.25,-0.075,-0.0,trk,0,,,54.983,-0.1,0.1,discharging,27.4917,50.0,seeking,108.52,100.854,131.99,106.487,24.136,0,CRC/QPSK/OFDM,1,0,129,133,1064,532,12,44,960,192,48,"p1br,seq=00367,frame_b=00133,bits=01064,qpsk=00532,ofdm=012,pad_q=00044,gap=0,ok=1","trk,seq=00367,pan=108.52,tilt=100.85,sun_pan=131.99,sun_tilt=106.49,err=24.14,state=seeking,ldr=3346/4073/3116/3844",Orin software solar tracker
2026-08-05T09:34:50.355227+00:00,1,,0,368,68,1.25,-0.075,-0.0,trk,0,,,54.983,-0.1,0.1,discharging,27.4917,50.0,seeking,110.192,101.326,131.74,105.946,22.038,0,CRC/QPSK/OFDM,1,0,129,133,1064,532,12,44,960,192,48,"p1br,seq=00368,frame_b=00133,bits=01064,qpsk=00532,ofdm=012,pad_q=00044,gap=0,ok=1","trk,seq=00368,pan=110.19,tilt=101.33,sun_pan=131.74,sun_tilt=105.95,err=22.04,state=seeking,ldr=3402/4079/3211/3888",Orin software solar tracker
2026-08-05T09:34:51.358009+00:00,1,,0,369,70,1.25,-0.1,-0.0,trk,0,,,54.983,-0.1,0.1,discharging,27.4917,50.0,seeking,111.703,101.696,131.152,105.328,19.786,0,CRC/QPSK/OFDM,1,0,129,133,1064,532,12,44,960,192,48,"p1br,seq=00369,frame_b=00133,bits=01064,qpsk=00532,ofdm=012,pad_q=00044,gap=0,ok=1","trk,seq=00369,pan=111.70,tilt=101.70,sun_pan=131.15,sun_tilt=105.33,err=19.79,state=seeking,ldr=3460/4080/3308/3928",Orin software solar tracker
2026-08-05T09:34:52.361084+00:00,1,,0,370,71,1.25,-0.1,-0.0,trk,0,,,54.983,-0.1,0.1,discharging,27.4916,50.0,seeking,113.038,101.968,130.231,104.636,17.399,0,CRC/QPSK/OFDM,1,0,129,133,1064,532,12,44,960,192,48,"p1br,seq=00370,frame_b=00133,bits=01064,qpsk=00532,ofdm=012,pad_q=00044,gap=0,ok=1","trk,seq=00370,pan=113.04,tilt=101.97,sun_pan=130.23,sun_tilt=104.64,err=17.40,state=seeking,ldr=3519/4074/3406/3961",Orin software solar tracker
2026-08-05T09:34:53.361877+00:00,1,,0,371,72,0.0,-0.1,-0.0,trk,0,,,54.983,-0.1,0.1,discharging,27.4916,50.0,seeking,114.187,102.144,128.985,103.871,14.898,0,CRC/QPSK/OFDM,1,0,129,133,1064,532,12,44,960,192,48,"p1br,seq=00371,frame_b=00133,bits=01064,qpsk=00532,ofdm=012,pad_q=00044,gap=0,ok=1","trk,seq=00371,pan=114.19,tilt=102.14,sun_pan=128.99,sun_tilt=103.87,err=14.90,state=seeking,ldr=3578/4061/3504/3987",Orin software solar tracker
2026-08-05T09:34:54.362131+00:00,1,,0,372,73,0.0,-0.075,-0.0,trk,0,,,54.983,-0.1,0.1,discharging,27.4916,50.0,seeking,115.139,102.226,127.424,103.039,12.312,0,CRC/QPSK/OFDM,1,0,129,133,1064,532,12,44,960,192,48,"p1br,seq=00372,frame_b=00133,bits=01064,qpsk=00532,ofdm=012,pad_q=00044,gap=0,ok=1","trk,seq=00372,pan=115.14,tilt=102.23,sun_pan=127.42,sun_tilt=103.04,err=12.31,state=seeking,ldr=3635/4039/3600/4004",Orin software solar tracker
2026-08-05T09:34:55.365261+00:00,1,,0,373,74,0.0,-0.075,-0.0,trk,0,,,54.983,-0.1,0.1,discharging,27.4915,50.0,locked,115.89,102.219,125.561,102.141,9.671,0,CRC/QPSK/OFDM,1,0,129,133,1064,532,12,44,960,192,48,"p1br,seq=00373,frame_b=00133,bits=01064,qpsk=00532,ofdm=012,pad_q=00044,gap=0,ok=1","trk,seq=00373,pan=115.89,tilt=102.22,sun_pan=125.56,sun_tilt=102.14,err=09.67,state=locked,ldr=3688/4009/3691/4012",Orin software solar tracker
2026-08-05T09:34:56.367408+00:00,1,,0,374,74,0.0,-0.1,-0.0,trk,0,,,54.983,-0.1,0.1,discharging,27.4915,50.0,locked,116.431,102.124,123.41,101.183,7.042,0,CRC/QPSK/OFDM,1,0,129,133,1064,532,12,44,960,192,48,"p1br,seq=00374,frame_b=00133,bits=01064,qpsk=00532,ofdm=012,pad_q=00044,gap=0,ok=1","trk,seq=00374,pan=116.43,tilt=102.12,sun_pan=123.41,sun_tilt=101.18,err=07.04,state=locked,ldr=3736/3969/3777/4010",Orin software solar tracker
2026-08-05T09:34:57.368593+00:00,1,,0,375,74,1.25,-0.1,-0.0,trk,0,,,54.983,-0.1,0.1,discharging,27.4915,50.0,locked,116.759,101.942,120.989,100.168,4.587,0,CRC/QPSK/OFDM,1,0,129,133,1064,532,12,44,960,192,48,"p1br,seq=00375,frame_b=00133,bits=01064,qpsk=00532,ofdm=012,pad_q=00044,gap=0,ok=1","trk,seq=00375,pan=116.76,tilt=101.94,sun_pan=120.99,sun_tilt=100.17,err=04.59,state=locked,ldr=3778/3920/3857/3998",Orin software solar tracker
2026-08-05T09:34:58.372216+00:00,1,,0,376,74,1.25,-0.075,-0.0,trk,0,,,54.983,-0.1,0.1,discharging,27.4914,50.0,locked,116.872,101.679,118.317,99.1,2.956,0,CRC/QPSK/OFDM,1,0,129,133,1064,532,12,44,960,192,48,"p1br,seq=00376,frame_b=00133,bits=01064,qpsk=00532,ofdm=012,pad_q=00044,gap=0,ok=1","trk,seq=00376,pan=116.87,tilt=101.68,sun_pan=118.32,sun_tilt=099.10,err=02.96,state=locked,ldr=3813/3862/3927/3976",Orin software solar tracker
2026-08-05T09:34:59.374374+00:00,1,,0,377,74,0.0,-0.075,-0.0,trk,0,,,54.983,-0.1,0.1,discharging,27.4914,50.0,locked,116.768,101.337,115.416,97.984,3.614,0,CRC/QPSK/OFDM,1,0,129,133,1064,532,12,44,960,192,48,"p1br,seq=00377,frame_b=00133,bits=01064,qpsk=00532,ofdm=012,pad_q=00044,gap=0,ok=1","trk,seq=00377,pan=116.77,tilt=101.34,sun_pan=115.42,sun_tilt=097.98,err=03.61,state=locked,ldr=3841/3796/3989/3944",Orin software solar tracker
2026-08-05T09:35:00.374601+00:00,1,,0,378,74,1.25,-0.1,-0.0,trk,0,,,54.983,-0.1,0.1,discharging,27.4914,50.0,locked,116.448,100.919,112.31,96.826,5.82,0,CRC/QPSK/OFDM,1,0,129,133,1064,532,12,44,960,192,48,"p1br,seq=00378,frame_b=00133,bits=01064,qpsk=00532,ofdm=012,pad_q=00044,gap=0,ok=1","trk,seq=00378,pan=116.45,tilt=100.92,sun_pan=112.31,sun_tilt=096.83,err=05.82,state=locked,ldr=3860/3722/4040/3902",Orin software solar tracker
2026-08-05T09:35:01.396361+00:00,1,,0,379,74,1.25,-0.075,-0.0,trk,0,,,54.983,-0.1,0.1,discharging,27.4914,50.0,locked,115.914,100.43,109.024,95.629,8.398,0,CRC/QPSK/OFDM,1,0,129,133,1064,532,12,44,960,192,48,"p1br,seq=00379,frame_b=00133,bits=01064,qpsk=00532,ofdm=012,pad_q=00044,gap=0,ok=1","trk,seq=00379,pan=115.91,tilt=100.43,sun_pan=109.02,sun_tilt=095.63,err=08.40,state=locked,ldr=3871/3642/4081/3852",Orin software solar tracker
2026-08-05T09:35:02.380425+00:00,1,,0,380,73,1.25,-0.125,-0.0,trk,0,,,54.983,-0.1,0.1,discharging,27.4913,50.0,seeking,115.189,99.891,105.584,94.4,11.064,0,CRC/QPSK/OFDM,1,0,129,133,1064,532,12,44,960,192,48,"p1br,seq=00380,frame_b=00133,bits=01064,qpsk=00532,ofdm=012,pad_q=00044,gap=0,ok=1","trk,seq=00380,pan=115.19,tilt=099.89,sun_pan=105.58,sun_tilt=094.40,err=11.06,state=seeking,ldr=3874/3557/4095/3795",Orin software solar tracker
2026-08-05T09:35:03.382965+00:00,1,,0,381,72,1.25,-0.1,-0.0,trk,0,,,54.983,-0.1,0.1,discharging,27.4913,50.0,seeking,114.284,99.308,102.017,93.143,13.728,0,CRC/QPSK/OFDM,1,0,129,133,1064,532,12,44,960,192,48,"p1br,seq=00381,frame_b=00133,bits=01064,qpsk=00532,ofdm=012,pad_q=00044,gap=0,ok=1","trk,seq=00381,pan=114.28,tilt=099.31,sun_pan=102.02,sun_tilt=093.14,err=13.73,state=seeking,ldr=3868/3468/4095/3732",Orin software solar tracker
2026-08-05T09:35:04.384513+00:00,1,,0,382,71,0.0,-0.075,-0.0,trk,0,,,54.983,-0.1,0.1,discharging,27.4913,50.0,seeking,113.191,98.674,98.354,91.864,16.325,0,CRC/QPSK/OFDM,1,0,129,133,1064,532,12,44,960,192,48,"p1br,seq=00382,frame_b=00133,bits=01064,qpsk=00532,ofdm=012,pad_q=00044,gap=0,ok=1","trk,seq=00382,pan=113.19,tilt=098.67,sun_pan=098.35,sun_tilt=091.86,err=16.33,state=seeking,ldr=3855/3376/4095/3664",Orin software solar tracker
2026-08-05T09:35:05.386110+00:00,1,,0,383,70,1.25,-0.1,-0.0,trk,0,,,54.982,-0.1,0.1,discharging,27.4912,50.0,seeking,111.909,97.981,94.623,90.568,18.809,0,CRC/QPSK/OFDM,1,0,129,133,1064,532,12,44,960,192,48,"p1br,seq=00383,frame_b=00133,bits=01064,qpsk=00532,ofdm=012,pad_q=00044,gap=0,ok=1","trk,seq=00383,pan=111.91,tilt=097.98,sun_pan=094.62,sun_tilt=090.57,err=18.81,state=seeking,ldr=3835/3283/4095/3593",Orin software solar tracker
2026-08-05T09:35:06.387363+00:00,1,,0,384,69,0.0,-0.075,-0.0,trk,0,,,54.982,-0.1,0.1,discharging,27.4912,50.0,seeking,110.442,97.225,90.855,89.261,21.144,0,CRC/QPSK/OFDM,1,0,129,133,1064,532,12,44,960,192,48,"p1br,seq=00384,frame_b=00133,bits=01064,qpsk=00532,ofdm=012,pad_q=00044,gap=0,ok=1","trk,seq=00384,pan=110.44,tilt=097.22,sun_pan=090.85,sun_tilt=089.26,err=21.14,state=seeking,ldr=3810/3192/4095/3521",Orin software solar tracker
2026-08-05T09:35:07.390782+00:00,1,,0,385,67,2.5,-0.075,-0.0,trk,0,,,54.982,-0.1,0.1,discharging,27.4912,50.0,seeking,108.794,96.403,87.08,87.949,23.302,0,CRC/QPSK/OFDM,1,0,129,133,1064,532,12,44,960,192,48,"p1br,seq=00385,frame_b=00133,bits=01064,qpsk=00532,ofdm=012,pad_q=00044,gap=0,ok=1","trk,seq=00385,pan=108.79,tilt=096.40,sun_pan=087.08,sun_tilt=087.95,err=23.30,state=seeking,ldr=3781/3105/4095/3450",Orin software solar tracker
2026-08-05T09:35:08.392336+00:00,1,,0,386,65,1.25,-0.1,-0.0,trk,0,,,54.982,-0.1,0.1,discharging,27.4912,50.0,seeking,106.976,95.515,83.328,86.637,25.26,0,CRC/QPSK/OFDM,1,0,129,133,1064,532,12,44,960,192,48,"p1br,seq=00386,frame_b=00133,bits=01064,qpsk=00532,ofdm=012,pad_q=00044,gap=0,ok=1","trk,seq=00386,pan=106.98,tilt=095.51,sun_pan=083.33,sun_tilt=086.64,err=25.26,state=seeking,ldr=3750/3024/4095/3382",Orin software solar tracker
2026-08-05T09:35:09.394864+00:00,1,,0,387,64,1.25,-0.075,-0.0,trk,0,,,54.982,-0.1,0.1,discharging,27.4911,50.0,seeking,105.007,94.571,79.631,85.33,27.006,0,CRC/QPSK/OFDM,1,0,129,133,1064,532,12,44,960,192,48,"p1br,seq=00387,frame_b=00133,bits=01064,qpsk=00532,ofdm=012,pad_q=00044,gap=0,ok=1","trk,seq=00387,pan=105.01,tilt=094.57,sun_pan=079.63,sun_tilt=085.33,err=27.01,state=seeking,ldr=3719/2949/4088/3318",Orin software solar tracker
2026-08-05T09:35:10.396550+00:00,1,,0,388,62,0.0,-0.1,-0.0,trk,0,,,54.982,-0.1,0.1,discharging,27.4911,50.0,seeking,102.918,93.596,76.017,84.036,28.55,0,CRC/QPSK/OFDM,1,0,129,133,1064,532,12,44,960,192,48,"p1br,seq=00388,frame_b=00133,bits=01064,qpsk=00532,ofdm=012,pad_q=00044,gap=0,ok=1","trk,seq=00388,pan=102.92,tilt=093.60,sun_pan=076.02,sun_tilt=084.04,err=28.55,state=seeking,ldr=3690/2884/4067/3260",Orin software solar tracker
2026-08-05T09:35:11.398013+00:00,1,,0,389,60,0.0,-0.075,-0.0,trk,0,,,54.982,-0.1,0.1,discharging,27.4911,50.0,seeking,100.731,92.593,72.517,82.758,29.879,0,CRC/QPSK/OFDM,1,0,129,133,1064,532,12,44,960,192,48,"p1br,seq=00389,frame_b=00133,bits=01064,qpsk=00532,ofdm=012,pad_q=00044,gap=0,ok=1","trk,seq=00389,pan=100.73,tilt=092.59,sun_pan=072.52,sun_tilt=082.76,err=29.88,state=seeking,ldr=3662/2827/4045/3210",Orin software solar tracker
2026-08-05T09:35:12.399418+00:00,1,,0,390,58,0.0,-0.075,-0.0,trk,0,,,54.982,-0.1,0.1,discharging,27.491,50.0,seeking,98.457,91.565,69.157,81.503,30.979,0,CRC/QPSK/OFDM,1,0,129,133,1064,532,12,44,960,192,48,"p1br,seq=00390,frame_b=00133,bits=01064,qpsk=00532,ofdm=012,pad_q=00044,gap=0,ok=1","trk,seq=00390,pan=098.46,tilt=091.56,sun_pan=069.16,sun_tilt=081.50,err=30.98,state=seeking,ldr=3638/2778/4026/3167",Orin software solar tracker
2026-08-05T09:35:13.402223+00:00,1,,0,391,56,1.25,-0.1,-0.0,trk,0,,,54.982,-0.1,0.1,discharging,27.491,50.0,seeking,96.116,90.52,65.967,80.276,31.842,0,CRC/QPSK/OFDM,1,0,129,133,1064,532,12,44,960,192,48,"p1br,seq=00391,frame_b=00133,bits=01064,qpsk=00532,ofdm=012,pad_q=00044,gap=0,ok=1","trk,seq=00391,pan=096.12,tilt=090.52,sun_pan=065.97,sun_tilt=080.28,err=31.84,state=seeking,ldr=3618/2740/4010/3132",Orin software solar tracker
2026-08-05T09:35:14.404520+00:00,1,,0,392,53,1.25,-0.1,-0.0,trk,0,,,54.982,-0.1,0.1,discharging,27.491,50.0,seeking,93.73,89.461,62.964,79.08,32.47,0,CRC/QPSK/OFDM,1,0,129,133,1064,532,12,44,960,192,48,"p1br,seq=00392,frame_b=00133,bits=01064,qpsk=00532,ofdm=012,pad_q=00044,gap=0,ok=1","trk,seq=00392,pan=093.73,tilt=089.46,sun_pan=062.96,sun_tilt=079.08,err=32.47,state=seeking,ldr=3602/2713/3997/3107",Orin software solar tracker
2026-08-05T09:35:15.406694+00:00,1,,0,393,51,1.25,-0.075,-0.0,trk,0,,,54.982,-0.1,0.1,discharging,27.4909,50.0,seeking,91.315,88.392,60.187,77.925,32.841,0,CRC/QPSK/OFDM,1,0,129,133,1064,532,12,44,960,192,48,"p1br,seq=00393,frame_b=00133,bits=01064,qpsk=00532,ofdm=012,pad_q=00044,gap=0,ok=1","trk,seq=00393,pan=091.31,tilt=088.39,sun_pan=060.19,sun_tilt=077.92,err=32.84,state=seeking,ldr=3593/2696/3990/3093",Orin software solar tracker
2026-08-05T09:35:16.411079+00:00,1,,0,394,49,1.25,-0.075,-0.0,trk,0,,,54.982,-0.1,0.1,discharging,27.4909,50.0,seeking,88.89,87.321,57.65,76.813,32.96,0,CRC/QPSK/OFDM,1,0,129,133,1064,532,12,44,960,192,48,"p1br,seq=00394,frame_b=00133,bits=01064,qpsk=00532,ofdm=012,pad_q=00044,gap=0,ok=1","trk,seq=00394,pan=088.89,tilt=087.32,sun_pan=057.65,sun_tilt=076.81,err=32.96,state=seeking,ldr=3590/2690/3987/3088",Orin software solar tracker
2026-08-05T09:35:17.410349+00:00,1,,0,395,47,1.25,-0.1,-0.0,trk,0,,,54.982,-0.1,0.1,discharging,27.4909,50.0,seeking,86.478,86.249,55.375,75.749,32.828,0,CRC/QPSK/OFDM,1,0,129,133,1064,532,12,44,960,192,48,"p1br,seq=00395,frame_b=00133,bits=01064,qpsk=00532,ofdm=012,pad_q=00044,gap=0,ok=1","trk,seq=00395,pan=086.48,tilt=086.25,sun_pan=055.37,sun_tilt=075.75,err=32.83,state=seeking,ldr=3592/2696/3990/3094",Orin software solar tracker
2026-08-05T09:35:18.412119+00:00,1,,0,396,45,1.25,-0.075,-0.0,trk,0,,,54.982,-0.1,0.1,discharging,27.4909,50.0,seeking,84.095,85.183,53.38,74.739,32.442,0,CRC/QPSK/OFDM,1,0,129,133,1064,532,12,44,960,192,48,"p1br,seq=00396,frame_b=00133,bits=01064,qpsk=00532,ofdm=012,pad_q=00044,gap=0,ok=1","trk,seq=00396,pan=084.09,tilt=085.18,sun_pan=053.38,sun_tilt=074.74,err=32.44,state=seeking,ldr=3601/2713/3999/3110",Orin software solar tracker
2026-08-05T09:35:19.417288+00:00,1,,0,397,43,0.0,-0.075,-0.0,trk,0,,,54.982,-0.1,0.1,discharging,27.4908,50.0,seeking,81.76,84.128,51.681,73.785,31.808,0,CRC/QPSK/OFDM,1,0,129,133,1064,532,12,44,960,192,48,"p1br,seq=00397,frame_b=00133,bits=01064,qpsk=00532,ofdm=012,pad_q=00044,gap=0,ok=1","trk,seq=00397,pan=081.76,tilt=084.13,sun_pan=051.68,sun_tilt=073.79,err=31.81,state=seeking,ldr=3616/2740/4012/3136",Orin software solar tracker
2026-08-05T09:35:20.417569+00:00,1,,0,398,40,0.0,-0.1,-0.0,trk,0,,,54.982,-0.1,0.1,discharging,27.4908,50.0,seeking,79.493,83.086,50.291,72.893,30.93,0,CRC/QPSK/OFDM,1,0,129,133,1064,532,12,44,960,192,48,"p1br,seq=00398,frame_b=00133,bits=01064,qpsk=00532,ofdm=012,pad_q=00044,gap=0,ok=1","trk,seq=00398,pan=079.49,tilt=083.09,sun_pan=050.29,sun_tilt=072.89,err=30.93,state=seeking,ldr=3635/2778/4029/3172",Orin software solar tracker
2026-08-05T09:35:21.420038+00:00,1,,0,399,38,2.5,-0.1,-0.0,trk,0,,,54.982,-0.1,0.1,discharging,27.4908,50.0,seeking,77.314,82.066,49.223,72.065,29.818,0,CRC/QPSK/OFDM,1,0,129,133,1064,532,12,44,960,192,48,"p1br,seq=00399,frame_b=00133,bits=01064,qpsk=00532,ofdm=012,pad_q=00044,gap=0,ok=1","trk,seq=00399,pan=077.31,tilt=082.07,sun_pan=049.22,sun_tilt=072.07,err=29.82,state=seeking,ldr=3659/2827/4049/3216",Orin software solar tracker
2026-08-05T09:35:22.421892+00:00,1,,0,400,37,0.0,-0.075,-0.0,trk,0,,,54.981,-0.1,0.1,discharging,27.4907,50.0,seeking,75.238,81.07,48.484,71.307,28.48,0,CRC/QPSK/OFDM,1,0,129,133,1064,532,12,44,960,192,48,"p1br,seq=00400,frame_b=00133,bits=01064,qpsk=00532,ofdm=012,pad_q=00044,gap=0,ok=1","trk,seq=00400,pan=075.24,tilt=081.07,sun_pan=048.48,sun_tilt=071.31,err=28.48,state=seeking,ldr=3686/2884/4071/3269",Orin software solar tracker
2026-08-05T09:35:23.423394+00:00,1,,0,401,35,1.25,-0.075,-0.0,trk,0,,,54.981,-0.1,0.1,discharging,27.4907,50.0,seeking,73.283,80.101,48.081,70.62,26.927,0,CRC/QPSK/OFDM,1,0,129,133,1064,532,12,44,960,192,48,"p1br,seq=00401,frame_b=00133,bits=01064,qpsk=00532,ofdm=012,pad_q=00044,gap=0,ok=1","trk,seq=00401,pan=073.28,tilt=080.10,sun_pan=048.08,sun_tilt=070.62,err=26.93,state=seeking,ldr=3714/2949/4093/3328",Orin software solar tracker
2026-08-05T09:35:24.426030+00:00,1,,0,402,33,0.0,-0.075,-0.0,trk,0,,,54.981,-0.1,0.1,discharging,27.4907,50.0,seeking,71.484,79.189,48.016,70.008,25.2,0,CRC/QPSK/OFDM,1,0,129,133,1064,532,12,44,960,192,48,"p1br,seq=00402,frame_b=00133,bits=01064,qpsk=00532,ofdm=012,pad_q=00044,gap=0,ok=1","trk,seq=00402,pan=071.48,tilt=079.19,sun_pan=048.02,sun_tilt=070.01,err=25.20,state=seeking,ldr=3743/3022/4095/3392",Orin software solar tracker
2026-08-05T09:35:25.428341+00:00,1,,0,403,32,0.0,-0.075,-0.0,trk,0,,,54.981,-0.1,0.1,discharging,27.4907,50.0,seeking,69.855,78.333,48.291,69.474,23.312,0,CRC/QPSK/OFDM,1,0,129,133,1064,532,12,44,960,192,48,"p1br,seq=00403,frame_b=00133,bits=01064,qpsk=00532,ofdm=012,pad_q=00044,gap=0,ok=1","trk,seq=00403,pan=069.85,tilt=078.33,sun_pan=048.29,sun_tilt=069.47,err=23.31,state=seeking,ldr=3770/3099/4095/3460",Orin software solar tracker
2026-08-05T09:35:26.429249+00:00,1,,0,404,30,1.25,-0.075,-0.0,trk,0,,,54.981,-0.1,0.1,discharging,27.4906,50.0,seeking,68.402,77.529,48.904,69.019,21.275,0,CRC/QPSK/OFDM,1,0,129,133,1064,532,12,44,960,192,48,"p1br,seq=00404,frame_b=00133,bits=01064,qpsk=00532,ofdm=012,pad_q=00044,gap=0,ok=1","trk,seq=00404,pan=068.40,tilt=077.53,sun_pan=048.90,sun_tilt=069.02,err=21.27,state=seeking,ldr=3794/3180/4095/3531",Orin software solar tracker
2026-08-05T09:35:27.431585+00:00,1,,0,405,29,0.0,-0.1,-0.0,trk,0,,,54.981,-0.1,0.1,discharging,27.4906,50.0,seeking,67.132,76.775,49.848,68.647,19.099,0,CRC/QPSK/OFDM,1,0,129,133,1064,532,12,44,960,192,48,"p1br,seq=00405,frame_b=00133,bits=01064,qpsk=00532,ofdm=012,pad_q=00044,gap=0,ok=1","trk,seq=00405,pan=067.13,tilt=076.78,sun_pan=049.85,sun_tilt=068.65,err=19.10,state=seeking,ldr=3814/3264/4095/3602",Orin software solar tracker
2026-08-05T09:35:28.433793+00:00,1,,0,406,28,0.0,-0.075,-0.0,trk,0,,,54.981,-0.1,0.1,discharging,27.4906,50.0,seeking,66.044,76.063,51.117,68.357,16.799,0,CRC/QPSK/OFDM,1,0,129,133,1064,532,12,44,960,192,48,"p1br,seq=00406,frame_b=00133,bits=01064,qpsk=00532,ofdm=012,pad_q=00044,gap=0,ok=1","trk,seq=00406,pan=066.04,tilt=076.06,sun_pan=051.12,sun_tilt=068.36,err=16.80,state=seeking,ldr=3829/3348/4095/3673",Orin software solar tracker
2026-08-05T09:35:29.437491+00:00,1,,0,407,27,0.0,-0.1,-0.0,trk,0,,,54.981,-0.1,0.1,discharging,27.4905,50.0,seeking,65.142,75.39,52.7,68.153,14.394,0,CRC/QPSK/OFDM,1,0,129,133,1064,532,12,44,960,192,48,"p1br,seq=00407,frame_b=00133,bits=01064,qpsk=00532,ofdm=012,pad_q=00044,gap=0,ok=1","trk,seq=00407,pan=065.14,tilt=075.39,sun_pan=052.70,sun_tilt=068.15,err=14.39,state=seeking,ldr=3838/3434/4095/3742",Orin software solar tracker
2026-08-05T09:35:30.436903+00:00,1,,0,408,27,1.25,-0.05,-0.0,trk,0,,,54.981,-0.1,0.1,discharging,27.4905,50.0,seeking,64.422,74.75,54.585,68.034,11.911,0,CRC/QPSK/OFDM,1,0,129,133,1064,532,12,44,960,192,48,"p1br,seq=00408,frame_b=00133,bits=01064,qpsk=00532,ofdm=012,pad_q=00044,gap=0,ok=1","trk,seq=00408,pan=064.42,tilt=074.75,sun_pan=054.59,sun_tilt=068.03,err=11.91,state=seeking,ldr=3841/3518/4095/3807",Orin software solar tracker
2026-08-05T09:35:31.438904+00:00,1,,0,409,26,1.25,-0.075,-0.0,trk,0,,,54.981,-0.1,0.1,discharging,27.4905,50.0,locked,63.88,74.134,56.756,68.001,9.4,0,CRC/QPSK/OFDM,1,0,129,133,1064,532,12,44,960,192,48,"p1br,seq=00409,frame_b=00133,bits=01064,qpsk=00532,ofdm=012,pad_q=00044,gap=0,ok=1","trk,seq=00409,pan=063.88,tilt=074.13,sun_pan=056.76,sun_tilt=068.00,err=09.40,state=locked,ldr=3836/3600/4095/3868",Orin software solar tracker
2026-08-05T09:35:32.440929+00:00,1,,0,410,26,1.25,-0.1,-0.0,trk,0,,,54.981,-0.1,0.1,discharging,27.4904,50.0,locked,63.543,73.571,59.196,68.054,7.025,0,CRC/QPSK/OFDM,1,0,129,133,1064,532,12,44,960,192,48,"p1br,seq=00410,frame_b=00133,bits=01064,qpsk=00532,ofdm=012,pad_q=00044,gap=0,ok=1","trk,seq=00410,pan=063.54,tilt=073.57,sun_pan=059.20,sun_tilt=068.05,err=07.02,state=locked,ldr=3824/3679/4066/3921",Orin software solar tracker
2026-08-05T09:35:33.443439+00:00,1,,0,411,26,1.25,-0.075,-0.0,trk,0,,,54.981,-0.1,0.1,discharging,27.4904,50.0,locked,63.425,73.073,61.885,68.193,5.118,0,CRC/QPSK/OFDM,1,0,129,133,1064,532,12,44,960,192,48,"p1br,seq=00411,frame_b=00133,bits=01064,qpsk=00532,ofdm=012,pad_q=00044,gap=0,ok=1","trk,seq=00411,pan=063.43,tilt=073.07,sun_pan=061.88,sun_tilt=068.19,err=05.12,state=locked,ldr=3803/3752/4018/3967",Orin software solar tracker
2026-08-05T09:35:34.444969+00:00,1,,0,412,26,1.25,-0.075,-0.0,trk,0,,,54.981,-0.1,0.1,discharging,27.4904,50.0,locked,63.525,72.643,64.801,68.417,4.414,0,CRC/QPSK/OFDM,1,0,129,133,1064,532,12,44,960,192,48,"p1br,seq=00412,frame_b=00133,bits=01064,qpsk=00532,ofdm=012,pad_q=00044,gap=0,ok=1","trk,seq=00412,pan=063.52,tilt=072.64,sun_pan=064.80,sun_tilt=068.42,err=04.41,state=locked,ldr=3774/3817/3960/4003",Orin software solar tracker
2026-08-05T09:35:35.447253+00:00,1,,0,413,26,2.5,-0.075,-0.0,trk,0,,,54.981,-0.1,0.1,discharging,27.4904,50.0,locked,63.841,72.28,67.921,68.726,5.411,0,CRC/QPSK/OFDM,1,0,129,133,1064,532,12,44,960,192,48,"p1br,seq=00413,frame_b=00133,bits=01064,qpsk=00532,ofdm=012,pad_q=00044,gap=0,ok=1","trk,seq=00413,pan=063.84,tilt=072.28,sun_pan=067.92,sun_tilt=068.73,err=05.41,state=locked,ldr=3737/3874/3894/4030",Orin software solar tracker
2026-08-05T09:35:36.448990+00:00,1,,0,414,27,1.25,-0.075,-0.0,trk,0,,,54.981,-0.1,0.1,discharging,27.4903,50.0,locked,64.371,71.987,71.219,69.118,7.425,0,CRC/QPSK/OFDM,1,0,129,133,1064,532,12,44,960,192,48,"p1br,seq=00414,frame_b=00133,bits=01064,qpsk=00532,ofdm=012,pad_q=00044,gap=0,ok=1","trk,seq=00414,pan=064.37,tilt=071.99,sun_pan=071.22,sun_tilt=069.12,err=07.42,state=locked,ldr=3693/3921/3819/4047",Orin software solar tracker
2026-08-05T09:35:37.452602+00:00,1,,0,415,27,0.0,-0.1,-0.0,trk,0,,,54.981,-0.1,0.1,discharging,27.4903,50.0,locked,65.114,71.766,74.67,69.591,9.8,0,CRC/QPSK/OFDM,1,0,129,133,1064,532,12,44,960,192,48,"p1br,seq=00415,frame_b=00133,bits=01064,qpsk=00532,ofdm=012,pad_q=00044,gap=0,ok=1","trk,seq=00415,pan=065.11,tilt=071.77,sun_pan=074.67,sun_tilt=069.59,err=09.80,state=locked,ldr=3643/3960/3737/4055",Orin software solar tracker
2026-08-05T09:35:38.462796+00:00,1,,0,416,28,1.25,-0.075,-0.0,trk,0,,,54.981,-0.1,0.1,discharging,27.4903,50.0,seeking,66.06,71.616,78.243,70.144,12.272,0,CRC/QPSK/OFDM,1,0,129,133,1064,532,12,44,960,192,48,"p1br,seq=00416,frame_b=00133,bits=01064,qpsk=00532,ofdm=012,pad_q=00044,gap=0,ok=1","trk,seq=00416,pan=066.06,tilt=071.62,sun_pan=078.24,sun_tilt=070.14,err=12.27,state=seeking,ldr=3587/3989/3651/4052",Orin software solar tracker
2026-08-05T09:35:39.454981+00:00,1,,0,417,29,1.25,-0.075,-0.0,trk,0,,,54.98,-0.1,0.1,discharging,27.4902,50.0,seeking,67.202,71.539,81.912,70.773,14.73,0,CRC/QPSK/OFDM,1,0,129,133,1064,532,12,44,960,192,48,"p1br,seq=00417,frame_b=00133,bits=01064,qpsk=00532,ofdm=012,pad_q=00044,gap=0,ok=1","trk,seq=00417,pan=067.20,tilt=071.54,sun_pan=081.91,sun_tilt=070.77,err=14.73,state=seeking,ldr=3529/4009/3561/4042",Orin software solar tracker
2026-08-05T09:35:40.511700+00:00,1,,0,418,30,1.25,-0.075,-0.0,trk,0,,,54.98,-0.1,0.1,discharging,27.4902,50.0,seeking,68.531,71.534,85.647,71.477,17.116,0,CRC/QPSK/OFDM,1,0,129,133,1064,532,12,44,960,192,48,"p1br,seq=00418,frame_b=00133,bits=01064,qpsk=00532,ofdm=012,pad_q=00044,gap=0,ok=1","trk,seq=00418,pan=068.53,tilt=071.53,sun_pan=085.65,sun_tilt=071.48,err=17.12,state=seeking,ldr=3468/4021/3470/4023",Orin software solar tracker
2026-08-05T09:35:41.460553+00:00,1,,0,419,32,1.25,-0.1,-0.0,trk,0,,,54.98,-0.1,0.1,discharging,27.4902,50.0,seeking,70.036,71.6,89.416,72.252,19.391,0,CRC/QPSK/OFDM,1,0,129,133,1064,532,12,44,960,192,48,"p1br,seq=00419,frame_b=00133,bits=01064,qpsk=00532,ofdm=012,pad_q=00044,gap=0,ok=1","trk,seq=00419,pan=070.04,tilt=071.60,sun_pan=089.42,sun_tilt=072.25,err=19.39,state=seeking,ldr=3406/4025/3379/3998",Orin software solar tracker
2026-08-05T09:35:42.460369+00:00,1,,0,420,33,1.25,-0.075,-0.0,trk,0,,,54.98,-0.1,0.1,discharging,27.4902,50.0,seeking,71.703,74.516,93.191,103.098,35.758,0,CRC/QPSK/OFDM,1,0,129,133,1064,532,12,44,960,192,48,"p1br,seq=00420,frame_b=00133,bits=01064,qpsk=00532,ofdm=012,pad_q=00044,gap=0,ok=1","trk,seq=00420,pan=071.70,tilt=074.52,sun_pan=093.19,sun_tilt=103.10,err=35.76,state=seeking,ldr=3452/4050/2406/3004",Orin software solar tracker
2026-08-05T09:35:43.463107+00:00,1,,0,421,35,0.0,-0.075,-0.0,trk,0,,,54.98,-0.1,0.1,discharging,27.4901,50.0,seeking,73.52,77.239,96.939,103.926,35.505,0,CRC/QPSK/OFDM,1,0,129,133,1064,532,12,44,960,192,48,"p1br,seq=00421,frame_b=00133,bits=01064,qpsk=00532,ofdm=012,pad_q=00044,gap=0,ok=1","trk,seq=00421,pan=073.52,tilt=077.24,sun_pan=096.94,sun_tilt=103.93,err=35.51,state=seeking,ldr=3402/4056/2422/3076",Orin software solar tracker
2026-08-05T09:35:44.464469+00:00,1,,0,422,37,1.25,-0.075,-0.0,trk,0,,,54.98,-0.1,0.1,discharging,27.4901,50.0,seeking,75.473,79.78,100.632,104.686,35.401,0,CRC/QPSK/OFDM,1,0,129,133,1064,532,12,44,960,192,48,"p1br,seq=00422,frame_b=00133,bits=01064,qpsk=00532,ofdm=012,pad_q=00044,gap=0,ok=1","trk,seq=00422,pan=075.47,tilt=079.78,sun_pan=100.63,sun_tilt=104.69,err=35.40,state=seeking,ldr=3351/4055/2435/3139",Orin software solar tracker
2026-08-05T09:35:45.468124+00:00,1,,0,423,39,1.25,-0.1,-0.0,trk,0,,,54.98,-0.1,0.1,discharging,27.4901,50.0,seeking,77.544,82.15,104.238,105.373,35.383,0,CRC/QPSK/OFDM,1,0,129,133,1064,532,12,44,960,192,48,"p1br,seq=00423,frame_b=00133,bits=01064,qpsk=00532,ofdm=012,pad_q=00044,gap=0,ok=1","trk,seq=00423,pan=077.54,tilt=082.15,sun_pan=104.24,sun_tilt=105.37,err=35.38,state=seeking,ldr=3301/4048/2446/3193",Orin software solar tracker
2026-08-05T09:35:46.468917+00:00,1,,0,424,41,0.0,-0.1,-0.0,trk,0,,,54.98,-0.1,0.1,discharging,27.49,50.0,seeking,79.717,84.356,107.73,105.986,35.391,0,CRC/QPSK/OFDM,1,0,129,133,1064,532,12,44,960,192,48,"p1br,seq=00424,frame_b=00133,bits=01064,qpsk=00532,ofdm=012,pad_q=00044,gap=0,ok=1","trk,seq=00424,pan=079.72,tilt=084.36,sun_pan=107.73,sun_tilt=105.99,err=35.39,state=seeking,ldr=3255/4039/2458/3243",Orin software solar tracker
2026-08-05T09:35:47.471026+00:00,1,,0,425,43,0.0,-0.1,-0.0,trk,0,,,54.98,-0.1,0.1,discharging,27.49,50.0,seeking,81.976,86.408,111.078,106.521,35.376,0,CRC/QPSK/OFDM,1,0,129,133,1064,532,12,44,960,192,48,"p1br,seq=00425,frame_b=00133,bits=01064,qpsk=00532,ofdm=012,pad_q=00044,gap=0,ok=1","trk,seq=00425,pan=081.98,tilt=086.41,sun_pan=111.08,sun_tilt=106.52,err=35.38,state=seeking,ldr=3213/4029/2472/3288",Orin software solar tracker
2026-08-05T09:35:48.473118+00:00,1,,0,426,45,1.25,-0.075,-0.0,trk,0,,,54.98,-0.1,0.1,discharging,27.49,50.0,seeking,84.3,88.312,114.255,106.976,35.294,0,CRC/QPSK/OFDM,1,0,129,133,1064,532,12,44,960,192,48,"p1br,seq=00426,frame_b=00133,bits=01064,qpsk=00532,ofdm=012,pad_q=00044,gap=0,ok=1","trk,seq=00426,pan=084.30,tilt=088.31,sun_pan=114.26,sun_tilt=106.98,err=35.29,state=seeking,ldr=3179/4019/2490/3331",Orin software solar tracker
2026-08-05T09:35:49.474802+00:00,1,,0,427,47,1.25,-0.075,-0.0,trk,0,,,54.98,-0.1,0.1,discharging,27.49,50.0,seeking,86.672,90.073,117.237,107.35,35.11,0,CRC/QPSK/OFDM,1,0,129,133,1064,532,12,44,960,192,48,"p1br,seq=00427,frame_b=00133,bits=01064,qpsk=00532,ofdm=012,pad_q=00044,gap=0,ok=1","trk,seq=00427,pan=086.67,tilt=090.07,sun_pan=117.24,sun_tilt=107.35,err=35.11,state=seeking,ldr=3152/4011/2513/3373",Orin software solar tracker
2026-08-05T09:35:50.476941+00:00,1,,0,428,49,1.25,-0.075,-0.0,trk,0,,,54.98,-0.1,0.1,discharging,27.4899,50.0,seeking,89.071,91.698,119.999,107.64,34.794,0,CRC/QPSK/OFDM,1,0,129,133,1064,532,12,44,960,192,48,"p1br,seq=00428,frame_b=00133,bits=01064,qpsk=00532,ofdm=012,pad_q=00044,gap=0,ok=1","trk,seq=00428,pan=089.07,tilt=091.70,sun_pan=120.00,sun_tilt=107.64,err=34.79,state=seeking,ldr=3133/4006/2542/3415",Orin software solar tracker
2026-08-05T09:35:51.479669+00:00,1,,0,429,51,0.0,-0.075,-0.0,trk,0,,,54.98,-0.1,0.1,discharging,27.4899,50.0,seeking,91.481,93.194,122.518,107.845,34.321,0,CRC/QPSK/OFDM,1,0,129,133,1064,532,12,44,960,192,48,"p1br,seq=00429,frame_b=00133,bits=01064,qpsk=00532,ofdm=012,pad_q=00044,gap=0,ok=1","trk,seq=00429,pan=091.48,tilt=093.19,sun_pan=122.52,sun_tilt=107.85,err=34.32,state=seeking,ldr=3124/4005/2577/3458",Orin software solar tracker
2026-08-05T09:35:52.482525+00:00,1,,0,430,54,0.0,-0.075,-0.0,trk,0,,,54.98,-0.1,0.1,discharging,27.4899,50.0,seeking,93.879,94.563,124.774,107.966,33.677,0,CRC/QPSK/OFDM,1,0,129,133,1064,532,12,44,960,192,48,"p1br,seq=00430,frame_b=00133,bits=01064,qpsk=00532,ofdm=012,pad_q=00044,gap=0,ok=1","trk,seq=00430,pan=093.88,tilt=094.56,sun_pan=124.77,sun_tilt=107.97,err=33.68,state=seeking,ldr=3124/4007/2620/3503",Orin software solar tracker
2026-08-05T09:35:53.482419+00:00,1,,0,431,56,1.25,-0.075,-0.0,trk,0,,,54.98,-0.1,0.1,discharging,27.4898,50.0,seeking,96.246,95.807,126.749,108.0,32.849,0,CRC/QPSK/OFDM,1,0,129,133,1064,532,12,44,960,192,48,"p1br,seq=00431,frame_b=00133,bits=01064,qpsk=00532,ofdm=012,pad_q=00044,gap=0,ok=1","trk,seq=00431,pan=096.25,tilt=095.81,sun_pan=126.75,sun_tilt=108.00,err=32.85,state=seeking,ldr=3133/4012/2671/3550",Orin software solar tracker
2026-08-05T09:35:54.486531+00:00,1,,0,432,58,1.25,-0.075,-0.0,trk,0,,,54.98,-0.1,0.1,discharging,27.4898,50.0,seeking,98.564,96.93,128.427,107.947,31.83,0,CRC/QPSK/OFDM,1,0,129,133,1064,532,12,44,960,192,48,"p1br,seq=00432,frame_b=00133,bits=01064,qpsk=00532,ofdm=012,pad_q=00044,gap=0,ok=1","trk,seq=00432,pan=098.56,tilt=096.93,sun_pan=128.43,sun_tilt=107.95,err=31.83,state=seeking,ldr=3151/4020/2730/3599",Orin software solar tracker
2026-08-05T09:35:55.488363+00:00,1,,0,433,60,1.25,-0.075,-0.0,trk,0,,,54.98,-0.1,0.1,discharging,27.4898,50.0,seeking,100.813,97.937,129.794,107.809,30.616,0,CRC/QPSK/OFDM,1,0,129,133,1064,532,12,44,960,192,48,"p1br,seq=00433,frame_b=00133,bits=01064,qpsk=00532,ofdm=012,pad_q=00044,gap=0,ok=1","trk,seq=00433,pan=100.81,tilt=097.94,sun_pan=129.79,sun_tilt=107.81,err=30.62,state=seeking,ldr=3178/4031/2796/3649",Orin software solar tracker
2026-08-05T09:35:56.491266+00:00,1,,0,434,62,1.25,-0.075,-0.0,trk,0,,,54.979,-0.1,0.1,discharging,27.4897,50.0,seeking,102.974,98.83,130.84,107.586,29.209,0,CRC/QPSK/OFDM,1,0,129,133,1064,532,12,44,960,192,48,"p1br,seq=00434,frame_b=00133,bits=01064,qpsk=00532,ofdm=012,pad_q=00044,gap=0,ok=1","trk,seq=00434,pan=102.97,tilt=098.83,sun_pan=130.84,sun_tilt=107.59,err=29.21,state=seeking,ldr=3213/4043/2870/3700",Orin software solar tracker
2026-08-05T09:35:57.492795+00:00,1,,0,435,64,0.0,-0.075,-0.0,trk,0,,,54.979,-0.1,0.1,discharging,27.4897,50.0,seeking,105.032,99.611,131.555,107.278,27.609,0,CRC/QPSK/OFDM,1,0,129,133,1064,532,12,44,960,192,48,"p1br,seq=00435,frame_b=00133,bits=01064,qpsk=00532,ofdm=012,pad_q=00044,gap=0,ok=1","trk,seq=00435,pan=105.03,tilt=099.61,sun_pan=131.56,sun_tilt=107.28,err=27.61,state=seeking,ldr=3254/4055/2950/3751",Orin software solar tracker
2026-08-05T09:35:58.492786+00:00,1,,0,436,65,1.25,-0.1,-0.0,trk,0,,,54.979,-0.1,0.1,discharging,27.4897,50.0,seeking,106.971,100.285,131.935,106.887,25.822,0,CRC/QPSK/OFDM,1,0,129,133,1064,532,12,44,960,192,48,"p1br,seq=00436,frame_b=00133,bits=01064,qpsk=00532,ofdm=012,pad_q=00044,gap=0,ok=1","trk,seq=00436,pan=106.97,tilt=100.29,sun_pan=131.93,sun_tilt=106.89,err=25.82,state=seeking,ldr=3302/4067/3036/3801",Orin software solar tracker
2026-08-05T09:35:59.497465+00:00,1,,0,437,67,2.5,-0.075,-0.0,trk,0,,,54.979,-0.1,0.1,discharging,27.4897,50.0,seeking,108.771,100.854,131.975,106.415,23.861,0,CRC/QPSK/OFDM,1,0,129,133,1064,532,12,44,960,192,48,"p1br,seq=00437,frame_b=00133,bits=01064,qpsk=00532,ofdm=012,pad_q=00044,gap=0,ok=1","trk,seq=00437,pan=108.77,tilt=100.85,sun_pan=131.98,sun_tilt=106.41,err=23.86,state=seeking,ldr=3355/4076/3128/3848",Orin software solar tracker
2026-08-05T09:36:00.497170+00:00,1,,0,438,69,1.25,-0.075,-0.0,trk,0,,,54.979,-0.1,0.1,discharging,27.4896,50.0,seeking,110.421,101.318,131.677,105.863,21.736,0,CRC/QPSK/OFDM,1,0,129,133,1064,532,12,44,960,192,48,"p1br,seq=00438,frame_b=00133,bits=01064,qpsk=00532,ofdm=012,pad_q=00044,gap=0,ok=1","trk,seq=00438,pan=110.42,tilt=101.32,sun_pan=131.68,sun_tilt=105.86,err=21.74,state=seeking,ldr=3411/4081/3223/3892",Orin software solar tracker
2026-08-05T09:36:01.499715+00:00,1,,0,439,70,1.25,-0.075,-0.0,trk,0,,,54.979,-0.1,0.1,discharging,27.4896,50.0,seeking,111.905,101.681,131.041,105.234,19.463,0,CRC/QPSK/OFDM,1,0,129,133,1064,532,12,44,960,192,48,"p1br,seq=00439,frame_b=00133,bits=01064,qpsk=00532,ofdm=012,pad_q=00044,gap=0,ok=1","trk,seq=00439,pan=111.90,tilt=101.68,sun_pan=131.04,sun_tilt=105.23,err=19.46,state=seeking,ldr=3470/4080/3321/3931",Orin software solar tracker
2026-08-05T09:36:02.500696+00:00,1,,0,440,71,0.0,-0.1,-0.0,trk,0,,,54.979,-0.1,0.1,discharging,27.4896,50.0,seeking,113.213,101.944,130.074,104.531,17.058,0,CRC/QPSK/OFDM,1,0,129,133,1064,532,12,44,960,192,48,"p1br,seq=00440,frame_b=00133,bits=01064,qpsk=00532,ofdm=012,pad_q=00044,gap=0,ok=1","trk,seq=00440,pan=113.21,tilt=101.94,sun_pan=130.07,sun_tilt=104.53,err=17.06,state=seeking,ldr=3529/4073/3419/3964",Orin software solar tracker
2026-08-05T09:36:03.504948+00:00,1,,0,441,72,0.0,-0.075,-0.0,trk,0,,,54.979,-0.1,0.1,discharging,27.4895,50.0,seeking,114.334,102.11,128.782,103.757,14.542,0,CRC/QPSK/OFDM,1,0,129,133,1064,532,12,44,960,192,48,"p1br,seq=00441,frame_b=00133,bits=01064,qpsk=00532,ofdm=012,pad_q=00044,gap=0,ok=1","trk,seq=00441,pan=114.33,tilt=102.11,sun_pan=128.78,sun_tilt=103.76,err=14.54,state=seeking,ldr=3587/4059/3517/3989",Orin software solar tracker
2026-08-05T09:36:04.506379+00:00,1,,0,442,73,1.25,-0.075,-0.0,trk,0,,,54.979,-0.1,0.1,discharging,27.4895,50.0,seeking,115.259,102.183,127.178,102.915,11.941,0,CRC/QPSK/OFDM,1,0,129,133,1064,532,12,44,960,192,48,"p1br,seq=00442,frame_b=00133,bits=01064,qpsk=00532,ofdm=012,pad_q=00044,gap=0,ok=1","trk,seq=00442,pan=115.26,tilt=102.18,sun_pan=127.18,sun_tilt=102.91,err=11.94,state=seeking,ldr=3643/4036/3612/4005",Orin software solar tracker
2026-08-05T09:36:05.506264+00:00,1,,0,443,74,1.25,-0.1,-0.0,trk,0,,,54.979,-0.1,0.1,discharging,27.4895,50.0,locked,115.981,102.167,125.272,102.009,9.293,0,CRC/QPSK/OFDM,1,0,129,133,1064,532,12,44,960,192,48,"p1br,seq=00443,frame_b=00133,bits=01064,qpsk=00532,ofdm=012,pad_q=00044,gap=0,ok=1","trk,seq=00443,pan=115.98,tilt=102.17,sun_pan=125.27,sun_tilt=102.01,err=09.29,state=locked,ldr=3696/4005/3703/4012",Orin software solar tracker
2026-08-05T09:36:06.512166+00:00,1,,0,444,74,1.25,-0.075,-0.0,trk,0,,,54.979,-0.1,0.1,discharging,27.4895,50.0,locked,116.493,102.063,123.082,101.042,6.667,0,CRC/QPSK/OFDM,1,0,129,133,1064,532,12,44,960,192,48,"p1br,seq=00444,frame_b=00133,bits=01064,qpsk=00532,ofdm=012,pad_q=00044,gap=0,ok=1","trk,seq=00444,pan=116.49,tilt=102.06,sun_pan=123.08,sun_tilt=101.04,err=06.67,state=locked,ldr=3743/3964/3788/4008",Orin software solar tracker
2026-08-05T09:36:07.510540+00:00,1,,0,445,74,0.0,-0.1,-0.0,trk,0,,,54.979,-0.1,0.1,discharging,27.4894,50.0,locked,116.79,101.875,120.624,100.019,4.259,0,CRC/QPSK/OFDM,1,0,129,133,1064,532,12,44,960,192,48,"p1br,seq=00445,frame_b=00133,bits=01064,qpsk=00532,ofdm=012,pad_q=00044,gap=0,ok=1","trk,seq=00445,pan=116.79,tilt=101.87,sun_pan=120.62,sun_tilt=100.02,err=04.26,state=locked,ldr=3785/3913/3866/3995",Orin software solar tracker
2026-08-05T09:36:08.514238+00:00,1,,0,446,74,0.0,-0.075,-0.0,trk,0,,,54.979,-0.1,0.1,discharging,27.4894,50.0,locked,116.871,101.605,117.919,98.944,2.859,0,CRC/QPSK/OFDM,1,0,129,133,1064,532,12,44,960,192,48,"p1br,seq=00446,frame_b=00133,bits=01064,qpsk=00532,ofdm=012,pad_q=00044,gap=0,ok=1","trk,seq=00446,pan=116.87,tilt=101.60,sun_pan=117.92,sun_tilt=098.94,err=02.86,state=locked,ldr=3819/3854/3936/3971",Orin software solar tracker
2026-08-05T09:36:09.518842+00:00,1,,0,447,74,1.25,-0.075,-0.0,trk,0,,,54.979,-0.1,0.1,discharging,27.4894,50.0,locked,116.736,101.254,114.987,97.822,3.851,0,CRC/QPSK/OFDM,1,0,129,133,1064,532,12,44,960,192,48,"p1br,seq=00447,frame_b=00133,bits=01064,qpsk=00532,ofdm=012,pad_q=00044,gap=0,ok=1","trk,seq=00447,pan=116.74,tilt=101.25,sun_pan=114.99,sun_tilt=097.82,err=03.85,state=locked,ldr=3845/3786/3996/3938",Orin software solar tracker
2026-08-05T09:36:10.516429+00:00,1,,0,448,74,0.0,-0.075,-0.0,trk,0,,,54.979,-0.1,0.1,discharging,27.4893,50.0,locked,116.385,100.83,111.854,96.658,6.159,0,CRC/QPSK/OFDM,1,0,129,133,1064,532,12,44,960,192,48,"p1br,seq=00448,frame_b=00133,bits=01064,qpsk=00532,ofdm=012,pad_q=00044,gap=0,ok=1","trk,seq=00448,pan=116.39,tilt=100.83,sun_pan=111.85,sun_tilt=096.66,err=06.16,state=locked,ldr=3863/3712/4046/3895",Orin software solar tracker
2026-08-05T09:36:11.518788+00:00,1,,0,449,73,0.0,-0.1,-0.0,trk,0,,,54.979,-0.1,0.1,discharging,27.4893,50.0,locked,115.821,100.333,108.544,95.457,8.759,0,CRC/QPSK/OFDM,1,0,129,133,1064,532,12,44,960,192,48,"p1br,seq=00449,frame_b=00133,bits=01064,qpsk=00532,ofdm=012,pad_q=00044,gap=0,ok=1","trk,seq=00449,pan=115.82,tilt=100.33,sun_pan=108.54,sun_tilt=095.46,err=08.76,state=locked,ldr=3873/3631/4086/3844",Orin software solar tracker
2026-08-05T09:36:12.521423+00:00,1,,0,450,73,1.25,-0.1,-0.0,trk,0,,,54.979,-0.1,0.1,discharging,27.4893,50.0,seeking,115.07,99.789,105.085,94.223,11.432,0,CRC/QPSK/OFDM,1,0,129,133,1064,532,12,44,960,192,48,"p1br,seq=00450,frame_b=00133,bits=01064,qpsk=00532,ofdm=012,pad_q=00044,gap=0,ok=1","trk,seq=00450,pan=115.07,tilt=099.79,sun_pan=105.08,sun_tilt=094.22,err=11.43,state=seeking,ldr=3874/3545/4095/3786",Orin software solar tracker
2026-08-05T09:36:13.524382+00:00,1,,0,451,72,1.25,-0.1,-0.0,trk,0,,,54.978,-0.1,0.1,discharging,27.4892,50.0,seeking,114.138,99.202,101.503,92.963,14.092,0,CRC/QPSK/OFDM,1,0,129,133,1064,532,12,44,960,192,48,"p1br,seq=00451,frame_b=00133,bits=01064,qpsk=00532,ofdm=012,pad_q=00044,gap=0,ok=1","trk,seq=00451,pan=114.14,tilt=099.20,sun_pan=101.50,sun_tilt=092.96,err=14.09,state=seeking,ldr=3867/3456/4095/3722",Orin software solar tracker
2026-08-05T09:36:14.524490+00:00,1,,0,452,71,0.0,-0.075,-0.0,trk,0,,,54.978,-0.1,0.1,discharging,27.4892,50.0,seeking,113.019,98.561,97.828,91.681,16.676,0,CRC/QPSK/OFDM,1,0,129,133,1064,532,12,44,960,192,48,"p1br,seq=00452,frame_b=00133,bits=01064,qpsk=00532,ofdm=012,pad_q=00044,gap=0,ok=1","trk,seq=00452,pan=113.02,tilt=098.56,sun_pan=097.83,sun_tilt=091.68,err=16.68,state=seeking,ldr=3853/3363/4095/3654",Orin software solar tracker
2026-08-05T09:36:15.527537+00:00,1,,0,453,70,0.0,-0.05,-0.0,trk,0,,,54.978,-0.1,0.1,discharging,27.4892,50.0,seeking,111.712,97.861,94.09,90.383,19.143,0,CRC/QPSK/OFDM,1,0,129,133,1064,532,12,44,960,192,48,"p1br,seq=00453,frame_b=00133,bits=01064,qpsk=00532,ofdm=012,pad_q=00044,gap=0,ok=1","trk,seq=00453,pan=111.71,tilt=097.86,sun_pan=094.09,sun_tilt=090.38,err=19.14,state=seeking,ldr=3832/3271/4095/3583",Orin software solar tracker
2026-08-05T09:36:16.527691+00:00,1,,0,454,68,1.25,-0.075,-0.0,trk,0,,,54.978,-0.1,0.1,discharging,27.4892,50.0,seeking,110.219,97.096,90.32,89.075,21.455,0,CRC/QPSK/OFDM,1,0,129,133,1064,532,12,44,960,192,48,"p1br,seq=00454,frame_b=00133,bits=01064,qpsk=00532,ofdm=012,pad_q=00044,gap=0,ok=1","trk,seq=00454,pan=110.22,tilt=097.10,sun_pan=090.32,sun_tilt=089.08,err=21.45,state=seeking,ldr=3806/3180/4095/3511",Orin software solar tracker
2026-08-05T09:36:17.531074+00:00,1,,0,455,67,0.0,-0.075,-0.0,trk,0,,,54.978,-0.1,0.1,discharging,27.4891,50.0,seeking,108.546,96.265,86.546,87.763,23.586,0,CRC/QPSK/OFDM,1,0,129,133,1064,532,12,44,960,192,48,"p1br,seq=00455,frame_b=00133,bits=01064,qpsk=00532,ofdm=012,pad_q=00044,gap=0,ok=1","trk,seq=00455,pan=108.55,tilt=096.26,sun_pan=086.55,sun_tilt=087.76,err=23.59,state=seeking,ldr=3777/3093/4095/3440",Orin software solar tracker
2026-08-05T09:36:18.532326+00:00,1,,0,456,65,0.0,-0.075,-0.0,trk,0,,,54.978,-0.1,0.1,discharging,27.4891,50.0,seeking,106.704,95.369,82.801,86.451,25.513,0,CRC/QPSK/OFDM,1,0,129,133,1064,532,12,44,960,192,48,"p1br,seq=00456,frame_b=00133,bits=01064,qpsk=00532,ofdm=012,pad_q=00044,gap=0,ok=1","trk,seq=00456,pan=106.70,tilt=095.37,sun_pan=082.80,sun_tilt=086.45,err=25.51,state=seeking,ldr=3746/3013/4095/3372",Orin software solar tracker
2026-08-05T09:36:19.535266+00:00,1,,0,457,63,1.25,-0.1,-0.0,trk,0,,,54.978,-0.1,0.1,discharging,27.4891,50.0,seeking,104.715,94.423,79.112,85.146,27.232,0,CRC/QPSK/OFDM,1,0,129,133,1064,532,12,44,960,192,48,"p1br,seq=00457,frame_b=00133,bits=01064,qpsk=00532,ofdm=012,pad_q=00044,gap=0,ok=1","trk,seq=00457,pan=104.72,tilt=094.42,sun_pan=079.11,sun_tilt=085.15,err=27.23,state=seeking,ldr=3716/2940/4085/3309",Orin software solar tracker
2026-08-05T09:36:20.536978+00:00,1,,0,458,61,1.25,-0.075,-0.0,trk,0,,,54.978,-0.1,0.1,discharging,27.489,50.0,seeking,102.614,93.446,75.514,83.854,28.748,0,CRC/QPSK/OFDM,1,0,129,133,1064,532,12,44,960,192,48,"p1br,seq=00458,frame_b=00133,bits=01064,qpsk=00532,ofdm=012,pad_q=00044,gap=0,ok=1","trk,seq=00458,pan=102.61,tilt=093.45,sun_pan=075.51,sun_tilt=083.85,err=28.75,state=seeking,ldr=3686/2876/4063/3253",Orin software solar tracker
2026-08-05T09:36:21.538664+00:00,1,,0,459,59,0.0,-0.075,-0.0,trk,0,,,54.978,-0.1,0.1,discharging,27.489,50.0,seeking,100.412,92.439,72.031,82.579,30.045,0,CRC/QPSK/OFDM,1,0,129,133,1064,532,12,44,960,192,48,"p1br,seq=00459,frame_b=00133,bits=01064,qpsk=00532,ofdm=012,pad_q=00044,gap=0,ok=1","trk,seq=00459,pan=100.41,tilt=092.44,sun_pan=072.03,sun_tilt=082.58,err=30.04,state=seeking,ldr=3659/2819/4042/3203",Orin software solar tracker
2026-08-05T09:36:22.539409+00:00,1,,0,460,57,1.25,-0.1,-0.0,trk,0,,,54.978,-0.1,0.1,discharging,27.489,50.0,seeking,98.129,91.412,68.694,81.328,31.114,0,CRC/QPSK/OFDM,1,0,129,133,1064,532,12,44,960,192,48,"p1br,seq=00460,frame_b=00133,bits=01064,qpsk=00532,ofdm=012,pad_q=00044,gap=0,ok=1","trk,seq=00460,pan=098.13,tilt=091.41,sun_pan=068.69,sun_tilt=081.33,err=31.11,state=seeking,ldr=3635/2773/4023/3161",Orin software solar tracker
2026-08-05T09:36:23.551211+00:00,1,,0,461,55,1.25,-0.075,-0.0,trk,0,,,54.978,-0.1,0.1,discharging,27.489,50.0,seeking,95.781,90.364,65.53,80.105,31.944,0,CRC/QPSK/OFDM,1,0,129,133,1064,532,12,44,960,192,48,"p1br,seq=00461,frame_b=00133,bits=01064,qpsk=00532,ofdm=012,pad_q=00044,gap=0,ok=1","trk,seq=00461,pan=095.78,tilt=090.36,sun_pan=065.53,sun_tilt=080.10,err=31.94,state=seeking,ldr=3615/2736/4008/3128",Orin software solar tracker
2026-08-05T09:36:24.544157+00:00,1,,0,462,53,2.5,-0.075,-0.0,trk,0,,,54.978,-0.1,0.1,discharging,27.4889,50.0,seeking,93.39,89.304,62.562,78.916,32.53,0,CRC/QPSK/OFDM,1,0,129,133,1064,532,12,44,960,192,48,"p1br,seq=00462,frame_b=00133,bits=01064,qpsk=00532,ofdm=012,pad_q=00044,gap=0,ok=1","trk,seq=00462,pan=093.39,tilt=089.30,sun_pan=062.56,sun_tilt=078.92,err=32.53,state=seeking,ldr=3601/2710/3996/3105",Orin software solar tracker
2026-08-05T09:36:25.552617+00:00,1,,0,463,51,1.25,-0.1,-0.0,trk,0,,,54.978,-0.1,0.1,discharging,27.4889,50.0,seeking,90.973,88.236,59.817,77.767,32.868,0,CRC/QPSK/OFDM,1,0,129,133,1064,532,12,44,960,192,48,"p1br,seq=00463,frame_b=00133,bits=01064,qpsk=00532,ofdm=012,pad_q=00044,gap=0,ok=1","trk,seq=00463,pan=090.97,tilt=088.24,sun_pan=059.82,sun_tilt=077.77,err=32.87,state=seeking,ldr=3592/2695/3989/3091",Orin software solar tracker
2026-08-05T09:36:26.549748+00:00,1,,0,464,49,0.0,-0.075,-0.0,trk,0,,,54.978,-0.1,0.1,discharging,27.4889,50.0,seeking,88.549,87.166,57.316,76.662,32.952,0,CRC/QPSK/OFDM,1,0,129,133,1064,532,12,44,960,192,48,"p1br,seq=00464,frame_b=00133,bits=01064,qpsk=00532,ofdm=012,pad_q=00044,gap=0,ok=1","trk,seq=00464,pan=088.55,tilt=087.17,sun_pan=057.32,sun_tilt=076.66,err=32.95,state=seeking,ldr=3590/2691/3987/3088",Orin software solar tracker
2026-08-05T09:36:27.551690+00:00,1,,0,465,46,0.0,-0.075,-0.0,trk,0,,,54.978,-0.1,0.1,discharging,27.4888,50.0,seeking,86.14,86.096,55.079,75.605,32.785,0,CRC/QPSK/OFDM,1,0,129,133,1064,532,12,44,960,192,48,"p1br,seq=00465,frame_b=00133,bits=01064,qpsk=00532,ofdm=012,pad_q=00044,gap=0,ok=1","trk,seq=00465,pan=086.14,tilt=086.10,sun_pan=055.08,sun_tilt=075.61,err=32.78,state=seeking,ldr=3594/2698/3991/3096",Orin software solar tracker
2026-08-05T09:36:28.556588+00:00,1,,0,466,44,0.0,-0.075,-0.0,trk,0,,,54.978,-0.1,0.1,discharging,27.4888,50.0,seeking,83.762,85.032,53.124,74.602,32.366,0,CRC/QPSK/OFDM,1,0,129,133,1064,532,12,44,960,192,48,"p1br,seq=00466,frame_b=00133,bits=01064,qpsk=00532,ofdm=012,pad_q=00044,gap=0,ok=1","trk,seq=00466,pan=083.76,tilt=085.03,sun_pan=053.12,sun_tilt=074.60,err=32.37,state=seeking,ldr=3603/2716/4000/3113",Orin software solar tracker
2026-08-05T09:36:29.554603+00:00,1,,0,467,42,0.0,-0.05,-0.0,trk,0,,,54.978,-0.1,0.1,discharging,27.4888,50.0,seeking,81.438,83.978,51.467,73.656,31.698,0,CRC/QPSK/OFDM,1,0,129,133,1064,532,12,44,960,192,48,"p1br,seq=00467,frame_b=00133,bits=01064,qpsk=00532,ofdm=012,pad_q=00044,gap=0,ok=1","trk,seq=00467,pan=081.44,tilt=083.98,sun_pan=051.47,sun_tilt=073.66,err=31.70,state=seeking,ldr=3618/2745/4014/3141",Orin software solar tracker
2026-08-05T09:36:30.558862+00:00,1,,0,468,40,1.25,-0.075,-0.0,trk,0,,,54.977,-0.1,0.1,discharging,27.4887,50.0,seeking,79.184,82.941,50.122,72.773,30.789,0,CRC/QPSK/OFDM,1,0,129,133,1064,532,12,44,960,192,48,"p1br,seq=00468,frame_b=00133,bits=01064,qpsk=00532,ofdm=012,pad_q=00044,gap=0,ok=1","trk,seq=00468,pan=079.18,tilt=082.94,sun_pan=050.12,sun_tilt=072.77,err=30.79,state=seeking,ldr=3639/2785/4031/3178",Orin software solar tracker
2026-08-05T09:36:31.558123+00:00,1,,0,469,38,0.0,-0.075,-0.0,trk,0,,,54.977,-0.1,0.1,discharging,27.4887,50.0,seeking,77.017,81.924,49.099,71.955,29.644,0,CRC/QPSK/OFDM,1,0,129,133,1064,532,12,44,960,192,48,"p1br,seq=00469,frame_b=00133,bits=01064,qpsk=00532,ofdm=012,pad_q=00044,gap=0,ok=1","trk,seq=00469,pan=077.02,tilt=081.92,sun_pan=049.10,sun_tilt=071.95,err=29.64,state=seeking,ldr=3663/2834/4052/3223",Orin software solar tracker
2026-08-05T09:36:32.559779+00:00,1,,0,470,36,0.0,-0.075,-0.0,trk,0,,,54.977,-0.1,0.1,discharging,27.4887,50.0,seeking,74.955,80.932,48.407,71.206,28.273,0,CRC/QPSK/OFDM,1,0,129,133,1064,532,12,44,960,192,48,"p1br,seq=00470,frame_b=00133,bits=01064,qpsk=00532,ofdm=012,pad_q=00044,gap=0,ok=1","trk,seq=00470,pan=074.95,tilt=080.93,sun_pan=048.41,sun_tilt=071.21,err=28.27,state=seeking,ldr=3690/2892/4074/3276",Orin software solar tracker
2026-08-05T09:36:33.570128+00:00,1,,0,471,35,0.0,-0.075,-0.0,trk,0,,,54.977,-0.1,0.1,discharging,27.4887,50.0,seeking,73.018,79.97,48.051,70.53,26.692,0,CRC/QPSK/OFDM,1,0,129,133,1064,532,12,44,960,192,48,"p1br,seq=00471,frame_b=00133,bits=01064,qpsk=00532,ofdm=012,pad_q=00044,gap=0,ok=1","trk,seq=00471,pan=073.02,tilt=079.97,sun_pan=048.05,sun_tilt=070.53,err=26.69,state=seeking,ldr=3718/2959/4095/3336",Orin software solar tracker
2026-08-05T09:36:34.566955+00:00,1,,0,472,33,0.0,-0.075,-0.0,trk,0,,,54.977,-0.1,0.1,discharging,27.4886,50.0,seeking,71.243,79.065,48.034,69.929,24.942,0,CRC/QPSK/OFDM,1,0,129,133,1064,532,12,44,960,192,48,"p1br,seq=00472,frame_b=00133,bits=01064,qpsk=00532,ofdm=012,pad_q=00044,gap=0,ok=1","trk,seq=00472,pan=071.24,tilt=079.06,sun_pan=048.03,sun_tilt=069.93,err=24.94,state=seeking,ldr=3747/3032/4095/3402",Orin software solar tracker
2026-08-05T09:36:35.568966+00:00,1,,0,473,31,2.5,-0.075,-0.0,trk,0,,,54.977,-0.1,0.1,discharging,27.4886,50.0,seeking,69.637,78.217,48.357,69.405,23.032,0,CRC/QPSK/OFDM,1,0,129,133,1064,532,12,44,960,192,48,"p1br,seq=00473,frame_b=00133,bits=01064,qpsk=00532,ofdm=012,pad_q=00044,gap=0,ok=1","trk,seq=00473,pan=069.64,tilt=078.22,sun_pan=048.36,sun_tilt=069.41,err=23.03,state=seeking,ldr=3774/3110/4095/3470",Orin software solar tracker
2026-08-05T09:36:36.567890+00:00,1,,0,474,30,1.25,-0.1,-0.0,trk,0,,,54.977,-0.1,0.1,discharging,27.4886,50.0,seeking,68.21,77.42,49.016,68.962,20.976,0,CRC/QPSK/OFDM,1,0,129,133,1064,532,12,44,960,192,48,"p1br,seq=00474,frame_b=00133,bits=01064,qpsk=00532,ofdm=012,pad_q=00044,gap=0,ok=1","trk,seq=00474,pan=068.21,tilt=077.42,sun_pan=049.02,sun_tilt=068.96,err=20.98,state=seeking,ldr=3797/3192/4095/3541",Orin software solar tracker
2026-08-05T09:36:37.573974+00:00,1,,0,475,29,0.0,-0.1,-0.0,trk,0,,,54.977,-0.1,0.1,discharging,27.4885,50.0,seeking,66.965,76.671,50.006,68.601,18.781,0,CRC/QPSK/OFDM,1,0,129,133,1064,532,12,44,960,192,48,"p1br,seq=00475,frame_b=00133,bits=01064,qpsk=00532,ofdm=012,pad_q=00044,gap=0,ok=1","trk,seq=00475,pan=066.96,tilt=076.67,sun_pan=050.01,sun_tilt=068.60,err=18.78,state=seeking,ldr=3816/3275/4095/3612",Orin software solar tracker
2026-08-05T09:36:38.575857+00:00,1,,0,476,28,1.25,-0.075,-0.0,trk,0,,,54.977,-0.1,0.1,discharging,27.4885,50.0,seeking,65.904,75.966,51.32,68.324,16.466,0,CRC/QPSK/OFDM,1,0,129,133,1064,532,12,44,960,192,48,"p1br,seq=00476,frame_b=00133,bits=01064,qpsk=00532,ofdm=012,pad_q=00044,gap=0,ok=1","trk,seq=00476,pan=065.90,tilt=075.97,sun_pan=051.32,sun_tilt=068.32,err=16.47,state=seeking,ldr=3831/3361/4095/3683",Orin software solar tracker
2026-08-05T09:36:39.574944+00:00,1,,0,477,27,0.0,-0.075,-0.0,trk,0,,,54.977,-0.1,0.1,discharging,27.4885,50.0,seeking,65.029,75.298,52.946,68.131,14.048,0,CRC/QPSK/OFDM,1,0,129,133,1064,532,12,44,960,192,48,"p1br,seq=00477,frame_b=00133,bits=01064,qpsk=00532,ofdm=012,pad_q=00044,gap=0,ok=1","trk,seq=00477,pan=065.03,tilt=075.30,sun_pan=052.95,sun_tilt=068.13,err=14.05,state=seeking,ldr=3839/3446/4095/3752",Orin software solar tracker
2026-08-05T09:36:40.576830+00:00,1,,0,478,27,1.25,-0.075,-0.0,trk,0,,,54.977,-0.1,0.1,discharging,27.4885,50.0,seeking,64.334,74.662,54.872,68.024,11.558,0,CRC/QPSK/OFDM,1,0,129,133,1064,532,12,44,960,192,48,"p1br,seq=00478,frame_b=00133,bits=01064,qpsk=00532,ofdm=012,pad_q=00044,gap=0,ok=1","trk,seq=00478,pan=064.33,tilt=074.66,sun_pan=054.87,sun_tilt=068.02,err=11.56,state=seeking,ldr=3841/3530/4095/3816",Orin software solar tracker
2026-08-05T09:36:41.577904+00:00,1,,0,479,26,0.0,-0.1,-0.0,trk,0,,,54.977,-0.1,0.1,discharging,27.4884,50.0,locked,63.817,74.049,57.081,68.003,9.051,0,CRC/QPSK/OFDM,1,0,129,133,1064,532,12,44,960,192,48,"p1br,seq=00479,frame_b=00133,bits=01064,qpsk=00532,ofdm=012,pad_q=00044,gap=0,ok=1","trk,seq=00479,pan=063.82,tilt=074.05,sun_pan=057.08,sun_tilt=068.00,err=09.05,state=locked,ldr=3835/3611/4095/3876",Orin software solar tracker
2026-08-05T09:36:42.580168+00:00,1,,0,480,26,1.25,-0.1,-0.0,trk,0,,,54.977,-0.1,0.1,discharging,27.4884,50.0,locked,63.51,73.496,59.557,68.068,6.715,0,CRC/QPSK/OFDM,1,0,129,133,1064,532,12,44,960,192,48,"p1br,seq=00480,frame_b=00133,bits=01064,qpsk=00532,ofdm=012,pad_q=00044,gap=0,ok=1","trk,seq=00480,pan=063.51,tilt=073.50,sun_pan=059.56,sun_tilt=068.07,err=06.71,state=locked,ldr=3822/3690/4060/3928",Orin software solar tracker
2026-08-05T09:36:43.586254+00:00,1,,0,481,26,1.25,-0.1,-0.0,trk,0,,,54.977,-0.1,0.1,discharging,27.4884,50.0,locked,63.42,73.007,62.279,68.219,4.922,0,CRC/QPSK/OFDM,1,0,129,133,1064,532,12,44,960,192,48,"p1br,seq=00481,frame_b=00133,bits=01064,qpsk=00532,ofdm=012,pad_q=00044,gap=0,ok=1","trk,seq=00481,pan=063.42,tilt=073.01,sun_pan=062.28,sun_tilt=068.22,err=04.92,state=locked,ldr=3800/3761/4011/3972",Orin software solar tracker
2026-08-05T09:36:44.582909+00:00,1,,0,482,26,1.25,-0.05,-0.0,trk,0,,,54.977,-0.1,0.1,discharging,27.4883,50.0,locked,63.551,72.585,65.225,68.455,4.456,0,CRC/QPSK/OFDM,1,0,129,133,1064,532,12,44,960,192,48,"p1br,seq=00482,frame_b=00133,bits=01064,qpsk=00532,ofdm=012,pad_q=00044,gap=0,ok=1","trk,seq=00482,pan=063.55,tilt=072.58,sun_pan=065.23,sun_tilt=068.46,err=04.46,state=locked,ldr=3769/3826/3952/4008",Orin software solar tracker
2026-08-05T09:36:45.586654+00:00,1,,0,483,26,0.0,-0.05,-0.0,trk,0,,,54.977,-0.1,0.1,discharging,27.4883,50.0,locked,63.898,72.233,68.372,68.776,5.653,0,CRC/QPSK/OFDM,1,0,129,133,1064,532,12,44,960,192,48,"p1br,seq=00483,frame_b=00133,bits=01064,qpsk=00532,ofdm=012,pad_q=00044,gap=0,ok=1","trk,seq=00483,pan=063.90,tilt=072.23,sun_pan=068.37,sun_tilt=068.78,err=05.65,state=locked,ldr=3731/3881/3883/4033",Orin software solar tracker
2026-08-05T09:36:46.589288+00:00,1,,0,484,27,1.25,-0.075,-0.0,trk,0,,,54.977,-0.1,0.1,discharging,27.4883,50.0,locked,64.459,71.949,71.693,69.179,7.745,0,CRC/QPSK/OFDM,1,0,129,133,1064,532,12,44,960,192,48,"p1br,seq=00484,frame_b=00133,bits=01064,qpsk=00532,ofdm=012,pad_q=00044,gap=0,ok=1","trk,seq=00484,pan=064.46,tilt=071.95,sun_pan=071.69,sun_tilt=069.18,err=07.75,state=locked,ldr=3686/3927/3808/4049",Orin software solar tracker
2026-08-05T09:36:47.616391+00:00,1,,0,485,27,1.25,-0.075,-0.0,trk,0,,,54.977,-0.1,0.1,discharging,27.4883,50.0,seeking,65.229,71.736,75.162,69.664,10.147,0,CRC/QPSK/OFDM,1,0,129,133,1064,532,12,44,960,192,48,"p1br,seq=00485,frame_b=00133,bits=01064,qpsk=00532,ofdm=012,pad_q=00044,gap=0,ok=1","trk,seq=00485,pan=065.23,tilt=071.74,sun_pan=075.16,sun_tilt=069.66,err=10.15,state=seeking,ldr=3635/3964/3726/4055",Orin software solar tracker
2026-08-05T09:36:48.708765+00:00,1,,0,486,28,0.0,-0.075,-0.0,trk,0,,,54.976,-0.1,0.1,discharging,27.4882,50.0,seeking,66.202,71.595,78.752,70.227,12.624,0,CRC/QPSK/OFDM,1,0,129,133,1064,532,12,44,960,192,48,"p1br,seq=00486,frame_b=00133,bits=01064,qpsk=00532,ofdm=012,pad_q=00044,gap=0,ok=1","trk,seq=00486,pan=066.20,tilt=071.60,sun_pan=078.75,sun_tilt=070.23,err=12.62,state=seeking,ldr=3579/3992/3639/4051",Orin software solar tracker
2026-08-05T09:36:49.594667+00:00,1,,0,487,29,0.0,-0.075,-0.0,trk,0,,,54.976,-0.1,0.1,discharging,27.4882,50.0,seeking,67.372,71.529,82.432,70.867,15.075,0,CRC/QPSK/OFDM,1,0,129,133,1064,532,12,44,960,192,48,"p1br,seq=00487,frame_b=00133,bits=01064,qpsk=00532,ofdm=012,pad_q=00044,gap=0,ok=1","trk,seq=00487,pan=067.37,tilt=071.53,sun_pan=082.43,sun_tilt=070.87,err=15.07,state=seeking,ldr=3520/4011/3548/4039",Orin software solar tracker
2026-08-05T09:36:50.595310+00:00,1,,0,488,31,0.0,-0.075,-0.0,trk,0,,,54.976,-0.1,0.1,discharging,27.4882,50.0,seeking,68.727,71.533,86.172,71.581,17.445,0,CRC/QPSK/OFDM,1,0,129,133,1064,532,12,44,960,192,48,"p1br,seq=00488,frame_b=00133,bits=01064,qpsk=00532,ofdm=012,pad_q=00044,gap=0,ok=1","trk,seq=00488,pan=068.73,tilt=071.53,sun_pan=086.17,sun_tilt=071.58,err=17.45,state=seeking,ldr=3459/4022/3457/4020",Orin software solar tracker
2026-08-05T09:36:51.599903+00:00,1,,0,489,32,1.25,-0.1,-0.0,trk,0,,,54.976,-0.1,0.1,discharging,27.4881,50.0,seeking,70.255,71.61,89.944,72.365,19.704,0,CRC/QPSK/OFDM,1,0,129,133,1064,532,12,44,960,192,48,"p1br,seq=00489,frame_b=00133,bits=01064,qpsk=00532,ofdm=012,pad_q=00044,gap=0,ok=1","trk,seq=00489,pan=070.25,tilt=071.61,sun_pan=089.94,sun_tilt=072.37,err=19.70,state=seeking,ldr=3398/4025/3366/3994",Orin software solar tracker
2026-08-05T09:36:52.602693+00:00,1,,0,490,34,0.0,-0.075,-0.0,trk,0,,,54.976,-0.1,0.1,discharging,27.4881,50.0,seeking,71.945,74.536,93.717,103.218,36.009,0,CRC/QPSK/OFDM,1,0,129,133,1064,532,12,44,960,192,48,"p1br,seq=00490,frame_b=00133,bits=01064,qpsk=00532,ofdm=012,pad_q=00044,gap=0,ok=1","trk,seq=00490,pan=071.94,tilt=074.54,sun_pan=093.72,sun_tilt=103.22,err=36.01,state=seeking,ldr=3440/4044/2393/2998",Orin software solar tracker
2026-08-05T09:36:53.602383+00:00,1,,0,491,35,1.25,-0.075,-0.0,trk,0,,,54.976,-0.1,0.1,discharging,27.4881,50.0,seeking,73.782,77.268,97.46,104.037,35.738,0,CRC/QPSK/OFDM,1,0,129,133,1064,532,12,44,960,192,48,"p1br,seq=00491,frame_b=00133,bits=01064,qpsk=00532,ofdm=012,pad_q=00044,gap=0,ok=1","trk,seq=00491,pan=073.78,tilt=077.27,sun_pan=097.46,sun_tilt=104.04,err=35.74,state=seeking,ldr=3391/4051/2411/3070",Orin software solar tracker
2026-08-05T09:36:54.650799+00:00,1,,0,492,37,1.25,-0.075,-0.0,trk,0,,,54.976,-0.1,0.1,discharging,27.488,50.0,seeking,75.752,79.816,101.142,104.786,35.612,0,CRC/QPSK/OFDM,1,0,129,133,1064,532,12,44,960,192,48,"p1br,seq=00492,frame_b=00133,bits=01064,qpsk=00532,ofdm=012,pad_q=00044,gap=0,ok=1","trk,seq=00492,pan=075.75,tilt=079.82,sun_pan=101.14,sun_tilt=104.79,err=35.61,state=seeking,ldr=3341/4050/2425/3133",Orin software solar tracker
2026-08-05T09:36:55.672761+00:00,1,,0,493,39,1.25,-0.1,-0.0,trk,0,,,54.976,-0.1,0.1,discharging,27.488,50.0,seeking,77.839,82.192,104.735,105.463,35.566,0,CRC/QPSK/OFDM,1,0,129,133,1064,532,12,44,960,192,48,"p1br,seq=00493,frame_b=00133,bits=01064,qpsk=00532,ofdm=012,pad_q=00044,gap=0,ok=1","trk,seq=00493,pan=077.84,tilt=082.19,sun_pan=104.73,sun_tilt=105.46,err=35.57,state=seeking,ldr=3293/4044/2437/3189",Orin software solar tracker
2026-08-05T09:36:56.608314+00:00,1,,0,494,41,0.0,-0.075,-0.0,trk,0,,,54.976,-0.1,0.1,discharging,27.488,50.0,seeking,80.026,84.401,108.208,106.065,35.547,0,CRC/QPSK/OFDM,1,0,129,133,1064,532,12,44,960,192,48,"p1br,seq=00494,frame_b=00133,bits=01064,qpsk=00532,ofdm=012,pad_q=00044,gap=0,ok=1","trk,seq=00494,pan=080.03,tilt=084.40,sun_pan=108.21,sun_tilt=106.07,err=35.55,state=seeking,ldr=3247/4035/2451/3239",Orin software solar tracker
2026-08-05T09:36:57.610959+00:00,1,,0,495,43,1.25,-0.075,-0.0,trk,0,,,54.976,-0.1,0.1,discharging,27.488,50.0,seeking,82.296,86.455,111.534,106.59,35.5,0,CRC/QPSK/OFDM,1,0,129,133,1064,532,12,44,960,192,48,"p1br,seq=00495,frame_b=00133,bits=01064,qpsk=00532,ofdm=012,pad_q=00044,gap=0,ok=1","trk,seq=00495,pan=082.30,tilt=086.46,sun_pan=111.53,sun_tilt=106.59,err=35.50,state=seeking,ldr=3207/4026/2466/3285",Orin software solar tracker
2026-08-05T09:36:58.611652+00:00,1,,0,496,45,0.0,-0.075,-0.0,trk,0,,,54.976,-0.1,0.1,discharging,27.4879,50.0,seeking,84.63,88.359,114.686,107.034,35.385,0,CRC/QPSK/OFDM,1,0,129,133,1064,532,12,44,960,192,48,"p1br,seq=00496,frame_b=00133,bits=01064,qpsk=00532,ofdm=012,pad_q=00044,gap=0,ok=1","trk,seq=00496,pan=084.63,tilt=088.36,sun_pan=114.69,sun_tilt=107.03,err=35.38,state=seeking,ldr=3174/4017/2486/3329",Orin software solar tracker
2026-08-05T09:36:59.616309+00:00,1,,0,497,47,1.25,-0.075,-0.0,trk,0,,,54.976,-0.1,0.1,discharging,27.4879,50.0,seeking,87.007,90.124,117.638,107.395,35.165,0,CRC/QPSK/OFDM,1,0,129,133,1064,532,12,44,960,192,48,"p1br,seq=00497,frame_b=00133,bits=01064,qpsk=00532,ofdm=012,pad_q=00044,gap=0,ok=1","trk,seq=00497,pan=087.01,tilt=090.12,sun_pan=117.64,sun_tilt=107.40,err=35.17,state=seeking,ldr=3149/4010/2510/3371",Orin software solar tracker
2026-08-05T09:37:00.616949+00:00,1,,0,498,49,1.25,-0.1,-0.0,trk,0,,,54.976,-0.1,0.1,discharging,27.4879,50.0,seeking,89.41,91.748,120.367,107.674,34.813,0,CRC/QPSK/OFDM,1,0,129,133,1064,532,12,44,960,192,48,"p1br,seq=00498,frame_b=00133,bits=01064,qpsk=00532,ofdm=012,pad_q=00044,gap=0,ok=1","trk,seq=00498,pan=089.41,tilt=091.75,sun_pan=120.37,sun_tilt=107.67,err=34.81,state=seeking,ldr=3132/4006/2541/3415",Orin software solar tracker
2026-08-05T09:37:01.618933+00:00,1,,0,499,52,1.25,-0.075,-0.0,trk,0,,,54.976,-0.1,0.1,discharging,27.4878,50.0,seeking,91.819,93.241,122.85,107.867,34.306,0,CRC/QPSK/OFDM,1,0,129,133,1064,532,12,44,960,192,48,"p1br,seq=00499,frame_b=00133,bits=01064,qpsk=00532,ofdm=012,pad_q=00044,gap=0,ok=1","trk,seq=00499,pan=091.82,tilt=093.24,sun_pan=122.85,sun_tilt=107.87,err=34.31,state=seeking,ldr=3124/4005/2578/3459",Orin software solar tracker
2026-08-05T09:37:02.629700+00:00,1,,0,500,54,1.25,-0.075,-0.0,trk,0,,,54.976,-0.1,0.1,discharging,27.4878,50.0,seeking,94.213,94.604,125.068,107.975,33.628,0,CRC/QPSK/OFDM,1,0,129,133,1064,532,12,44,960,192,48,"p1br,seq=00500,frame_b=00133,bits=01064,qpsk=00532,ofdm=012,pad_q=00044,gap=0,ok=1","trk,seq=00500,pan=094.21,tilt=094.60,sun_pan=125.07,sun_tilt=107.98,err=33.63,state=seeking,ldr=3125/4007/2623/3505",Orin software solar tracker
2026-08-05T09:37:03.622684+00:00,1,,0,501,56,1.25,-0.1,-0.0,trk,0,,,54.976,-0.1,0.1,discharging,27.4878,50.0,seeking,96.575,95.844,127.003,107.997,32.765,0,CRC/QPSK/OFDM,1,0,129,133,1064,532,12,44,960,192,48,"p1br,seq=00501,frame_b=00133,bits=01064,qpsk=00532,ofdm=012,pad_q=00044,gap=0,ok=1","trk,seq=00501,pan=096.57,tilt=095.84,sun_pan=127.00,sun_tilt=108.00,err=32.77,state=seeking,ldr=3136/4013/2675/3553",Orin software solar tracker
2026-08-05T09:37:04.627199+00:00,1,,0,502,58,0.0,-0.1,-0.0,trk,0,,,54.976,-0.1,0.1,discharging,27.4878,50.0,seeking,98.884,96.962,128.638,107.933,31.711,0,CRC/QPSK/OFDM,1,0,129,133,1064,532,12,44,960,192,48,"p1br,seq=00502,frame_b=00133,bits=01064,qpsk=00532,ofdm=012,pad_q=00044,gap=0,ok=1","trk,seq=00502,pan=098.88,tilt=096.96,sun_pan=128.64,sun_tilt=107.93,err=31.71,state=seeking,ldr=3155/4022/2735/3602",Orin software solar tracker
2026-08-05T09:37:05.626544+00:00,1,,0,503,60,0.0,-0.1,-0.0,trk,0,,,54.975,-0.1,0.1,discharging,27.4877,50.0,seeking,101.123,97.963,129.961,107.783,30.464,0,CRC/QPSK/OFDM,1,0,129,133,1064,532,12,44,960,192,48,"p1br,seq=00503,frame_b=00133,bits=01064,qpsk=00532,ofdm=012,pad_q=00044,gap=0,ok=1","trk,seq=00503,pan=101.12,tilt=097.96,sun_pan=129.96,sun_tilt=107.78,err=30.46,state=seeking,ldr=3183/4033/2803/3653",Orin software solar tracker
2026-08-05T09:37:06.631564+00:00,1,,0,504,62,1.25,-0.075,-0.0,trk,0,,,54.975,-0.1,0.1,discharging,27.4877,50.0,seeking,103.271,98.851,130.96,107.548,29.023,0,CRC/QPSK/OFDM,1,0,129,133,1064,532,12,44,960,192,48,"p1br,seq=00504,frame_b=00133,bits=01064,qpsk=00532,ofdm=012,pad_q=00044,gap=0,ok=1","trk,seq=00504,pan=103.27,tilt=098.85,sun_pan=130.96,sun_tilt=107.55,err=29.02,state=seeking,ldr=3219/4046/2878/3704",Orin software solar tracker
2026-08-05T09:37:07.634169+00:00,1,,0,505,64,0.0,-0.05,-0.0,trk,0,,,54.975,-0.1,0.1,discharging,27.4877,50.0,seeking,105.313,99.625,131.629,107.228,27.392,0,CRC/QPSK/OFDM,1,0,129,133,1064,532,12,44,960,192,48,"p1br,seq=00505,frame_b=00133,bits=01064,qpsk=00532,ofdm=012,pad_q=00044,gap=0,ok=1","trk,seq=00505,pan=105.31,tilt=099.63,sun_pan=131.63,sun_tilt=107.23,err=27.39,state=seeking,ldr=3262/4058/2960/3756",Orin software solar tracker
2026-08-05T09:37:08.632151+00:00,1,,0,506,66,1.25,-0.1,-0.0,trk,0,,,54.975,-0.1,0.1,discharging,27.4876,50.0,seeking,107.233,100.291,131.961,106.825,25.577,0,CRC/QPSK/OFDM,1,0,129,133,1064,532,12,44,960,192,48,"p1br,seq=00506,frame_b=00133,bits=01064,qpsk=00532,ofdm=012,pad_q=00044,gap=0,ok=1","trk,seq=00506,pan=107.23,tilt=100.29,sun_pan=131.96,sun_tilt=106.83,err=25.58,state=seeking,ldr=3310/4069/3047/3806",Orin software solar tracker
2026-08-05T09:37:09.633297+00:00,1,,0,507,67,0.0,-0.075,-0.0,trk,0,,,54.975,-0.1,0.1,discharging,27.4876,50.0,seeking,109.014,100.852,131.954,106.342,23.588,0,CRC/QPSK/OFDM,1,0,129,133,1064,532,12,44,960,192,48,"p1br,seq=00507,frame_b=00133,bits=01064,qpsk=00532,ofdm=012,pad_q=00044,gap=0,ok=1","trk,seq=00507,pan=109.01,tilt=100.85,sun_pan=131.95,sun_tilt=106.34,err=23.59,state=seeking,ldr=3364/4078/3139/3853",Orin software solar tracker
2026-08-05T09:37:10.638443+00:00,1,,0,508,69,1.25,-0.1,-0.0,trk,0,,,54.975,-0.1,0.1,discharging,27.4876,50.0,seeking,110.641,101.308,131.608,105.779,21.438,0,CRC/QPSK/OFDM,1,0,129,133,1064,532,12,44,960,192,48,"p1br,seq=00508,frame_b=00133,bits=01064,qpsk=00532,ofdm=012,pad_q=00044,gap=0,ok=1","trk,seq=00508,pan=110.64,tilt=101.31,sun_pan=131.61,sun_tilt=105.78,err=21.44,state=seeking,ldr=3420/4082/3235/3896",Orin software solar tracker
2026-08-05T09:37:11.637732+00:00,1,,0,509,70,1.25,-0.1,-0.0,trk,0,,,54.975,-0.1,0.1,discharging,27.4875,50.0,seeking,112.103,101.663,130.926,105.14,19.141,0,CRC/QPSK/OFDM,1,0,129,133,1064,532,12,44,960,192,48,"p1br,seq=00509,frame_b=00133,bits=01064,qpsk=00532,ofdm=012,pad_q=00044,gap=0,ok=1","trk,seq=00509,pan=112.10,tilt=101.66,sun_pan=130.93,sun_tilt=105.14,err=19.14,state=seeking,ldr=3479/4081/3333/3935",Orin software solar tracker
2026-08-05T09:37:12.641787+00:00,1,,0,510,71,1.25,-0.075,-0.0,trk,0,,,54.975,-0.1,0.1,discharging,27.4875,50.0,seeking,113.385,101.918,129.912,104.427,16.717,0,CRC/QPSK/OFDM,1,0,129,133,1064,532,12,44,960,192,48,"p1br,seq=00510,frame_b=00133,bits=01064,qpsk=00532,ofdm=012,pad_q=00044,gap=0,ok=1","trk,seq=00510,pan=113.38,tilt=101.92,sun_pan=129.91,sun_tilt=104.43,err=16.72,state=seeking,ldr=3538/4073/3432/3966",Orin software solar tracker
2026-08-05T09:37:13.644566+00:00,1,,0,511,72,0.0,-0.1,-0.0,trk,0,,,54.975,-0.1,0.1,discharging,27.4875,50.0,seeking,114.48,102.078,128.576,103.643,14.183,0,CRC/QPSK/OFDM,1,0,129,133,1064,532,12,44,960,192,48,"p1br,seq=00511,frame_b=00133,bits=01064,qpsk=00532,ofdm=012,pad_q=00044,gap=0,ok=1","trk,seq=00511,pan=114.48,tilt=102.08,sun_pan=128.58,sun_tilt=103.64,err=14.18,state=seeking,ldr=3596/4058/3529/3990",Orin software solar tracker
2026-08-05T09:37:14.648235+00:00,1,,0,512,73,0.0,-0.075,-0.0,trk,0,,,54.975,-0.1,0.1,discharging,27.4875,50.0,seeking,115.375,102.144,126.928,102.792,11.571,0,CRC/QPSK/OFDM,1,0,129,133,1064,532,12,44,960,192,48,"p1br,seq=00512,frame_b=00133,bits=01064,qpsk=00532,ofdm=012,pad_q=00044,gap=0,ok=1","trk,seq=00512,pan=115.38,tilt=102.14,sun_pan=126.93,sun_tilt=102.79,err=11.57,state=seeking,ldr=3652/4033/3624/4005",Orin software solar tracker
2026-08-05T09:37:15.649889+00:00,1,,0,513,74,1.25,-0.075,-0.0,trk,0,,,54.975,-0.1,0.1,discharging,27.4874,50.0,locked,116.067,102.12,124.982,101.877,8.918,0,CRC/QPSK/OFDM,1,0,129,133,1064,532,12,44,960,192,48,"p1br,seq=00513,frame_b=00133,bits=01064,qpsk=00532,ofdm=012,pad_q=00044,gap=0,ok=1","trk,seq=00513,pan=116.07,tilt=102.12,sun_pan=124.98,sun_tilt=101.88,err=08.92,state=locked,ldr=3704/4000/3714/4011",Orin software solar tracker
2026-08-05T09:37:16.652548+00:00,1,,0,514,74,1.25,-0.075,-0.0,trk,0,,,54.975,-0.1,0.1,discharging,27.4874,50.0,locked,116.549,102.007,122.753,100.902,6.302,0,CRC/QPSK/OFDM,1,0,129,133,1064,532,12,44,960,192,48,"p1br,seq=00514,frame_b=00133,bits=01064,qpsk=00532,ofdm=012,pad_q=00044,gap=0,ok=1","trk,seq=00514,pan=116.55,tilt=102.01,sun_pan=122.75,sun_tilt=100.90,err=06.30,state=locked,ldr=3750/3958/3799/4006",Orin software solar tracker
2026-08-05T09:37:17.651943+00:00,1,,0,515,74,0.0,-0.075,-0.0,trk,0,,,54.975,-0.1,0.1,discharging,27.4874,50.0,locked,116.816,101.809,120.259,99.871,3.951,0,CRC/QPSK/OFDM,1,0,129,133,1064,532,12,44,960,192,48,"p1br,seq=00515,frame_b=00133,bits=01064,qpsk=00532,ofdm=012,pad_q=00044,gap=0,ok=1","trk,seq=00515,pan=116.82,tilt=101.81,sun_pan=120.26,sun_tilt=099.87,err=03.95,state=locked,ldr=3791/3906/3876/3992",Orin software solar tracker
2026-08-05T09:37:18.652222+00:00,1,,0,516,74,1.25,-0.075,-0.0,trk,0,,,54.975,-0.1,0.1,discharging,27.4873,50.0,locked,116.867,101.53,117.522,98.79,2.817,0,CRC/QPSK/OFDM,1,0,129,133,1064,532,12,44,960,192,48,"p1br,seq=00516,frame_b=00133,bits=01064,qpsk=00532,ofdm=012,pad_q=00044,gap=0,ok=1","trk,seq=00516,pan=116.87,tilt=101.53,sun_pan=117.52,sun_tilt=098.79,err=02.82,state=locked,ldr=3824/3846/3945/3967",Orin software solar tracker
2026-08-05T09:37:19.655998+00:00,1,,0,517,74,1.25,-0.1,-0.0,trk,0,,,54.975,-0.1,0.1,discharging,27.4873,50.0,locked,116.7,101.171,114.561,97.662,4.11,0,CRC/QPSK/OFDM,1,0,129,133,1064,532,12,44,960,192,48,"p1br,seq=00517,frame_b=00133,bits=01064,qpsk=00532,ofdm=012,pad_q=00044,gap=0,ok=1","trk,seq=00517,pan=116.70,tilt=101.17,sun_pan=114.56,sun_tilt=097.66,err=04.11,state=locked,ldr=3849/3777/4004/3932",Orin software solar tracker
2026-08-05T09:37:20.656617+00:00,1,,0,518,74,0.0,-0.075,-0.0,trk,0,,,54.975,-0.1,0.1,discharging,27.4873,50.0,locked,116.318,100.738,111.402,96.493,6.496,0,CRC/QPSK/OFDM,1,0,129,133,1064,532,12,44,960,192,48,"p1br,seq=00518,frame_b=00133,bits=01064,qpsk=00532,ofdm=012,pad_q=00044,gap=0,ok=1","trk,seq=00518,pan=116.32,tilt=100.74,sun_pan=111.40,sun_tilt=096.49,err=06.50,state=locked,ldr=3866/3701/4052/3888",Orin software solar tracker
2026-08-05T09:37:21.659106+00:00,1,,0,519,73,1.25,-0.05,-0.0,trk,0,,,54.975,-0.1,0.1,discharging,27.4873,50.0,locked,115.725,100.234,108.069,95.286,9.115,0,CRC/QPSK/OFDM,1,0,129,133,1064,532,12,44,960,192,48,"p1br,seq=00519,frame_b=00133,bits=01064,qpsk=00532,ofdm=012,pad_q=00044,gap=0,ok=1","trk,seq=00519,pan=115.73,tilt=100.23,sun_pan=108.07,sun_tilt=095.29,err=09.12,state=locked,ldr=3874/3620/4090/3836",Orin software solar tracker
2026-08-05T09:37:22.659192+00:00,1,,0,520,73,1.25,-0.075,-0.0,trk,0,,,54.974,-0.1,0.1,discharging,27.4872,50.0,seeking,114.95,99.687,104.591,94.049,11.794,0,CRC/QPSK/OFDM,1,0,129,133,1064,532,12,44,960,192,48,"p1br,seq=00520,frame_b=00133,bits=01064,qpsk=00532,ofdm=012,pad_q=00044,gap=0,ok=1","trk,seq=00520,pan=114.95,tilt=099.69,sun_pan=104.59,sun_tilt=094.05,err=11.79,state=seeking,ldr=3874/3534/4095/3777",Orin software solar tracker
2026-08-05T09:37:23.663320+00:00,1,,0,521,72,1.25,-0.1,-0.0,trk,0,,,54.974,-0.1,0.1,discharging,27.4872,50.0,seeking,113.99,99.094,100.995,92.785,14.446,0,CRC/QPSK/OFDM,1,0,129,133,1064,532,12,44,960,192,48,"p1br,seq=00521,frame_b=00133,bits=01064,qpsk=00532,ofdm=012,pad_q=00044,gap=0,ok=1","trk,seq=00521,pan=113.99,tilt=099.09,sun_pan=100.99,sun_tilt=092.78,err=14.45,state=seeking,ldr=3866/3443/4095/3712",Orin software solar tracker
2026-08-05T09:37:24.666019+00:00,1,,0,522,71,1.25,-0.075,-0.0,trk,0,,,54.974,-0.1,0.1,discharging,27.4872,50.0,seeking,112.845,98.447,97.31,91.5,17.018,0,CRC/QPSK/OFDM,1,0,129,133,1064,532,12,44,960,192,48,"p1br,seq=00522,frame_b=00133,bits=01064,qpsk=00532,ofdm=012,pad_q=00044,gap=0,ok=1","trk,seq=00522,pan=112.84,tilt=098.45,sun_pan=097.31,sun_tilt=091.50,err=17.02,state=seeking,ldr=3851/3351/4095/3644",Orin software solar tracker
2026-08-05T09:37:25.668850+00:00,1,,0,523,70,1.25,-0.075,-0.0,trk,0,,,54.974,-0.1,0.1,discharging,27.4871,50.0,seeking,111.51,97.74,93.565,90.201,19.464,0,CRC/QPSK/OFDM,1,0,129,133,1064,532,12,44,960,192,48,"p1br,seq=00523,frame_b=00133,bits=01064,qpsk=00532,ofdm=012,pad_q=00044,gap=0,ok=1","trk,seq=00523,pan=111.51,tilt=097.74,sun_pan=093.57,sun_tilt=090.20,err=19.46,state=seeking,ldr=3829/3258/4095/3572",Orin software solar tracker
2026-08-05T09:37:26.667802+00:00,1,,0,524,68,0.0,-0.075,-0.0,trk,0,,,54.974,-0.1,0.1,discharging,27.4871,50.0,seeking,109.991,96.968,89.792,88.892,21.754,0,CRC/QPSK/OFDM,1,0,129,133,1064,532,12,44,960,192,48,"p1br,seq=00524,frame_b=00133,bits=01064,qpsk=00532,ofdm=012,pad_q=00044,gap=0,ok=1","trk,seq=00524,pan=109.99,tilt=096.97,sun_pan=089.79,sun_tilt=088.89,err=21.75,state=seeking,ldr=3803/3168/4095/3501",Orin software solar tracker
2026-08-05T09:37:27.669321+00:00,1,,0,525,67,1.25,-0.075,-0.0,trk,0,,,54.974,-0.1,0.1,discharging,27.4871,50.0,seeking,108.294,96.129,86.02,87.579,23.858,0,CRC/QPSK/OFDM,1,0,129,133,1064,532,12,44,960,192,48,"p1br,seq=00525,frame_b=00133,bits=01064,qpsk=00532,ofdm=012,pad_q=00044,gap=0,ok=1","trk,seq=00525,pan=108.29,tilt=096.13,sun_pan=086.02,sun_tilt=087.58,err=23.86,state=seeking,ldr=3773/3082/4095/3430",Orin software solar tracker
2026-08-05T09:37:28.676530+00:00,1,,0,526,65,0.0,-0.075,-0.0,trk,0,,,54.974,-0.1,0.1,discharging,27.4871,50.0,seeking,106.43,95.225,82.281,86.268,25.756,0,CRC/QPSK/OFDM,1,0,129,133,1064,532,12,44,960,192,48,"p1br,seq=00526,frame_b=00133,bits=01064,qpsk=00532,ofdm=012,pad_q=00044,gap=0,ok=1","trk,seq=00526,pan=106.43,tilt=095.23,sun_pan=082.28,sun_tilt=086.27,err=25.76,state=seeking,ldr=3742/3003/4095/3363",Orin software solar tracker
2026-08-05T09:37:29.679242+00:00,1,,0,527,63,1.25,-0.05,-0.0,trk,0,,,54.974,-0.1,0.1,discharging,27.487,50.0,seeking,104.425,94.276,78.604,84.965,27.448,0,CRC/QPSK/OFDM,1,0,129,133,1064,532,12,44,960,192,48,"p1br,seq=00527,frame_b=00133,bits=01064,qpsk=00532,ofdm=012,pad_q=00044,gap=0,ok=1","trk,seq=00527,pan=104.43,tilt=094.28,sun_pan=078.60,sun_tilt=084.96,err=27.45,state=seeking,ldr=3712/2931/4082/3301",Orin software solar tracker
2026-08-05T09:37:30.678426+00:00,1,,0,528,61,1.25,-0.05,-0.0,trk,0,,,54.974,-0.1,0.1,discharging,27.487,50.0,seeking,102.308,93.296,75.02,83.674,28.935,0,CRC/QPSK/OFDM,1,0,129,133,1064,532,12,44,960,192,48,"p1br,seq=00528,frame_b=00133,bits=01064,qpsk=00532,ofdm=012,pad_q=00044,gap=0,ok=1","trk,seq=00528,pan=102.31,tilt=093.30,sun_pan=075.02,sun_tilt=083.67,err=28.93,state=seeking,ldr=3683/2868/4060/3245",Orin software solar tracker
2026-08-05T09:37:31.677344+00:00,1,,0,529,59,0.0,-0.1,-0.0,trk,0,,,54.974,-0.1,0.1,discharging,27.487,50.0,seeking,100.093,92.287,71.556,82.403,30.201,0,CRC/QPSK/OFDM,1,0,129,133,1064,532,12,44,960,192,48,"p1br,seq=00529,frame_b=00133,bits=01064,qpsk=00532,ofdm=012,pad_q=00044,gap=0,ok=1","trk,seq=00529,pan=100.09,tilt=092.29,sun_pan=071.56,sun_tilt=082.40,err=30.20,state=seeking,ldr=3656/2813/4040/3197",Orin software solar tracker
2026-08-05T09:37:32.681660+00:00,1,,0,530,57,1.25,-0.1,-0.0,trk,0,,,54.974,-0.1,0.1,discharging,27.4869,50.0,seeking,97.8,91.256,68.241,81.155,31.237,0,CRC/QPSK/OFDM,1,0,129,133,1064,532,12,44,960,192,48,"p1br,seq=00530,frame_b=00133,bits=01064,qpsk=00532,ofdm=012,pad_q=00044,gap=0,ok=1","trk,seq=00530,pan=097.80,tilt=091.26,sun_pan=068.24,sun_tilt=081.15,err=31.24,state=seeking,ldr=3632/2767/4021/3156",Orin software solar tracker
2026-08-05T09:37:33.683474+00:00,1,,0,531,55,1.25,-0.075,-0.0,trk,0,,,54.974,-0.1,0.1,discharging,27.4869,50.0,seeking,95.445,90.207,65.103,79.937,32.033,0,CRC/QPSK/OFDM,1,0,129,133,1064,532,12,44,960,192,48,"p1br,seq=00531,frame_b=00133,bits=01064,qpsk=00532,ofdm=012,pad_q=00044,gap=0,ok=1","trk,seq=00531,pan=095.44,tilt=090.21,sun_pan=065.10,sun_tilt=079.94,err=32.03,state=seeking,ldr=3613/2732/4006/3124",Orin software solar tracker
2026-08-05T09:37:34.682512+00:00,1,,0,532,53,0.0,-0.075,-0.0,trk,0,,,54.974,-0.1,0.1,discharging,27.4869,50.0,seeking,93.046,89.146,62.165,78.753,32.583,0,CRC/QPSK/OFDM,1,0,129,133,1064,532,12,44,960,192,48,"p1br,seq=00532,frame_b=00133,bits=01064,qpsk=00532,ofdm=012,pad_q=00044,gap=0,ok=1","trk,seq=00532,pan=093.05,tilt=089.15,sun_pan=062.17,sun_tilt=078.75,err=32.58,state=seeking,ldr=3600/2707/3995/3102",Orin software solar tracker
2026-08-05T09:37:35.685338+00:00,1,,0,533,51,0.0,-0.1,-0.0,trk,0,,,54.974,-0.1,0.1,discharging,27.4868,50.0,seeking,90.626,88.078,59.453,77.61,32.884,0,CRC/QPSK/OFDM,1,0,129,133,1064,532,12,44,960,192,48,"p1br,seq=00533,frame_b=00133,bits=01064,qpsk=00532,ofdm=012,pad_q=00044,gap=0,ok=1","trk,seq=00533,pan=090.63,tilt=088.08,sun_pan=059.45,sun_tilt=077.61,err=32.88,state=seeking,ldr=3592/2694/3989/3090",Orin software solar tracker
2026-08-05T09:37:36.688524+00:00,1,,0,534,48,1.25,-0.075,-0.0,trk,0,,,54.974,-0.1,0.1,discharging,27.4868,50.0,seeking,88.205,87.007,56.987,76.511,32.935,0,CRC/QPSK/OFDM,1,0,129,133,1064,532,12,44,960,192,48,"p1br,seq=00534,frame_b=00133,bits=01064,qpsk=00532,ofdm=012,pad_q=00044,gap=0,ok=1","trk,seq=00534,pan=088.20,tilt=087.01,sun_pan=056.99,sun_tilt=076.51,err=32.93,state=seeking,ldr=3590/2692/3988/3089",Orin software solar tracker
2026-08-05T09:37:37.689673+00:00,1,,0,535,46,1.25,-0.075,-0.0,trk,0,,,54.974,-0.1,0.1,discharging,27.4868,50.0,seeking,85.799,85.938,54.79,75.462,32.73,0,CRC/QPSK/OFDM,1,0,129,133,1064,532,12,44,960,192,48,"p1br,seq=00535,frame_b=00133,bits=01064,qpsk=00532,ofdm=012,pad_q=00044,gap=0,ok=1","trk,seq=00535,pan=085.80,tilt=085.94,sun_pan=054.79,sun_tilt=075.46,err=32.73,state=seeking,ldr=3595/2700/3992/3098",Orin software solar tracker
2026-08-05T09:37:38.690863+00:00,1,,0,536,44,2.5,-0.075,-0.0,trk,0,,,54.974,-0.1,0.1,discharging,27.4868,50.0,seeking,83.429,84.875,52.876,74.467,32.277,0,CRC/QPSK/OFDM,1,0,129,133,1064,532,12,44,960,192,48,"p1br,seq=00536,frame_b=00133,bits=01064,qpsk=00532,ofdm=012,pad_q=00044,gap=0,ok=1","trk,seq=00536,pan=083.43,tilt=084.88,sun_pan=052.88,sun_tilt=074.47,err=32.28,state=seeking,ldr=3605/2720/4002/3117",Orin software solar tracker
2026-08-05T09:37:39.693382+00:00,1,,0,537,42,0.0,-0.075,-0.0,trk,0,,,54.973,-0.1,0.1,discharging,27.4867,50.0,seeking,81.113,83.826,51.262,73.53,31.577,0,CRC/QPSK/OFDM,1,0,129,133,1064,532,12,44,960,192,48,"p1br,seq=00537,frame_b=00133,bits=01064,qpsk=00532,ofdm=012,pad_q=00044,gap=0,ok=1","trk,seq=00537,pan=081.11,tilt=083.83,sun_pan=051.26,sun_tilt=073.53,err=31.58,state=seeking,ldr=3621/2751/4016/3145",Orin software solar tracker
2026-08-05T09:37:40.695426+00:00,1,,0,538,40,1.25,-0.075,-0.0,trk,0,,,54.973,-0.1,0.1,discharging,27.4867,50.0,seeking,78.87,82.791,49.961,72.655,30.635,0,CRC/QPSK/OFDM,1,0,129,133,1064,532,12,44,960,192,48,"p1br,seq=00538,frame_b=00133,bits=01064,qpsk=00532,ofdm=012,pad_q=00044,gap=0,ok=1","trk,seq=00538,pan=078.87,tilt=082.79,sun_pan=049.96,sun_tilt=072.66,err=30.63,state=seeking,ldr=3642/2791/4034/3184",Orin software solar tracker
2026-08-05T09:37:41.696879+00:00,1,,0,539,38,1.25,-0.1,-0.0,trk,0,,,54.973,-0.1,0.1,discharging,27.4867,50.0,seeking,76.717,81.778,48.983,71.847,29.459,0,CRC/QPSK/OFDM,1,0,129,133,1064,532,12,44,960,192,48,"p1br,seq=00539,frame_b=00133,bits=01064,qpsk=00532,ofdm=012,pad_q=00044,gap=0,ok=1","trk,seq=00539,pan=076.72,tilt=081.78,sun_pan=048.98,sun_tilt=071.85,err=29.46,state=seeking,ldr=3667/2842/4055/3230",Orin software solar tracker
2026-08-05T09:37:42.700565+00:00,1,,0,540,36,1.25,-0.075,-0.0,trk,0,,,54.973,-0.1,0.1,discharging,27.4866,50.0,seeking,74.675,80.79,48.338,71.108,28.06,0,CRC/QPSK/OFDM,1,0,129,133,1064,532,12,44,960,192,48,"p1br,seq=00540,frame_b=00133,bits=01064,qpsk=00532,ofdm=012,pad_q=00044,gap=0,ok=1","trk,seq=00540,pan=074.67,tilt=080.79,sun_pan=048.34,sun_tilt=071.11,err=28.06,state=seeking,ldr=3694/2902/4077/3285",Orin software solar tracker
2026-08-05T09:37:43.701290+00:00,1,,0,541,34,1.25,-0.05,-0.0,trk,0,,,54.973,-0.1,0.1,discharging,27.4866,50.0,seeking,72.76,79.836,48.029,70.442,26.455,0,CRC/QPSK/OFDM,1,0,129,133,1064,532,12,44,960,192,48,"p1br,seq=00541,frame_b=00133,bits=01064,qpsk=00532,ofdm=012,pad_q=00044,gap=0,ok=1","trk,seq=00541,pan=072.76,tilt=079.84,sun_pan=048.03,sun_tilt=070.44,err=26.46,state=seeking,ldr=3722/2969/4095/3345",Orin software solar tracker
2026-08-05T09:37:44.702404+00:00,1,,0,542,33,0.0,-0.075,-0.0,trk,0,,,54.973,-0.1,0.1,discharging,27.4866,50.0,seeking,71.008,78.94,48.059,69.852,24.683,0,CRC/QPSK/OFDM,1,0,129,133,1064,532,12,44,960,192,48,"p1br,seq=00542,frame_b=00133,bits=01064,qpsk=00532,ofdm=012,pad_q=00044,gap=0,ok=1","trk,seq=00542,pan=071.01,tilt=078.94,sun_pan=048.06,sun_tilt=069.85,err=24.68,state=seeking,ldr=3751/3043/4095/3411",Orin software solar tracker
2026-08-05T09:37:45.703289+00:00,1,,0,543,31,1.25,-0.075,-0.0,trk,0,,,54.973,-0.1,0.1,discharging,27.4866,50.0,seeking,69.429,78.099,48.428,69.34,22.754,0,CRC/QPSK/OFDM,1,0,129,133,1064,532,12,44,960,192,48,"p1br,seq=00543,frame_b=00133,bits=01064,qpsk=00532,ofdm=012,pad_q=00044,gap=0,ok=1","trk,seq=00543,pan=069.43,tilt=078.10,sun_pan=048.43,sun_tilt=069.34,err=22.75,state=seeking,ldr=3777/3122/4095/3480",Orin software solar tracker
2026-08-05T09:37:46.706583+00:00,1,,0,544,30,0.0,-0.1,-0.0,trk,0,,,54.973,-0.1,0.1,discharging,27.4865,50.0,seeking,68.027,77.309,49.133,68.908,20.677,0,CRC/QPSK/OFDM,1,0,129,133,1064,532,12,44,960,192,48,"p1br,seq=00544,frame_b=00133,bits=01064,qpsk=00532,ofdm=012,pad_q=00044,gap=0,ok=1","trk,seq=00544,pan=068.03,tilt=077.31,sun_pan=049.13,sun_tilt=068.91,err=20.68,state=seeking,ldr=3800/3203/4095/3551",Orin software solar tracker
2026-08-05T09:37:47.706642+00:00,1,,0,545,29,1.25,-0.075,-0.0,trk,0,,,54.973,-0.1,0.1,discharging,27.4865,50.0,seeking,66.806,76.567,50.168,68.558,18.465,0,CRC/QPSK/OFDM,1,0,129,133,1064,532,12,44,960,192,48,"p1br,seq=00545,frame_b=00133,bits=01064,qpsk=00532,ofdm=012,pad_q=00044,gap=0,ok=1","trk,seq=00545,pan=066.81,tilt=076.57,sun_pan=050.17,sun_tilt=068.56,err=18.47,state=seeking,ldr=3819/3287/4095/3622",Orin software solar tracker
2026-08-05T09:37:48.711158+00:00,1,,0,546,28,1.25,-0.1,-0.0,trk,0,,,54.973,-0.1,0.1,discharging,27.4865,50.0,seeking,65.771,75.866,51.526,68.292,16.134,0,CRC/QPSK/OFDM,1,0,129,133,1064,532,12,44,960,192,48,"p1br,seq=00546,frame_b=00133,bits=01064,qpsk=00532,ofdm=012,pad_q=00044,gap=0,ok=1","trk,seq=00546,pan=065.77,tilt=075.87,sun_pan=051.53,sun_tilt=068.29,err=16.13,state=seeking,ldr=3832/3372/4095/3693",Orin software solar tracker
2026-08-05T09:37:49.713730+00:00,1,,0,547,27,0.0,-0.075,-0.0,trk,0,,,54.973,-0.1,0.1,discharging,27.4864,50.0,seeking,64.919,75.202,53.194,68.111,13.703,0,CRC/QPSK/OFDM,1,0,129,133,1064,532,12,44,960,192,48,"p1br,seq=00547,frame_b=00133,bits=01064,qpsk=00532,ofdm=012,pad_q=00044,gap=0,ok=1","trk,seq=00547,pan=064.92,tilt=075.20,sun_pan=053.19,sun_tilt=068.11,err=13.70,state=seeking,ldr=3840/3457/4095/3761",Orin software solar tracker
2026-08-05T09:37:50.713442+00:00,1,,0,548,27,0.0,-0.075,-0.0,trk,0,,,54.973,-0.1,0.1,discharging,27.4864,50.0,seeking,64.249,74.569,55.16,68.016,11.205,0,CRC/QPSK/OFDM,1,0,129,133,1064,532,12,44,960,192,48,"p1br,seq=00548,frame_b=00133,bits=01064,qpsk=00532,ofdm=012,pad_q=00044,gap=0,ok=1","trk,seq=00548,pan=064.25,tilt=074.57,sun_pan=055.16,sun_tilt=068.02,err=11.21,state=seeking,ldr=3841/3541/4095/3825",Orin software solar tracker
2026-08-05T09:37:51.714745+00:00,1,,0,549,26,1.25,-0.075,-0.0,trk,0,,,54.973,-0.1,0.1,discharging,27.4864,50.0,locked,63.757,73.963,57.407,68.007,8.706,0,CRC/QPSK/OFDM,1,0,129,133,1064,532,12,44,960,192,48,"p1br,seq=00549,frame_b=00133,bits=01064,qpsk=00532,ofdm=012,pad_q=00044,gap=0,ok=1","trk,seq=00549,pan=063.76,tilt=073.96,sun_pan=057.41,sun_tilt=068.01,err=08.71,state=locked,ldr=3834/3623/4094/3883",Orin software solar tracker
2026-08-05T09:37:52.716909+00:00,1,,0,550,26,1.25,-0.075,-0.0,trk,0,,,54.973,-0.1,0.1,discharging,27.4863,50.0,locked,63.481,73.417,59.918,68.084,6.414,0,CRC/QPSK/OFDM,1,0,129,133,1064,532,12,44,960,192,48,"p1br,seq=00550,frame_b=00133,bits=01064,qpsk=00532,ofdm=012,pad_q=00044,gap=0,ok=1","trk,seq=00550,pan=063.48,tilt=073.42,sun_pan=059.92,sun_tilt=068.08,err=06.41,state=locked,ldr=3819/3700/4054/3935",Orin software solar tracker
2026-08-05T09:37:53.731049+00:00,1,,0,551,26,0.0,-0.1,-0.0,trk,0,,,54.973,-0.1,0.1,discharging,27.4863,50.0,locked,63.423,72.938,62.672,68.246,4.751,0,CRC/QPSK/OFDM,1,0,129,133,1064,532,12,44,960,192,48,"p1br,seq=00551,frame_b=00133,bits=01064,qpsk=00532,ofdm=012,pad_q=00044,gap=0,ok=1","trk,seq=00551,pan=063.42,tilt=072.94,sun_pan=062.67,sun_tilt=068.25,err=04.75,state=locked,ldr=3796/3771/4003/3978",Orin software solar tracker
2026-08-05T09:37:54.722972+00:00,1,,0,552,26,1.25,-0.075,-0.0,trk,0,,,54.973,-0.1,0.1,discharging,27.4863,50.0,locked,63.584,72.527,65.647,68.494,4.53,0,CRC/QPSK/OFDM,1,0,129,133,1064,532,12,44,960,192,48,"p1br,seq=00552,frame_b=00133,bits=01064,qpsk=00532,ofdm=012,pad_q=00044,gap=0,ok=1","trk,seq=00552,pan=063.58,tilt=072.53,sun_pan=065.65,sun_tilt=068.49,err=04.53,state=locked,ldr=3765/3834/3942/4012",Orin software solar tracker
2026-08-05T09:37:55.724180+00:00,1,,0,553,26,0.0,-0.075,-0.0,trk,0,,,54.973,-0.1,0.1,discharging,27.4863,50.0,locked,63.96,72.185,68.819,68.826,5.906,0,CRC/QPSK/OFDM,1,0,129,133,1064,532,12,44,960,192,48,"p1br,seq=00553,frame_b=00133,bits=01064,qpsk=00532,ofdm=012,pad_q=00044,gap=0,ok=1","trk,seq=00553,pan=063.96,tilt=072.18,sun_pan=068.82,sun_tilt=068.83,err=05.91,state=locked,ldr=3726/3888/3873/4036",Orin software solar tracker
2026-08-05T09:37:56.755265+00:00,1,,0,554,27,0.0,-0.075,-0.0,trk,0,,,54.972,-0.1,0.1,discharging,27.4862,50.0,locked,64.55,71.912,72.162,69.241,8.068,0,CRC/QPSK/OFDM,1,0,129,133,1064,532,12,44,960,192,48,"p1br,seq=00554,frame_b=00133,bits=01064,qpsk=00532,ofdm=012,pad_q=00044,gap=0,ok=1","trk,seq=00554,pan=064.55,tilt=071.91,sun_pan=072.16,sun_tilt=069.24,err=08.07,state=locked,ldr=3680/3933/3797/4050",Orin software solar tracker
2026-08-05T09:37:57.726694+00:00,1,,0,555,28,0.0,-0.075,-0.0,trk,0,,,54.972,-0.1,0.1,discharging,27.4862,50.0,seeking,65.348,71.711,75.649,69.736,10.489,0,CRC/QPSK/OFDM,1,0,129,133,1064,532,12,44,960,192,48,"p1br,seq=00555,frame_b=00133,bits=01064,qpsk=00532,ofdm=012,pad_q=00044,gap=0,ok=1","trk,seq=00555,pan=065.35,tilt=071.71,sun_pan=075.65,sun_tilt=069.74,err=10.49,state=seeking,ldr=3628/3969/3714/4055",Orin software solar tracker
2026-08-05T09:37:58.753096+00:00,1,,0,556,28,0.0,-0.05,-0.0,trk,0,,,54.972,-0.1,0.1,discharging,27.4862,50.0,seeking,66.35,71.581,79.253,70.311,12.965,0,CRC/QPSK/OFDM,1,0,129,133,1064,532,12,44,960,192,48,"p1br,seq=00556,frame_b=00133,bits=01064,qpsk=00532,ofdm=012,pad_q=00044,gap=0,ok=1","trk,seq=00556,pan=066.35,tilt=071.58,sun_pan=079.25,sun_tilt=070.31,err=12.97,state=seeking,ldr=3571/3995/3626/4050",Orin software solar tracker
2026-08-05T09:37:59.778861+00:00,1,,0,557,30,1.25,-0.1,-0.0,trk,0,,,54.972,-0.1,0.1,discharging,27.4861,50.0,seeking,67.544,71.524,82.943,70.961,15.409,0,CRC/QPSK/OFDM,1,0,129,133,1064,532,12,44,960,192,48,"p1br,seq=00557,frame_b=00133,bits=01064,qpsk=00532,ofdm=012,pad_q=00044,gap=0,ok=1","trk,seq=00557,pan=067.54,tilt=071.52,sun_pan=082.94,sun_tilt=070.96,err=15.41,state=seeking,ldr=3512/4013/3536/4037",Orin software solar tracker
2026-08-05T09:38:00.733026+00:00,1,,0,558,31,1.25,-0.075,-0.0,trk,0,,,54.972,-0.1,0.1,discharging,27.4861,50.0,seeking,68.923,71.541,86.69,71.685,17.768,0,CRC/QPSK/OFDM,1,0,129,133,1064,532,12,44,960,192,48,"p1br,seq=00558,frame_b=00133,bits=01064,qpsk=00532,ofdm=012,pad_q=00044,gap=0,ok=1","trk,seq=00558,pan=068.92,tilt=071.54,sun_pan=086.69,sun_tilt=071.68,err=17.77,state=seeking,ldr=3451/4023/3444/4016",Orin software solar tracker
2026-08-05T09:38:01.824699+00:00,1,,0,559,32,0.0,-0.1,-0.0,trk,0,,,54.972,-0.1,0.1,discharging,27.4861,50.0,seeking,70.474,74.403,90.464,102.459,34.45,0,CRC/QPSK/OFDM,1,0,129,133,1064,532,12,44,960,192,48,"p1br,seq=00559,frame_b=00133,bits=01064,qpsk=00532,ofdm=012,pad_q=00044,gap=0,ok=1","trk,seq=00559,pan=070.47,tilt=074.40,sun_pan=090.46,sun_tilt=102.46,err=34.45,state=seeking,ldr=3512/4076/2471/3035",Orin software solar tracker
2026-08-05T09:38:02.848650+00:00,1,,0,560,34,1.25,-0.075,-0.0,trk,0,,,54.972,-0.1,0.1,discharging,27.4861,50.0,seeking,72.185,77.082,94.235,103.335,34.283,0,CRC/QPSK/OFDM,1,0,129,133,1064,532,12,44,960,192,48,"p1br,seq=00560,frame_b=00133,bits=01064,qpsk=00532,ofdm=012,pad_q=00044,gap=0,ok=1","trk,seq=00560,pan=072.19,tilt=077.08,sun_pan=094.23,sun_tilt=103.33,err=34.28,state=seeking,ldr=3458/4082/2481/3105",Orin software solar tracker
2026-08-05T09:38:03.750060+00:00,1,,0,561,35,1.25,-0.1,-0.0,trk,0,,,54.972,-0.1,0.1,discharging,27.486,50.0,seeking,74.041,79.588,97.971,104.144,34.288,0,CRC/QPSK/OFDM,1,0,129,133,1064,532,12,44,960,192,48,"p1br,seq=00561,frame_b=00133,bits=01064,qpsk=00532,ofdm=012,pad_q=00044,gap=0,ok=1","trk,seq=00561,pan=074.04,tilt=079.59,sun_pan=097.97,sun_tilt=104.14,err=34.29,state=seeking,ldr=3402/4079/2488/3165",Orin software solar tracker
2026-08-05T09:38:04.741104+00:00,1,,0,562,37,1.25,-0.1,-0.0,trk,0,,,54.972,-0.1,0.1,discharging,27.486,50.0,seeking,76.029,81.93,101.642,104.884,34.393,0,CRC/QPSK/OFDM,1,0,129,133,1064,532,12,44,960,192,48,"p1br,seq=00562,frame_b=00133,bits=01064,qpsk=00532,ofdm=012,pad_q=00044,gap=0,ok=1","trk,seq=00562,pan=076.03,tilt=081.93,sun_pan=101.64,sun_tilt=104.88,err=34.39,state=seeking,ldr=3346/4071/2492/3217",Orin software solar tracker
2026-08-05T09:38:05.743901+00:00,1,,0,563,39,1.25,-0.1,-0.0,trk,0,,,54.972,-0.1,0.1,discharging,27.486,50.0,seeking,78.131,84.117,105.22,105.551,34.542,0,CRC/QPSK/OFDM,1,0,129,133,1064,532,12,44,960,192,48,"p1br,seq=00563,frame_b=00133,bits=01064,qpsk=00532,ofdm=012,pad_q=00044,gap=0,ok=1","trk,seq=00563,pan=078.13,tilt=084.12,sun_pan=105.22,sun_tilt=105.55,err=34.54,state=seeking,ldr=3293/4059/2497/3262",Orin software solar tracker
2026-08-05T09:38:06.745605+00:00,1,,0,564,41,0.0,-0.075,-0.0,trk,0,,,54.972,-0.1,0.1,discharging,27.4859,50.0,seeking,80.333,86.156,108.674,106.142,34.679,0,CRC/QPSK/OFDM,1,0,129,133,1064,532,12,44,960,192,48,"p1br,seq=00564,frame_b=00133,bits=01064,qpsk=00532,ofdm=012,pad_q=00044,gap=0,ok=1","trk,seq=00564,pan=080.33,tilt=086.16,sun_pan=108.67,sun_tilt=106.14,err=34.68,state=seeking,ldr=3245/4046/2503/3304",Orin software solar tracker
2026-08-05T09:38:07.747979+00:00,1,,0,565,43,0.0,-0.075,-0.0,trk,0,,,54.972,-0.1,0.1,discharging,27.4859,50.0,seeking,82.611,88.055,111.978,106.655,34.762,0,CRC/QPSK/OFDM,1,0,129,133,1064,532,12,44,960,192,48,"p1br,seq=00565,frame_b=00133,bits=01064,qpsk=00532,ofdm=012,pad_q=00044,gap=0,ok=1","trk,seq=00565,pan=082.61,tilt=088.05,sun_pan=111.98,sun_tilt=106.66,err=34.76,state=seeking,ldr=3204/4033/2514/3342",Orin software solar tracker
2026-08-05T09:38:08.750211+00:00,1,,0,566,45,1.25,-0.1,-0.0,trk,0,,,54.972,-0.1,0.1,discharging,27.4859,50.0,seeking,84.953,89.817,115.103,107.088,34.747,0,CRC/QPSK/OFDM,1,0,129,133,1064,532,12,44,960,192,48,"p1br,seq=00566,frame_b=00133,bits=01064,qpsk=00532,ofdm=012,pad_q=00044,gap=0,ok=1","trk,seq=00566,pan=084.95,tilt=089.82,sun_pan=115.10,sun_tilt=107.09,err=34.75,state=seeking,ldr=3169/4021/2528/3380",Orin software solar tracker
2026-08-05T09:38:09.751784+00:00,1,,0,567,48,1.25,-0.1,-0.0,trk,0,,,54.972,-0.1,0.1,discharging,27.4858,50.0,seeking,87.334,91.449,118.026,107.439,34.608,0,CRC/QPSK/OFDM,1,0,129,133,1064,532,12,44,960,192,48,"p1br,seq=00567,frame_b=00133,bits=01064,qpsk=00532,ofdm=012,pad_q=00044,gap=0,ok=1","trk,seq=00567,pan=087.33,tilt=091.45,sun_pan=118.03,sun_tilt=107.44,err=34.61,state=seeking,ldr=3144/4012/2549/3417",Orin software solar tracker
2026-08-05T09:38:10.752442+00:00,1,,0,568,50,0.0,-0.075,-0.0,trk,0,,,54.972,-0.1,0.1,discharging,27.4858,50.0,seeking,89.739,92.954,120.723,107.705,34.316,0,CRC/QPSK/OFDM,1,0,129,133,1064,532,12,44,960,192,48,"p1br,seq=00568,frame_b=00133,bits=01064,qpsk=00532,ofdm=012,pad_q=00044,gap=0,ok=1","trk,seq=00568,pan=089.74,tilt=092.95,sun_pan=120.72,sun_tilt=107.71,err=34.32,state=seeking,ldr=3127/4006/2576/3456",Orin software solar tracker
2026-08-05T09:38:11.756083+00:00,1,,0,569,52,1.25,-0.1,-0.0,trk,0,,,54.972,-0.1,0.1,discharging,27.4858,50.0,seeking,92.147,94.337,123.171,107.887,33.854,0,CRC/QPSK/OFDM,1,0,129,133,1064,532,12,44,960,192,48,"p1br,seq=00569,frame_b=00133,bits=01064,qpsk=00532,ofdm=012,pad_q=00044,gap=0,ok=1","trk,seq=00569,pan=092.15,tilt=094.34,sun_pan=123.17,sun_tilt=107.89,err=33.85,state=seeking,ldr=3119/4004/2611/3496",Orin software solar tracker
2026-08-05T09:38:12.757198+00:00,1,,0,570,54,1.25,-0.075,-0.0,trk,0,,,54.972,-0.1,0.1,discharging,27.4858,50.0,seeking,94.538,95.6,125.351,107.984,33.208,0,CRC/QPSK/OFDM,1,0,129,133,1064,532,12,44,960,192,48,"p1br,seq=00570,frame_b=00133,bits=01064,qpsk=00532,ofdm=012,pad_q=00044,gap=0,ok=1","trk,seq=00570,pan=094.54,tilt=095.60,sun_pan=125.35,sun_tilt=107.98,err=33.21,state=seeking,ldr=3121/4006/2654/3538",Orin software solar tracker
2026-08-05T09:38:13.758681+00:00,1,,0,571,56,1.25,-0.075,-0.0,trk,0,,,54.971,-0.1,0.1,discharging,27.4857,50.0,seeking,96.894,96.747,127.245,107.994,32.367,0,CRC/QPSK/OFDM,1,0,129,133,1064,532,12,44,960,192,48,"p1br,seq=00571,frame_b=00133,bits=01064,qpsk=00532,ofdm=012,pad_q=00044,gap=0,ok=1","trk,seq=00571,pan=096.89,tilt=096.75,sun_pan=127.24,sun_tilt=107.99,err=32.37,state=seeking,ldr=3132/4011/2704/3583",Orin software solar tracker
2026-08-05T09:38:14.760409+00:00,1,,0,572,58,1.25,-0.075,-0.0,trk,0,,,54.971,-0.1,0.1,discharging,27.4857,50.0,seeking,99.195,97.782,128.837,107.918,31.327,0,CRC/QPSK/OFDM,1,0,129,133,1064,532,12,44,960,192,48,"p1br,seq=00572,frame_b=00133,bits=01064,qpsk=00532,ofdm=012,pad_q=00044,gap=0,ok=1","trk,seq=00572,pan=099.19,tilt=097.78,sun_pan=128.84,sun_tilt=107.92,err=31.33,state=seeking,ldr=3153/4020/2763/3630",Orin software solar tracker
2026-08-05T09:38:15.762582+00:00,1,,0,573,60,1.25,-0.075,-0.0,trk,0,,,54.971,-0.1,0.1,discharging,27.4857,50.0,seeking,101.42,98.706,130.116,107.756,30.09,0,CRC/QPSK/OFDM,1,0,129,133,1064,532,12,44,960,192,48,"p1br,seq=00573,frame_b=00133,bits=01064,qpsk=00532,ofdm=012,pad_q=00044,gap=0,ok=1","trk,seq=00573,pan=101.42,tilt=098.71,sun_pan=130.12,sun_tilt=107.76,err=30.09,state=seeking,ldr=3182/4030/2830/3678",Orin software solar tracker
2026-08-05T09:38:16.766864+00:00,1,,0,574,62,0.0,-0.075,-0.0,trk,0,,,54.971,-0.1,0.1,discharging,27.4856,50.0,seeking,103.555,99.52,131.071,107.509,28.652,0,CRC/QPSK/OFDM,1,0,129,133,1064,532,12,44,960,192,48,"p1br,seq=00574,frame_b=00133,bits=01064,qpsk=00532,ofdm=012,pad_q=00044,gap=0,ok=1","trk,seq=00574,pan=103.56,tilt=099.52,sun_pan=131.07,sun_tilt=107.51,err=28.65,state=seeking,ldr=3218/4042/2904/3728",Orin software solar tracker
2026-08-05T09:38:17.766340+00:00,1,,0,575,64,1.25,-0.1,-0.0,trk,0,,,54.971,-0.1,0.1,discharging,27.4856,50.0,seeking,105.582,100.229,131.694,107.178,27.021,0,CRC/QPSK/OFDM,1,0,129,133,1064,532,12,44,960,192,48,"p1br,seq=00575,frame_b=00133,bits=01064,qpsk=00532,ofdm=012,pad_q=00044,gap=0,ok=1","trk,seq=00575,pan=105.58,tilt=100.23,sun_pan=131.69,sun_tilt=107.18,err=27.02,state=seeking,ldr=3262/4054/2984/3777",Orin software solar tracker
2026-08-05T09:38:18.768569+00:00,1,,0,576,66,1.25,-0.05,-0.0,trk,0,,,54.971,-0.1,0.1,discharging,27.4856,50.0,seeking,107.484,100.835,131.98,106.764,25.204,0,CRC/QPSK/OFDM,1,0,129,133,1064,532,12,44,960,192,48,"p1br,seq=00576,frame_b=00133,bits=01064,qpsk=00532,ofdm=012,pad_q=00044,gap=0,ok=1","trk,seq=00576,pan=107.48,tilt=100.83,sun_pan=131.98,sun_tilt=106.76,err=25.20,state=seeking,ldr=3311/4065/3071/3825",Orin software solar tracker
2026-08-05T09:38:19.771299+00:00,1,,0,577,67,1.25,-0.075,-0.0,trk,0,,,54.971,-0.1,0.1,discharging,27.4856,50.0,seeking,109.243,101.337,131.927,106.269,23.214,0,CRC/QPSK/OFDM,1,0,129,133,1064,532,12,44,960,192,48,"p1br,seq=00577,frame_b=00133,bits=01064,qpsk=00532,ofdm=012,pad_q=00044,gap=0,ok=1","trk,seq=00577,pan=109.24,tilt=101.34,sun_pan=131.93,sun_tilt=106.27,err=23.21,state=seeking,ldr=3365/4072/3163/3870",Orin software solar tracker
2026-08-05T09:38:20.775453+00:00,1,,0,578,69,1.25,-0.075,-0.0,trk,0,,,54.971,-0.1,0.1,discharging,27.4855,50.0,seeking,110.848,101.74,131.534,105.696,21.061,0,CRC/QPSK/OFDM,1,0,129,133,1064,532,12,44,960,192,48,"p1br,seq=00578,frame_b=00133,bits=01064,qpsk=00532,ofdm=012,pad_q=00044,gap=0,ok=1","trk,seq=00578,pan=110.85,tilt=101.74,sun_pan=131.53,sun_tilt=105.70,err=21.06,state=seeking,ldr=3422/4076/3258/3912",Orin software solar tracker
2026-08-05T09:38:21.776817+00:00,1,,0,579,70,0.0,-0.075,-0.0,trk,0,,,54.971,-0.1,0.1,discharging,27.4855,50.0,seeking,112.285,102.045,130.806,105.047,18.763,0,CRC/QPSK/OFDM,1,0,129,133,1064,532,12,44,960,192,48,"p1br,seq=00579,frame_b=00133,bits=01064,qpsk=00532,ofdm=012,pad_q=00044,gap=0,ok=1","trk,seq=00579,pan=112.28,tilt=102.05,sun_pan=130.81,sun_tilt=105.05,err=18.76,state=seeking,ldr=3481/4074/3355/3948",Orin software solar tracker
2026-08-05T09:38:22.775845+00:00,1,,0,580,71,1.25,-0.075,-0.0,trk,0,,,54.971,-0.1,0.1,discharging,27.4855,50.0,seeking,113.543,102.257,129.748,104.324,16.336,0,CRC/QPSK/OFDM,1,0,129,133,1064,532,12,44,960,192,48,"p1br,seq=00580,frame_b=00133,bits=01064,qpsk=00532,ofdm=012,pad_q=00044,gap=0,ok=1","trk,seq=00580,pan=113.54,tilt=102.26,sun_pan=129.75,sun_tilt=104.32,err=16.34,state=seeking,ldr=3540/4066/3452/3977",Orin software solar tracker
2026-08-05T09:38:23.780684+00:00,1,,0,581,72,1.25,-0.1,-0.0,trk,0,,,54.971,-0.1,0.1,discharging,27.4854,50.0,seeking,114.61,102.374,128.369,103.53,13.807,0,CRC/QPSK/OFDM,1,0,129,133,1064,532,12,44,960,192,48,"p1br,seq=00581,frame_b=00133,bits=01064,qpsk=00532,ofdm=012,pad_q=00044,gap=0,ok=1","trk,seq=00581,pan=114.61,tilt=102.37,sun_pan=128.37,sun_tilt=103.53,err=13.81,state=seeking,ldr=3598/4049/3549/3999",Orin software solar tracker
2026-08-05T09:38:24.780553+00:00,1,,0,582,73,0.0,-0.075,-0.0,trk,0,,,54.971,-0.1,0.1,discharging,27.4854,50.0,seeking,115.479,102.403,126.679,102.67,11.203,0,CRC/QPSK/OFDM,1,0,129,133,1064,532,12,44,960,192,48,"p1br,seq=00582,frame_b=00133,bits=01064,qpsk=00532,ofdm=012,pad_q=00044,gap=0,ok=1","trk,seq=00582,pan=115.48,tilt=102.40,sun_pan=126.68,sun_tilt=102.67,err=11.20,state=seeking,ldr=3654/4024/3642/4012",Orin software solar tracker
2026-08-05T09:38:25.783320+00:00,1,,0,583,74,1.25,-0.1,-0.0,trk,0,,,54.971,-0.1,0.1,discharging,27.4854,50.0,locked,116.144,102.342,124.693,101.747,8.57,0,CRC/QPSK/OFDM,1,0,129,133,1064,532,12,44,960,192,48,"p1br,seq=00583,frame_b=00133,bits=01064,qpsk=00532,ofdm=012,pad_q=00044,gap=0,ok=1","trk,seq=00583,pan=116.14,tilt=102.34,sun_pan=124.69,sun_tilt=101.75,err=08.57,state=locked,ldr=3705/3990/3731/4016",Orin software solar tracker
2026-08-05T09:38:26.784191+00:00,1,,0,584,74,1.25,-0.075,-0.0,trk,0,,,54.971,-0.1,0.1,discharging,27.4854,50.0,locked,116.596,102.196,122.427,100.764,6.004,0,CRC/QPSK/OFDM,1,0,129,133,1064,532,12,44,960,192,48,"p1br,seq=00584,frame_b=00133,bits=01064,qpsk=00532,ofdm=012,pad_q=00044,gap=0,ok=1","trk,seq=00584,pan=116.60,tilt=102.20,sun_pan=122.43,sun_tilt=100.76,err=06.00,state=locked,ldr=3751/3946/3814/4009",Orin software solar tracker
2026-08-05T09:38:27.787066+00:00,1,,0,585,74,0.0,-0.1,-0.0,trk,0,,,54.971,-0.1,0.1,discharging,27.4853,50.0,locked,116.834,101.967,119.898,99.726,3.796,0,CRC/QPSK/OFDM,1,0,129,133,1064,532,12,44,960,192,48,"p1br,seq=00585,frame_b=00133,bits=01064,qpsk=00532,ofdm=012,pad_q=00044,gap=0,ok=1","trk,seq=00585,pan=116.83,tilt=101.97,sun_pan=119.90,sun_tilt=099.73,err=03.80,state=locked,ldr=3791/3894/3890/3993",Orin software solar tracker
2026-08-05T09:38:28.788471+00:00,1,,0,586,74,0.0,-0.075,-0.0,trk,0,,,54.971,-0.1,0.1,discharging,27.4853,50.0,locked,116.855,101.657,117.128,98.638,3.032,0,CRC/QPSK/OFDM,1,0,129,133,1064,532,12,44,960,192,48,"p1br,seq=00586,frame_b=00133,bits=01064,qpsk=00532,ofdm=012,pad_q=00044,gap=0,ok=1","trk,seq=00586,pan=116.85,tilt=101.66,sun_pan=117.13,sun_tilt=098.64,err=03.03,state=locked,ldr=3823/3832/3957/3966",Orin software solar tracker
2026-08-05T09:38:29.790764+00:00,1,,0,587,74,1.25,-0.075,-0.0,trk,0,,,54.971,-0.1,0.1,discharging,27.4853,50.0,locked,116.659,101.272,114.138,97.504,4.534,0,CRC/QPSK/OFDM,1,0,129,133,1064,532,12,44,960,192,48,"p1br,seq=00587,frame_b=00133,bits=01064,qpsk=00532,ofdm=012,pad_q=00044,gap=0,ok=1","trk,seq=00587,pan=116.66,tilt=101.27,sun_pan=114.14,sun_tilt=097.50,err=04.53,state=locked,ldr=3847/3763/4014/3929",Orin software solar tracker
2026-08-05T09:38:30.795241+00:00,1,,0,588,74,0.0,-0.075,-0.0,trk,0,,,54.97,-0.1,0.1,discharging,27.4852,50.0,locked,116.25,100.814,110.953,96.329,6.941,0,CRC/QPSK/OFDM,1,0,129,133,1064,532,12,44,960,192,48,"p1br,seq=00588,frame_b=00133,bits=01064,qpsk=00532,ofdm=012,pad_q=00044,gap=0,ok=1","trk,seq=00588,pan=116.25,tilt=100.81,sun_pan=110.95,sun_tilt=096.33,err=06.94,state=locked,ldr=3863/3687/4060/3884",Orin software solar tracker
