received_utc,valid,error,seq_gap,seq,d_pct,v_mv,i_ma,p_mw,mppt,fault,fault_label,fault_reason,fault_severity,chk,computed_chk,bess_soc_pct,bess_power_w,bess_load_w,bess_state,bess_energy_wh,bess_capacity_wh,tracker_state,tracker_pan_deg,tracker_tilt_deg,tracker_sun_pan_deg,tracker_sun_tilt_deg,tracker_error_deg,tracker_servo_enabled,vision_mode,vision_detected,vision_confidence,vision_target_x_px,vision_target_y_px,vision_x_error,vision_y_error,vision_frame_w,vision_frame_h,vision_brightness_max,vision_area_px,comm_layer,comm_frame_ok,comm_bridge_gap,comm_payload_bytes,comm_frame_bytes,comm_frame_bits,comm_qpsk_symbols,comm_ofdm_symbols,comm_pad_q,comm_tx_samples,comm_cp_samples,comm_pilot_bins,comm_status_line,raw_line,source_label
2026-08-11T14:46:06.644267+00:00,1,,0,0,50,53.0,0.053,0.002809,trk,0,Standby,Shading detection waits for a locked tracker and positive power.,normal,,,55.0,0.0,0.0,idle,5.0875,9.25,track-pan,90.0,90.0,37.568,55.062,63.006,1,,,,,,,,,,,,CRC/QPSK/OFDM,1,0,157,161,1288,644,14,28,1120,224,56,"p1br,seq=00000,frame_b=00161,bits=01288,qpsk=00644,ofdm=014,pad_q=00028,gap=0,ok=1","ldrtrk,seq=00000,pan=090.00,tilt=090.00,sun_pan=037.57,sun_tilt=055.06,err=63.01,state=track-pan,bv_mv=1.2,bi_ma=-0.1,bp_mw=-0.0,bs=idle",Orin unified LDR tracker and real BESS
2026-08-11T14:46:07.144616+00:00,1,,0,1,48,53.0,0.053,0.002809,trk,0,Standby,Shading detection waits for a locked tracker and positive power.,normal,,,55.0,0.0,0.0,idle,5.0875,9.25,track-pan,87.0,90.0,35.56,53.062,63.329,1,,,,,,,,,,,,CRC/QPSK/OFDM,1,0,157,161,1288,644,14,28,1120,224,56,"p1br,seq=00001,frame_b=00161,bits=01288,qpsk=00644,ofdm=014,pad_q=00028,gap=0,ok=1","ldrtrk,seq=00001,pan=087.00,tilt=090.00,sun_pan=035.56,sun_tilt=053.06,err=63.33,state=track-pan,bv_mv=0.0,bi_ma=-0.1,bp_mw=-0.0,bs=idle",Orin unified LDR tracker and real BESS
2026-08-11T14:46:07.651376+00:00,1,,0,2,46,53.0,0.053,0.002809,trk,0,Standby,Shading detection waits for a locked tracker and positive power.,normal,,,55.0,0.0,0.0,idle,5.0875,9.25,track-pan,84.0,90.0,34.596,53.81,61.241,1,,,,,,,,,,,,CRC/QPSK/OFDM,1,0,157,161,1288,644,14,28,1120,224,56,"p1br,seq=00002,frame_b=00161,bits=01288,qpsk=00644,ofdm=014,pad_q=00028,gap=0,ok=1","ldrtrk,seq=00002,pan=084.00,tilt=090.00,sun_pan=034.60,sun_tilt=053.81,err=61.24,state=track-pan,bv_mv=0.0,bi_ma=-0.1,bp_mw=-0.0,bs=idle",Orin unified LDR tracker and real BESS
2026-08-11T14:46:08.146279+00:00,1,,0,3,44,53.0,0.053,0.002809,trk,0,Standby,Shading detection waits for a locked tracker and positive power.,normal,,,55.0,0.0,0.0,idle,5.0875,9.25,track-pan,81.0,90.0,36.787,39.723,66.952,1,,,,,,,,,,,,CRC/QPSK/OFDM,1,0,157,161,1288,644,14,28,1120,224,56,"p1br,seq=00003,frame_b=00161,bits=01288,qpsk=00644,ofdm=014,pad_q=00028,gap=0,ok=1","ldrtrk,seq=00003,pan=081.00,tilt=090.00,sun_pan=036.79,sun_tilt=039.72,err=66.95,state=track-pan,bv_mv=2.4,bi_ma=-0.1,bp_mw=-0.0,bs=idle",Orin unified LDR tracker and real BESS
2026-08-11T14:46:08.659451+00:00,1,,0,4,42,53.0,0.053,0.002809,trk,0,Standby,Shading detection waits for a locked tracker and positive power.,normal,,,55.0,0.0,0.0,idle,5.0875,9.25,track-pan,78.0,90.0,36.405,48.082,59.053,1,,,,,,,,,,,,CRC/QPSK/OFDM,1,0,157,161,1288,644,14,28,1120,224,56,"p1br,seq=00004,frame_b=00161,bits=01288,qpsk=00644,ofdm=014,pad_q=00028,gap=0,ok=1","ldrtrk,seq=00004,pan=078.00,tilt=090.00,sun_pan=036.41,sun_tilt=048.08,err=59.05,state=track-pan,bv_mv=1.2,bi_ma=-0.1,bp_mw=-0.0,bs=idle",Orin unified LDR tracker and real BESS
2026-08-11T14:46:09.170075+00:00,1,,0,5,41,183.0,0.183,0.033489,trk,0,Standby,Shading detection waits for a locked tracker and positive power.,normal,,,55.0,0.0,0.0,idle,5.0875,9.25,track-pan,75.0,90.0,61.157,86.575,14.261,1,,,,,,,,,,,,CRC/QPSK/OFDM,1,0,157,161,1288,644,14,28,1120,224,56,"p1br,seq=00005,frame_b=00161,bits=01288,qpsk=00644,ofdm=014,pad_q=00028,gap=0,ok=1","ldrtrk,seq=00005,pan=075.00,tilt=090.00,sun_pan=061.16,sun_tilt=086.58,err=14.26,state=track-pan,bv_mv=1.2,bi_ma=-0.1,bp_mw=-0.0,bs=idle",Orin unified LDR tracker and real BESS
2026-08-11T14:46:09.667492+00:00,1,,0,6,39,210.0,0.21,0.0441,trk,0,Standby,Shading detection waits for a locked tracker and positive power.,normal,,,55.0,0.0,0.0,idle,5.0875,9.25,track-pan,72.0,90.0,68.783,85.808,5.284,1,,,,,,,,,,,,CRC/QPSK/OFDM,1,0,157,161,1288,644,14,28,1120,224,56,"p1br,seq=00006,frame_b=00161,bits=01288,qpsk=00644,ofdm=014,pad_q=00028,gap=0,ok=1","ldrtrk,seq=00006,pan=072.00,tilt=090.00,sun_pan=068.78,sun_tilt=085.81,err=05.28,state=track-pan,bv_mv=1.2,bi_ma=-0.1,bp_mw=-0.0,bs=idle",Orin unified LDR tracker and real BESS
2026-08-11T14:46:10.179571+00:00,1,,0,7,39,223.0,0.223,0.049729,trk,0,Standby,Shading detection waits for a locked tracker and positive power.,normal,,,55.0,0.0,0.0,idle,5.0875,9.25,track-tilt,72.0,90.0,73.533,85.961,4.32,1,,,,,,,,,,,,CRC/QPSK/OFDM,1,0,157,161,1288,644,14,28,1120,224,56,"p1br,seq=00007,frame_b=00161,bits=01288,qpsk=00644,ofdm=014,pad_q=00028,gap=0,ok=1","ldrtrk,seq=00007,pan=072.00,tilt=090.00,sun_pan=073.53,sun_tilt=085.96,err=04.32,state=track-tilt,bv_mv=0.0,bi_ma=-0.1,bp_mw=-0.0,bs=idle",Orin unified LDR tracker and real BESS
2026-08-11T14:46:10.669239+00:00,1,,0,8,39,232.0,0.232,0.053824,trk,0,Standby,Shading detection waits for a locked tracker and positive power.,normal,,,55.0,0.0,0.0,idle,5.0875,9.25,track-tilt,72.0,87.0,74.745,85.867,2.97,1,,,,,,,,,,,,CRC/QPSK/OFDM,1,0,157,161,1288,644,14,28,1120,224,56,"p1br,seq=00008,frame_b=00161,bits=01288,qpsk=00644,ofdm=014,pad_q=00028,gap=0,ok=1","ldrtrk,seq=00008,pan=072.00,tilt=087.00,sun_pan=074.75,sun_tilt=085.87,err=02.97,state=track-tilt,bv_mv=2.4,bi_ma=-0.1,bp_mw=-0.0,bs=idle",Orin unified LDR tracker and real BESS
2026-08-11T14:46:11.184895+00:00,1,,0,9,39,232.0,0.232,0.053824,trk,0,Standby,Shading detection waits for a locked tracker and positive power.,normal,,,55.0,0.0,0.0,idle,5.0875,9.25,track-tilt,72.0,85.9,74.234,85.9,2.234,1,,,,,,,,,,,,CRC/QPSK/OFDM,1,0,157,161,1288,644,14,28,1120,224,56,"p1br,seq=00009,frame_b=00161,bits=01288,qpsk=00644,ofdm=014,pad_q=00028,gap=0,ok=1","ldrtrk,seq=00009,pan=072.00,tilt=085.90,sun_pan=074.23,sun_tilt=085.90,err=02.23,state=track-tilt,bv_mv=1.2,bi_ma=-0.1,bp_mw=-0.0,bs=idle",Orin unified LDR tracker and real BESS
2026-08-11T14:46:11.691046+00:00,1,,0,10,39,227.0,0.227,0.051529,trk,0,Standby,Shading detection waits for a locked tracker and positive power.,normal,,,55.0,0.0,0.0,idle,5.0875,9.25,track-pan,72.0,85.9,73.902,85.881,1.902,1,,,,,,,,,,,,CRC/QPSK/OFDM,1,0,157,161,1288,644,14,28,1120,224,56,"p1br,seq=00010,frame_b=00161,bits=01288,qpsk=00644,ofdm=014,pad_q=00028,gap=0,ok=1","ldrtrk,seq=00010,pan=072.00,tilt=085.90,sun_pan=073.90,sun_tilt=085.88,err=01.90,state=track-pan,bv_mv=0.0,bi_ma=-0.1,bp_mw=-0.0,bs=idle",Orin unified LDR tracker and real BESS
2026-08-11T14:46:12.189762+00:00,1,,0,11,40,232.0,0.232,0.053824,trk,0,Standby,Shading detection waits for a locked tracker and positive power.,normal,,,55.0,0.0,0.0,idle,5.0875,9.25,track-pan,74.043,85.9,74.043,85.899,0.001,1,,,,,,,,,,,,CRC/QPSK/OFDM,1,0,157,161,1288,644,14,28,1120,224,56,"p1br,seq=00011,frame_b=00161,bits=01288,qpsk=00644,ofdm=014,pad_q=00028,gap=0,ok=1","ldrtrk,seq=00011,pan=074.04,tilt=085.90,sun_pan=074.04,sun_tilt=085.90,err=00.00,state=track-pan,bv_mv=0.0,bi_ma=-0.1,bp_mw=-0.0,bs=idle",Orin unified LDR tracker and real BESS
2026-08-11T14:46:12.703658+00:00,1,,0,12,40,236.0,0.236,0.055696,trk,0,Learning,Learning locked-state shading baseline (1/8).,normal,,,55.0,0.0,0.0,idle,5.0875,9.25,locked,74.043,85.9,74.562,85.817,0.526,1,,,,,,,,,,,,CRC/QPSK/OFDM,1,0,157,161,1288,644,14,28,1120,224,56,"p1br,seq=00012,frame_b=00161,bits=01288,qpsk=00644,ofdm=014,pad_q=00028,gap=0,ok=1","ldrtrk,seq=00012,pan=074.04,tilt=085.90,sun_pan=074.56,sun_tilt=085.82,err=00.53,state=locked,bv_mv=0.0,bi_ma=-0.1,bp_mw=-0.0,bs=idle",Orin unified LDR tracker and real BESS
2026-08-11T14:46:13.195033+00:00,1,,0,13,40,245.0,0.245,0.060025,trk,0,Learning,Learning locked-state shading baseline (2/8).,normal,,,55.0,0.0,0.0,idle,5.0875,9.25,locked,74.043,85.9,74.871,85.88,0.828,1,,,,,,,,,,,,CRC/QPSK/OFDM,1,0,157,161,1288,644,14,28,1120,224,56,"p1br,seq=00013,frame_b=00161,bits=01288,qpsk=00644,ofdm=014,pad_q=00028,gap=0,ok=1","ldrtrk,seq=00013,pan=074.04,tilt=085.90,sun_pan=074.87,sun_tilt=085.88,err=00.83,state=locked,bv_mv=1.2,bi_ma=-0.1,bp_mw=-0.0,bs=idle",Orin unified LDR tracker and real BESS
2026-08-11T14:46:13.711642+00:00,1,,0,14,40,245.0,0.245,0.060025,trk,0,Standby,Shading detection waits for a locked tracker and positive power.,normal,,,55.0,0.0,0.0,idle,5.0875,9.25,track-pan,74.043,85.9,75.85,86.022,1.81,1,,,,,,,,,,,,CRC/QPSK/OFDM,1,0,157,161,1288,644,14,28,1120,224,56,"p1br,seq=00014,frame_b=00161,bits=01288,qpsk=00644,ofdm=014,pad_q=00028,gap=0,ok=1","ldrtrk,seq=00014,pan=074.04,tilt=085.90,sun_pan=075.85,sun_tilt=086.02,err=01.81,state=track-pan,bv_mv=1.2,bi_ma=-0.1,bp_mw=-0.0,bs=idle",Orin unified LDR tracker and real BESS
2026-08-11T14:46:14.220127+00:00,1,,0,15,40,223.0,0.223,0.049729,trk,0,Standby,Shading detection waits for a locked tracker and positive power.,normal,,,55.0,0.0,0.0,idle,5.0875,9.25,track-tilt,74.043,85.9,58.432,86.922,15.644,1,,,,,,,,,,,,CRC/QPSK/OFDM,1,0,157,161,1288,644,14,28,1120,224,56,"p1br,seq=00015,frame_b=00161,bits=01288,qpsk=00644,ofdm=014,pad_q=00028,gap=0,ok=1","ldrtrk,seq=00015,pan=074.04,tilt=085.90,sun_pan=058.43,sun_tilt=086.92,err=15.64,state=track-tilt,bv_mv=0.0,bi_ma=-0.1,bp_mw=-0.0,bs=idle",Orin unified LDR tracker and real BESS
2026-08-11T14:46:14.714769+00:00,1,,0,16,40,151.0,0.151,0.022801,trk,0,Standby,Shading detection waits for a locked tracker and positive power.,normal,,,55.0,0.0,0.0,idle,5.0875,9.25,track-pan,74.043,85.9,76.481,46.966,39.01,1,,,,,,,,,,,,CRC/QPSK/OFDM,1,0,157,161,1288,644,14,28,1120,224,56,"p1br,seq=00016,frame_b=00161,bits=01288,qpsk=00644,ofdm=014,pad_q=00028,gap=0,ok=1","ldrtrk,seq=00016,pan=074.04,tilt=085.90,sun_pan=076.48,sun_tilt=046.97,err=39.01,state=track-pan,bv_mv=0.0,bi_ma=-0.1,bp_mw=-0.0,bs=idle",Orin unified LDR tracker and real BESS
2026-08-11T14:46:15.229880+00:00,1,,0,17,42,120.0,0.12,0.0144,trk,0,Standby,Shading detection waits for a locked tracker and positive power.,normal,,,55.0,0.0,0.0,idle,5.0875,9.25,track-pan,77.043,85.9,81.64,29.151,56.935,1,,,,,,,,,,,,CRC/QPSK/OFDM,1,0,157,161,1288,644,14,28,1120,224,56,"p1br,seq=00017,frame_b=00161,bits=01288,qpsk=00644,ofdm=014,pad_q=00028,gap=0,ok=1","ldrtrk,seq=00017,pan=077.04,tilt=085.90,sun_pan=081.64,sun_tilt=029.15,err=56.93,state=track-pan,bv_mv=1.2,bi_ma=-0.1,bp_mw=-0.0,bs=idle",Orin unified LDR tracker and real BESS
2026-08-11T14:46:15.723651+00:00,1,,0,18,44,102.0,0.102,0.010404,trk,0,Standby,Shading detection waits for a locked tracker and positive power.,normal,,,55.0,0.0,0.0,idle,5.0875,9.25,track-pan,80.043,85.9,80.179,27.878,58.022,1,,,,,,,,,,,,CRC/QPSK/OFDM,1,0,157,161,1288,644,14,28,1120,224,56,"p1br,seq=00018,frame_b=00161,bits=01288,qpsk=00644,ofdm=014,pad_q=00028,gap=0,ok=1","ldrtrk,seq=00018,pan=080.04,tilt=085.90,sun_pan=080.18,sun_tilt=027.88,err=58.02,state=track-pan,bv_mv=0.0,bi_ma=-0.1,bp_mw=-0.0,bs=idle",Orin unified LDR tracker and real BESS
2026-08-11T14:46:16.240668+00:00,1,,0,19,44,98.0,0.098,0.009604,trk,0,Standby,Shading detection waits for a locked tracker and positive power.,normal,,,55.0,0.0,0.0,idle,5.0875,9.25,track-tilt,80.043,85.9,80.012,27.225,58.675,1,,,,,,,,,,,,CRC/QPSK/OFDM,1,0,157,161,1288,644,14,28,1120,224,56,"p1br,seq=00019,frame_b=00161,bits=01288,qpsk=00644,ofdm=014,pad_q=00028,gap=0,ok=1","ldrtrk,seq=00019,pan=080.04,tilt=085.90,sun_pan=080.01,sun_tilt=027.23,err=58.67,state=track-tilt,bv_mv=1.2,bi_ma=-0.1,bp_mw=-0.0,bs=idle",Orin unified LDR tracker and real BESS
2026-08-11T14:46:16.730924+00:00,1,,0,20,44,98.0,0.098,0.009604,trk,0,Standby,Shading detection waits for a locked tracker and positive power.,normal,,,55.0,0.0,0.0,idle,5.0875,9.25,track-tilt,80.043,82.9,80.072,26.675,56.225,1,,,,,,,,,,,,CRC/QPSK/OFDM,1,0,157,161,1288,644,14,28,1120,224,56,"p1br,seq=00020,frame_b=00161,bits=01288,qpsk=00644,ofdm=014,pad_q=00028,gap=0,ok=1","ldrtrk,seq=00020,pan=080.04,tilt=082.90,sun_pan=080.07,sun_tilt=026.68,err=56.22,state=track-tilt,bv_mv=0.0,bi_ma=-0.1,bp_mw=-0.0,bs=idle",Orin unified LDR tracker and real BESS
2026-08-11T14:46:17.245154+00:00,1,,0,21,44,102.0,0.102,0.010404,trk,0,Standby,Shading detection waits for a locked tracker and positive power.,normal,,,55.0,0.0,0.0,idle,5.0875,9.25,track-tilt,80.043,79.9,79.547,27.151,52.751,1,,,,,,,,,,,,CRC/QPSK/OFDM,1,0,157,161,1288,644,14,28,1120,224,56,"p1br,seq=00021,frame_b=00161,bits=01288,qpsk=00644,ofdm=014,pad_q=00028,gap=0,ok=1","ldrtrk,seq=00021,pan=080.04,tilt=079.90,sun_pan=079.55,sun_tilt=027.15,err=52.75,state=track-tilt,bv_mv=2.4,bi_ma=-0.1,bp_mw=-0.0,bs=idle",Orin unified LDR tracker and real BESS
2026-08-11T14:46:17.753423+00:00,1,,0,22,44,107.0,0.107,0.011449,trk,0,Standby,Shading detection waits for a locked tracker and positive power.,normal,,,55.0,0.0,0.0,idle,5.0875,9.25,track-tilt,80.043,76.9,79.53,27.165,49.738,1,,,,,,,,,,,,CRC/QPSK/OFDM,1,0,157,161,1288,644,14,28,1120,224,56,"p1br,seq=00022,frame_b=00161,bits=01288,qpsk=00644,ofdm=014,pad_q=00028,gap=0,ok=1","ldrtrk,seq=00022,pan=080.04,tilt=076.90,sun_pan=079.53,sun_tilt=027.16,err=49.74,state=track-tilt,bv_mv=0.0,bi_ma=-0.1,bp_mw=-0.0,bs=idle",Orin unified LDR tracker and real BESS
2026-08-11T14:46:18.248258+00:00,1,,0,23,44,107.0,0.107,0.011449,trk,0,Standby,Shading detection waits for a locked tracker and positive power.,normal,,,55.0,0.0,0.0,idle,5.0875,9.25,track-tilt,80.043,73.9,79.291,27.518,46.388,1,,,,,,,,,,,,CRC/QPSK/OFDM,1,0,157,161,1288,644,14,28,1120,224,56,"p1br,seq=00023,frame_b=00161,bits=01288,qpsk=00644,ofdm=014,pad_q=00028,gap=0,ok=1","ldrtrk,seq=00023,pan=080.04,tilt=073.90,sun_pan=079.29,sun_tilt=027.52,err=46.39,state=track-tilt,bv_mv=0.0,bi_ma=-0.1,bp_mw=-0.0,bs=idle",Orin unified LDR tracker and real BESS
2026-08-11T14:46:18.762228+00:00,1,,0,24,44,111.0,0.111,0.012321,trk,0,Standby,Shading detection waits for a locked tracker and positive power.,normal,,,55.0,0.0,0.0,idle,5.0875,9.25,track-tilt,80.043,70.9,79.09,27.453,43.457,1,,,,,,,,,,,,CRC/QPSK/OFDM,1,0,157,161,1288,644,14,28,1120,224,56,"p1br,seq=00024,frame_b=00161,bits=01288,qpsk=00644,ofdm=014,pad_q=00028,gap=0,ok=1","ldrtrk,seq=00024,pan=080.04,tilt=070.90,sun_pan=079.09,sun_tilt=027.45,err=43.46,state=track-tilt,bv_mv=0.0,bi_ma=-0.1,bp_mw=-0.0,bs=idle",Orin unified LDR tracker and real BESS
2026-08-11T14:46:19.255503+00:00,1,,0,25,44,116.0,0.116,0.013456,trk,0,Standby,Shading detection waits for a locked tracker and positive power.,normal,,,55.0,0.0,0.0,idle,5.0875,9.25,track-tilt,80.043,67.9,78.953,27.599,40.316,1,,,,,,,,,,,,CRC/QPSK/OFDM,1,0,157,161,1288,644,14,28,1120,224,56,"p1br,seq=00025,frame_b=00161,bits=01288,qpsk=00644,ofdm=014,pad_q=00028,gap=0,ok=1","ldrtrk,seq=00025,pan=080.04,tilt=067.90,sun_pan=078.95,sun_tilt=027.60,err=40.32,state=track-tilt,bv_mv=1.2,bi_ma=-0.1,bp_mw=-0.0,bs=idle",Orin unified LDR tracker and real BESS
2026-08-11T14:46:19.770740+00:00,1,,0,26,44,116.0,0.116,0.013456,trk,0,Standby,Shading detection waits for a locked tracker and positive power.,normal,,,55.0,0.0,0.0,idle,5.0875,9.25,track-tilt,80.043,64.9,78.799,28.006,36.915,1,,,,,,,,,,,,CRC/QPSK/OFDM,1,0,157,161,1288,644,14,28,1120,224,56,"p1br,seq=00026,frame_b=00161,bits=01288,qpsk=00644,ofdm=014,pad_q=00028,gap=0,ok=1","ldrtrk,seq=00026,pan=080.04,tilt=064.90,sun_pan=078.80,sun_tilt=028.01,err=36.91,state=track-tilt,bv_mv=1.2,bi_ma=-0.1,bp_mw=-0.0,bs=idle",Orin unified LDR tracker and real BESS
2026-08-11T14:46:20.278310+00:00,1,,0,27,44,116.0,0.116,0.013456,trk,0,Standby,Shading detection waits for a locked tracker and positive power.,normal,,,55.0,0.0,0.0,idle,5.0875,9.25,track-tilt,80.043,61.9,78.601,27.918,34.013,1,,,,,,,,,,,,CRC/QPSK/OFDM,1,0,157,161,1288,644,14,28,1120,224,56,"p1br,seq=00027,frame_b=00161,bits=01288,qpsk=00644,ofdm=014,pad_q=00028,gap=0,ok=1","ldrtrk,seq=00027,pan=080.04,tilt=061.90,sun_pan=078.60,sun_tilt=027.92,err=34.01,state=track-tilt,bv_mv=0.0,bi_ma=-0.1,bp_mw=-0.0,bs=idle",Orin unified LDR tracker and real BESS
2026-08-11T14:46:20.774258+00:00,1,,0,28,44,125.0,0.125,0.015625,trk,0,Standby,Shading detection waits for a locked tracker and positive power.,normal,,,55.0,0.0,0.0,idle,5.0875,9.25,track-tilt,80.043,58.9,78.626,28.249,30.683,1,,,,,,,,,,,,CRC/QPSK/OFDM,1,0,157,161,1288,644,14,28,1120,224,56,"p1br,seq=00028,frame_b=00161,bits=01288,qpsk=00644,ofdm=014,pad_q=00028,gap=0,ok=1","ldrtrk,seq=00028,pan=080.04,tilt=058.90,sun_pan=078.63,sun_tilt=028.25,err=30.68,state=track-tilt,bv_mv=0.0,bi_ma=-0.1,bp_mw=-0.0,bs=idle",Orin unified LDR tracker and real BESS
2026-08-11T14:46:21.293652+00:00,1,,0,29,44,125.0,0.125,0.015625,trk,0,Standby,Shading detection waits for a locked tracker and positive power.,normal,,,55.0,0.0,0.0,idle,5.0875,9.25,track-tilt,80.043,55.9,78.597,28.179,27.759,1,,,,,,,,,,,,CRC/QPSK/OFDM,1,0,157,161,1288,644,14,28,1120,224,56,"p1br,seq=00029,frame_b=00161,bits=01288,qpsk=00644,ofdm=014,pad_q=00028,gap=0,ok=1","ldrtrk,seq=00029,pan=080.04,tilt=055.90,sun_pan=078.60,sun_tilt=028.18,err=27.76,state=track-tilt,bv_mv=0.0,bi_ma=-0.1,bp_mw=-0.0,bs=idle",Orin unified LDR tracker and real BESS
2026-08-11T14:46:21.781259+00:00,1,,0,30,44,134.0,0.134,0.017956,trk,0,Standby,Shading detection waits for a locked tracker and positive power.,normal,,,55.0,0.0,0.0,idle,5.0875,9.25,track-tilt,80.043,52.9,78.804,27.944,24.986,1,,,,,,,,,,,,CRC/QPSK/OFDM,1,0,157,161,1288,644,14,28,1120,224,56,"p1br,seq=00030,frame_b=00161,bits=01288,qpsk=00644,ofdm=014,pad_q=00028,gap=0,ok=1","ldrtrk,seq=00030,pan=080.04,tilt=052.90,sun_pan=078.80,sun_tilt=027.94,err=24.99,state=track-tilt,bv_mv=0.0,bi_ma=-0.1,bp_mw=-0.0,bs=idle",Orin unified LDR tracker and real BESS
2026-08-11T14:46:22.295562+00:00,1,,0,31,44,134.0,0.134,0.017956,trk,0,Standby,Shading detection waits for a locked tracker and positive power.,normal,,,55.0,0.0,0.0,idle,5.0875,9.25,track-tilt,80.043,49.9,78.616,28.053,21.893,1,,,,,,,,,,,,CRC/QPSK/OFDM,1,0,157,161,1288,644,14,28,1120,224,56,"p1br,seq=00031,frame_b=00161,bits=01288,qpsk=00644,ofdm=014,pad_q=00028,gap=0,ok=1","ldrtrk,seq=00031,pan=080.04,tilt=049.90,sun_pan=078.62,sun_tilt=028.05,err=21.89,state=track-tilt,bv_mv=0.0,bi_ma=-0.1,bp_mw=-0.0,bs=idle",Orin unified LDR tracker and real BESS
2026-08-11T14:46:22.801186+00:00,1,,0,32,44,134.0,0.134,0.017956,trk,0,Standby,Shading detection waits for a locked tracker and positive power.,normal,,,55.0,0.0,0.0,idle,5.0875,9.25,track-tilt,80.043,46.9,77.814,28.634,18.402,1,,,,,,,,,,,,CRC/QPSK/OFDM,1,0,157,161,1288,644,14,28,1120,224,56,"p1br,seq=00032,frame_b=00161,bits=01288,qpsk=00644,ofdm=014,pad_q=00028,gap=0,ok=1","ldrtrk,seq=00032,pan=080.04,tilt=046.90,sun_pan=077.81,sun_tilt=028.63,err=18.40,state=track-tilt,bv_mv=0.0,bi_ma=-0.1,bp_mw=-0.0,bs=idle",Orin unified LDR tracker and real BESS
2026-08-11T14:46:23.299416+00:00,1,,0,33,44,134.0,0.134,0.017956,trk,0,Standby,Shading detection waits for a locked tracker and positive power.,normal,,,55.0,0.0,0.0,idle,5.0875,9.25,track-tilt,80.043,43.9,77.871,28.699,15.355,1,,,,,,,,,,,,CRC/QPSK/OFDM,1,0,157,161,1288,644,14,28,1120,224,56,"p1br,seq=00033,frame_b=00161,bits=01288,qpsk=00644,ofdm=014,pad_q=00028,gap=0,ok=1","ldrtrk,seq=00033,pan=080.04,tilt=043.90,sun_pan=077.87,sun_tilt=028.70,err=15.36,state=track-tilt,bv_mv=0.0,bi_ma=-0.1,bp_mw=-0.0,bs=idle",Orin unified LDR tracker and real BESS
2026-08-11T14:46:23.816359+00:00,1,,0,34,44,138.0,0.138,0.019044,trk,0,Standby,Shading detection waits for a locked tracker and positive power.,normal,,,55.0,0.0,0.0,idle,5.0875,9.25,track-tilt,80.043,40.9,78.323,28.452,12.566,1,,,,,,,,,,,,CRC/QPSK/OFDM,1,0,157,161,1288,644,14,28,1120,224,56,"p1br,seq=00034,frame_b=00161,bits=01288,qpsk=00644,ofdm=014,pad_q=00028,gap=0,ok=1","ldrtrk,seq=00034,pan=080.04,tilt=040.90,sun_pan=078.32,sun_tilt=028.45,err=12.57,state=track-tilt,bv_mv=2.4,bi_ma=-0.1,bp_mw=-0.0,bs=idle",Orin unified LDR tracker and real BESS
2026-08-11T14:46:24.304589+00:00,1,,0,35,44,138.0,0.138,0.019044,trk,0,Standby,Shading detection waits for a locked tracker and positive power.,normal,,,55.0,0.0,0.0,idle,5.0875,9.25,track-tilt,80.043,37.9,78.425,28.379,9.658,1,,,,,,,,,,,,CRC/QPSK/OFDM,1,0,157,161,1288,644,14,28,1120,224,56,"p1br,seq=00035,frame_b=00161,bits=01288,qpsk=00644,ofdm=014,pad_q=00028,gap=0,ok=1","ldrtrk,seq=00035,pan=080.04,tilt=037.90,sun_pan=078.43,sun_tilt=028.38,err=09.66,state=track-tilt,bv_mv=1.2,bi_ma=-0.1,bp_mw=-0.0,bs=idle",Orin unified LDR tracker and real BESS
2026-08-11T14:46:24.822930+00:00,1,,0,36,44,138.0,0.138,0.019044,trk,0,Standby,Shading detection waits for a locked tracker and positive power.,normal,,,55.0,0.0,0.0,idle,5.0875,9.25,track-tilt,80.043,34.9,78.717,27.99,7.036,1,,,,,,,,,,,,CRC/QPSK/OFDM,1,0,157,161,1288,644,14,28,1120,224,56,"p1br,seq=00036,frame_b=00161,bits=01288,qpsk=00644,ofdm=014,pad_q=00028,gap=0,ok=1","ldrtrk,seq=00036,pan=080.04,tilt=034.90,sun_pan=078.72,sun_tilt=027.99,err=07.04,state=track-tilt,bv_mv=1.2,bi_ma=-0.1,bp_mw=-0.0,bs=idle",Orin unified LDR tracker and real BESS
2026-08-11T14:46:25.315677+00:00,1,,0,37,44,143.0,0.143,0.020449,trk,0,Standby,Shading detection waits for a locked tracker and positive power.,normal,,,55.0,0.0,0.0,idle,5.0875,9.25,track-tilt,80.043,31.9,77.998,28.241,4.192,1,,,,,,,,,,,,CRC/QPSK/OFDM,1,0,157,161,1288,644,14,28,1120,224,56,"p1br,seq=00037,frame_b=00161,bits=01288,qpsk=00644,ofdm=014,pad_q=00028,gap=0,ok=1","ldrtrk,seq=00037,pan=080.04,tilt=031.90,sun_pan=078.00,sun_tilt=028.24,err=04.19,state=track-tilt,bv_mv=0.0,bi_ma=-0.1,bp_mw=-0.0,bs=idle",Orin unified LDR tracker and real BESS
2026-08-11T14:46:25.823450+00:00,1,,0,38,44,143.0,0.143,0.020449,trk,0,Standby,Shading detection waits for a locked tracker and positive power.,normal,,,55.0,0.0,0.0,idle,5.0875,9.25,track-tilt,80.043,28.9,77.807,28.431,2.285,1,,,,,,,,,,,,CRC/QPSK/OFDM,1,0,157,161,1288,644,14,28,1120,224,56,"p1br,seq=00038,frame_b=00161,bits=01288,qpsk=00644,ofdm=014,pad_q=00028,gap=0,ok=1","ldrtrk,seq=00038,pan=080.04,tilt=028.90,sun_pan=077.81,sun_tilt=028.43,err=02.29,state=track-tilt,bv_mv=1.2,bi_ma=-0.1,bp_mw=-0.0,bs=idle",Orin unified LDR tracker and real BESS
2026-08-11T14:46:26.335695+00:00,1,,0,39,44,143.0,0.143,0.020449,trk,0,Standby,Shading detection waits for a locked tracker and positive power.,normal,,,55.0,0.0,0.0,idle,5.0875,9.25,track-pan,80.043,28.9,77.094,28.709,2.956,1,,,,,,,,,,,,CRC/QPSK/OFDM,1,0,157,161,1288,644,14,28,1120,224,56,"p1br,seq=00039,frame_b=00161,bits=01288,qpsk=00644,ofdm=014,pad_q=00028,gap=0,ok=1","ldrtrk,seq=00039,pan=080.04,tilt=028.90,sun_pan=077.09,sun_tilt=028.71,err=02.96,state=track-pan,bv_mv=0.0,bi_ma=-0.1,bp_mw=-0.0,bs=idle",Orin unified LDR tracker and real BESS
2026-08-11T14:46:26.831574+00:00,1,,0,40,42,147.0,0.147,0.021609,trk,0,Standby,Shading detection waits for a locked tracker and positive power.,normal,,,55.0,0.0,0.0,idle,5.0875,9.25,track-pan,77.519,28.9,77.519,28.457,0.443,1,,,,,,,,,,,,CRC/QPSK/OFDM,1,0,157,161,1288,644,14,28,1120,224,56,"p1br,seq=00040,frame_b=00161,bits=01288,qpsk=00644,ofdm=014,pad_q=00028,gap=0,ok=1","ldrtrk,seq=00040,pan=077.52,tilt=028.90,sun_pan=077.52,sun_tilt=028.46,err=00.44,state=track-pan,bv_mv=0.0,bi_ma=-0.1,bp_mw=-0.0,bs=idle",Orin unified LDR tracker and real BESS
2026-08-11T14:46:27.342350+00:00,1,,0,41,42,151.0,0.151,0.022801,trk,0,Learning,Learning locked-state shading baseline (3/8).,normal,,,55.0,0.0,0.0,idle,5.0875,9.25,locked,77.519,28.9,77.598,28.54,0.368,1,,,,,,,,,,,,CRC/QPSK/OFDM,1,0,157,161,1288,644,14,28,1120,224,56,"p1br,seq=00041,frame_b=00161,bits=01288,qpsk=00644,ofdm=014,pad_q=00028,gap=0,ok=1","ldrtrk,seq=00041,pan=077.52,tilt=028.90,sun_pan=077.60,sun_tilt=028.54,err=00.37,state=locked,bv_mv=0.0,bi_ma=-0.1,bp_mw=-0.0,bs=idle",Orin unified LDR tracker and real BESS
2026-08-11T14:46:27.836753+00:00,1,,0,42,42,147.0,0.147,0.021609,trk,0,Learning,Learning locked-state shading baseline (4/8).,normal,,,55.0,0.0,0.0,idle,5.0875,9.25,locked,77.519,28.9,77.487,28.564,0.338,1,,,,,,,,,,,,CRC/QPSK/OFDM,1,0,157,161,1288,644,14,28,1120,224,56,"p1br,seq=00042,frame_b=00161,bits=01288,qpsk=00644,ofdm=014,pad_q=00028,gap=0,ok=1","ldrtrk,seq=00042,pan=077.52,tilt=028.90,sun_pan=077.49,sun_tilt=028.56,err=00.34,state=locked,bv_mv=1.2,bi_ma=-0.1,bp_mw=-0.0,bs=idle",Orin unified LDR tracker and real BESS
2026-08-11T14:46:28.347165+00:00,1,,0,43,42,151.0,0.151,0.022801,trk,0,Standby,Shading detection waits for a locked tracker and positive power.,normal,,,55.0,0.0,0.0,idle,5.0875,9.25,track-pan,77.519,28.9,78.804,27.992,1.574,1,,,,,,,,,,,,CRC/QPSK/OFDM,1,0,157,161,1288,644,14,28,1120,224,56,"p1br,seq=00043,frame_b=00161,bits=01288,qpsk=00644,ofdm=014,pad_q=00028,gap=0,ok=1","ldrtrk,seq=00043,pan=077.52,tilt=028.90,sun_pan=078.80,sun_tilt=027.99,err=01.57,state=track-pan,bv_mv=1.2,bi_ma=-0.1,bp_mw=-0.0,bs=idle",Orin unified LDR tracker and real BESS
2026-08-11T14:46:28.863819+00:00,1,,0,44,43,151.0,0.151,0.022801,trk,0,Standby,Shading detection waits for a locked tracker and positive power.,normal,,,55.0,0.0,0.0,idle,5.0875,9.25,track-pan,78.889,28.9,78.889,27.735,1.165,1,,,,,,,,,,,,CRC/QPSK/OFDM,1,0,157,161,1288,644,14,28,1120,224,56,"p1br,seq=00044,frame_b=00161,bits=01288,qpsk=00644,ofdm=014,pad_q=00028,gap=0,ok=1","ldrtrk,seq=00044,pan=078.89,tilt=028.90,sun_pan=078.89,sun_tilt=027.73,err=01.16,state=track-pan,bv_mv=0.0,bi_ma=-0.1,bp_mw=-0.0,bs=idle",Orin unified LDR tracker and real BESS
2026-08-11T14:46:29.355017+00:00,1,,0,45,43,138.0,0.138,0.019044,trk,0,Standby,Shading detection waits for a locked tracker and positive power.,normal,,,55.0,0.0,0.0,idle,5.0875,9.25,track-pan,78.889,28.9,67.833,29.685,11.084,1,,,,,,,,,,,,CRC/QPSK/OFDM,1,0,157,161,1288,644,14,28,1120,224,56,"p1br,seq=00045,frame_b=00161,bits=01288,qpsk=00644,ofdm=014,pad_q=00028,gap=0,ok=1","ldrtrk,seq=00045,pan=078.89,tilt=028.90,sun_pan=067.83,sun_tilt=029.68,err=11.08,state=track-pan,bv_mv=0.0,bi_ma=-0.1,bp_mw=-0.0,bs=idle",Orin unified LDR tracker and real BESS
2026-08-11T14:46:29.874909+00:00,1,,0,46,41,129.0,0.129,0.016641,trk,0,Standby,Shading detection waits for a locked tracker and positive power.,normal,,,55.0,0.0,0.0,idle,5.0875,9.25,track-pan,75.889,28.9,50.263,28.947,25.626,1,,,,,,,,,,,,CRC/QPSK/OFDM,1,0,157,161,1288,644,14,28,1120,224,56,"p1br,seq=00046,frame_b=00161,bits=01288,qpsk=00644,ofdm=014,pad_q=00028,gap=0,ok=1","ldrtrk,seq=00046,pan=075.89,tilt=028.90,sun_pan=050.26,sun_tilt=028.95,err=25.63,state=track-pan,bv_mv=1.2,bi_ma=-0.1,bp_mw=-0.0,bs=idle",Orin unified LDR tracker and real BESS
2026-08-11T14:46:30.367765+00:00,1,,0,47,39,120.0,0.12,0.0144,trk,0,Standby,Shading detection waits for a locked tracker and positive power.,normal,,,55.0,0.0,0.0,idle,5.0875,9.25,track-pan,72.889,28.9,47.514,28.622,25.377,1,,,,,,,,,,,,CRC/QPSK/OFDM,1,0,157,161,1288,644,14,28,1120,224,56,"p1br,seq=00047,frame_b=00161,bits=01288,qpsk=00644,ofdm=014,pad_q=00028,gap=0,ok=1","ldrtrk,seq=00047,pan=072.89,tilt=028.90,sun_pan=047.51,sun_tilt=028.62,err=25.38,state=track-pan,bv_mv=0.0,bi_ma=-0.1,bp_mw=-0.0,bs=idle",Orin unified LDR tracker and real BESS
2026-08-11T14:46:30.873972+00:00,1,,0,48,37,129.0,0.129,0.016641,trk,0,Standby,Shading detection waits for a locked tracker and positive power.,normal,,,55.0,0.0,0.0,idle,5.0875,9.25,track-pan,69.889,28.9,48.103,28.636,21.788,1,,,,,,,,,,,,CRC/QPSK/OFDM,1,0,157,161,1288,644,14,28,1120,224,56,"p1br,seq=00048,frame_b=00161,bits=01288,qpsk=00644,ofdm=014,pad_q=00028,gap=0,ok=1","ldrtrk,seq=00048,pan=069.89,tilt=028.90,sun_pan=048.10,sun_tilt=028.64,err=21.79,state=track-pan,bv_mv=1.2,bi_ma=-0.1,bp_mw=-0.0,bs=idle",Orin unified LDR tracker and real BESS
2026-08-11T14:46:31.374070+00:00,1,,0,49,36,134.0,0.134,0.017956,trk,0,Standby,Shading detection waits for a locked tracker and positive power.,normal,,,55.0,0.0,0.0,idle,5.0875,9.25,track-pan,66.889,28.9,48.384,28.716,18.506,1,,,,,,,,,,,,CRC/QPSK/OFDM,1,0,157,161,1288,644,14,28,1120,224,56,"p1br,seq=00049,frame_b=00161,bits=01288,qpsk=00644,ofdm=014,pad_q=00028,gap=0,ok=1","ldrtrk,seq=00049,pan=066.89,tilt=028.90,sun_pan=048.38,sun_tilt=028.72,err=18.51,state=track-pan,bv_mv=1.2,bi_ma=-0.1,bp_mw=-0.0,bs=idle",Orin unified LDR tracker and real BESS
2026-08-11T14:46:31.887165+00:00,1,,0,50,34,138.0,0.138,0.019044,trk,0,Standby,Shading detection waits for a locked tracker and positive power.,normal,,,55.0,0.0,0.0,idle,5.0875,9.25,track-pan,63.889,28.9,48.576,28.722,15.314,1,,,,,,,,,,,,CRC/QPSK/OFDM,1,0,157,161,1288,644,14,28,1120,224,56,"p1br,seq=00050,frame_b=00161,bits=01288,qpsk=00644,ofdm=014,pad_q=00028,gap=0,ok=1","ldrtrk,seq=00050,pan=063.89,tilt=028.90,sun_pan=048.58,sun_tilt=028.72,err=15.31,state=track-pan,bv_mv=0.0,bi_ma=-0.1,bp_mw=-0.0,bs=idle",Orin unified LDR tracker and real BESS
2026-08-11T14:46:32.394248+00:00,1,,0,51,32,147.0,0.147,0.021609,trk,0,Standby,Shading detection waits for a locked tracker and positive power.,normal,,,55.0,0.0,0.0,idle,5.0875,9.25,track-pan,60.889,28.9,50.247,28.914,10.642,1,,,,,,,,,,,,CRC/QPSK/OFDM,1,0,157,161,1288,644,14,28,1120,224,56,"p1br,seq=00051,frame_b=00161,bits=01288,qpsk=00644,ofdm=014,pad_q=00028,gap=0,ok=1","ldrtrk,seq=00051,pan=060.89,tilt=028.90,sun_pan=050.25,sun_tilt=028.91,err=10.64,state=track-pan,bv_mv=0.0,bi_ma=-0.1,bp_mw=-0.0,bs=idle",Orin unified LDR tracker and real BESS
2026-08-11T14:46:32.890939+00:00,1,,0,52,30,160.0,0.16,0.0256,trk,0,Standby,Shading detection waits for a locked tracker and positive power.,normal,,,55.0,0.0,0.0,idle,5.0875,9.25,track-pan,57.889,28.9,54.151,27.84,3.886,1,,,,,,,,,,,,CRC/QPSK/OFDM,1,0,157,161,1288,644,14,28,1120,224,56,"p1br,seq=00052,frame_b=00161,bits=01288,qpsk=00644,ofdm=014,pad_q=00028,gap=0,ok=1","ldrtrk,seq=00052,pan=057.89,tilt=028.90,sun_pan=054.15,sun_tilt=027.84,err=03.89,state=track-pan,bv_mv=1.2,bi_ma=-0.1,bp_mw=-0.0,bs=idle",Orin unified LDR tracker and real BESS
2026-08-11T14:46:33.401184+00:00,1,,0,53,28,165.0,0.165,0.027225,trk,0,Standby,Shading detection waits for a locked tracker and positive power.,normal,,,55.0,0.0,0.0,idle,5.0875,9.25,track-pan,54.97,28.9,54.97,28.073,0.827,1,,,,,,,,,,,,CRC/QPSK/OFDM,1,0,157,161,1288,644,14,28,1120,224,56,"p1br,seq=00053,frame_b=00161,bits=01288,qpsk=00644,ofdm=014,pad_q=00028,gap=0,ok=1","ldrtrk,seq=00053,pan=054.97,tilt=028.90,sun_pan=054.97,sun_tilt=028.07,err=00.83,state=track-pan,bv_mv=1.2,bi_ma=-0.1,bp_mw=-0.0,bs=idle",Orin unified LDR tracker and real BESS
2026-08-11T14:46:33.897347+00:00,1,,0,54,28,178.0,0.178,0.031684,trk,0,Learning,Learning locked-state shading baseline (5/8).,normal,,,55.0,0.0,0.0,idle,5.0875,9.25,locked,54.97,28.9,55.525,28.457,0.709,1,,,,,,,,,,,,CRC/QPSK/OFDM,1,0,157,161,1288,644,14,28,1120,224,56,"p1br,seq=00054,frame_b=00161,bits=01288,qpsk=00644,ofdm=014,pad_q=00028,gap=0,ok=1","ldrtrk,seq=00054,pan=054.97,tilt=028.90,sun_pan=055.52,sun_tilt=028.46,err=00.71,state=locked,bv_mv=1.2,bi_ma=-0.1,bp_mw=-0.0,bs=idle",Orin unified LDR tracker and real BESS
2026-08-11T14:46:34.409817+00:00,1,,0,55,28,174.0,0.174,0.030276,trk,0,Learning,Learning locked-state shading baseline (6/8).,normal,,,55.0,0.0,0.0,idle,5.0875,9.25,locked,54.97,28.9,54.79,28.504,0.436,1,,,,,,,,,,,,CRC/QPSK/OFDM,1,0,157,161,1288,644,14,28,1120,224,56,"p1br,seq=00055,frame_b=00161,bits=01288,qpsk=00644,ofdm=014,pad_q=00028,gap=0,ok=1","ldrtrk,seq=00055,pan=054.97,tilt=028.90,sun_pan=054.79,sun_tilt=028.50,err=00.44,state=locked,bv_mv=0.0,bi_ma=-0.1,bp_mw=-0.0,bs=idle",Orin unified LDR tracker and real BESS
2026-08-11T14:46:34.918559+00:00,1,,0,56,28,174.0,0.174,0.030276,trk,0,Learning,Learning locked-state shading baseline (7/8).,normal,,,55.0,0.0,0.0,idle,5.0875,9.25,locked,54.97,28.9,54.551,28.521,0.565,1,,,,,,,,,,,,CRC/QPSK/OFDM,1,0,157,161,1288,644,14,28,1120,224,56,"p1br,seq=00056,frame_b=00161,bits=01288,qpsk=00644,ofdm=014,pad_q=00028,gap=0,ok=1","ldrtrk,seq=00056,pan=054.97,tilt=028.90,sun_pan=054.55,sun_tilt=028.52,err=00.57,state=locked,bv_mv=1.2,bi_ma=-0.1,bp_mw=-0.0,bs=idle",Orin unified LDR tracker and real BESS
2026-08-11T14:46:35.416783+00:00,1,,0,57,28,174.0,0.174,0.030276,trk,0,Learning,Learning locked-state shading baseline (8/8).,normal,,,55.0,0.0,0.0,idle,5.0875,9.25,locked,54.97,28.9,54.928,29.027,0.134,1,,,,,,,,,,,,CRC/QPSK/OFDM,1,0,157,161,1288,644,14,28,1120,224,56,"p1br,seq=00057,frame_b=00161,bits=01288,qpsk=00644,ofdm=014,pad_q=00028,gap=0,ok=1","ldrtrk,seq=00057,pan=054.97,tilt=028.90,sun_pan=054.93,sun_tilt=029.03,err=00.13,state=locked,bv_mv=1.2,bi_ma=-0.1,bp_mw=-0.0,bs=idle",Orin unified LDR tracker and real BESS
2026-08-11T14:46:35.923979+00:00,1,,0,58,28,165.0,0.165,0.027225,trk,0,Standby,Shading detection waits for a locked tracker and positive power.,normal,,,55.0,0.0,0.0,idle,5.0875,9.25,track-pan,54.97,28.9,47.684,33.14,8.43,1,,,,,,,,,,,,CRC/QPSK/OFDM,1,0,157,161,1288,644,14,28,1120,224,56,"p1br,seq=00058,frame_b=00161,bits=01288,qpsk=00644,ofdm=014,pad_q=00028,gap=0,ok=1","ldrtrk,seq=00058,pan=054.97,tilt=028.90,sun_pan=047.68,sun_tilt=033.14,err=08.43,state=track-pan,bv_mv=0.0,bi_ma=-0.1,bp_mw=-0.0,bs=idle",Orin unified LDR tracker and real BESS
2026-08-11T14:46:36.425045+00:00,1,,0,59,26,147.0,0.147,0.021609,trk,0,Standby,Shading detection waits for a locked tracker and positive power.,normal,,,55.0,0.0,0.0,idle,5.0875,9.25,track-pan,51.97,28.9,10.888,34.66,41.484,1,,,,,,,,,,,,CRC/QPSK/OFDM,1,0,157,161,1288,644,14,28,1120,224,56,"p1br,seq=00059,frame_b=00161,bits=01288,qpsk=00644,ofdm=014,pad_q=00028,gap=0,ok=1","ldrtrk,seq=00059,pan=051.97,tilt=028.90,sun_pan=010.89,sun_tilt=034.66,err=41.48,state=track-pan,bv_mv=0.0,bi_ma=-0.1,bp_mw=-0.0,bs=idle",Orin unified LDR tracker and real BESS
2026-08-11T14:48:48.905632+00:00,1,,0,0,50,53.0,0.053,0.002809,trk,0,Standby,Shading detection waits for a locked tracker and positive power.,normal,,,54.99,-0.647588,0.647588,discharging,5.0866,9.25,track-pan,90.0,90.0,37.628,58.629,61.049,1,,,,,,,,,,,,CRC/QPSK/OFDM,1,0,157,161,1288,644,14,28,1120,224,56,"p1br,seq=00000,frame_b=00161,bits=01288,qpsk=00644,ofdm=014,pad_q=00028,gap=0,ok=1","ldrtrk,seq=00000,pan=090.00,tilt=090.00,sun_pan=037.63,sun_tilt=058.63,err=61.05,state=track-pan,bv_mv=2988.1,bi_ma=-216.7,bp_mw=-647.6,bs=discharging",Orin unified LDR tracker and real BESS
2026-08-11T14:48:49.212427+00:00,1,,0,1,48,49.0,0.049,0.002401,trk,0,Standby,Shading detection waits for a locked tracker and positive power.,normal,,,54.989,-0.648178,0.648178,discharging,5.0865,9.25,track-pan,87.0,90.0,33.778,44.101,70.28,1,,,,,,,,,,,,CRC/QPSK/OFDM,1,0,157,161,1288,644,14,28,1120,224,56,"p1br,seq=00001,frame_b=00161,bits=01288,qpsk=00644,ofdm=014,pad_q=00028,gap=0,ok=1","ldrtrk,seq=00001,pan=087.00,tilt=090.00,sun_pan=033.78,sun_tilt=044.10,err=70.28,state=track-pan,bv_mv=2990.4,bi_ma=-216.8,bp_mw=-648.2,bs=discharging",Orin unified LDR tracker and real BESS
2026-08-11T14:48:49.707930+00:00,1,,0,2,46,138.0,0.138,0.019044,trk,0,Standby,Shading detection waits for a locked tracker and positive power.,normal,,,54.988,-0.648369,0.648369,discharging,5.0864,9.25,track-pan,84.0,90.0,33.386,87.743,50.665,1,,,,,,,,,,,,CRC/QPSK/OFDM,1,0,157,161,1288,644,14,28,1120,224,56,"p1br,seq=00002,frame_b=00161,bits=01288,qpsk=00644,ofdm=014,pad_q=00028,gap=0,ok=1","ldrtrk,seq=00002,pan=084.00,tilt=090.00,sun_pan=033.39,sun_tilt=087.74,err=50.66,state=track-pan,bv_mv=2989.3,bi_ma=-216.9,bp_mw=-648.4,bs=discharging",Orin unified LDR tracker and real BESS
2026-08-11T14:48:50.218162+00:00,1,,0,3,44,143.0,0.143,0.020449,trk,0,Standby,Shading detection waits for a locked tracker and positive power.,normal,,,54.987,-0.648227,0.648227,discharging,5.0863,9.25,track-pan,81.0,90.0,20.268,86.119,60.856,1,,,,,,,,,,,,CRC/QPSK/OFDM,1,0,157,161,1288,644,14,28,1120,224,56,"p1br,seq=00003,frame_b=00161,bits=01288,qpsk=00644,ofdm=014,pad_q=00028,gap=0,ok=1","ldrtrk,seq=00003,pan=081.00,tilt=090.00,sun_pan=020.27,sun_tilt=086.12,err=60.86,state=track-pan,bv_mv=2986.9,bi_ma=-217.0,bp_mw=-648.2,bs=discharging",Orin unified LDR tracker and real BESS
2026-08-11T14:48:50.721901+00:00,1,,0,4,42,151.0,0.151,0.022801,trk,0,Standby,Shading detection waits for a locked tracker and positive power.,normal,,,54.986,-0.647331,0.647331,discharging,5.0862,9.25,track-pan,78.0,90.0,53.528,74.303,29.074,1,,,,,,,,,,,,CRC/QPSK/OFDM,1,0,157,161,1288,644,14,28,1120,224,56,"p1br,seq=00004,frame_b=00161,bits=01288,qpsk=00644,ofdm=014,pad_q=00028,gap=0,ok=1","ldrtrk,seq=00004,pan=078.00,tilt=090.00,sun_pan=053.53,sun_tilt=074.30,err=29.07,state=track-pan,bv_mv=2986.9,bi_ma=-216.7,bp_mw=-647.3,bs=discharging",Orin unified LDR tracker and real BESS
2026-08-11T14:48:51.228387+00:00,1,,0,5,42,156.0,0.156,0.024336,trk,0,Standby,Shading detection waits for a locked tracker and positive power.,normal,,,54.985,-0.648905,0.648905,discharging,5.0861,9.25,track-tilt,78.0,90.0,84.172,37.083,53.276,1,,,,,,,,,,,,CRC/QPSK/OFDM,1,0,157,161,1288,644,14,28,1120,224,56,"p1br,seq=00005,frame_b=00161,bits=01288,qpsk=00644,ofdm=014,pad_q=00028,gap=0,ok=1","ldrtrk,seq=00005,pan=078.00,tilt=090.00,sun_pan=084.17,sun_tilt=037.08,err=53.28,state=track-tilt,bv_mv=2984.5,bi_ma=-217.4,bp_mw=-648.9,bs=discharging",Orin unified LDR tracker and real BESS
2026-08-11T14:48:51.738340+00:00,1,,0,6,42,134.0,0.134,0.017956,trk,0,Standby,Shading detection waits for a locked tracker and positive power.,normal,,,54.984,-0.650128,0.650128,discharging,5.086,9.25,track-tilt,78.0,87.0,84.644,28.877,58.501,1,,,,,,,,,,,,CRC/QPSK/OFDM,1,0,157,161,1288,644,14,28,1120,224,56,"p1br,seq=00006,frame_b=00161,bits=01288,qpsk=00644,ofdm=014,pad_q=00028,gap=0,ok=1","ldrtrk,seq=00006,pan=078.00,tilt=087.00,sun_pan=084.64,sun_tilt=028.88,err=58.50,state=track-tilt,bv_mv=2988.1,bi_ma=-217.6,bp_mw=-650.1,bs=discharging",Orin unified LDR tracker and real BESS
2026-08-11T14:48:52.238362+00:00,1,,0,7,42,125.0,0.125,0.015625,trk,0,Standby,Shading detection waits for a locked tracker and positive power.,normal,,,54.983,-0.649651,0.649651,discharging,5.0859,9.25,track-tilt,78.0,84.0,84.219,26.196,58.138,1,,,,,,,,,,,,CRC/QPSK/OFDM,1,0,157,161,1288,644,14,28,1120,224,56,"p1br,seq=00007,frame_b=00161,bits=01288,qpsk=00644,ofdm=014,pad_q=00028,gap=0,ok=1","ldrtrk,seq=00007,pan=078.00,tilt=084.00,sun_pan=084.22,sun_tilt=026.20,err=58.14,state=track-tilt,bv_mv=2984.5,bi_ma=-217.7,bp_mw=-649.7,bs=discharging",Orin unified LDR tracker and real BESS
2026-08-11T14:48:52.744205+00:00,1,,0,8,42,129.0,0.129,0.016641,trk,0,Standby,Shading detection waits for a locked tracker and positive power.,normal,,,54.982,-0.650358,0.650358,discharging,5.0858,9.25,track-tilt,78.0,81.0,83.517,25.676,55.598,1,,,,,,,,,,,,CRC/QPSK/OFDM,1,0,157,161,1288,644,14,28,1120,224,56,"p1br,seq=00008,frame_b=00161,bits=01288,qpsk=00644,ofdm=014,pad_q=00028,gap=0,ok=1","ldrtrk,seq=00008,pan=078.00,tilt=081.00,sun_pan=083.52,sun_tilt=025.68,err=55.60,state=track-tilt,bv_mv=2985.7,bi_ma=-217.8,bp_mw=-650.4,bs=discharging",Orin unified LDR tracker and real BESS
2026-08-11T14:48:53.243830+00:00,1,,0,9,42,134.0,0.134,0.017956,trk,0,Standby,Shading detection waits for a locked tracker and positive power.,normal,,,54.981,-0.650547,0.650547,discharging,5.0857,9.25,track-tilt,78.0,78.0,83.861,25.815,52.513,1,,,,,,,,,,,,CRC/QPSK/OFDM,1,0,157,161,1288,644,14,28,1120,224,56,"p1br,seq=00009,frame_b=00161,bits=01288,qpsk=00644,ofdm=014,pad_q=00028,gap=0,ok=1","ldrtrk,seq=00009,pan=078.00,tilt=078.00,sun_pan=083.86,sun_tilt=025.81,err=52.51,state=track-tilt,bv_mv=2984.5,bi_ma=-218.0,bp_mw=-650.5,bs=discharging",Orin unified LDR tracker and real BESS
2026-08-11T14:48:53.752408+00:00,1,,0,10,42,138.0,0.138,0.019044,trk,0,Standby,Shading detection waits for a locked tracker and positive power.,normal,,,54.98,-0.651069,0.651069,discharging,5.0856,9.25,track-tilt,78.0,75.0,83.841,26.042,49.305,1,,,,,,,,,,,,CRC/QPSK/OFDM,1,0,157,161,1288,644,14,28,1120,224,56,"p1br,seq=00010,frame_b=00161,bits=01288,qpsk=00644,ofdm=014,pad_q=00028,gap=0,ok=1","ldrtrk,seq=00010,pan=078.00,tilt=075.00,sun_pan=083.84,sun_tilt=026.04,err=49.30,state=track-tilt,bv_mv=2984.5,bi_ma=-218.2,bp_mw=-651.1,bs=discharging",Orin unified LDR tracker and real BESS
2026-08-11T14:48:54.245623+00:00,1,,0,11,42,143.0,0.143,0.020449,trk,0,Standby,Shading detection waits for a locked tracker and positive power.,normal,,,54.979,-0.64995,0.64995,discharging,5.0855,9.25,track-tilt,78.0,72.0,83.86,26.157,46.216,1,,,,,,,,,,,,CRC/QPSK/OFDM,1,0,157,161,1288,644,14,28,1120,224,56,"p1br,seq=00011,frame_b=00161,bits=01288,qpsk=00644,ofdm=014,pad_q=00028,gap=0,ok=1","ldrtrk,seq=00011,pan=078.00,tilt=072.00,sun_pan=083.86,sun_tilt=026.16,err=46.22,state=track-tilt,bv_mv=2984.5,bi_ma=-217.8,bp_mw=-650.0,bs=discharging",Orin unified LDR tracker and real BESS
2026-08-11T14:48:54.765083+00:00,1,,0,12,42,147.0,0.147,0.021609,trk,0,Standby,Shading detection waits for a locked tracker and positive power.,normal,,,54.978,-0.651257,0.651257,discharging,5.0854,9.25,track-tilt,78.0,69.0,83.853,26.188,43.21,1,,,,,,,,,,,,CRC/QPSK/OFDM,1,0,157,161,1288,644,14,28,1120,224,56,"p1br,seq=00012,frame_b=00161,bits=01288,qpsk=00644,ofdm=014,pad_q=00028,gap=0,ok=1","ldrtrk,seq=00012,pan=078.00,tilt=069.00,sun_pan=083.85,sun_tilt=026.19,err=43.21,state=track-tilt,bv_mv=2983.3,bi_ma=-218.3,bp_mw=-651.3,bs=discharging",Orin unified LDR tracker and real BESS
2026-08-11T14:48:55.269874+00:00,1,,0,13,42,151.0,0.151,0.022801,trk,0,Standby,Shading detection waits for a locked tracker and positive power.,normal,,,54.977,-0.65189,0.65189,discharging,5.0853,9.25,track-tilt,78.0,66.0,83.991,26.25,40.199,1,,,,,,,,,,,,CRC/QPSK/OFDM,1,0,157,161,1288,644,14,28,1120,224,56,"p1br,seq=00013,frame_b=00161,bits=01288,qpsk=00644,ofdm=014,pad_q=00028,gap=0,ok=1","ldrtrk,seq=00013,pan=078.00,tilt=066.00,sun_pan=083.99,sun_tilt=026.25,err=40.20,state=track-tilt,bv_mv=2984.5,bi_ma=-218.4,bp_mw=-651.9,bs=discharging",Orin unified LDR tracker and real BESS
2026-08-11T14:48:55.767569+00:00,1,,0,14,42,151.0,0.151,0.022801,trk,0,Standby,Shading detection waits for a locked tracker and positive power.,normal,,,54.976,-0.650625,0.650625,discharging,5.0852,9.25,track-tilt,78.0,63.0,83.44,25.721,37.674,1,,,,,,,,,,,,CRC/QPSK/OFDM,1,0,157,161,1288,644,14,28,1120,224,56,"p1br,seq=00014,frame_b=00161,bits=01288,qpsk=00644,ofdm=014,pad_q=00028,gap=0,ok=1","ldrtrk,seq=00014,pan=078.00,tilt=063.00,sun_pan=083.44,sun_tilt=025.72,err=37.67,state=track-tilt,bv_mv=2982.1,bi_ma=-218.2,bp_mw=-650.6,bs=discharging",Orin unified LDR tracker and real BESS
2026-08-11T14:48:56.280829+00:00,1,,0,15,42,151.0,0.151,0.022801,trk,0,Standby,Shading detection waits for a locked tracker and positive power.,normal,,,54.975,-0.652042,0.652042,discharging,5.0851,9.25,track-tilt,78.0,60.0,83.551,25.907,34.542,1,,,,,,,,,,,,CRC/QPSK/OFDM,1,0,157,161,1288,644,14,28,1120,224,56,"p1br,seq=00015,frame_b=00161,bits=01288,qpsk=00644,ofdm=014,pad_q=00028,gap=0,ok=1","ldrtrk,seq=00015,pan=078.00,tilt=060.00,sun_pan=083.55,sun_tilt=025.91,err=34.54,state=track-tilt,bv_mv=2982.1,bi_ma=-218.7,bp_mw=-652.0,bs=discharging",Orin unified LDR tracker and real BESS
2026-08-11T14:48:56.772808+00:00,1,,0,16,42,165.0,0.165,0.027225,trk,0,Standby,Shading detection waits for a locked tracker and positive power.,normal,,,54.974,-0.652934,0.652934,discharging,5.0851,9.25,track-tilt,78.0,57.0,83.991,26.336,31.244,1,,,,,,,,,,,,CRC/QPSK/OFDM,1,0,157,161,1288,644,14,28,1120,224,56,"p1br,seq=00016,frame_b=00161,bits=01288,qpsk=00644,ofdm=014,pad_q=00028,gap=0,ok=1","ldrtrk,seq=00016,pan=078.00,tilt=057.00,sun_pan=083.99,sun_tilt=026.34,err=31.24,state=track-tilt,bv_mv=2984.5,bi_ma=-218.8,bp_mw=-652.9,bs=discharging",Orin unified LDR tracker and real BESS
2026-08-11T14:48:57.287301+00:00,1,,0,17,42,169.0,0.169,0.028561,trk,0,Standby,Shading detection waits for a locked tracker and positive power.,normal,,,54.973,-0.652937,0.652937,discharging,5.085,9.25,track-tilt,78.0,54.0,84.103,26.3,28.365,1,,,,,,,,,,,,CRC/QPSK/OFDM,1,0,157,161,1288,644,14,28,1120,224,56,"p1br,seq=00017,frame_b=00161,bits=01288,qpsk=00644,ofdm=014,pad_q=00028,gap=0,ok=1","ldrtrk,seq=00017,pan=078.00,tilt=054.00,sun_pan=084.10,sun_tilt=026.30,err=28.36,state=track-tilt,bv_mv=2982.1,bi_ma=-218.9,bp_mw=-652.9,bs=discharging",Orin unified LDR tracker and real BESS
2026-08-11T14:48:57.796237+00:00,1,,0,18,42,169.0,0.169,0.028561,trk,0,Standby,Shading detection waits for a locked tracker and positive power.,normal,,,54.971,-0.653346,0.653346,discharging,5.0849,9.25,track-tilt,78.0,51.0,84.208,26.446,25.326,1,,,,,,,,,,,,CRC/QPSK/OFDM,1,0,157,161,1288,644,14,28,1120,224,56,"p1br,seq=00018,frame_b=00161,bits=01288,qpsk=00644,ofdm=014,pad_q=00028,gap=0,ok=1","ldrtrk,seq=00018,pan=078.00,tilt=051.00,sun_pan=084.21,sun_tilt=026.45,err=25.33,state=track-tilt,bv_mv=2983.3,bi_ma=-219.0,bp_mw=-653.3,bs=discharging",Orin unified LDR tracker and real BESS
2026-08-11T14:48:58.289969+00:00,1,,0,19,42,178.0,0.178,0.031684,trk,0,Standby,Shading detection waits for a locked tracker and positive power.,normal,,,54.97,-0.653347,0.653347,discharging,5.0848,9.25,track-tilt,78.0,48.0,84.434,26.67,22.279,1,,,,,,,,,,,,CRC/QPSK/OFDM,1,0,157,161,1288,644,14,28,1120,224,56,"p1br,seq=00019,frame_b=00161,bits=01288,qpsk=00644,ofdm=014,pad_q=00028,gap=0,ok=1","ldrtrk,seq=00019,pan=078.00,tilt=048.00,sun_pan=084.43,sun_tilt=026.67,err=22.28,state=track-tilt,bv_mv=2980.9,bi_ma=-219.2,bp_mw=-653.3,bs=discharging",Orin unified LDR tracker and real BESS
2026-08-11T14:48:58.803177+00:00,1,,0,20,42,183.0,0.183,0.033489,trk,0,Standby,Shading detection waits for a locked tracker and positive power.,normal,,,54.969,-0.653645,0.653645,discharging,5.0847,9.25,track-tilt,78.0,45.0,84.649,27.09,19.104,1,,,,,,,,,,,,CRC/QPSK/OFDM,1,0,157,161,1288,644,14,28,1120,224,56,"p1br,seq=00020,frame_b=00161,bits=01288,qpsk=00644,ofdm=014,pad_q=00028,gap=0,ok=1","ldrtrk,seq=00020,pan=078.00,tilt=045.00,sun_pan=084.65,sun_tilt=027.09,err=19.10,state=track-tilt,bv_mv=2980.9,bi_ma=-219.3,bp_mw=-653.6,bs=discharging",Orin unified LDR tracker and real BESS
2026-08-11T14:48:59.298397+00:00,1,,0,21,42,183.0,0.183,0.033489,trk,0,Standby,Shading detection waits for a locked tracker and positive power.,normal,,,54.968,-0.653645,0.653645,discharging,5.0846,9.25,track-tilt,78.0,42.0,84.729,26.96,16.477,1,,,,,,,,,,,,CRC/QPSK/OFDM,1,0,157,161,1288,644,14,28,1120,224,56,"p1br,seq=00021,frame_b=00161,bits=01288,qpsk=00644,ofdm=014,pad_q=00028,gap=0,ok=1","ldrtrk,seq=00021,pan=078.00,tilt=042.00,sun_pan=084.73,sun_tilt=026.96,err=16.48,state=track-tilt,bv_mv=2980.9,bi_ma=-219.3,bp_mw=-653.6,bs=discharging",Orin unified LDR tracker and real BESS
2026-08-11T14:48:59.812509+00:00,1,,0,22,42,183.0,0.183,0.033489,trk,0,Standby,Shading detection waits for a locked tracker and positive power.,normal,,,54.967,-0.653087,0.653087,discharging,5.0845,9.25,track-tilt,78.0,39.0,84.777,26.95,13.825,1,,,,,,,,,,,,CRC/QPSK/OFDM,1,0,157,161,1288,644,14,28,1120,224,56,"p1br,seq=00022,frame_b=00161,bits=01288,qpsk=00644,ofdm=014,pad_q=00028,gap=0,ok=1","ldrtrk,seq=00022,pan=078.00,tilt=039.00,sun_pan=084.78,sun_tilt=026.95,err=13.83,state=track-tilt,bv_mv=2979.8,bi_ma=-219.2,bp_mw=-653.1,bs=discharging",Orin unified LDR tracker and real BESS
2026-08-11T14:49:00.321655+00:00,1,,0,23,42,192.0,0.192,0.036864,trk,0,Standby,Shading detection waits for a locked tracker and positive power.,normal,,,54.966,-0.654316,0.654316,discharging,5.0844,9.25,track-tilt,78.0,36.0,85.005,27.254,11.205,1,,,,,,,,,,,,CRC/QPSK/OFDM,1,0,157,161,1288,644,14,28,1120,224,56,"p1br,seq=00023,frame_b=00161,bits=01288,qpsk=00644,ofdm=014,pad_q=00028,gap=0,ok=1","ldrtrk,seq=00023,pan=078.00,tilt=036.00,sun_pan=085.00,sun_tilt=027.25,err=11.21,state=track-tilt,bv_mv=2980.9,bi_ma=-219.5,bp_mw=-654.3,bs=discharging",Orin unified LDR tracker and real BESS
2026-08-11T14:49:00.814169+00:00,1,,0,24,42,196.0,0.196,0.038416,trk,0,Standby,Shading detection waits for a locked tracker and positive power.,normal,,,54.965,-0.654614,0.654614,discharging,5.0843,9.25,track-tilt,78.0,33.0,85.053,27.247,9.101,1,,,,,,,,,,,,CRC/QPSK/OFDM,1,0,157,161,1288,644,14,28,1120,224,56,"p1br,seq=00024,frame_b=00161,bits=01288,qpsk=00644,ofdm=014,pad_q=00028,gap=0,ok=1","ldrtrk,seq=00024,pan=078.00,tilt=033.00,sun_pan=085.05,sun_tilt=027.25,err=09.10,state=track-tilt,bv_mv=2980.9,bi_ma=-219.6,bp_mw=-654.6,bs=discharging",Orin unified LDR tracker and real BESS
2026-08-11T14:49:01.329078+00:00,1,,0,25,42,201.0,0.201,0.040401,trk,0,Standby,Shading detection waits for a locked tracker and positive power.,normal,,,54.964,-0.654987,0.654987,discharging,5.0842,9.25,track-tilt,78.0,30.0,85.2,27.367,7.666,1,,,,,,,,,,,,CRC/QPSK/OFDM,1,0,157,161,1288,644,14,28,1120,224,56,"p1br,seq=00025,frame_b=00161,bits=01288,qpsk=00644,ofdm=014,pad_q=00028,gap=0,ok=1","ldrtrk,seq=00025,pan=078.00,tilt=030.00,sun_pan=085.20,sun_tilt=027.37,err=07.67,state=track-tilt,bv_mv=2980.9,bi_ma=-219.7,bp_mw=-655.0,bs=discharging",Orin unified LDR tracker and real BESS
2026-08-11T14:49:01.822102+00:00,1,,0,26,42,201.0,0.201,0.040401,trk,0,Standby,Shading detection waits for a locked tracker and positive power.,normal,,,54.963,-0.654688,0.654688,discharging,5.0841,9.25,track-tilt,78.0,27.432,85.218,27.432,7.218,1,,,,,,,,,,,,CRC/QPSK/OFDM,1,0,157,161,1288,644,14,28,1120,224,56,"p1br,seq=00026,frame_b=00161,bits=01288,qpsk=00644,ofdm=014,pad_q=00028,gap=0,ok=1","ldrtrk,seq=00026,pan=078.00,tilt=027.43,sun_pan=085.22,sun_tilt=027.43,err=07.22,state=track-tilt,bv_mv=2978.6,bi_ma=-219.8,bp_mw=-654.7,bs=discharging",Orin unified LDR tracker and real BESS
2026-08-11T14:49:02.341865+00:00,1,,0,27,42,210.0,0.21,0.0441,trk,0,Standby,Shading detection waits for a locked tracker and positive power.,normal,,,54.962,-0.654912,0.654912,discharging,5.084,9.25,track-pan,78.0,27.432,85.438,27.554,7.439,1,,,,,,,,,,,,CRC/QPSK/OFDM,1,0,157,161,1288,644,14,28,1120,224,56,"p1br,seq=00027,frame_b=00161,bits=01288,qpsk=00644,ofdm=014,pad_q=00028,gap=0,ok=1","ldrtrk,seq=00027,pan=078.00,tilt=027.43,sun_pan=085.44,sun_tilt=027.55,err=07.44,state=track-pan,bv_mv=2978.6,bi_ma=-219.9,bp_mw=-654.9,bs=discharging",Orin unified LDR tracker and real BESS
2026-08-11T14:49:02.834766+00:00,1,,0,28,44,201.0,0.201,0.040401,trk,0,Standby,Shading detection waits for a locked tracker and positive power.,normal,,,54.961,-0.655471,0.655471,discharging,5.0839,9.25,track-pan,81.0,27.432,85.419,27.482,4.419,1,,,,,,,,,,,,CRC/QPSK/OFDM,1,0,157,161,1288,644,14,28,1120,224,56,"p1br,seq=00028,frame_b=00161,bits=01288,qpsk=00644,ofdm=014,pad_q=00028,gap=0,ok=1","ldrtrk,seq=00028,pan=081.00,tilt=027.43,sun_pan=085.42,sun_tilt=027.48,err=04.42,state=track-pan,bv_mv=2979.8,bi_ma=-220.0,bp_mw=-655.5,bs=discharging",Orin unified LDR tracker and real BESS
2026-08-11T14:49:03.339701+00:00,1,,0,29,46,205.0,0.205,0.042025,trk,0,Standby,Shading detection waits for a locked tracker and positive power.,normal,,,54.96,-0.655433,0.655433,discharging,5.0838,9.25,track-pan,84.0,27.432,85.435,27.43,1.435,1,,,,,,,,,,,,CRC/QPSK/OFDM,1,0,157,161,1288,644,14,28,1120,224,56,"p1br,seq=00029,frame_b=00161,bits=01288,qpsk=00644,ofdm=014,pad_q=00028,gap=0,ok=1","ldrtrk,seq=00029,pan=084.00,tilt=027.43,sun_pan=085.44,sun_tilt=027.43,err=01.44,state=track-pan,bv_mv=2978.6,bi_ma=-220.1,bp_mw=-655.4,bs=discharging",Orin unified LDR tracker and real BESS
2026-08-11T14:49:03.858411+00:00,1,,0,30,47,192.0,0.192,0.036864,trk,0,Standby,Shading detection waits for a locked tracker and positive power.,normal,,,54.959,-0.655582,0.655582,discharging,5.0837,9.25,track-pan,85.294,27.432,85.294,27.256,0.176,1,,,,,,,,,,,,CRC/QPSK/OFDM,1,0,157,161,1288,644,14,28,1120,224,56,"p1br,seq=00030,frame_b=00161,bits=01288,qpsk=00644,ofdm=014,pad_q=00028,gap=0,ok=1","ldrtrk,seq=00030,pan=085.29,tilt=027.43,sun_pan=085.29,sun_tilt=027.26,err=00.18,state=track-pan,bv_mv=2978.6,bi_ma=-220.1,bp_mw=-655.6,bs=discharging",Orin unified LDR tracker and real BESS
2026-08-11T14:49:04.352219+00:00,1,,0,31,47,192.0,0.192,0.036864,trk,0,Learning,Learning locked-state shading baseline (1/8).,normal,,,54.958,-0.654204,0.654204,discharging,5.0836,9.25,locked,85.294,27.432,85.27,27.269,0.165,1,,,,,,,,,,,,CRC/QPSK/OFDM,1,0,157,161,1288,644,14,28,1120,224,56,"p1br,seq=00031,frame_b=00161,bits=01288,qpsk=00644,ofdm=014,pad_q=00028,gap=0,ok=1","ldrtrk,seq=00031,pan=085.29,tilt=027.43,sun_pan=085.27,sun_tilt=027.27,err=00.16,state=locked,bv_mv=2977.4,bi_ma=-219.7,bp_mw=-654.2,bs=discharging",Orin unified LDR tracker and real BESS
2026-08-11T14:49:04.970815+00:00,1,,0,32,47,192.0,0.192,0.036864,trk,0,Learning,Learning locked-state shading baseline (2/8).,normal,,,54.957,-0.655841,0.655841,discharging,5.0835,9.25,locked,85.294,27.432,85.321,27.39,0.05,1,,,,,,,,,,,,CRC/QPSK/OFDM,1,0,157,161,1288,644,14,28,1120,224,56,"p1br,seq=00032,frame_b=00161,bits=01288,qpsk=00644,ofdm=014,pad_q=00028,gap=0,ok=1","ldrtrk,seq=00032,pan=085.29,tilt=027.43,sun_pan=085.32,sun_tilt=027.39,err=00.05,state=locked,bv_mv=2977.4,bi_ma=-220.3,bp_mw=-655.8,bs=discharging",Orin unified LDR tracker and real BESS
2026-08-11T14:49:05.358899+00:00,1,,0,33,47,192.0,0.192,0.036864,trk,0,Learning,Learning locked-state shading baseline (3/8).,normal,,,54.956,-0.656065,0.656065,discharging,5.0834,9.25,locked,85.294,27.432,85.352,27.29,0.154,1,,,,,,,,,,,,CRC/QPSK/OFDM,1,0,157,161,1288,644,14,28,1120,224,56,"p1br,seq=00033,frame_b=00161,bits=01288,qpsk=00644,ofdm=014,pad_q=00028,gap=0,ok=1","ldrtrk,seq=00033,pan=085.29,tilt=027.43,sun_pan=085.35,sun_tilt=027.29,err=00.15,state=locked,bv_mv=2977.4,bi_ma=-220.3,bp_mw=-656.1,bs=discharging",Orin unified LDR tracker and real BESS
2026-08-11T14:49:05.864590+00:00,1,,0,34,47,192.0,0.192,0.036864,trk,0,Learning,Learning locked-state shading baseline (4/8).,normal,,,54.955,-0.656101,0.656101,discharging,5.0833,9.25,locked,85.294,27.432,85.217,27.05,0.39,1,,,,,,,,,,,,CRC/QPSK/OFDM,1,0,157,161,1288,644,14,28,1120,224,56,"p1br,seq=00034,frame_b=00161,bits=01288,qpsk=00644,ofdm=014,pad_q=00028,gap=0,ok=1","ldrtrk,seq=00034,pan=085.29,tilt=027.43,sun_pan=085.22,sun_tilt=027.05,err=00.39,state=locked,bv_mv=2976.2,bi_ma=-220.4,bp_mw=-656.1,bs=discharging",Orin unified LDR tracker and real BESS
2026-08-11T14:49:06.406476+00:00,1,,0,35,47,187.0,0.187,0.034969,trk,0,Learning,Learning locked-state shading baseline (5/8).,normal,,,54.954,-0.656473,0.656473,discharging,5.0832,9.25,locked,85.294,27.432,85.038,26.803,0.679,1,,,,,,,,,,,,CRC/QPSK/OFDM,1,0,157,161,1288,644,14,28,1120,224,56,"p1br,seq=00035,frame_b=00161,bits=01288,qpsk=00644,ofdm=014,pad_q=00028,gap=0,ok=1","ldrtrk,seq=00035,pan=085.29,tilt=027.43,sun_pan=085.04,sun_tilt=026.80,err=00.68,state=locked,bv_mv=2976.2,bi_ma=-220.6,bp_mw=-656.5,bs=discharging",Orin unified LDR tracker and real BESS
2026-08-11T14:49:06.872025+00:00,1,,0,36,47,187.0,0.187,0.034969,trk,0,Learning,Learning locked-state shading baseline (6/8).,normal,,,54.953,-0.656845,0.656845,discharging,5.0831,9.25,locked,85.294,27.432,85.101,26.902,0.564,1,,,,,,,,,,,,CRC/QPSK/OFDM,1,0,157,161,1288,644,14,28,1120,224,56,"p1br,seq=00036,frame_b=00161,bits=01288,qpsk=00644,ofdm=014,pad_q=00028,gap=0,ok=1","ldrtrk,seq=00036,pan=085.29,tilt=027.43,sun_pan=085.10,sun_tilt=026.90,err=00.56,state=locked,bv_mv=2976.2,bi_ma=-220.7,bp_mw=-656.8,bs=discharging",Orin unified LDR tracker and real BESS
2026-08-11T14:49:07.429142+00:00,1,,0,37,47,183.0,0.183,0.033489,trk,0,Learning,Learning locked-state shading baseline (7/8).,normal,,,54.952,-0.656884,0.656884,discharging,5.083,9.25,locked,85.294,27.432,84.91,26.954,0.613,1,,,,,,,,,,,,CRC/QPSK/OFDM,1,0,157,161,1288,644,14,28,1120,224,56,"p1br,seq=00037,frame_b=00161,bits=01288,qpsk=00644,ofdm=014,pad_q=00028,gap=0,ok=1","ldrtrk,seq=00037,pan=085.29,tilt=027.43,sun_pan=084.91,sun_tilt=026.95,err=00.61,state=locked,bv_mv=2977.4,bi_ma=-220.6,bp_mw=-656.9,bs=discharging",Orin unified LDR tracker and real BESS
2026-08-11T14:49:07.882958+00:00,1,,0,38,47,143.0,0.143,0.020449,trk,0,Standby,Shading detection waits for a locked tracker and positive power.,normal,,,54.951,-0.656958,0.656958,discharging,5.0829,9.25,track-tilt,85.294,27.432,66.498,51.631,30.641,1,,,,,,,,,,,,CRC/QPSK/OFDM,1,0,157,161,1288,644,14,28,1120,224,56,"p1br,seq=00038,frame_b=00161,bits=01288,qpsk=00644,ofdm=014,pad_q=00028,gap=0,ok=1","ldrtrk,seq=00038,pan=085.29,tilt=027.43,sun_pan=066.50,sun_tilt=051.63,err=30.64,state=track-tilt,bv_mv=2977.4,bi_ma=-220.7,bp_mw=-657.0,bs=discharging",Orin unified LDR tracker and real BESS
2026-08-11T14:49:08.409124+00:00,1,,0,39,47,84.0,0.084,0.007056,trk,0,Standby,Shading detection waits for a locked tracker and positive power.,normal,,,54.949,-0.657405,0.657405,discharging,5.0828,9.25,track-tilt,85.294,30.432,10.0,32.179,75.314,1,,,,,,,,,,,,CRC/QPSK/OFDM,1,0,157,161,1288,644,14,28,1120,224,56,"p1br,seq=00039,frame_b=00161,bits=01288,qpsk=00644,ofdm=014,pad_q=00028,gap=0,ok=1","ldrtrk,seq=00039,pan=085.29,tilt=030.43,sun_pan=010.00,sun_tilt=032.18,err=75.31,state=track-tilt,bv_mv=2977.4,bi_ma=-220.8,bp_mw=-657.4,bs=discharging",Orin unified LDR tracker and real BESS
2026-08-11T14:49:08.892002+00:00,1,,0,40,47,84.0,0.084,0.007056,trk,0,Standby,Shading detection waits for a locked tracker and positive power.,normal,,,54.948,-0.657291,0.657291,discharging,5.0827,9.25,track-pan,85.294,30.432,10.0,28.348,75.323,1,,,,,,,,,,,,CRC/QPSK/OFDM,1,0,157,161,1288,644,14,28,1120,224,56,"p1br,seq=00040,frame_b=00161,bits=01288,qpsk=00644,ofdm=014,pad_q=00028,gap=0,ok=1","ldrtrk,seq=00040,pan=085.29,tilt=030.43,sun_pan=010.00,sun_tilt=028.35,err=75.32,state=track-pan,bv_mv=2976.2,bi_ma=-220.8,bp_mw=-657.3,bs=discharging",Orin unified LDR tracker and real BESS
2026-08-11T14:49:09.404485+00:00,1,,0,41,45,75.0,0.075,0.005625,trk,0,Standby,Shading detection waits for a locked tracker and positive power.,normal,,,54.947,-0.657366,0.657366,discharging,5.0826,9.25,track-pan,82.294,30.432,10.0,28.596,72.317,1,,,,,,,,,,,,CRC/QPSK/OFDM,1,0,157,161,1288,644,14,28,1120,224,56,"p1br,seq=00041,frame_b=00161,bits=01288,qpsk=00644,ofdm=014,pad_q=00028,gap=0,ok=1","ldrtrk,seq=00041,pan=082.29,tilt=030.43,sun_pan=010.00,sun_tilt=028.60,err=72.32,state=track-pan,bv_mv=2976.2,bi_ma=-220.9,bp_mw=-657.4,bs=discharging",Orin unified LDR tracker and real BESS
2026-08-11T14:49:09.911169+00:00,1,,0,42,43,84.0,0.084,0.007056,trk,0,Standby,Shading detection waits for a locked tracker and positive power.,normal,,,54.946,-0.657252,0.657252,discharging,5.0825,9.25,track-pan,79.294,30.432,10.0,30.396,69.294,1,,,,,,,,,,,,CRC/QPSK/OFDM,1,0,157,161,1288,644,14,28,1120,224,56,"p1br,seq=00042,frame_b=00161,bits=01288,qpsk=00644,ofdm=014,pad_q=00028,gap=0,ok=1","ldrtrk,seq=00042,pan=079.29,tilt=030.43,sun_pan=010.00,sun_tilt=030.40,err=69.29,state=track-pan,bv_mv=2975.0,bi_ma=-220.9,bp_mw=-657.3,bs=discharging",Orin unified LDR tracker and real BESS
2026-08-11T14:49:10.501771+00:00,1,,0,43,41,89.0,0.089,0.007921,trk,0,Standby,Shading detection waits for a locked tracker and positive power.,normal,,,54.945,-0.657252,0.657252,discharging,5.0824,9.25,track-pan,76.294,30.432,10.0,30.383,66.294,1,,,,,,,,,,,,CRC/QPSK/OFDM,1,0,157,161,1288,644,14,28,1120,224,56,"p1br,seq=00043,frame_b=00161,bits=01288,qpsk=00644,ofdm=014,pad_q=00028,gap=0,ok=1","ldrtrk,seq=00043,pan=076.29,tilt=030.43,sun_pan=010.00,sun_tilt=030.38,err=66.29,state=track-pan,bv_mv=2975.0,bi_ma=-220.9,bp_mw=-657.3,bs=discharging",Orin unified LDR tracker and real BESS
2026-08-11T14:49:10.919559+00:00,1,,0,44,40,98.0,0.098,0.009604,trk,0,Standby,Shading detection waits for a locked tracker and positive power.,normal,,,54.944,-0.657401,0.657401,discharging,5.0823,9.25,track-pan,73.294,30.432,10.0,31.084,63.298,1,,,,,,,,,,,,CRC/QPSK/OFDM,1,0,157,161,1288,644,14,28,1120,224,56,"p1br,seq=00044,frame_b=00161,bits=01288,qpsk=00644,ofdm=014,pad_q=00028,gap=0,ok=1","ldrtrk,seq=00044,pan=073.29,tilt=030.43,sun_pan=010.00,sun_tilt=031.08,err=63.30,state=track-pan,bv_mv=2975.0,bi_ma=-221.0,bp_mw=-657.4,bs=discharging",Orin unified LDR tracker and real BESS
2026-08-11T14:49:11.522623+00:00,1,,0,45,38,102.0,0.102,0.010404,trk,0,Standby,Shading detection waits for a locked tracker and positive power.,normal,,,54.943,-0.657738,0.657738,discharging,5.0822,9.25,track-pan,70.294,30.432,10.0,31.535,60.304,1,,,,,,,,,,,,CRC/QPSK/OFDM,1,0,157,161,1288,644,14,28,1120,224,56,"p1br,seq=00045,frame_b=00161,bits=01288,qpsk=00644,ofdm=014,pad_q=00028,gap=0,ok=1","ldrtrk,seq=00045,pan=070.29,tilt=030.43,sun_pan=010.00,sun_tilt=031.54,err=60.30,state=track-pan,bv_mv=2976.2,bi_ma=-221.0,bp_mw=-657.7,bs=discharging",Orin unified LDR tracker and real BESS
2026-08-11T14:49:11.931200+00:00,1,,0,46,36,107.0,0.107,0.011449,trk,0,Standby,Shading detection waits for a locked tracker and positive power.,normal,,,54.942,-0.65755,0.65755,discharging,5.0822,9.25,track-pan,67.294,30.432,10.0,32.172,57.321,1,,,,,,,,,,,,CRC/QPSK/OFDM,1,0,157,161,1288,644,14,28,1120,224,56,"p1br,seq=00046,frame_b=00161,bits=01288,qpsk=00644,ofdm=014,pad_q=00028,gap=0,ok=1","ldrtrk,seq=00046,pan=067.29,tilt=030.43,sun_pan=010.00,sun_tilt=032.17,err=57.32,state=track-pan,bv_mv=2975.0,bi_ma=-221.0,bp_mw=-657.5,bs=discharging",Orin unified LDR tracker and real BESS
2026-08-11T14:49:12.454772+00:00,1,,0,47,34,111.0,0.111,0.012321,trk,0,Standby,Shading detection waits for a locked tracker and positive power.,normal,,,54.941,-0.65811,0.65811,discharging,5.082,9.25,track-pan,64.294,30.432,10.0,32.252,54.325,1,,,,,,,,,,,,CRC/QPSK/OFDM,1,0,157,161,1288,644,14,28,1120,224,56,"p1br,seq=00047,frame_b=00161,bits=01288,qpsk=00644,ofdm=014,pad_q=00028,gap=0,ok=1","ldrtrk,seq=00047,pan=064.29,tilt=030.43,sun_pan=010.00,sun_tilt=032.25,err=54.32,state=track-pan,bv_mv=2976.2,bi_ma=-221.1,bp_mw=-658.1,bs=discharging",Orin unified LDR tracker and real BESS
2026-08-11T14:49:12.940032+00:00,1,,0,48,32,120.0,0.12,0.0144,trk,0,Standby,Shading detection waits for a locked tracker and positive power.,normal,,,54.94,-0.656657,0.656657,discharging,5.082,9.25,track-pan,61.294,30.432,10.0,33.105,51.364,1,,,,,,,,,,,,CRC/QPSK/OFDM,1,0,157,161,1288,644,14,28,1120,224,56,"p1br,seq=00048,frame_b=00161,bits=01288,qpsk=00644,ofdm=014,pad_q=00028,gap=0,ok=1","ldrtrk,seq=00048,pan=061.29,tilt=030.43,sun_pan=010.00,sun_tilt=033.10,err=51.36,state=track-pan,bv_mv=2975.0,bi_ma=-220.7,bp_mw=-656.7,bs=discharging",Orin unified LDR tracker and real BESS
2026-08-11T14:49:13.450210+00:00,1,,0,49,30,129.0,0.129,0.016641,trk,0,Standby,Shading detection waits for a locked tracker and positive power.,normal,,,54.939,-0.658258,0.658258,discharging,5.0819,9.25,track-pan,58.294,30.432,10.0,32.954,48.36,1,,,,,,,,,,,,CRC/QPSK/OFDM,1,0,157,161,1288,644,14,28,1120,224,56,"p1br,seq=00049,frame_b=00161,bits=01288,qpsk=00644,ofdm=014,pad_q=00028,gap=0,ok=1","ldrtrk,seq=00049,pan=058.29,tilt=030.43,sun_pan=010.00,sun_tilt=032.95,err=48.36,state=track-pan,bv_mv=2976.2,bi_ma=-221.2,bp_mw=-658.3,bs=discharging",Orin unified LDR tracker and real BESS
2026-08-11T14:49:13.939167+00:00,1,,0,50,28,134.0,0.134,0.017956,trk,0,Standby,Shading detection waits for a locked tracker and positive power.,normal,,,54.938,-0.65744,0.65744,discharging,5.0818,9.25,track-pan,55.294,30.432,10.0,32.674,45.35,1,,,,,,,,,,,,CRC/QPSK/OFDM,1,0,157,161,1288,644,14,28,1120,224,56,"p1br,seq=00050,frame_b=00161,bits=01288,qpsk=00644,ofdm=014,pad_q=00028,gap=0,ok=1","ldrtrk,seq=00050,pan=055.29,tilt=030.43,sun_pan=010.00,sun_tilt=032.67,err=45.35,state=track-pan,bv_mv=2976.2,bi_ma=-220.9,bp_mw=-657.4,bs=discharging",Orin unified LDR tracker and real BESS
2026-08-11T14:49:14.452801+00:00,1,,0,51,26,134.0,0.134,0.017956,trk,0,Standby,Shading detection waits for a locked tracker and positive power.,normal,,,54.937,-0.658556,0.658556,discharging,5.0817,9.25,track-pan,52.294,30.432,10.0,32.971,42.37,1,,,,,,,,,,,,CRC/QPSK/OFDM,1,0,157,161,1288,644,14,28,1120,224,56,"p1br,seq=00051,frame_b=00161,bits=01288,qpsk=00644,ofdm=014,pad_q=00028,gap=0,ok=1","ldrtrk,seq=00051,pan=052.29,tilt=030.43,sun_pan=010.00,sun_tilt=032.97,err=42.37,state=track-pan,bv_mv=2976.2,bi_ma=-221.3,bp_mw=-658.6,bs=discharging",Orin unified LDR tracker and real BESS
2026-08-11T14:49:14.962200+00:00,1,,0,52,25,147.0,0.147,0.021609,trk,0,Standby,Shading detection waits for a locked tracker and positive power.,normal,,,54.936,-0.658105,0.658105,discharging,5.0816,9.25,track-pan,49.294,30.432,10.0,34.619,39.517,1,,,,,,,,,,,,CRC/QPSK/OFDM,1,0,157,161,1288,644,14,28,1120,224,56,"p1br,seq=00052,frame_b=00161,bits=01288,qpsk=00644,ofdm=014,pad_q=00028,gap=0,ok=1","ldrtrk,seq=00052,pan=049.29,tilt=030.43,sun_pan=010.00,sun_tilt=034.62,err=39.52,state=track-pan,bv_mv=2973.8,bi_ma=-221.3,bp_mw=-658.1,bs=discharging",Orin unified LDR tracker and real BESS
2026-08-11T14:49:15.456507+00:00,1,,0,53,23,151.0,0.151,0.022801,trk,0,Standby,Shading detection waits for a locked tracker and positive power.,normal,,,54.935,-0.657142,0.657142,discharging,5.0815,9.25,track-pan,46.294,30.432,10.0,34.224,36.492,1,,,,,,,,,,,,CRC/QPSK/OFDM,1,0,157,161,1288,644,14,28,1120,224,56,"p1br,seq=00053,frame_b=00161,bits=01288,qpsk=00644,ofdm=014,pad_q=00028,gap=0,ok=1","ldrtrk,seq=00053,pan=046.29,tilt=030.43,sun_pan=010.00,sun_tilt=034.22,err=36.49,state=track-pan,bv_mv=2976.2,bi_ma=-220.8,bp_mw=-657.1,bs=discharging",Orin unified LDR tracker and real BESS
2026-08-11T14:49:15.971466+00:00,1,,0,54,21,160.0,0.16,0.0256,trk,0,Standby,Shading detection waits for a locked tracker and positive power.,normal,,,54.934,-0.658819,0.658819,discharging,5.0814,9.25,track-pan,43.294,30.432,10.0,34.99,33.605,1,,,,,,,,,,,,CRC/QPSK/OFDM,1,0,157,161,1288,644,14,28,1120,224,56,"p1br,seq=00054,frame_b=00161,bits=01288,qpsk=00644,ofdm=014,pad_q=00028,gap=0,ok=1","ldrtrk,seq=00054,pan=043.29,tilt=030.43,sun_pan=010.00,sun_tilt=034.99,err=33.60,state=track-pan,bv_mv=2977.4,bi_ma=-221.3,bp_mw=-658.8,bs=discharging",Orin unified LDR tracker and real BESS
2026-08-11T14:49:16.465927+00:00,1,,0,55,19,165.0,0.165,0.027225,trk,0,Standby,Shading detection waits for a locked tracker and positive power.,normal,,,54.933,-0.658551,0.658551,discharging,5.0813,9.25,track-pan,40.294,30.432,10.0,34.965,30.632,1,,,,,,,,,,,,CRC/QPSK/OFDM,1,0,157,161,1288,644,14,28,1120,224,56,"p1br,seq=00055,frame_b=00161,bits=01288,qpsk=00644,ofdm=014,pad_q=00028,gap=0,ok=1","ldrtrk,seq=00055,pan=040.29,tilt=030.43,sun_pan=010.00,sun_tilt=034.97,err=30.63,state=track-pan,bv_mv=2973.8,bi_ma=-221.4,bp_mw=-658.6,bs=discharging",Orin unified LDR tracker and real BESS
2026-08-11T14:49:16.980319+00:00,1,,0,56,17,169.0,0.169,0.028561,trk,0,Standby,Shading detection waits for a locked tracker and positive power.,normal,,,54.932,-0.6587,0.6587,discharging,5.0812,9.25,track-pan,37.294,30.432,10.0,35.195,27.707,1,,,,,,,,,,,,CRC/QPSK/OFDM,1,0,157,161,1288,644,14,28,1120,224,56,"p1br,seq=00056,frame_b=00161,bits=01288,qpsk=00644,ofdm=014,pad_q=00028,gap=0,ok=1","ldrtrk,seq=00056,pan=037.29,tilt=030.43,sun_pan=010.00,sun_tilt=035.20,err=27.71,state=track-pan,bv_mv=2973.8,bi_ma=-221.5,bp_mw=-658.7,bs=discharging",Orin unified LDR tracker and real BESS
2026-08-11T14:49:17.487584+00:00,1,,0,57,15,174.0,0.174,0.030276,trk,0,Standby,Shading detection waits for a locked tracker and positive power.,normal,,,54.931,-0.658551,0.658551,discharging,5.0811,9.25,track-pan,34.294,30.432,10.0,36.42,25.021,1,,,,,,,,,,,,CRC/QPSK/OFDM,1,0,157,161,1288,644,14,28,1120,224,56,"p1br,seq=00057,frame_b=00161,bits=01288,qpsk=00644,ofdm=014,pad_q=00028,gap=0,ok=1","ldrtrk,seq=00057,pan=034.29,tilt=030.43,sun_pan=010.00,sun_tilt=036.42,err=25.02,state=track-pan,bv_mv=2973.8,bi_ma=-221.4,bp_mw=-658.6,bs=discharging",Orin unified LDR tracker and real BESS
2026-08-11T14:49:17.982526+00:00,1,,0,58,13,183.0,0.183,0.033489,trk,0,Standby,Shading detection waits for a locked tracker and positive power.,normal,,,54.93,-0.658923,0.658923,discharging,5.081,9.25,track-pan,31.294,30.432,10.0,37.04,22.296,1,,,,,,,,,,,,CRC/QPSK/OFDM,1,0,157,161,1288,644,14,28,1120,224,56,"p1br,seq=00058,frame_b=00161,bits=01288,qpsk=00644,ofdm=014,pad_q=00028,gap=0,ok=1","ldrtrk,seq=00058,pan=031.29,tilt=030.43,sun_pan=010.00,sun_tilt=037.04,err=22.30,state=track-pan,bv_mv=2973.8,bi_ma=-221.6,bp_mw=-658.9,bs=discharging",Orin unified LDR tracker and real BESS
2026-08-11T14:49:18.494981+00:00,1,,0,59,11,187.0,0.187,0.034969,trk,0,Standby,Shading detection waits for a locked tracker and positive power.,normal,,,54.929,-0.658848,0.658848,discharging,5.0809,9.25,track-pan,28.294,30.432,10.0,37.898,19.759,1,,,,,,,,,,,,CRC/QPSK/OFDM,1,0,157,161,1288,644,14,28,1120,224,56,"p1br,seq=00059,frame_b=00161,bits=01288,qpsk=00644,ofdm=014,pad_q=00028,gap=0,ok=1","ldrtrk,seq=00059,pan=028.29,tilt=030.43,sun_pan=010.00,sun_tilt=037.90,err=19.76,state=track-pan,bv_mv=2973.8,bi_ma=-221.6,bp_mw=-658.8,bs=discharging",Orin unified LDR tracker and real BESS
2026-08-11T14:58:57.790714+00:00,1,,0,0,50,58.0,0.058,0.003364,trk,0,Standby,Shading detection waits for a locked tracker and positive power.,normal,,,54.929,0.0,0.0,idle,5.0809,9.25,track-pan,90.0,90.0,38.805,48.685,65.787,1,,,,,,,,,,,,CRC/QPSK/OFDM,1,0,157,161,1288,644,14,28,1120,224,56,"p1br,seq=00000,frame_b=00161,bits=01288,qpsk=00644,ofdm=014,pad_q=00028,gap=0,ok=1","ldrtrk,seq=00000,pan=090.00,tilt=090.00,sun_pan=038.80,sun_tilt=048.69,err=65.79,state=track-pan,bv_mv=0.0,bi_ma=-0.1,bp_mw=-0.0,bs=idle",Orin unified LDR tracker and real BESS
2026-08-11T14:58:58.075597+00:00,1,,0,1,48,125.0,0.125,0.015625,trk,0,Standby,Shading detection waits for a locked tracker and positive power.,normal,,,54.929,0.0,0.0,idle,5.0809,9.25,track-pan,87.0,90.0,86.607,24.613,65.388,1,,,,,,,,,,,,CRC/QPSK/OFDM,1,0,157,161,1288,644,14,28,1120,224,56,"p1br,seq=00001,frame_b=00161,bits=01288,qpsk=00644,ofdm=014,pad_q=00028,gap=0,ok=1","ldrtrk,seq=00001,pan=087.00,tilt=090.00,sun_pan=086.61,sun_tilt=024.61,err=65.39,state=track-pan,bv_mv=1.2,bi_ma=-0.1,bp_mw=-0.0,bs=idle",Orin unified LDR tracker and real BESS
2026-08-11T14:58:58.585163+00:00,1,,0,2,47,138.0,0.138,0.019044,trk,0,Standby,Shading detection waits for a locked tracker and positive power.,normal,,,54.929,0.0,0.0,idle,5.0809,9.25,track-pan,85.488,90.0,85.488,26.615,63.385,1,,,,,,,,,,,,CRC/QPSK/OFDM,1,0,157,161,1288,644,14,28,1120,224,56,"p1br,seq=00002,frame_b=00161,bits=01288,qpsk=00644,ofdm=014,pad_q=00028,gap=0,ok=1","ldrtrk,seq=00002,pan=085.49,tilt=090.00,sun_pan=085.49,sun_tilt=026.61,err=63.39,state=track-pan,bv_mv=0.0,bi_ma=-0.1,bp_mw=-0.0,bs=idle",Orin unified LDR tracker and real BESS
2026-08-11T14:58:59.079329+00:00,1,,0,3,45,125.0,0.125,0.015625,trk,0,Standby,Shading detection waits for a locked tracker and positive power.,normal,,,54.929,0.0,0.0,idle,5.0809,9.25,track-pan,82.488,90.0,81.518,32.26,57.749,1,,,,,,,,,,,,CRC/QPSK/OFDM,1,0,157,161,1288,644,14,28,1120,224,56,"p1br,seq=00003,frame_b=00161,bits=01288,qpsk=00644,ofdm=014,pad_q=00028,gap=0,ok=1","ldrtrk,seq=00003,pan=082.49,tilt=090.00,sun_pan=081.52,sun_tilt=032.26,err=57.75,state=track-pan,bv_mv=0.0,bi_ma=-0.1,bp_mw=-0.0,bs=idle",Orin unified LDR tracker and real BESS
2026-08-11T14:58:59.591392+00:00,1,,0,4,43,125.0,0.125,0.015625,trk,0,Standby,Shading detection waits for a locked tracker and positive power.,normal,,,54.929,0.0,0.0,idle,5.0809,9.25,track-pan,79.488,90.0,59.857,66.253,30.81,1,,,,,,,,,,,,CRC/QPSK/OFDM,1,0,157,161,1288,644,14,28,1120,224,56,"p1br,seq=00004,frame_b=00161,bits=01288,qpsk=00644,ofdm=014,pad_q=00028,gap=0,ok=1","ldrtrk,seq=00004,pan=079.49,tilt=090.00,sun_pan=059.86,sun_tilt=066.25,err=30.81,state=track-pan,bv_mv=0.0,bi_ma=-0.1,bp_mw=-0.0,bs=idle",Orin unified LDR tracker and real BESS
2026-08-11T14:59:00.102768+00:00,1,,0,5,42,125.0,0.125,0.015625,trk,0,Standby,Shading detection waits for a locked tracker and positive power.,normal,,,54.929,0.0,0.0,idle,5.0809,9.25,track-pan,76.488,90.0,58.292,71.198,26.165,1,,,,,,,,,,,,CRC/QPSK/OFDM,1,0,157,161,1288,644,14,28,1120,224,56,"p1br,seq=00005,frame_b=00161,bits=01288,qpsk=00644,ofdm=014,pad_q=00028,gap=0,ok=1","ldrtrk,seq=00005,pan=076.49,tilt=090.00,sun_pan=058.29,sun_tilt=071.20,err=26.16,state=track-pan,bv_mv=1.2,bi_ma=-0.1,bp_mw=-0.0,bs=idle",Orin unified LDR tracker and real BESS
2026-08-11T14:59:00.597780+00:00,1,,0,6,40,67.0,0.067,0.004489,trk,0,Standby,Shading detection waits for a locked tracker and positive power.,normal,,,54.929,0.0,0.0,idle,5.0809,9.25,track-pan,73.488,90.0,46.71,44.709,52.614,1,,,,,,,,,,,,CRC/QPSK/OFDM,1,0,157,161,1288,644,14,28,1120,224,56,"p1br,seq=00006,frame_b=00161,bits=01288,qpsk=00644,ofdm=014,pad_q=00028,gap=0,ok=1","ldrtrk,seq=00006,pan=073.49,tilt=090.00,sun_pan=046.71,sun_tilt=044.71,err=52.61,state=track-pan,bv_mv=0.0,bi_ma=-0.1,bp_mw=-0.0,bs=idle",Orin unified LDR tracker and real BESS
2026-08-11T14:59:01.111638+00:00,1,,0,7,38,62.0,0.062,0.003844,trk,0,Standby,Shading detection waits for a locked tracker and positive power.,normal,,,54.929,0.0,0.0,idle,5.0809,9.25,track-pan,70.488,90.0,36.621,45.453,55.959,1,,,,,,,,,,,,CRC/QPSK/OFDM,1,0,157,161,1288,644,14,28,1120,224,56,"p1br,seq=00007,frame_b=00161,bits=01288,qpsk=00644,ofdm=014,pad_q=00028,gap=0,ok=1","ldrtrk,seq=00007,pan=070.49,tilt=090.00,sun_pan=036.62,sun_tilt=045.45,err=55.96,state=track-pan,bv_mv=1.2,bi_ma=-0.1,bp_mw=-0.0,bs=idle",Orin unified LDR tracker and real BESS
2026-08-11T14:59:01.605625+00:00,1,,0,8,36,53.0,0.053,0.002809,trk,0,Standby,Shading detection waits for a locked tracker and positive power.,normal,,,54.929,0.0,0.0,idle,5.0809,9.25,track-pan,67.488,90.0,38.76,52.845,46.966,1,,,,,,,,,,,,CRC/QPSK/OFDM,1,0,157,161,1288,644,14,28,1120,224,56,"p1br,seq=00008,frame_b=00161,bits=01288,qpsk=00644,ofdm=014,pad_q=00028,gap=0,ok=1","ldrtrk,seq=00008,pan=067.49,tilt=090.00,sun_pan=038.76,sun_tilt=052.84,err=46.97,state=track-pan,bv_mv=1.2,bi_ma=-0.1,bp_mw=-0.0,bs=idle",Orin unified LDR tracker and real BESS
2026-08-11T14:59:02.116943+00:00,1,,0,9,34,58.0,0.058,0.003364,trk,0,Standby,Shading detection waits for a locked tracker and positive power.,normal,,,54.929,0.0,0.0,idle,5.0809,9.25,track-pan,64.488,90.0,37.885,51.088,47.136,1,,,,,,,,,,,,CRC/QPSK/OFDM,1,0,157,161,1288,644,14,28,1120,224,56,"p1br,seq=00009,frame_b=00161,bits=01288,qpsk=00644,ofdm=014,pad_q=00028,gap=0,ok=1","ldrtrk,seq=00009,pan=064.49,tilt=090.00,sun_pan=037.89,sun_tilt=051.09,err=47.14,state=track-pan,bv_mv=0.0,bi_ma=-0.1,bp_mw=-0.0,bs=idle",Orin unified LDR tracker and real BESS
2026-08-11T14:59:02.627836+00:00,1,,0,10,32,58.0,0.058,0.003364,trk,0,Standby,Shading detection waits for a locked tracker and positive power.,normal,,,54.929,0.0,0.0,idle,5.0809,9.25,track-pan,61.488,90.0,36.661,48.673,48.211,1,,,,,,,,,,,,CRC/QPSK/OFDM,1,0,157,161,1288,644,14,28,1120,224,56,"p1br,seq=00010,frame_b=00161,bits=01288,qpsk=00644,ofdm=014,pad_q=00028,gap=0,ok=1","ldrtrk,seq=00010,pan=061.49,tilt=090.00,sun_pan=036.66,sun_tilt=048.67,err=48.21,state=track-pan,bv_mv=2.4,bi_ma=-0.1,bp_mw=-0.0,bs=idle",Orin unified LDR tracker and real BESS
2026-08-11T14:59:40.682028+00:00,1,,0,0,50,49.0,0.049,0.002401,trk,0,Standby,Shading detection waits for a locked tracker and positive power.,normal,,,54.918,-0.648131,0.648131,discharging,5.0799,9.25,track-pan,90.0,90.0,37.828,44.817,69.018,1,,,,,,,,,,,,CRC/QPSK/OFDM,1,0,157,161,1288,644,14,28,1120,224,56,"p1br,seq=00000,frame_b=00161,bits=01288,qpsk=00644,ofdm=014,pad_q=00028,gap=0,ok=1","ldrtrk,seq=00000,pan=090.00,tilt=090.00,sun_pan=037.83,sun_tilt=044.82,err=69.02,state=track-pan,bv_mv=2980.9,bi_ma=-217.4,bp_mw=-648.1,bs=discharging",Orin unified LDR tracker and real BESS
2026-08-11T14:59:41.083472+00:00,1,,0,1,48,49.0,0.049,0.002401,trk,0,Standby,Shading detection waits for a locked tracker and positive power.,normal,,,54.917,-0.647982,0.647982,discharging,5.0799,9.25,track-pan,87.0,90.0,75.837,22.467,68.449,1,,,,,,,,,,,,CRC/QPSK/OFDM,1,0,157,161,1288,644,14,28,1120,224,56,"p1br,seq=00001,frame_b=00161,bits=01288,qpsk=00644,ofdm=014,pad_q=00028,gap=0,ok=1","ldrtrk,seq=00001,pan=087.00,tilt=090.00,sun_pan=075.84,sun_tilt=022.47,err=68.45,state=track-pan,bv_mv=2980.9,bi_ma=-217.4,bp_mw=-648.0,bs=discharging",Orin unified LDR tracker and real BESS
2026-08-11T14:59:41.494970+00:00,1,,0,2,46,49.0,0.049,0.002401,trk,0,Standby,Shading detection waits for a locked tracker and positive power.,normal,,,54.917,-0.647465,0.647465,discharging,5.0798,9.25,track-pan,84.0,90.0,77.808,25.746,64.552,1,,,,,,,,,,,,CRC/QPSK/OFDM,1,0,157,161,1288,644,14,28,1120,224,56,"p1br,seq=00002,frame_b=00161,bits=01288,qpsk=00644,ofdm=014,pad_q=00028,gap=0,ok=1","ldrtrk,seq=00002,pan=084.00,tilt=090.00,sun_pan=077.81,sun_tilt=025.75,err=64.55,state=track-pan,bv_mv=2978.6,bi_ma=-217.4,bp_mw=-647.5,bs=discharging",Orin unified LDR tracker and real BESS
2026-08-11T14:59:42.002725+00:00,1,,0,3,44,49.0,0.049,0.002401,trk,0,Standby,Shading detection waits for a locked tracker and positive power.,normal,,,54.916,-0.648056,0.648056,discharging,5.0797,9.25,track-pan,81.0,90.0,71.261,25.68,65.053,1,,,,,,,,,,,,CRC/QPSK/OFDM,1,0,157,161,1288,644,14,28,1120,224,56,"p1br,seq=00003,frame_b=00161,bits=01288,qpsk=00644,ofdm=014,pad_q=00028,gap=0,ok=1","ldrtrk,seq=00003,pan=081.00,tilt=090.00,sun_pan=071.26,sun_tilt=025.68,err=65.05,state=track-pan,bv_mv=2980.9,bi_ma=-217.4,bp_mw=-648.1,bs=discharging",Orin unified LDR tracker and real BESS
2026-08-11T14:59:42.518005+00:00,1,,0,4,42,49.0,0.049,0.002401,trk,0,Standby,Shading detection waits for a locked tracker and positive power.,normal,,,54.914,-0.647649,0.647649,discharging,5.0796,9.25,track-pan,78.0,90.0,50.852,20.924,74.219,1,,,,,,,,,,,,CRC/QPSK/OFDM,1,0,157,161,1288,644,14,28,1120,224,56,"p1br,seq=00004,frame_b=00161,bits=01288,qpsk=00644,ofdm=014,pad_q=00028,gap=0,ok=1","ldrtrk,seq=00004,pan=078.00,tilt=090.00,sun_pan=050.85,sun_tilt=020.92,err=74.22,state=track-pan,bv_mv=2979.8,bi_ma=-217.3,bp_mw=-647.6,bs=discharging",Orin unified LDR tracker and real BESS
2026-08-11T14:59:43.011411+00:00,1,,0,5,41,44.0,0.044,0.001936,trk,0,Standby,Shading detection waits for a locked tracker and positive power.,normal,,,54.913,-0.64668,0.64668,discharging,5.0795,9.25,track-pan,75.0,90.0,52.89,23.467,70.111,1,,,,,,,,,,,,CRC/QPSK/OFDM,1,0,157,161,1288,644,14,28,1120,224,56,"p1br,seq=00005,frame_b=00161,bits=01288,qpsk=00644,ofdm=014,pad_q=00028,gap=0,ok=1","ldrtrk,seq=00005,pan=075.00,tilt=090.00,sun_pan=052.89,sun_tilt=023.47,err=70.11,state=track-pan,bv_mv=2979.8,bi_ma=-217.0,bp_mw=-646.7,bs=discharging",Orin unified LDR tracker and real BESS
2026-08-11T14:59:43.505532+00:00,1,,0,6,39,49.0,0.049,0.002401,trk,0,Standby,Shading detection waits for a locked tracker and positive power.,normal,,,54.912,-0.64668,0.64668,discharging,5.0794,9.25,track-pan,72.0,90.0,48.921,19.479,74.201,1,,,,,,,,,,,,CRC/QPSK/OFDM,1,0,157,161,1288,644,14,28,1120,224,56,"p1br,seq=00006,frame_b=00161,bits=01288,qpsk=00644,ofdm=014,pad_q=00028,gap=0,ok=1","ldrtrk,seq=00006,pan=072.00,tilt=090.00,sun_pan=048.92,sun_tilt=019.48,err=74.20,state=track-pan,bv_mv=2979.8,bi_ma=-217.0,bp_mw=-646.7,bs=discharging",Orin unified LDR tracker and real BESS
2026-08-11T14:59:44.019026+00:00,1,,0,7,37,49.0,0.049,0.002401,trk,0,Standby,Shading detection waits for a locked tracker and positive power.,normal,,,54.911,-0.64668,0.64668,discharging,5.0793,9.25,track-pan,69.0,90.0,48.177,20.153,72.885,1,,,,,,,,,,,,CRC/QPSK/OFDM,1,0,157,161,1288,644,14,28,1120,224,56,"p1br,seq=00007,frame_b=00161,bits=01288,qpsk=00644,ofdm=014,pad_q=00028,gap=0,ok=1","ldrtrk,seq=00007,pan=069.00,tilt=090.00,sun_pan=048.18,sun_tilt=020.15,err=72.88,state=track-pan,bv_mv=2979.8,bi_ma=-217.0,bp_mw=-646.7,bs=discharging",Orin unified LDR tracker and real BESS
2026-08-11T14:59:44.528113+00:00,1,,0,8,35,75.0,0.075,0.005625,trk,0,Standby,Shading detection waits for a locked tracker and positive power.,normal,,,54.91,-0.647947,0.647947,discharging,5.0792,9.25,track-pan,66.0,90.0,48.679,22.058,70.115,1,,,,,,,,,,,,CRC/QPSK/OFDM,1,0,157,161,1288,644,14,28,1120,224,56,"p1br,seq=00008,frame_b=00161,bits=01288,qpsk=00644,ofdm=014,pad_q=00028,gap=0,ok=1","ldrtrk,seq=00008,pan=066.00,tilt=090.00,sun_pan=048.68,sun_tilt=022.06,err=70.12,state=track-pan,bv_mv=2979.8,bi_ma=-217.4,bp_mw=-647.9,bs=discharging",Orin unified LDR tracker and real BESS
2026-08-11T14:59:45.024211+00:00,1,,0,9,33,53.0,0.053,0.002809,trk,0,Standby,Shading detection waits for a locked tracker and positive power.,normal,,,54.909,-0.646978,0.646978,discharging,5.0791,9.25,track-pan,63.0,90.0,53.19,20.402,70.286,1,,,,,,,,,,,,CRC/QPSK/OFDM,1,0,157,161,1288,644,14,28,1120,224,56,"p1br,seq=00009,frame_b=00161,bits=01288,qpsk=00644,ofdm=014,pad_q=00028,gap=0,ok=1","ldrtrk,seq=00009,pan=063.00,tilt=090.00,sun_pan=053.19,sun_tilt=020.40,err=70.29,state=track-pan,bv_mv=2979.8,bi_ma=-217.1,bp_mw=-647.0,bs=discharging",Orin unified LDR tracker and real BESS
2026-08-11T14:59:45.535478+00:00,1,,0,10,31,49.0,0.049,0.002401,trk,0,Standby,Shading detection waits for a locked tracker and positive power.,normal,,,54.908,-0.646978,0.646978,discharging,5.079,9.25,track-pan,60.0,90.0,49.194,21.216,69.627,1,,,,,,,,,,,,CRC/QPSK/OFDM,1,0,157,161,1288,644,14,28,1120,224,56,"p1br,seq=00010,frame_b=00161,bits=01288,qpsk=00644,ofdm=014,pad_q=00028,gap=0,ok=1","ldrtrk,seq=00010,pan=060.00,tilt=090.00,sun_pan=049.19,sun_tilt=021.22,err=69.63,state=track-pan,bv_mv=2979.8,bi_ma=-217.1,bp_mw=-647.0,bs=discharging",Orin unified LDR tracker and real BESS
2026-08-11T14:59:46.031883+00:00,1,,0,11,29,49.0,0.049,0.002401,trk,0,Standby,Shading detection waits for a locked tracker and positive power.,normal,,,54.907,-0.648394,0.648394,discharging,5.0789,9.25,track-pan,57.0,90.0,47.562,20.624,70.015,1,,,,,,,,,,,,CRC/QPSK/OFDM,1,0,157,161,1288,644,14,28,1120,224,56,"p1br,seq=00011,frame_b=00161,bits=01288,qpsk=00644,ofdm=014,pad_q=00028,gap=0,ok=1","ldrtrk,seq=00011,pan=057.00,tilt=090.00,sun_pan=047.56,sun_tilt=020.62,err=70.01,state=track-pan,bv_mv=2979.8,bi_ma=-217.6,bp_mw=-648.4,bs=discharging",Orin unified LDR tracker and real BESS
2026-08-11T14:59:46.543162+00:00,1,,0,12,28,49.0,0.049,0.002401,trk,0,Standby,Shading detection waits for a locked tracker and positive power.,normal,,,54.906,-0.64821,0.64821,discharging,5.0788,9.25,track-pan,54.0,90.0,46.159,18.351,72.077,1,,,,,,,,,,,,CRC/QPSK/OFDM,1,0,157,161,1288,644,14,28,1120,224,56,"p1br,seq=00012,frame_b=00161,bits=01288,qpsk=00644,ofdm=014,pad_q=00028,gap=0,ok=1","ldrtrk,seq=00012,pan=054.00,tilt=090.00,sun_pan=046.16,sun_tilt=018.35,err=72.08,state=track-pan,bv_mv=2978.6,bi_ma=-217.6,bp_mw=-648.2,bs=discharging",Orin unified LDR tracker and real BESS
2026-08-11T14:59:47.056623+00:00,1,,0,13,26,80.0,0.08,0.0064,trk,0,Standby,Shading detection waits for a locked tracker and positive power.,normal,,,54.905,-0.648245,0.648245,discharging,5.0787,9.25,track-pan,51.0,90.0,46.994,20.709,69.407,1,,,,,,,,,,,,CRC/QPSK/OFDM,1,0,157,161,1288,644,14,28,1120,224,56,"p1br,seq=00013,frame_b=00161,bits=01288,qpsk=00644,ofdm=014,pad_q=00028,gap=0,ok=1","ldrtrk,seq=00013,pan=051.00,tilt=090.00,sun_pan=046.99,sun_tilt=020.71,err=69.41,state=track-pan,bv_mv=2979.8,bi_ma=-217.6,bp_mw=-648.2,bs=discharging",Orin unified LDR tracker and real BESS
2026-08-11T14:59:47.549180+00:00,1,,0,14,24,53.0,0.053,0.002809,trk,0,Standby,Shading detection waits for a locked tracker and positive power.,normal,,,54.904,-0.647951,0.647951,discharging,5.0786,9.25,track-pan,48.0,90.0,45.862,16.897,73.134,1,,,,,,,,,,,,CRC/QPSK/OFDM,1,0,157,161,1288,644,14,28,1120,224,56,"p1br,seq=00014,frame_b=00161,bits=01288,qpsk=00644,ofdm=014,pad_q=00028,gap=0,ok=1","ldrtrk,seq=00014,pan=048.00,tilt=090.00,sun_pan=045.86,sun_tilt=016.90,err=73.13,state=track-pan,bv_mv=2977.4,bi_ma=-217.6,bp_mw=-648.0,bs=discharging",Orin unified LDR tracker and real BESS
2026-08-11T14:59:48.062930+00:00,1,,0,15,23,49.0,0.049,0.002401,trk,0,Standby,Shading detection waits for a locked tracker and positive power.,normal,,,54.903,-0.648617,0.648617,discharging,5.0785,9.25,track-pan,46.486,90.0,46.486,19.311,70.689,1,,,,,,,,,,,,CRC/QPSK/OFDM,1,0,157,161,1288,644,14,28,1120,224,56,"p1br,seq=00015,frame_b=00161,bits=01288,qpsk=00644,ofdm=014,pad_q=00028,gap=0,ok=1","ldrtrk,seq=00015,pan=046.49,tilt=090.00,sun_pan=046.49,sun_tilt=019.31,err=70.69,state=track-pan,bv_mv=2979.8,bi_ma=-217.7,bp_mw=-648.6,bs=discharging",Orin unified LDR tracker and real BESS
2026-08-11T14:59:48.556158+00:00,1,,0,16,23,75.0,0.075,0.005625,trk,0,Standby,Shading detection waits for a locked tracker and positive power.,normal,,,54.902,-0.648468,0.648468,discharging,5.0784,9.25,track-tilt,46.486,90.0,46.361,20.883,69.118,1,,,,,,,,,,,,CRC/QPSK/OFDM,1,0,157,161,1288,644,14,28,1120,224,56,"p1br,seq=00016,frame_b=00161,bits=01288,qpsk=00644,ofdm=014,pad_q=00028,gap=0,ok=1","ldrtrk,seq=00016,pan=046.49,tilt=090.00,sun_pan=046.36,sun_tilt=020.88,err=69.12,state=track-tilt,bv_mv=2979.8,bi_ma=-217.6,bp_mw=-648.5,bs=discharging",Orin unified LDR tracker and real BESS
2026-08-11T14:59:49.069176+00:00,1,,0,17,23,49.0,0.049,0.002401,trk,0,Standby,Shading detection waits for a locked tracker and positive power.,normal,,,54.901,-0.648692,0.648692,discharging,5.0784,9.25,track-tilt,46.486,87.0,45.199,17.163,69.848,1,,,,,,,,,,,,CRC/QPSK/OFDM,1,0,157,161,1288,644,14,28,1120,224,56,"p1br,seq=00017,frame_b=00161,bits=01288,qpsk=00644,ofdm=014,pad_q=00028,gap=0,ok=1","ldrtrk,seq=00017,pan=046.49,tilt=087.00,sun_pan=045.20,sun_tilt=017.16,err=69.85,state=track-tilt,bv_mv=2979.8,bi_ma=-217.7,bp_mw=-648.7,bs=discharging",Orin unified LDR tracker and real BESS
2026-08-11T14:59:49.579219+00:00,1,,0,18,23,53.0,0.053,0.002809,trk,0,Standby,Shading detection waits for a locked tracker and positive power.,normal,,,54.9,-0.648359,0.648359,discharging,5.0783,9.25,track-tilt,46.486,84.0,46.368,19.997,64.003,1,,,,,,,,,,,,CRC/QPSK/OFDM,1,0,157,161,1288,644,14,28,1120,224,56,"p1br,seq=00018,frame_b=00161,bits=01288,qpsk=00644,ofdm=014,pad_q=00028,gap=0,ok=1","ldrtrk,seq=00018,pan=046.49,tilt=084.00,sun_pan=046.37,sun_tilt=020.00,err=64.00,state=track-tilt,bv_mv=2978.6,bi_ma=-217.7,bp_mw=-648.4,bs=discharging",Orin unified LDR tracker and real BESS
2026-08-11T14:59:50.074710+00:00,1,,0,19,23,53.0,0.053,0.002809,trk,0,Standby,Shading detection waits for a locked tracker and positive power.,normal,,,54.899,-0.6475,0.6475,discharging,5.0782,9.25,track-tilt,46.486,81.0,46.564,18.312,62.688,1,,,,,,,,,,,,CRC/QPSK/OFDM,1,0,157,161,1288,644,14,28,1120,224,56,"p1br,seq=00019,frame_b=00161,bits=01288,qpsk=00644,ofdm=014,pad_q=00028,gap=0,ok=1","ldrtrk,seq=00019,pan=046.49,tilt=081.00,sun_pan=046.56,sun_tilt=018.31,err=62.69,state=track-tilt,bv_mv=2979.8,bi_ma=-217.3,bp_mw=-647.5,bs=discharging",Orin unified LDR tracker and real BESS
2026-08-11T14:59:50.586547+00:00,1,,0,20,23,53.0,0.053,0.002809,trk,0,Standby,Shading detection waits for a locked tracker and positive power.,normal,,,54.898,-0.648135,0.648135,discharging,5.0781,9.25,track-tilt,46.486,78.0,45.874,18.859,59.144,1,,,,,,,,,,,,CRC/QPSK/OFDM,1,0,157,161,1288,644,14,28,1120,224,56,"p1br,seq=00020,frame_b=00161,bits=01288,qpsk=00644,ofdm=014,pad_q=00028,gap=0,ok=1","ldrtrk,seq=00020,pan=046.49,tilt=078.00,sun_pan=045.87,sun_tilt=018.86,err=59.14,state=track-tilt,bv_mv=2978.6,bi_ma=-217.6,bp_mw=-648.1,bs=discharging",Orin unified LDR tracker and real BESS
2026-08-11T14:59:51.082252+00:00,1,,0,21,23,98.0,0.098,0.009604,trk,0,Standby,Shading detection waits for a locked tracker and positive power.,normal,,,54.897,-0.648876,0.648876,discharging,5.078,9.25,track-tilt,46.486,75.0,46.51,21.596,53.404,1,,,,,,,,,,,,CRC/QPSK/OFDM,1,0,157,161,1288,644,14,28,1120,224,56,"p1br,seq=00021,frame_b=00161,bits=01288,qpsk=00644,ofdm=014,pad_q=00028,gap=0,ok=1","ldrtrk,seq=00021,pan=046.49,tilt=075.00,sun_pan=046.51,sun_tilt=021.60,err=53.40,state=track-tilt,bv_mv=2980.9,bi_ma=-217.7,bp_mw=-648.9,bs=discharging",Orin unified LDR tracker and real BESS
2026-08-11T14:59:51.593514+00:00,1,,0,22,23,58.0,0.058,0.003364,trk,0,Standby,Shading detection waits for a locked tracker and positive power.,normal,,,54.896,-0.648617,0.648617,discharging,5.0779,9.25,track-tilt,46.486,72.0,45.479,17.547,54.462,1,,,,,,,,,,,,CRC/QPSK/OFDM,1,0,157,161,1288,644,14,28,1120,224,56,"p1br,seq=00022,frame_b=00161,bits=01288,qpsk=00644,ofdm=014,pad_q=00028,gap=0,ok=1","ldrtrk,seq=00022,pan=046.49,tilt=072.00,sun_pan=045.48,sun_tilt=017.55,err=54.46,state=track-tilt,bv_mv=2979.8,bi_ma=-217.7,bp_mw=-648.6,bs=discharging",Orin unified LDR tracker and real BESS
2026-08-11T14:59:52.091687+00:00,1,,0,23,23,58.0,0.058,0.003364,trk,0,Standby,Shading detection waits for a locked tracker and positive power.,normal,,,54.895,-0.648876,0.648876,discharging,5.0778,9.25,track-tilt,46.486,69.0,46.159,20.639,48.362,1,,,,,,,,,,,,CRC/QPSK/OFDM,1,0,157,161,1288,644,14,28,1120,224,56,"p1br,seq=00023,frame_b=00161,bits=01288,qpsk=00644,ofdm=014,pad_q=00028,gap=0,ok=1","ldrtrk,seq=00023,pan=046.49,tilt=069.00,sun_pan=046.16,sun_tilt=020.64,err=48.36,state=track-tilt,bv_mv=2980.9,bi_ma=-217.7,bp_mw=-648.9,bs=discharging",Orin unified LDR tracker and real BESS
2026-08-11T14:59:52.600222+00:00,1,,0,24,23,58.0,0.058,0.003364,trk,0,Standby,Shading detection waits for a locked tracker and positive power.,normal,,,54.894,-0.648359,0.648359,discharging,5.0777,9.25,track-tilt,46.486,66.0,45.696,19.661,46.346,1,,,,,,,,,,,,CRC/QPSK/OFDM,1,0,157,161,1288,644,14,28,1120,224,56,"p1br,seq=00024,frame_b=00161,bits=01288,qpsk=00644,ofdm=014,pad_q=00028,gap=0,ok=1","ldrtrk,seq=00024,pan=046.49,tilt=066.00,sun_pan=045.70,sun_tilt=019.66,err=46.35,state=track-tilt,bv_mv=2978.6,bi_ma=-217.7,bp_mw=-648.4,bs=discharging",Orin unified LDR tracker and real BESS
2026-08-11T14:59:53.114355+00:00,1,,0,25,23,58.0,0.058,0.003364,trk,0,Standby,Shading detection waits for a locked tracker and positive power.,normal,,,54.893,-0.648806,0.648806,discharging,5.0776,9.25,track-tilt,46.486,63.0,45.44,19.258,43.755,1,,,,,,,,,,,,CRC/QPSK/OFDM,1,0,157,161,1288,644,14,28,1120,224,56,"p1br,seq=00025,frame_b=00161,bits=01288,qpsk=00644,ofdm=014,pad_q=00028,gap=0,ok=1","ldrtrk,seq=00025,pan=046.49,tilt=063.00,sun_pan=045.44,sun_tilt=019.26,err=43.75,state=track-tilt,bv_mv=2978.6,bi_ma=-217.8,bp_mw=-648.8,bs=discharging",Orin unified LDR tracker and real BESS
2026-08-11T14:59:53.607189+00:00,1,,0,26,23,111.0,0.111,0.012321,trk,0,Standby,Shading detection waits for a locked tracker and positive power.,normal,,,54.892,-0.648731,0.648731,discharging,5.0775,9.25,track-tilt,46.486,60.0,45.938,21.583,38.421,1,,,,,,,,,,,,CRC/QPSK/OFDM,1,0,157,161,1288,644,14,28,1120,224,56,"p1br,seq=00026,frame_b=00161,bits=01288,qpsk=00644,ofdm=014,pad_q=00028,gap=0,ok=1","ldrtrk,seq=00026,pan=046.49,tilt=060.00,sun_pan=045.94,sun_tilt=021.58,err=38.42,state=track-tilt,bv_mv=2978.6,bi_ma=-217.8,bp_mw=-648.7,bs=discharging",Orin unified LDR tracker and real BESS
2026-08-11T14:59:54.120232+00:00,1,,0,27,23,58.0,0.058,0.003364,trk,0,Standby,Shading detection waits for a locked tracker and positive power.,normal,,,54.891,-0.648582,0.648582,discharging,5.0774,9.25,track-tilt,46.486,57.0,44.931,17.511,39.52,1,,,,,,,,,,,,CRC/QPSK/OFDM,1,0,157,161,1288,644,14,28,1120,224,56,"p1br,seq=00027,frame_b=00161,bits=01288,qpsk=00644,ofdm=014,pad_q=00028,gap=0,ok=1","ldrtrk,seq=00027,pan=046.49,tilt=057.00,sun_pan=044.93,sun_tilt=017.51,err=39.52,state=track-tilt,bv_mv=2978.6,bi_ma=-217.8,bp_mw=-648.6,bs=discharging",Orin unified LDR tracker and real BESS
2026-08-11T14:59:54.616483+00:00,1,,0,28,23,58.0,0.058,0.003364,trk,0,Standby,Shading detection waits for a locked tracker and positive power.,normal,,,54.89,-0.647356,0.647356,discharging,5.0773,9.25,track-tilt,46.486,54.0,46.033,20.75,33.253,1,,,,,,,,,,,,CRC/QPSK/OFDM,1,0,157,161,1288,644,14,28,1120,224,56,"p1br,seq=00028,frame_b=00161,bits=01288,qpsk=00644,ofdm=014,pad_q=00028,gap=0,ok=1","ldrtrk,seq=00028,pan=046.49,tilt=054.00,sun_pan=046.03,sun_tilt=020.75,err=33.25,state=track-tilt,bv_mv=2977.4,bi_ma=-217.4,bp_mw=-647.4,bs=discharging",Orin unified LDR tracker and real BESS
2026-08-11T14:59:55.126447+00:00,1,,0,29,23,58.0,0.058,0.003364,trk,0,Standby,Shading detection waits for a locked tracker and positive power.,normal,,,54.889,-0.649139,0.649139,discharging,5.0772,9.25,track-tilt,46.486,51.0,46.338,19.032,31.968,1,,,,,,,,,,,,CRC/QPSK/OFDM,1,0,157,161,1288,644,14,28,1120,224,56,"p1br,seq=00029,frame_b=00161,bits=01288,qpsk=00644,ofdm=014,pad_q=00028,gap=0,ok=1","ldrtrk,seq=00029,pan=046.49,tilt=051.00,sun_pan=046.34,sun_tilt=019.03,err=31.97,state=track-tilt,bv_mv=2979.8,bi_ma=-217.8,bp_mw=-649.1,bs=discharging",Orin unified LDR tracker and real BESS
2026-08-11T14:59:55.636686+00:00,1,,0,30,23,58.0,0.058,0.003364,trk,0,Standby,Shading detection waits for a locked tracker and positive power.,normal,,,54.888,-0.64888,0.64888,discharging,5.0771,9.25,track-tilt,46.486,48.0,47.262,18.891,29.119,1,,,,,,,,,,,,CRC/QPSK/OFDM,1,0,157,161,1288,644,14,28,1120,224,56,"p1br,seq=00030,frame_b=00161,bits=01288,qpsk=00644,ofdm=014,pad_q=00028,gap=0,ok=1","ldrtrk,seq=00030,pan=046.49,tilt=048.00,sun_pan=047.26,sun_tilt=018.89,err=29.12,state=track-tilt,bv_mv=2978.6,bi_ma=-217.8,bp_mw=-648.9,bs=discharging",Orin unified LDR tracker and real BESS
2026-08-11T14:59:56.132220+00:00,1,,0,31,23,143.0,0.143,0.020449,trk,0,Standby,Shading detection waits for a locked tracker and positive power.,normal,,,54.887,-0.64877,0.64877,discharging,5.077,9.25,track-tilt,46.486,45.0,47.667,21.351,23.678,1,,,,,,,,,,,,CRC/QPSK/OFDM,1,0,157,161,1288,644,14,28,1120,224,56,"p1br,seq=00031,frame_b=00161,bits=01288,qpsk=00644,ofdm=014,pad_q=00028,gap=0,ok=1","ldrtrk,seq=00031,pan=046.49,tilt=045.00,sun_pan=047.67,sun_tilt=021.35,err=23.68,state=track-tilt,bv_mv=2977.4,bi_ma=-217.9,bp_mw=-648.8,bs=discharging",Orin unified LDR tracker and real BESS
2026-08-11T14:59:56.644335+00:00,1,,0,32,23,62.0,0.062,0.003844,trk,0,Standby,Shading detection waits for a locked tracker and positive power.,normal,,,54.886,-0.649213,0.649213,discharging,5.0769,9.25,track-tilt,46.486,42.0,46.812,17.686,24.317,1,,,,,,,,,,,,CRC/QPSK/OFDM,1,0,157,161,1288,644,14,28,1120,224,56,"p1br,seq=00032,frame_b=00161,bits=01288,qpsk=00644,ofdm=014,pad_q=00028,gap=0,ok=1","ldrtrk,seq=00032,pan=046.49,tilt=042.00,sun_pan=046.81,sun_tilt=017.69,err=24.32,state=track-tilt,bv_mv=2979.8,bi_ma=-217.9,bp_mw=-649.2,bs=discharging",Orin unified LDR tracker and real BESS
2026-08-11T14:59:57.140245+00:00,1,,0,33,23,62.0,0.062,0.003844,trk,0,Standby,Shading detection waits for a locked tracker and positive power.,normal,,,54.885,-0.648955,0.648955,discharging,5.0768,9.25,track-tilt,46.486,39.0,48.33,20.799,18.294,1,,,,,,,,,,,,CRC/QPSK/OFDM,1,0,157,161,1288,644,14,28,1120,224,56,"p1br,seq=00033,frame_b=00161,bits=01288,qpsk=00644,ofdm=014,pad_q=00028,gap=0,ok=1","ldrtrk,seq=00033,pan=046.49,tilt=039.00,sun_pan=048.33,sun_tilt=020.80,err=18.29,state=track-tilt,bv_mv=2978.6,bi_ma=-217.9,bp_mw=-649.0,bs=discharging",Orin unified LDR tracker and real BESS
2026-08-11T14:59:57.650173+00:00,1,,0,34,23,58.0,0.058,0.003364,trk,0,Standby,Shading detection waits for a locked tracker and positive power.,normal,,,54.884,-0.647803,0.647803,discharging,5.0767,9.25,track-tilt,46.486,36.0,47.474,18.211,17.816,1,,,,,,,,,,,,CRC/QPSK/OFDM,1,0,157,161,1288,644,14,28,1120,224,56,"p1br,seq=00034,frame_b=00161,bits=01288,qpsk=00644,ofdm=014,pad_q=00028,gap=0,ok=1","ldrtrk,seq=00034,pan=046.49,tilt=036.00,sun_pan=047.47,sun_tilt=018.21,err=17.82,state=track-tilt,bv_mv=2977.4,bi_ma=-217.6,bp_mw=-647.8,bs=discharging",Orin unified LDR tracker and real BESS
2026-08-11T14:59:58.161650+00:00,1,,0,35,23,62.0,0.062,0.003844,trk,0,Standby,Shading detection waits for a locked tracker and positive power.,normal,,,54.882,-0.649288,0.649288,discharging,5.0766,9.25,track-tilt,46.486,33.0,47.871,19.294,13.775,1,,,,,,,,,,,,CRC/QPSK/OFDM,1,0,157,161,1288,644,14,28,1120,224,56,"p1br,seq=00035,frame_b=00161,bits=01288,qpsk=00644,ofdm=014,pad_q=00028,gap=0,ok=1","ldrtrk,seq=00035,pan=046.49,tilt=033.00,sun_pan=047.87,sun_tilt=019.29,err=13.78,state=track-tilt,bv_mv=2979.8,bi_ma=-217.9,bp_mw=-649.3,bs=discharging",Orin unified LDR tracker and real BESS
2026-08-11T14:59:58.659980+00:00,1,,0,36,23,156.0,0.156,0.024336,trk,0,Standby,Shading detection waits for a locked tracker and positive power.,normal,,,54.881,-0.649288,0.649288,discharging,5.0765,9.25,track-tilt,46.486,30.0,48.128,21.571,8.588,1,,,,,,,,,,,,CRC/QPSK/OFDM,1,0,157,161,1288,644,14,28,1120,224,56,"p1br,seq=00036,frame_b=00161,bits=01288,qpsk=00644,ofdm=014,pad_q=00028,gap=0,ok=1","ldrtrk,seq=00036,pan=046.49,tilt=030.00,sun_pan=048.13,sun_tilt=021.57,err=08.59,state=track-tilt,bv_mv=2979.8,bi_ma=-217.9,bp_mw=-649.3,bs=discharging",Orin unified LDR tracker and real BESS
2026-08-11T14:59:59.170081+00:00,1,,0,37,23,62.0,0.062,0.003844,trk,0,Standby,Shading detection waits for a locked tracker and positive power.,normal,,,54.88,-0.648547,0.648547,discharging,5.0764,9.25,track-tilt,46.486,27.0,46.966,17.853,9.16,1,,,,,,,,,,,,CRC/QPSK/OFDM,1,0,157,161,1288,644,14,28,1120,224,56,"p1br,seq=00037,frame_b=00161,bits=01288,qpsk=00644,ofdm=014,pad_q=00028,gap=0,ok=1","ldrtrk,seq=00037,pan=046.49,tilt=027.00,sun_pan=046.97,sun_tilt=017.85,err=09.16,state=track-tilt,bv_mv=2977.4,bi_ma=-217.8,bp_mw=-648.5,bs=discharging",Orin unified LDR tracker and real BESS
2026-08-11T14:59:59.666886+00:00,1,,0,38,23,67.0,0.067,0.004489,trk,0,Standby,Shading detection waits for a locked tracker and positive power.,normal,,,54.879,-0.649029,0.649029,discharging,5.0763,9.25,track-tilt,46.486,24.0,48.55,20.962,3.673,1,,,,,,,,,,,,CRC/QPSK/OFDM,1,0,157,161,1288,644,14,28,1120,224,56,"p1br,seq=00038,frame_b=00161,bits=01288,qpsk=00644,ofdm=014,pad_q=00028,gap=0,ok=1","ldrtrk,seq=00038,pan=046.49,tilt=024.00,sun_pan=048.55,sun_tilt=020.96,err=03.67,state=track-tilt,bv_mv=2978.6,bi_ma=-217.9,bp_mw=-649.0,bs=discharging",Orin unified LDR tracker and real BESS
2026-08-11T15:00:00.178079+00:00,1,,0,39,23,62.0,0.062,0.003844,trk,0,Standby,Shading detection waits for a locked tracker and positive power.,normal,,,54.878,-0.648621,0.648621,discharging,5.0762,9.25,track-tilt,46.486,21.0,47.866,17.063,4.172,1,,,,,,,,,,,,CRC/QPSK/OFDM,1,0,157,161,1288,644,14,28,1120,224,56,"p1br,seq=00039,frame_b=00161,bits=01288,qpsk=00644,ofdm=014,pad_q=00028,gap=0,ok=1","ldrtrk,seq=00039,pan=046.49,tilt=021.00,sun_pan=047.87,sun_tilt=017.06,err=04.17,state=track-tilt,bv_mv=2977.4,bi_ma=-217.8,bp_mw=-648.6,bs=discharging",Orin unified LDR tracker and real BESS
2026-08-11T15:00:00.670793+00:00,1,,0,40,23,62.0,0.062,0.003844,trk,0,Standby,Shading detection waits for a locked tracker and positive power.,normal,,,54.877,-0.649288,0.649288,discharging,5.0761,9.25,track-pan,46.486,21.0,49.645,20.357,3.224,1,,,,,,,,,,,,CRC/QPSK/OFDM,1,0,157,161,1288,644,14,28,1120,224,56,"p1br,seq=00040,frame_b=00161,bits=01288,qpsk=00644,ofdm=014,pad_q=00028,gap=0,ok=1","ldrtrk,seq=00040,pan=046.49,tilt=021.00,sun_pan=049.65,sun_tilt=020.36,err=03.22,state=track-pan,bv_mv=2979.8,bi_ma=-217.9,bp_mw=-649.3,bs=discharging",Orin unified LDR tracker and real BESS
2026-08-11T15:00:01.185122+00:00,1,,0,41,24,58.0,0.058,0.003364,trk,0,Standby,Shading detection waits for a locked tracker and positive power.,normal,,,54.876,-0.649103,0.649103,discharging,5.0761,9.25,track-pan,49.045,21.0,49.045,20.309,0.691,1,,,,,,,,,,,,CRC/QPSK/OFDM,1,0,157,161,1288,644,14,28,1120,224,56,"p1br,seq=00041,frame_b=00161,bits=01288,qpsk=00644,ofdm=014,pad_q=00028,gap=0,ok=1","ldrtrk,seq=00041,pan=049.04,tilt=021.00,sun_pan=049.04,sun_tilt=020.31,err=00.69,state=track-pan,bv_mv=2978.6,bi_ma=-217.9,bp_mw=-649.1,bs=discharging",Orin unified LDR tracker and real BESS
2026-08-11T15:00:01.696792+00:00,1,,0,42,26,62.0,0.062,0.003844,trk,0,Standby,Shading detection waits for a locked tracker and positive power.,normal,,,54.875,-0.648845,0.648845,discharging,5.076,9.25,track-pan,52.045,21.0,77.805,22.841,25.826,1,,,,,,,,,,,,CRC/QPSK/OFDM,1,0,157,161,1288,644,14,28,1120,224,56,"p1br,seq=00042,frame_b=00161,bits=01288,qpsk=00644,ofdm=014,pad_q=00028,gap=0,ok=1","ldrtrk,seq=00042,pan=052.04,tilt=021.00,sun_pan=077.80,sun_tilt=022.84,err=25.83,state=track-pan,bv_mv=2977.4,bi_ma=-217.9,bp_mw=-648.8,bs=discharging",Orin unified LDR tracker and real BESS
2026-08-11T15:00:02.191798+00:00,1,,0,43,28,205.0,0.205,0.042025,trk,0,Standby,Shading detection waits for a locked tracker and positive power.,normal,,,54.874,-0.649252,0.649252,discharging,5.0759,9.25,track-pan,55.045,21.0,85.577,24.0,30.68,1,,,,,,,,,,,,CRC/QPSK/OFDM,1,0,157,161,1288,644,14,28,1120,224,56,"p1br,seq=00043,frame_b=00161,bits=01288,qpsk=00644,ofdm=014,pad_q=00028,gap=0,ok=1","ldrtrk,seq=00043,pan=055.04,tilt=021.00,sun_pan=085.58,sun_tilt=024.00,err=30.68,state=track-pan,bv_mv=2978.6,bi_ma=-218.0,bp_mw=-649.3,bs=discharging",Orin unified LDR tracker and real BESS
2026-08-11T15:00:02.702033+00:00,1,,0,44,30,58.0,0.058,0.003364,trk,0,Standby,Shading detection waits for a locked tracker and positive power.,normal,,,54.873,-0.648919,0.648919,discharging,5.0758,9.25,track-pan,58.045,21.0,88.831,29.02,31.814,1,,,,,,,,,,,,CRC/QPSK/OFDM,1,0,157,161,1288,644,14,28,1120,224,56,"p1br,seq=00044,frame_b=00161,bits=01288,qpsk=00644,ofdm=014,pad_q=00028,gap=0,ok=1","ldrtrk,seq=00044,pan=058.04,tilt=021.00,sun_pan=088.83,sun_tilt=029.02,err=31.81,state=track-pan,bv_mv=2977.4,bi_ma=-217.9,bp_mw=-648.9,bs=discharging",Orin unified LDR tracker and real BESS
2026-08-11T15:00:03.197767+00:00,1,,0,45,32,62.0,0.062,0.003844,trk,0,Standby,Shading detection waits for a locked tracker and positive power.,normal,,,54.872,-0.649327,0.649327,discharging,5.0757,9.25,track-pan,61.045,21.0,102.41,32.598,42.96,1,,,,,,,,,,,,CRC/QPSK/OFDM,1,0,157,161,1288,644,14,28,1120,224,56,"p1br,seq=00045,frame_b=00161,bits=01288,qpsk=00644,ofdm=014,pad_q=00028,gap=0,ok=1","ldrtrk,seq=00045,pan=061.04,tilt=021.00,sun_pan=102.41,sun_tilt=032.60,err=42.96,state=track-pan,bv_mv=2978.6,bi_ma=-218.0,bp_mw=-649.3,bs=discharging",Orin unified LDR tracker and real BESS
2026-08-11T15:00:03.709295+00:00,1,,0,46,34,53.0,0.053,0.002809,trk,0,Standby,Shading detection waits for a locked tracker and positive power.,normal,,,54.871,-0.648699,0.648699,discharging,5.0756,9.25,track-pan,64.045,21.0,100.177,34.432,38.549,1,,,,,,,,,,,,CRC/QPSK/OFDM,1,0,157,161,1288,644,14,28,1120,224,56,"p1br,seq=00046,frame_b=00161,bits=01288,qpsk=00644,ofdm=014,pad_q=00028,gap=0,ok=1","ldrtrk,seq=00046,pan=064.04,tilt=021.00,sun_pan=100.18,sun_tilt=034.43,err=38.55,state=track-pan,bv_mv=2975.0,bi_ma=-218.1,bp_mw=-648.7,bs=discharging",Orin unified LDR tracker and real BESS
2026-08-11T15:00:04.220959+00:00,1,,0,47,36,53.0,0.053,0.002809,trk,0,Standby,Shading detection waits for a locked tracker and positive power.,normal,,,54.87,-0.648324,0.648324,discharging,5.0755,9.25,track-pan,67.045,21.0,103.349,31.835,37.887,1,,,,,,,,,,,,CRC/QPSK/OFDM,1,0,157,161,1288,644,14,28,1120,224,56,"p1br,seq=00047,frame_b=00161,bits=01288,qpsk=00644,ofdm=014,pad_q=00028,gap=0,ok=1","ldrtrk,seq=00047,pan=067.04,tilt=021.00,sun_pan=103.35,sun_tilt=031.83,err=37.89,state=track-pan,bv_mv=2977.4,bi_ma=-217.8,bp_mw=-648.3,bs=discharging",Orin unified LDR tracker and real BESS
2026-08-11T15:00:04.715862+00:00,1,,0,48,38,53.0,0.053,0.002809,trk,0,Standby,Shading detection waits for a locked tracker and positive power.,normal,,,54.869,-0.649107,0.649107,discharging,5.0754,9.25,track-pan,70.045,21.0,101.376,33.979,33.913,1,,,,,,,,,,,,CRC/QPSK/OFDM,1,0,157,161,1288,644,14,28,1120,224,56,"p1br,seq=00048,frame_b=00161,bits=01288,qpsk=00644,ofdm=014,pad_q=00028,gap=0,ok=1","ldrtrk,seq=00048,pan=070.04,tilt=021.00,sun_pan=101.38,sun_tilt=033.98,err=33.91,state=track-pan,bv_mv=2976.2,bi_ma=-218.1,bp_mw=-649.1,bs=discharging",Orin unified LDR tracker and real BESS
2026-08-11T15:00:05.227582+00:00,1,,0,49,39,53.0,0.053,0.002809,trk,0,Standby,Shading detection waits for a locked tracker and positive power.,normal,,,54.868,-0.647991,0.647991,discharging,5.0753,9.25,track-pan,73.045,21.0,102.383,32.825,31.632,1,,,,,,,,,,,,CRC/QPSK/OFDM,1,0,157,161,1288,644,14,28,1120,224,56,"p1br,seq=00049,frame_b=00161,bits=01288,qpsk=00644,ofdm=014,pad_q=00028,gap=0,ok=1","ldrtrk,seq=00049,pan=073.04,tilt=021.00,sun_pan=102.38,sun_tilt=032.83,err=31.63,state=track-pan,bv_mv=2976.2,bi_ma=-217.7,bp_mw=-648.0,bs=discharging",Orin unified LDR tracker and real BESS
2026-08-11T15:00:05.723027+00:00,1,,0,50,41,205.0,0.205,0.042025,trk,0,Standby,Shading detection waits for a locked tracker and positive power.,normal,,,54.867,-0.649809,0.649809,discharging,5.0752,9.25,track-pan,76.045,21.0,102.946,33.086,29.492,1,,,,,,,,,,,,CRC/QPSK/OFDM,1,0,157,161,1288,644,14,28,1120,224,56,"p1br,seq=00050,frame_b=00161,bits=01288,qpsk=00644,ofdm=014,pad_q=00028,gap=0,ok=1","ldrtrk,seq=00050,pan=076.04,tilt=021.00,sun_pan=102.95,sun_tilt=033.09,err=29.49,state=track-pan,bv_mv=2979.8,bi_ma=-218.1,bp_mw=-649.8,bs=discharging",Orin unified LDR tracker and real BESS
2026-08-11T15:00:06.236778+00:00,1,,0,51,43,49.0,0.049,0.002401,trk,0,Standby,Shading detection waits for a locked tracker and positive power.,normal,,,54.866,-0.649291,0.649291,discharging,5.0751,9.25,track-pan,79.045,21.0,100.193,34.804,25.255,1,,,,,,,,,,,,CRC/QPSK/OFDM,1,0,157,161,1288,644,14,28,1120,224,56,"p1br,seq=00051,frame_b=00161,bits=01288,qpsk=00644,ofdm=014,pad_q=00028,gap=0,ok=1","ldrtrk,seq=00051,pan=079.04,tilt=021.00,sun_pan=100.19,sun_tilt=034.80,err=25.25,state=track-pan,bv_mv=2977.4,bi_ma=-218.1,bp_mw=-649.3,bs=discharging",Orin unified LDR tracker and real BESS
2026-08-11T15:00:06.745813+00:00,1,,0,52,45,143.0,0.143,0.020449,trk,0,Standby,Shading detection waits for a locked tracker and positive power.,normal,,,54.865,-0.649068,0.649068,discharging,5.075,9.25,track-pan,82.045,21.0,103.797,32.379,24.549,1,,,,,,,,,,,,CRC/QPSK/OFDM,1,0,157,161,1288,644,14,28,1120,224,56,"p1br,seq=00052,frame_b=00161,bits=01288,qpsk=00644,ofdm=014,pad_q=00028,gap=0,ok=1","ldrtrk,seq=00052,pan=082.04,tilt=021.00,sun_pan=103.80,sun_tilt=032.38,err=24.55,state=track-pan,bv_mv=2977.4,bi_ma=-218.0,bp_mw=-649.1,bs=discharging",Orin unified LDR tracker and real BESS
2026-08-11T15:00:07.242050+00:00,1,,0,53,47,49.0,0.049,0.002401,trk,0,Standby,Shading detection waits for a locked tracker and positive power.,normal,,,54.864,-0.649699,0.649699,discharging,5.0749,9.25,track-pan,85.045,21.0,101.163,34.193,20.829,1,,,,,,,,,,,,CRC/QPSK/OFDM,1,0,157,161,1288,644,14,28,1120,224,56,"p1br,seq=00053,frame_b=00161,bits=01288,qpsk=00644,ofdm=014,pad_q=00028,gap=0,ok=1","ldrtrk,seq=00053,pan=085.04,tilt=021.00,sun_pan=101.16,sun_tilt=034.19,err=20.83,state=track-pan,bv_mv=2978.6,bi_ma=-218.1,bp_mw=-649.7,bs=discharging",Orin unified LDR tracker and real BESS
2026-08-11T15:00:07.753882+00:00,1,,0,54,49,49.0,0.049,0.002401,trk,0,Standby,Shading detection waits for a locked tracker and positive power.,normal,,,54.863,-0.648883,0.648883,discharging,5.0748,9.25,track-pan,88.045,21.0,104.693,31.143,19.495,1,,,,,,,,,,,,CRC/QPSK/OFDM,1,0,157,161,1288,644,14,28,1120,224,56,"p1br,seq=00054,frame_b=00161,bits=01288,qpsk=00644,ofdm=014,pad_q=00028,gap=0,ok=1","ldrtrk,seq=00054,pan=088.04,tilt=021.00,sun_pan=104.69,sun_tilt=031.14,err=19.49,state=track-pan,bv_mv=2976.2,bi_ma=-218.0,bp_mw=-648.9,bs=discharging",Orin unified LDR tracker and real BESS
2026-08-11T15:00:08.249035+00:00,1,,0,55,51,44.0,0.044,0.001936,trk,0,Standby,Shading detection waits for a locked tracker and positive power.,normal,,,54.862,-0.649366,0.649366,discharging,5.0747,9.25,track-pan,91.045,21.0,102.225,33.407,16.701,1,,,,,,,,,,,,CRC/QPSK/OFDM,1,0,157,161,1288,644,14,28,1120,224,56,"p1br,seq=00055,frame_b=00161,bits=01288,qpsk=00644,ofdm=014,pad_q=00028,gap=0,ok=1","ldrtrk,seq=00055,pan=091.04,tilt=021.00,sun_pan=102.22,sun_tilt=033.41,err=16.70,state=track-pan,bv_mv=2977.4,bi_ma=-218.1,bp_mw=-649.4,bs=discharging",Orin unified LDR tracker and real BESS
2026-08-11T15:00:08.761790+00:00,1,,0,56,53,44.0,0.044,0.001936,trk,0,Standby,Shading detection waits for a locked tracker and positive power.,normal,,,54.861,-0.649068,0.649068,discharging,5.0746,9.25,track-pan,94.045,21.0,103.593,31.997,14.564,1,,,,,,,,,,,,CRC/QPSK/OFDM,1,0,157,161,1288,644,14,28,1120,224,56,"p1br,seq=00056,frame_b=00161,bits=01288,qpsk=00644,ofdm=014,pad_q=00028,gap=0,ok=1","ldrtrk,seq=00056,pan=094.04,tilt=021.00,sun_pan=103.59,sun_tilt=032.00,err=14.56,state=track-pan,bv_mv=2977.4,bi_ma=-218.0,bp_mw=-649.1,bs=discharging",Orin unified LDR tracker and real BESS
2026-08-11T15:00:09.257902+00:00,1,,0,57,54,210.0,0.21,0.0441,trk,0,Standby,Shading detection waits for a locked tracker and positive power.,normal,,,54.86,-0.6481,0.6481,discharging,5.0745,9.25,track-pan,97.045,21.0,103.034,32.914,13.335,1,,,,,,,,,,,,CRC/QPSK/OFDM,1,0,157,161,1288,644,14,28,1120,224,56,"p1br,seq=00057,frame_b=00161,bits=01288,qpsk=00644,ofdm=014,pad_q=00028,gap=0,ok=1","ldrtrk,seq=00057,pan=097.04,tilt=021.00,sun_pan=103.03,sun_tilt=032.91,err=13.33,state=track-pan,bv_mv=2977.4,bi_ma=-217.7,bp_mw=-648.1,bs=discharging",Orin unified LDR tracker and real BESS
2026-08-11T15:00:09.769360+00:00,1,,0,58,56,40.0,0.04,0.0016,trk,0,Standby,Shading detection waits for a locked tracker and positive power.,normal,,,54.859,-0.647951,0.647951,discharging,5.0744,9.25,track-pan,100.045,21.0,101.213,34.109,13.161,1,,,,,,,,,,,,CRC/QPSK/OFDM,1,0,157,161,1288,644,14,28,1120,224,56,"p1br,seq=00058,frame_b=00161,bits=01288,qpsk=00644,ofdm=014,pad_q=00028,gap=0,ok=1","ldrtrk,seq=00058,pan=100.04,tilt=021.00,sun_pan=101.21,sun_tilt=034.11,err=13.16,state=track-pan,bv_mv=2977.4,bi_ma=-217.6,bp_mw=-648.0,bs=discharging",Orin unified LDR tracker and real BESS
2026-08-11T15:00:10.279367+00:00,1,,0,59,58,214.0,0.214,0.045796,trk,0,Standby,Shading detection waits for a locked tracker and positive power.,normal,,,54.858,-0.649476,0.649476,discharging,5.0743,9.25,track-pan,103.045,21.0,103.974,32.164,11.202,1,,,,,,,,,,,,CRC/QPSK/OFDM,1,0,157,161,1288,644,14,28,1120,224,56,"p1br,seq=00059,frame_b=00161,bits=01288,qpsk=00644,ofdm=014,pad_q=00028,gap=0,ok=1","ldrtrk,seq=00059,pan=103.04,tilt=021.00,sun_pan=103.97,sun_tilt=032.16,err=11.20,state=track-pan,bv_mv=2978.6,bi_ma=-218.1,bp_mw=-649.5,bs=discharging",Orin unified LDR tracker and real BESS
2026-08-11T15:03:12.245491+00:00,1,,0,0,50,49.0,0.049,0.002401,trk,0,Standby,Shading detection waits for a locked tracker and positive power.,normal,,,54.847,-0.641242,0.641242,discharging,5.0734,9.25,track-pan,90.0,90.0,46.109,53.241,57.251,1,,,,,,,,,,,,CRC/QPSK/OFDM,1,0,157,161,1288,644,14,28,1120,224,56,"p1br,seq=00000,frame_b=00161,bits=01288,qpsk=00644,ofdm=014,pad_q=00028,gap=0,ok=1","ldrtrk,seq=00000,pan=090.00,tilt=090.00,sun_pan=046.11,sun_tilt=053.24,err=57.25,state=track-pan,bv_mv=2979.8,bi_ma=-215.2,bp_mw=-641.2,bs=discharging",Orin unified LDR tracker and real BESS
2026-08-11T15:03:12.925106+00:00,1,,0,1,48,98.0,0.098,0.009604,trk,0,Standby,Shading detection waits for a locked tracker and positive power.,normal,,,54.846,-0.641242,0.641242,discharging,5.0733,9.25,track-pan,87.0,90.0,86.107,26.156,63.85,1,,,,,,,,,,,,CRC/QPSK/OFDM,1,0,157,161,1288,644,14,28,1120,224,56,"p1br,seq=00001,frame_b=00161,bits=01288,qpsk=00644,ofdm=014,pad_q=00028,gap=0,ok=1","ldrtrk,seq=00001,pan=087.00,tilt=090.00,sun_pan=086.11,sun_tilt=026.16,err=63.85,state=track-pan,bv_mv=2979.8,bi_ma=-215.2,bp_mw=-641.2,bs=discharging",Orin unified LDR tracker and real BESS
2026-08-11T15:03:13.039081+00:00,1,,0,2,46,107.0,0.107,0.011449,trk,0,Standby,Shading detection waits for a locked tracker and positive power.,normal,,,54.846,-0.64154,0.64154,discharging,5.0732,9.25,track-pan,84.0,90.0,57.889,69.172,33.401,1,,,,,,,,,,,,CRC/QPSK/OFDM,1,0,157,161,1288,644,14,28,1120,224,56,"p1br,seq=00002,frame_b=00161,bits=01288,qpsk=00644,ofdm=014,pad_q=00028,gap=0,ok=1","ldrtrk,seq=00002,pan=084.00,tilt=090.00,sun_pan=057.89,sun_tilt=069.17,err=33.40,state=track-pan,bv_mv=2979.8,bi_ma=-215.3,bp_mw=-641.5,bs=discharging",Orin unified LDR tracker and real BESS
2026-08-11T15:03:13.534131+00:00,1,,0,3,44,111.0,0.111,0.012321,trk,0,Standby,Shading detection waits for a locked tracker and positive power.,normal,,,54.845,-0.641615,0.641615,discharging,5.0731,9.25,track-pan,81.0,90.0,55.425,72.448,31.019,1,,,,,,,,,,,,CRC/QPSK/OFDM,1,0,157,161,1288,644,14,28,1120,224,56,"p1br,seq=00003,frame_b=00161,bits=01288,qpsk=00644,ofdm=014,pad_q=00028,gap=0,ok=1","ldrtrk,seq=00003,pan=081.00,tilt=090.00,sun_pan=055.42,sun_tilt=072.45,err=31.02,state=track-pan,bv_mv=2979.8,bi_ma=-215.3,bp_mw=-641.6,bs=discharging",Orin unified LDR tracker and real BESS
2026-08-11T15:03:14.045414+00:00,1,,0,4,42,111.0,0.111,0.012321,trk,0,Standby,Shading detection waits for a locked tracker and positive power.,normal,,,54.844,-0.641689,0.641689,discharging,5.0731,9.25,track-pan,78.0,90.0,54.246,74.378,28.431,1,,,,,,,,,,,,CRC/QPSK/OFDM,1,0,157,161,1288,644,14,28,1120,224,56,"p1br,seq=00004,frame_b=00161,bits=01288,qpsk=00644,ofdm=014,pad_q=00028,gap=0,ok=1","ldrtrk,seq=00004,pan=078.00,tilt=090.00,sun_pan=054.25,sun_tilt=074.38,err=28.43,state=track-pan,bv_mv=2979.8,bi_ma=-215.3,bp_mw=-641.7,bs=discharging",Orin unified LDR tracker and real BESS
2026-08-11T15:03:14.541812+00:00,1,,0,5,41,116.0,0.116,0.013456,trk,0,Standby,Shading detection waits for a locked tracker and positive power.,normal,,,54.843,-0.641945,0.641945,discharging,5.073,9.25,track-pan,75.0,90.0,53.47,76.028,25.666,1,,,,,,,,,,,,CRC/QPSK/OFDM,1,0,157,161,1288,644,14,28,1120,224,56,"p1br,seq=00005,frame_b=00161,bits=01288,qpsk=00644,ofdm=014,pad_q=00028,gap=0,ok=1","ldrtrk,seq=00005,pan=075.00,tilt=090.00,sun_pan=053.47,sun_tilt=076.03,err=25.67,state=track-pan,bv_mv=2980.9,bi_ma=-215.3,bp_mw=-641.9,bs=discharging",Orin unified LDR tracker and real BESS
2026-08-11T15:03:15.052709+00:00,1,,0,6,39,116.0,0.116,0.013456,trk,0,Standby,Shading detection waits for a locked tracker and positive power.,normal,,,54.842,-0.641838,0.641838,discharging,5.0729,9.25,track-pan,72.0,90.0,51.236,78.71,23.635,1,,,,,,,,,,,,CRC/QPSK/OFDM,1,0,157,161,1288,644,14,28,1120,224,56,"p1br,seq=00006,frame_b=00161,bits=01288,qpsk=00644,ofdm=014,pad_q=00028,gap=0,ok=1","ldrtrk,seq=00006,pan=072.00,tilt=090.00,sun_pan=051.24,sun_tilt=078.71,err=23.63,state=track-pan,bv_mv=2979.8,bi_ma=-215.4,bp_mw=-641.8,bs=discharging",Orin unified LDR tracker and real BESS
2026-08-11T15:03:15.563229+00:00,1,,0,7,37,116.0,0.116,0.013456,trk,0,Standby,Shading detection waits for a locked tracker and positive power.,normal,,,54.841,-0.641125,0.641125,discharging,5.0728,9.25,track-pan,69.0,90.0,49.127,80.217,22.151,1,,,,,,,,,,,,CRC/QPSK/OFDM,1,0,157,161,1288,644,14,28,1120,224,56,"p1br,seq=00007,frame_b=00161,bits=01288,qpsk=00644,ofdm=014,pad_q=00028,gap=0,ok=1","ldrtrk,seq=00007,pan=069.00,tilt=090.00,sun_pan=049.13,sun_tilt=080.22,err=22.15,state=track-pan,bv_mv=2980.9,bi_ma=-215.1,bp_mw=-641.1,bs=discharging",Orin unified LDR tracker and real BESS
2026-08-11T15:03:16.058983+00:00,1,,0,8,35,120.0,0.12,0.0144,trk,0,Standby,Shading detection waits for a locked tracker and positive power.,normal,,,54.84,-0.641657,0.641657,discharging,5.0727,9.25,track-pan,66.0,90.0,47.104,81.36,20.778,1,,,,,,,,,,,,CRC/QPSK/OFDM,1,0,157,161,1288,644,14,28,1120,224,56,"p1br,seq=00008,frame_b=00161,bits=01288,qpsk=00644,ofdm=014,pad_q=00028,gap=0,ok=1","ldrtrk,seq=00008,pan=066.00,tilt=090.00,sun_pan=047.10,sun_tilt=081.36,err=20.78,state=track-pan,bv_mv=2978.6,bi_ma=-215.4,bp_mw=-641.7,bs=discharging",Orin unified LDR tracker and real BESS
2026-08-11T15:03:16.570376+00:00,1,,0,9,33,116.0,0.116,0.013456,trk,0,Standby,Shading detection waits for a locked tracker and positive power.,normal,,,54.839,-0.642318,0.642318,discharging,5.0726,9.25,track-pan,63.0,90.0,47.337,81.151,17.99,1,,,,,,,,,,,,CRC/QPSK/OFDM,1,0,157,161,1288,644,14,28,1120,224,56,"p1br,seq=00009,frame_b=00161,bits=01288,qpsk=00644,ofdm=014,pad_q=00028,gap=0,ok=1","ldrtrk,seq=00009,pan=063.00,tilt=090.00,sun_pan=047.34,sun_tilt=081.15,err=17.99,state=track-pan,bv_mv=2980.9,bi_ma=-215.5,bp_mw=-642.3,bs=discharging",Orin unified LDR tracker and real BESS
2026-08-11T15:03:17.066793+00:00,1,,0,10,31,116.0,0.116,0.013456,trk,0,Standby,Shading detection waits for a locked tracker and positive power.,normal,,,54.838,-0.641987,0.641987,discharging,5.0725,9.25,track-pan,60.0,90.0,46.227,81.598,16.133,1,,,,,,,,,,,,CRC/QPSK/OFDM,1,0,157,161,1288,644,14,28,1120,224,56,"p1br,seq=00010,frame_b=00161,bits=01288,qpsk=00644,ofdm=014,pad_q=00028,gap=0,ok=1","ldrtrk,seq=00010,pan=060.00,tilt=090.00,sun_pan=046.23,sun_tilt=081.60,err=16.13,state=track-pan,bv_mv=2979.8,bi_ma=-215.4,bp_mw=-642.0,bs=discharging",Orin unified LDR tracker and real BESS
2026-08-11T15:03:17.577848+00:00,1,,0,11,29,120.0,0.12,0.0144,trk,0,Standby,Shading detection waits for a locked tracker and positive power.,normal,,,54.837,-0.642392,0.642392,discharging,5.0724,9.25,track-pan,57.0,90.0,45.289,81.73,14.337,1,,,,,,,,,,,,CRC/QPSK/OFDM,1,0,157,161,1288,644,14,28,1120,224,56,"p1br,seq=00011,frame_b=00161,bits=01288,qpsk=00644,ofdm=014,pad_q=00028,gap=0,ok=1","ldrtrk,seq=00011,pan=057.00,tilt=090.00,sun_pan=045.29,sun_tilt=081.73,err=14.34,state=track-pan,bv_mv=2980.9,bi_ma=-215.5,bp_mw=-642.4,bs=discharging",Orin unified LDR tracker and real BESS
2026-08-11T15:03:18.088889+00:00,1,,0,12,28,116.0,0.116,0.013456,trk,0,Standby,Shading detection waits for a locked tracker and positive power.,normal,,,54.836,-0.642062,0.642062,discharging,5.0723,9.25,track-pan,54.0,90.0,45.423,82.042,11.7,1,,,,,,,,,,,,CRC/QPSK/OFDM,1,0,157,161,1288,644,14,28,1120,224,56,"p1br,seq=00012,frame_b=00161,bits=01288,qpsk=00644,ofdm=014,pad_q=00028,gap=0,ok=1","ldrtrk,seq=00012,pan=054.00,tilt=090.00,sun_pan=045.42,sun_tilt=082.04,err=11.70,state=track-pan,bv_mv=2979.8,bi_ma=-215.5,bp_mw=-642.1,bs=discharging",Orin unified LDR tracker and real BESS
2026-08-11T15:03:18.584942+00:00,1,,0,13,26,116.0,0.116,0.013456,trk,0,Standby,Shading detection waits for a locked tracker and positive power.,normal,,,54.835,-0.642285,0.642285,discharging,5.0722,9.25,track-pan,51.0,90.0,45.18,82.107,9.807,1,,,,,,,,,,,,CRC/QPSK/OFDM,1,0,157,161,1288,644,14,28,1120,224,56,"p1br,seq=00013,frame_b=00161,bits=01288,qpsk=00644,ofdm=014,pad_q=00028,gap=0,ok=1","ldrtrk,seq=00013,pan=051.00,tilt=090.00,sun_pan=045.18,sun_tilt=082.11,err=09.81,state=track-pan,bv_mv=2979.8,bi_ma=-215.6,bp_mw=-642.3,bs=discharging",Orin unified LDR tracker and real BESS
2026-08-11T15:03:19.096530+00:00,1,,0,14,24,120.0,0.12,0.0144,trk,0,Standby,Shading detection waits for a locked tracker and positive power.,normal,,,54.834,-0.642318,0.642318,discharging,5.0721,9.25,track-pan,48.0,90.0,41.678,83.266,9.237,1,,,,,,,,,,,,CRC/QPSK/OFDM,1,0,157,161,1288,644,14,28,1120,224,56,"p1br,seq=00014,frame_b=00161,bits=01288,qpsk=00644,ofdm=014,pad_q=00028,gap=0,ok=1","ldrtrk,seq=00014,pan=048.00,tilt=090.00,sun_pan=041.68,sun_tilt=083.27,err=09.24,state=track-pan,bv_mv=2980.9,bi_ma=-215.5,bp_mw=-642.3,bs=discharging",Orin unified LDR tracker and real BESS
2026-08-11T15:03:19.592126+00:00,1,,0,15,22,120.0,0.12,0.0144,trk,0,Standby,Shading detection waits for a locked tracker and positive power.,normal,,,54.833,-0.64236,0.64236,discharging,5.072,9.25,track-pan,45.0,90.0,41.724,83.45,7.324,1,,,,,,,,,,,,CRC/QPSK/OFDM,1,0,157,161,1288,644,14,28,1120,224,56,"p1br,seq=00015,frame_b=00161,bits=01288,qpsk=00644,ofdm=014,pad_q=00028,gap=0,ok=1","ldrtrk,seq=00015,pan=045.00,tilt=090.00,sun_pan=041.72,sun_tilt=083.45,err=07.32,state=track-pan,bv_mv=2979.8,bi_ma=-215.6,bp_mw=-642.4,bs=discharging",Orin unified LDR tracker and real BESS
2026-08-11T15:03:20.103162+00:00,1,,0,16,20,120.0,0.12,0.0144,trk,0,Standby,Shading detection waits for a locked tracker and positive power.,normal,,,54.831,-0.641019,0.641019,discharging,5.0719,9.25,track-pan,42.606,90.0,42.606,83.169,6.831,1,,,,,,,,,,,,CRC/QPSK/OFDM,1,0,157,161,1288,644,14,28,1120,224,56,"p1br,seq=00016,frame_b=00161,bits=01288,qpsk=00644,ofdm=014,pad_q=00028,gap=0,ok=1","ldrtrk,seq=00016,pan=042.61,tilt=090.00,sun_pan=042.61,sun_tilt=083.17,err=06.83,state=track-pan,bv_mv=2979.8,bi_ma=-215.1,bp_mw=-641.0,bs=discharging",Orin unified LDR tracker and real BESS
2026-08-11T15:03:20.599264+00:00,1,,0,17,19,120.0,0.12,0.0144,trk,0,Standby,Shading detection waits for a locked tracker and positive power.,normal,,,54.831,-0.640285,0.640285,discharging,5.0718,9.25,track-pan,40.657,90.0,40.657,83.59,6.41,1,,,,,,,,,,,,CRC/QPSK/OFDM,1,0,157,161,1288,644,14,28,1120,224,56,"p1br,seq=00017,frame_b=00161,bits=01288,qpsk=00644,ofdm=014,pad_q=00028,gap=0,ok=1","ldrtrk,seq=00017,pan=040.66,tilt=090.00,sun_pan=040.66,sun_tilt=083.59,err=06.41,state=track-pan,bv_mv=2977.4,bi_ma=-215.1,bp_mw=-640.3,bs=discharging",Orin unified LDR tracker and real BESS
2026-08-11T15:03:21.110435+00:00,1,,0,18,19,120.0,0.12,0.0144,trk,0,Standby,Shading detection waits for a locked tracker and positive power.,normal,,,54.829,-0.642062,0.642062,discharging,5.0717,9.25,track-tilt,40.657,90.0,39.742,83.898,6.17,1,,,,,,,,,,,,CRC/QPSK/OFDM,1,0,157,161,1288,644,14,28,1120,224,56,"p1br,seq=00018,frame_b=00161,bits=01288,qpsk=00644,ofdm=014,pad_q=00028,gap=0,ok=1","ldrtrk,seq=00018,pan=040.66,tilt=090.00,sun_pan=039.74,sun_tilt=083.90,err=06.17,state=track-tilt,bv_mv=2979.8,bi_ma=-215.5,bp_mw=-642.1,bs=discharging",Orin unified LDR tracker and real BESS
2026-08-11T15:03:21.621033+00:00,1,,0,19,19,120.0,0.12,0.0144,trk,0,Standby,Shading detection waits for a locked tracker and positive power.,normal,,,54.828,-0.642285,0.642285,discharging,5.0716,9.25,track-tilt,40.657,87.0,36.888,84.508,4.519,1,,,,,,,,,,,,CRC/QPSK/OFDM,1,0,157,161,1288,644,14,28,1120,224,56,"p1br,seq=00019,frame_b=00161,bits=01288,qpsk=00644,ofdm=014,pad_q=00028,gap=0,ok=1","ldrtrk,seq=00019,pan=040.66,tilt=087.00,sun_pan=036.89,sun_tilt=084.51,err=04.52,state=track-tilt,bv_mv=2979.8,bi_ma=-215.6,bp_mw=-642.3,bs=discharging",Orin unified LDR tracker and real BESS
2026-08-11T15:03:22.117944+00:00,1,,0,20,19,125.0,0.125,0.015625,trk,0,Standby,Shading detection waits for a locked tracker and positive power.,normal,,,54.827,-0.642104,0.642104,discharging,5.0715,9.25,track-tilt,40.657,84.136,38.342,84.136,2.315,1,,,,,,,,,,,,CRC/QPSK/OFDM,1,0,157,161,1288,644,14,28,1120,224,56,"p1br,seq=00020,frame_b=00161,bits=01288,qpsk=00644,ofdm=014,pad_q=00028,gap=0,ok=1","ldrtrk,seq=00020,pan=040.66,tilt=084.14,sun_pan=038.34,sun_tilt=084.14,err=02.31,state=track-tilt,bv_mv=2978.6,bi_ma=-215.6,bp_mw=-642.1,bs=discharging",Orin unified LDR tracker and real BESS
2026-08-11T15:03:22.627964+00:00,1,,0,21,19,125.0,0.125,0.015625,trk,0,Standby,Shading detection waits for a locked tracker and positive power.,normal,,,54.826,-0.642467,0.642467,discharging,5.0714,9.25,track-pan,40.657,84.136,37.243,84.348,3.42,1,,,,,,,,,,,,CRC/QPSK/OFDM,1,0,157,161,1288,644,14,28,1120,224,56,"p1br,seq=00021,frame_b=00161,bits=01288,qpsk=00644,ofdm=014,pad_q=00028,gap=0,ok=1","ldrtrk,seq=00021,pan=040.66,tilt=084.14,sun_pan=037.24,sun_tilt=084.35,err=03.42,state=track-pan,bv_mv=2980.9,bi_ma=-215.5,bp_mw=-642.5,bs=discharging",Orin unified LDR tracker and real BESS
2026-08-11T15:03:23.124930+00:00,1,,0,22,17,125.0,0.125,0.015625,trk,0,Standby,Shading detection waits for a locked tracker and positive power.,normal,,,54.825,-0.64236,0.64236,discharging,5.0713,9.25,track-pan,37.657,84.136,35.768,84.71,1.974,1,,,,,,,,,,,,CRC/QPSK/OFDM,1,0,157,161,1288,644,14,28,1120,224,56,"p1br,seq=00022,frame_b=00161,bits=01288,qpsk=00644,ofdm=014,pad_q=00028,gap=0,ok=1","ldrtrk,seq=00022,pan=037.66,tilt=084.14,sun_pan=035.77,sun_tilt=084.71,err=01.97,state=track-pan,bv_mv=2979.8,bi_ma=-215.6,bp_mw=-642.4,bs=discharging",Orin unified LDR tracker and real BESS
2026-08-11T15:03:23.636042+00:00,1,,0,23,16,125.0,0.125,0.015625,trk,0,Standby,Shading detection waits for a locked tracker and positive power.,normal,,,54.824,-0.642211,0.642211,discharging,5.0713,9.25,track-pan,35.896,84.136,35.896,84.629,0.494,1,,,,,,,,,,,,CRC/QPSK/OFDM,1,0,157,161,1288,644,14,28,1120,224,56,"p1br,seq=00023,frame_b=00161,bits=01288,qpsk=00644,ofdm=014,pad_q=00028,gap=0,ok=1","ldrtrk,seq=00023,pan=035.90,tilt=084.14,sun_pan=035.90,sun_tilt=084.63,err=00.49,state=track-pan,bv_mv=2979.8,bi_ma=-215.5,bp_mw=-642.2,bs=discharging",Orin unified LDR tracker and real BESS
2026-08-11T15:03:24.147441+00:00,1,,0,24,16,125.0,0.125,0.015625,trk,0,Standby,Shading detection waits for a locked tracker and positive power.,normal,,,54.823,-0.641061,0.641061,discharging,5.0712,9.25,track-pan,34.811,84.136,34.811,84.892,0.756,1,,,,,,,,,,,,CRC/QPSK/OFDM,1,0,157,161,1288,644,14,28,1120,224,56,"p1br,seq=00024,frame_b=00161,bits=01288,qpsk=00644,ofdm=014,pad_q=00028,gap=0,ok=1","ldrtrk,seq=00024,pan=034.81,tilt=084.14,sun_pan=034.81,sun_tilt=084.89,err=00.76,state=track-pan,bv_mv=2978.6,bi_ma=-215.2,bp_mw=-641.1,bs=discharging",Orin unified LDR tracker and real BESS
2026-08-11T15:03:24.642210+00:00,1,,0,25,16,125.0,0.125,0.015625,trk,0,Standby,Shading detection waits for a locked tracker and positive power.,normal,,,54.822,-0.641136,0.641136,discharging,5.0711,9.25,track-pan,34.811,84.136,35.938,84.663,1.244,1,,,,,,,,,,,,CRC/QPSK/OFDM,1,0,157,161,1288,644,14,28,1120,224,56,"p1br,seq=00025,frame_b=00161,bits=01288,qpsk=00644,ofdm=014,pad_q=00028,gap=0,ok=1","ldrtrk,seq=00025,pan=034.81,tilt=084.14,sun_pan=035.94,sun_tilt=084.66,err=01.24,state=track-pan,bv_mv=2978.6,bi_ma=-215.2,bp_mw=-641.1,bs=discharging",Orin unified LDR tracker and real BESS
2026-08-11T15:03:25.153157+00:00,1,,0,26,16,125.0,0.125,0.015625,trk,0,Learning,Learning locked-state shading baseline (1/8).,normal,,,54.821,-0.641955,0.641955,discharging,5.071,9.25,locked,34.811,84.136,35.288,84.803,0.82,1,,,,,,,,,,,,CRC/QPSK/OFDM,1,0,157,161,1288,644,14,28,1120,224,56,"p1br,seq=00026,frame_b=00161,bits=01288,qpsk=00644,ofdm=014,pad_q=00028,gap=0,ok=1","ldrtrk,seq=00026,pan=034.81,tilt=084.14,sun_pan=035.29,sun_tilt=084.80,err=00.82,state=locked,bv_mv=2978.6,bi_ma=-215.5,bp_mw=-642.0,bs=discharging",Orin unified LDR tracker and real BESS
2026-08-11T15:03:25.648921+00:00,1,,0,27,16,125.0,0.125,0.015625,trk,0,Learning,Learning locked-state shading baseline (2/8).,normal,,,54.82,-0.641955,0.641955,discharging,5.0709,9.25,locked,34.811,84.136,34.813,84.869,0.733,1,,,,,,,,,,,,CRC/QPSK/OFDM,1,0,157,161,1288,644,14,28,1120,224,56,"p1br,seq=00027,frame_b=00161,bits=01288,qpsk=00644,ofdm=014,pad_q=00028,gap=0,ok=1","ldrtrk,seq=00027,pan=034.81,tilt=084.14,sun_pan=034.81,sun_tilt=084.87,err=00.73,state=locked,bv_mv=2978.6,bi_ma=-215.5,bp_mw=-642.0,bs=discharging",Orin unified LDR tracker and real BESS
2026-08-11T15:03:26.160876+00:00,1,,0,28,16,125.0,0.125,0.015625,trk,0,Standby,Shading detection waits for a locked tracker and positive power.,normal,,,54.819,-0.642253,0.642253,discharging,5.0708,9.25,track-pan,34.811,84.136,33.049,85.127,2.021,1,,,,,,,,,,,,CRC/QPSK/OFDM,1,0,157,161,1288,644,14,28,1120,224,56,"p1br,seq=00028,frame_b=00161,bits=01288,qpsk=00644,ofdm=014,pad_q=00028,gap=0,ok=1","ldrtrk,seq=00028,pan=034.81,tilt=084.14,sun_pan=033.05,sun_tilt=085.13,err=02.02,state=track-pan,bv_mv=2978.6,bi_ma=-215.6,bp_mw=-642.3,bs=discharging",Orin unified LDR tracker and real BESS
2026-08-11T15:03:26.670889+00:00,1,,0,29,16,125.0,0.125,0.015625,trk,0,Standby,Shading detection waits for a locked tracker and positive power.,normal,,,54.818,-0.642285,0.642285,discharging,5.0707,9.25,track-pan,34.811,84.136,40.799,83.333,6.042,1,,,,,,,,,,,,CRC/QPSK/OFDM,1,0,157,161,1288,644,14,28,1120,224,56,"p1br,seq=00029,frame_b=00161,bits=01288,qpsk=00644,ofdm=014,pad_q=00028,gap=0,ok=1","ldrtrk,seq=00029,pan=034.81,tilt=084.14,sun_pan=040.80,sun_tilt=083.33,err=06.04,state=track-pan,bv_mv=2979.8,bi_ma=-215.6,bp_mw=-642.3,bs=discharging",Orin unified LDR tracker and real BESS
2026-08-11T15:03:27.168683+00:00,1,,0,30,17,125.0,0.125,0.015625,trk,0,Standby,Shading detection waits for a locked tracker and positive power.,normal,,,54.817,-0.640838,0.640838,discharging,5.0706,9.25,track-pan,37.811,84.136,66.288,50.632,43.971,1,,,,,,,,,,,,CRC/QPSK/OFDM,1,0,157,161,1288,644,14,28,1120,224,56,"p1br,seq=00030,frame_b=00161,bits=01288,qpsk=00644,ofdm=014,pad_q=00028,gap=0,ok=1","ldrtrk,seq=00030,pan=037.81,tilt=084.14,sun_pan=066.29,sun_tilt=050.63,err=43.97,state=track-pan,bv_mv=2978.6,bi_ma=-215.2,bp_mw=-640.8,bs=discharging",Orin unified LDR tracker and real BESS
2026-08-11T15:03:27.679741+00:00,1,,0,31,19,116.0,0.116,0.013456,trk,0,Standby,Shading detection waits for a locked tracker and positive power.,normal,,,54.816,-0.642253,0.642253,discharging,5.0705,9.25,track-pan,40.811,84.136,107.866,32.968,84.348,1,,,,,,,,,,,,CRC/QPSK/OFDM,1,0,157,161,1288,644,14,28,1120,224,56,"p1br,seq=00031,frame_b=00161,bits=01288,qpsk=00644,ofdm=014,pad_q=00028,gap=0,ok=1","ldrtrk,seq=00031,pan=040.81,tilt=084.14,sun_pan=107.87,sun_tilt=032.97,err=84.35,state=track-pan,bv_mv=2978.6,bi_ma=-215.6,bp_mw=-642.3,bs=discharging",Orin unified LDR tracker and real BESS
2026-08-11T15:03:28.174944+00:00,1,,0,32,21,102.0,0.102,0.010404,trk,0,Standby,Shading detection waits for a locked tracker and positive power.,normal,,,54.815,-0.642434,0.642434,discharging,5.0704,9.25,track-pan,43.811,84.136,111.992,31.38,86.208,1,,,,,,,,,,,,CRC/QPSK/OFDM,1,0,157,161,1288,644,14,28,1120,224,56,"p1br,seq=00032,frame_b=00161,bits=01288,qpsk=00644,ofdm=014,pad_q=00028,gap=0,ok=1","ldrtrk,seq=00032,pan=043.81,tilt=084.14,sun_pan=111.99,sun_tilt=031.38,err=86.21,state=track-pan,bv_mv=2979.8,bi_ma=-215.6,bp_mw=-642.4,bs=discharging",Orin unified LDR tracker and real BESS
2026-08-11T15:03:28.688038+00:00,1,,0,33,23,98.0,0.098,0.009604,trk,0,Standby,Shading detection waits for a locked tracker and positive power.,normal,,,54.814,-0.642253,0.642253,discharging,5.0703,9.25,track-pan,46.811,84.136,112.226,31.005,84.274,1,,,,,,,,,,,,CRC/QPSK/OFDM,1,0,157,161,1288,644,14,28,1120,224,56,"p1br,seq=00033,frame_b=00161,bits=01288,qpsk=00644,ofdm=014,pad_q=00028,gap=0,ok=1","ldrtrk,seq=00033,pan=046.81,tilt=084.14,sun_pan=112.23,sun_tilt=031.00,err=84.27,state=track-pan,bv_mv=2978.6,bi_ma=-215.6,bp_mw=-642.3,bs=discharging",Orin unified LDR tracker and real BESS
2026-08-11T15:03:29.182203+00:00,1,,0,34,25,102.0,0.102,0.010404,trk,0,Standby,Shading detection waits for a locked tracker and positive power.,normal,,,54.813,-0.642178,0.642178,discharging,5.0702,9.25,track-pan,49.811,84.136,112.432,30.721,82.308,1,,,,,,,,,,,,CRC/QPSK/OFDM,1,0,157,161,1288,644,14,28,1120,224,56,"p1br,seq=00034,frame_b=00161,bits=01288,qpsk=00644,ofdm=014,pad_q=00028,gap=0,ok=1","ldrtrk,seq=00034,pan=049.81,tilt=084.14,sun_pan=112.43,sun_tilt=030.72,err=82.31,state=track-pan,bv_mv=2978.6,bi_ma=-215.6,bp_mw=-642.2,bs=discharging",Orin unified LDR tracker and real BESS
2026-08-11T15:03:29.696017+00:00,1,,0,35,27,98.0,0.098,0.009604,trk,0,Standby,Shading detection waits for a locked tracker and positive power.,normal,,,54.812,-0.642253,0.642253,discharging,5.0701,9.25,track-pan,52.811,84.136,112.561,30.468,80.314,1,,,,,,,,,,,,CRC/QPSK/OFDM,1,0,157,161,1288,644,14,28,1120,224,56,"p1br,seq=00035,frame_b=00161,bits=01288,qpsk=00644,ofdm=014,pad_q=00028,gap=0,ok=1","ldrtrk,seq=00035,pan=052.81,tilt=084.14,sun_pan=112.56,sun_tilt=030.47,err=80.31,state=track-pan,bv_mv=2978.6,bi_ma=-215.6,bp_mw=-642.3,bs=discharging",Orin unified LDR tracker and real BESS
2026-08-11T15:03:30.204058+00:00,1,,0,36,29,102.0,0.102,0.010404,trk,0,Standby,Shading detection waits for a locked tracker and positive power.,normal,,,54.811,-0.642583,0.642583,discharging,5.07,9.25,track-pan,55.811,84.136,112.433,30.53,77.973,1,,,,,,,,,,,,CRC/QPSK/OFDM,1,0,157,161,1288,644,14,28,1120,224,56,"p1br,seq=00036,frame_b=00161,bits=01288,qpsk=00644,ofdm=014,pad_q=00028,gap=0,ok=1","ldrtrk,seq=00036,pan=055.81,tilt=084.14,sun_pan=112.43,sun_tilt=030.53,err=77.97,state=track-pan,bv_mv=2979.8,bi_ma=-215.7,bp_mw=-642.6,bs=discharging",Orin unified LDR tracker and real BESS
2026-08-11T15:03:30.700785+00:00,1,,0,37,31,102.0,0.102,0.010404,trk,0,Standby,Shading detection waits for a locked tracker and positive power.,normal,,,54.81,-0.642583,0.642583,discharging,5.0699,9.25,track-pan,58.811,84.136,112.574,30.448,75.979,1,,,,,,,,,,,,CRC/QPSK/OFDM,1,0,157,161,1288,644,14,28,1120,224,56,"p1br,seq=00037,frame_b=00161,bits=01288,qpsk=00644,ofdm=014,pad_q=00028,gap=0,ok=1","ldrtrk,seq=00037,pan=058.81,tilt=084.14,sun_pan=112.57,sun_tilt=030.45,err=75.98,state=track-pan,bv_mv=2979.8,bi_ma=-215.7,bp_mw=-642.6,bs=discharging",Orin unified LDR tracker and real BESS
2026-08-11T15:03:31.213364+00:00,1,,0,38,32,102.0,0.102,0.010404,trk,0,Standby,Shading detection waits for a locked tracker and positive power.,normal,,,54.809,-0.642402,0.642402,discharging,5.0698,9.25,track-pan,61.811,84.136,112.538,30.442,73.866,1,,,,,,,,,,,,CRC/QPSK/OFDM,1,0,157,161,1288,644,14,28,1120,224,56,"p1br,seq=00038,frame_b=00161,bits=01288,qpsk=00644,ofdm=014,pad_q=00028,gap=0,ok=1","ldrtrk,seq=00038,pan=061.81,tilt=084.14,sun_pan=112.54,sun_tilt=030.44,err=73.87,state=track-pan,bv_mv=2978.6,bi_ma=-215.7,bp_mw=-642.4,bs=discharging",Orin unified LDR tracker and real BESS
2026-08-11T15:03:31.707415+00:00,1,,0,39,34,102.0,0.102,0.010404,trk,0,Standby,Shading detection waits for a locked tracker and positive power.,normal,,,54.808,-0.64222,0.64222,discharging,5.0697,9.25,track-pan,64.811,84.136,112.855,30.37,72.104,1,,,,,,,,,,,,CRC/QPSK/OFDM,1,0,157,161,1288,644,14,28,1120,224,56,"p1br,seq=00039,frame_b=00161,bits=01288,qpsk=00644,ofdm=014,pad_q=00028,gap=0,ok=1","ldrtrk,seq=00039,pan=064.81,tilt=084.14,sun_pan=112.86,sun_tilt=030.37,err=72.10,state=track-pan,bv_mv=2977.4,bi_ma=-215.7,bp_mw=-642.2,bs=discharging",Orin unified LDR tracker and real BESS
2026-08-11T15:03:32.219578+00:00,1,,0,40,36,102.0,0.102,0.010404,trk,0,Standby,Shading detection waits for a locked tracker and positive power.,normal,,,54.807,-0.642551,0.642551,discharging,5.0696,9.25,track-pan,67.811,84.136,112.82,30.257,70.205,1,,,,,,,,,,,,CRC/QPSK/OFDM,1,0,157,161,1288,644,14,28,1120,224,56,"p1br,seq=00040,frame_b=00161,bits=01288,qpsk=00644,ofdm=014,pad_q=00028,gap=0,ok=1","ldrtrk,seq=00040,pan=067.81,tilt=084.14,sun_pan=112.82,sun_tilt=030.26,err=70.20,state=track-pan,bv_mv=2978.6,bi_ma=-215.7,bp_mw=-642.6,bs=discharging",Orin unified LDR tracker and real BESS
2026-08-11T15:03:32.729697+00:00,1,,0,41,38,102.0,0.102,0.010404,trk,0,Standby,Shading detection waits for a locked tracker and positive power.,normal,,,54.806,-0.641285,0.641285,discharging,5.0695,9.25,track-pan,70.811,84.136,112.929,30.174,68.453,1,,,,,,,,,,,,CRC/QPSK/OFDM,1,0,157,161,1288,644,14,28,1120,224,56,"p1br,seq=00041,frame_b=00161,bits=01288,qpsk=00644,ofdm=014,pad_q=00028,gap=0,ok=1","ldrtrk,seq=00041,pan=070.81,tilt=084.14,sun_pan=112.93,sun_tilt=030.17,err=68.45,state=track-pan,bv_mv=2978.6,bi_ma=-215.3,bp_mw=-641.3,bs=discharging",Orin unified LDR tracker and real BESS
2026-08-11T15:03:33.227442+00:00,1,,0,42,40,107.0,0.107,0.011449,trk,0,Standby,Shading detection waits for a locked tracker and positive power.,normal,,,54.805,-0.642551,0.642551,discharging,5.0695,9.25,track-pan,73.811,84.136,112.847,30.27,66.524,1,,,,,,,,,,,,CRC/QPSK/OFDM,1,0,157,161,1288,644,14,28,1120,224,56,"p1br,seq=00042,frame_b=00161,bits=01288,qpsk=00644,ofdm=014,pad_q=00028,gap=0,ok=1","ldrtrk,seq=00042,pan=073.81,tilt=084.14,sun_pan=112.85,sun_tilt=030.27,err=66.52,state=track-pan,bv_mv=2978.6,bi_ma=-215.7,bp_mw=-642.6,bs=discharging",Orin unified LDR tracker and real BESS
2026-08-11T15:03:33.738515+00:00,1,,0,43,42,98.0,0.098,0.009604,trk,0,Standby,Shading detection waits for a locked tracker and positive power.,normal,,,54.804,-0.642625,0.642625,discharging,5.0694,9.25,track-pan,76.811,84.136,112.849,30.068,64.977,1,,,,,,,,,,,,CRC/QPSK/OFDM,1,0,157,161,1288,644,14,28,1120,224,56,"p1br,seq=00043,frame_b=00161,bits=01288,qpsk=00644,ofdm=014,pad_q=00028,gap=0,ok=1","ldrtrk,seq=00043,pan=076.81,tilt=084.14,sun_pan=112.85,sun_tilt=030.07,err=64.98,state=track-pan,bv_mv=2978.6,bi_ma=-215.8,bp_mw=-642.6,bs=discharging",Orin unified LDR tracker and real BESS
2026-08-11T15:03:34.232957+00:00,1,,0,44,44,102.0,0.102,0.010404,trk,0,Standby,Shading detection waits for a locked tracker and positive power.,normal,,,54.803,-0.642592,0.642592,discharging,5.0693,9.25,track-pan,79.811,84.136,112.817,30.082,63.334,1,,,,,,,,,,,,CRC/QPSK/OFDM,1,0,157,161,1288,644,14,28,1120,224,56,"p1br,seq=00044,frame_b=00161,bits=01288,qpsk=00644,ofdm=014,pad_q=00028,gap=0,ok=1","ldrtrk,seq=00044,pan=079.81,tilt=084.14,sun_pan=112.82,sun_tilt=030.08,err=63.33,state=track-pan,bv_mv=2977.4,bi_ma=-215.8,bp_mw=-642.6,bs=discharging",Orin unified LDR tracker and real BESS
2026-08-11T15:03:34.745269+00:00,1,,0,45,46,102.0,0.102,0.010404,trk,0,Standby,Shading detection waits for a locked tracker and positive power.,normal,,,54.802,-0.642956,0.642956,discharging,5.0692,9.25,track-pan,82.811,84.136,112.872,29.981,61.939,1,,,,,,,,,,,,CRC/QPSK/OFDM,1,0,157,161,1288,644,14,28,1120,224,56,"p1br,seq=00045,frame_b=00161,bits=01288,qpsk=00644,ofdm=014,pad_q=00028,gap=0,ok=1","ldrtrk,seq=00045,pan=082.81,tilt=084.14,sun_pan=112.87,sun_tilt=029.98,err=61.94,state=track-pan,bv_mv=2979.8,bi_ma=-215.8,bp_mw=-643.0,bs=discharging",Orin unified LDR tracker and real BESS
2026-08-11T15:03:35.240580+00:00,1,,0,46,47,102.0,0.102,0.010404,trk,0,Standby,Shading detection waits for a locked tracker and positive power.,normal,,,54.801,-0.642848,0.642848,discharging,5.0691,9.25,track-pan,85.811,84.136,112.844,30.102,60.419,1,,,,,,,,,,,,CRC/QPSK/OFDM,1,0,157,161,1288,644,14,28,1120,224,56,"p1br,seq=00046,frame_b=00161,bits=01288,qpsk=00644,ofdm=014,pad_q=00028,gap=0,ok=1","ldrtrk,seq=00046,pan=085.81,tilt=084.14,sun_pan=112.84,sun_tilt=030.10,err=60.42,state=track-pan,bv_mv=2978.6,bi_ma=-215.8,bp_mw=-642.8,bs=discharging",Orin unified LDR tracker and real BESS
2026-08-11T15:03:35.751418+00:00,1,,0,47,49,102.0,0.102,0.010404,trk,0,Standby,Shading detection waits for a locked tracker and positive power.,normal,,,54.8,-0.642997,0.642997,discharging,5.069,9.25,track-pan,88.811,84.136,112.966,30.086,59.202,1,,,,,,,,,,,,CRC/QPSK/OFDM,1,0,157,161,1288,644,14,28,1120,224,56,"p1br,seq=00047,frame_b=00161,bits=01288,qpsk=00644,ofdm=014,pad_q=00028,gap=0,ok=1","ldrtrk,seq=00047,pan=088.81,tilt=084.14,sun_pan=112.97,sun_tilt=030.09,err=59.20,state=track-pan,bv_mv=2978.6,bi_ma=-215.9,bp_mw=-643.0,bs=discharging",Orin unified LDR tracker and real BESS
2026-08-11T15:03:36.263148+00:00,1,,0,48,51,102.0,0.102,0.010404,trk,0,Standby,Shading detection waits for a locked tracker and positive power.,normal,,,54.799,-0.642592,0.642592,discharging,5.0689,9.25,track-pan,91.811,84.136,112.934,30.167,57.956,1,,,,,,,,,,,,CRC/QPSK/OFDM,1,0,157,161,1288,644,14,28,1120,224,56,"p1br,seq=00048,frame_b=00161,bits=01288,qpsk=00644,ofdm=014,pad_q=00028,gap=0,ok=1","ldrtrk,seq=00048,pan=091.81,tilt=084.14,sun_pan=112.93,sun_tilt=030.17,err=57.96,state=track-pan,bv_mv=2977.4,bi_ma=-215.8,bp_mw=-642.6,bs=discharging",Orin unified LDR tracker and real BESS
2026-08-11T15:03:36.757984+00:00,1,,0,49,53,102.0,0.102,0.010404,trk,0,Standby,Shading detection waits for a locked tracker and positive power.,normal,,,54.798,-0.6427,0.6427,discharging,5.0688,9.25,track-pan,94.811,84.136,112.692,30.332,56.697,1,,,,,,,,,,,,CRC/QPSK/OFDM,1,0,157,161,1288,644,14,28,1120,224,56,"p1br,seq=00049,frame_b=00161,bits=01288,qpsk=00644,ofdm=014,pad_q=00028,gap=0,ok=1","ldrtrk,seq=00049,pan=094.81,tilt=084.14,sun_pan=112.69,sun_tilt=030.33,err=56.70,state=track-pan,bv_mv=2978.6,bi_ma=-215.8,bp_mw=-642.7,bs=discharging",Orin unified LDR tracker and real BESS
2026-08-11T15:03:37.270288+00:00,1,,0,50,55,102.0,0.102,0.010404,trk,0,Standby,Shading detection waits for a locked tracker and positive power.,normal,,,54.797,-0.642923,0.642923,discharging,5.0687,9.25,track-pan,97.811,84.136,112.925,30.154,56.058,1,,,,,,,,,,,,CRC/QPSK/OFDM,1,0,157,161,1288,644,14,28,1120,224,56,"p1br,seq=00050,frame_b=00161,bits=01288,qpsk=00644,ofdm=014,pad_q=00028,gap=0,ok=1","ldrtrk,seq=00050,pan=097.81,tilt=084.14,sun_pan=112.93,sun_tilt=030.15,err=56.06,state=track-pan,bv_mv=2978.6,bi_ma=-215.8,bp_mw=-642.9,bs=discharging",Orin unified LDR tracker and real BESS
2026-08-11T15:03:37.765457+00:00,1,,0,51,57,102.0,0.102,0.010404,trk,0,Standby,Shading detection waits for a locked tracker and positive power.,normal,,,54.796,-0.643072,0.643072,discharging,5.0686,9.25,track-pan,100.811,84.136,113.101,30.111,55.405,1,,,,,,,,,,,,CRC/QPSK/OFDM,1,0,157,161,1288,644,14,28,1120,224,56,"p1br,seq=00051,frame_b=00161,bits=01288,qpsk=00644,ofdm=014,pad_q=00028,gap=0,ok=1","ldrtrk,seq=00051,pan=100.81,tilt=084.14,sun_pan=113.10,sun_tilt=030.11,err=55.41,state=track-pan,bv_mv=2978.6,bi_ma=-215.9,bp_mw=-643.1,bs=discharging",Orin unified LDR tracker and real BESS
2026-08-11T15:03:38.276083+00:00,1,,0,52,59,102.0,0.102,0.010404,trk,0,Standby,Shading detection waits for a locked tracker and positive power.,normal,,,54.795,-0.64155,0.64155,discharging,5.0685,9.25,track-pan,103.811,84.136,113.149,30.098,54.839,1,,,,,,,,,,,,CRC/QPSK/OFDM,1,0,157,161,1288,644,14,28,1120,224,56,"p1br,seq=00052,frame_b=00161,bits=01288,qpsk=00644,ofdm=014,pad_q=00028,gap=0,ok=1","ldrtrk,seq=00052,pan=103.81,tilt=084.14,sun_pan=113.15,sun_tilt=030.10,err=54.84,state=track-pan,bv_mv=2977.4,bi_ma=-215.5,bp_mw=-641.5,bs=discharging",Orin unified LDR tracker and real BESS
2026-08-11T15:03:38.789498+00:00,1,,0,53,61,107.0,0.107,0.011449,trk,0,Standby,Shading detection waits for a locked tracker and positive power.,normal,,,54.794,-0.642518,0.642518,discharging,5.0684,9.25,track-pan,106.811,84.136,112.986,30.216,54.273,1,,,,,,,,,,,,CRC/QPSK/OFDM,1,0,157,161,1288,644,14,28,1120,224,56,"p1br,seq=00053,frame_b=00161,bits=01288,qpsk=00644,ofdm=014,pad_q=00028,gap=0,ok=1","ldrtrk,seq=00053,pan=106.81,tilt=084.14,sun_pan=112.99,sun_tilt=030.22,err=54.27,state=track-pan,bv_mv=2977.4,bi_ma=-215.8,bp_mw=-642.5,bs=discharging",Orin unified LDR tracker and real BESS
2026-08-11T15:03:39.284618+00:00,1,,0,54,62,107.0,0.107,0.011449,trk,0,Standby,Shading detection waits for a locked tracker and positive power.,normal,,,54.793,-0.64155,0.64155,discharging,5.0683,9.25,track-pan,109.811,84.136,112.963,30.282,53.946,1,,,,,,,,,,,,CRC/QPSK/OFDM,1,0,157,161,1288,644,14,28,1120,224,56,"p1br,seq=00054,frame_b=00161,bits=01288,qpsk=00644,ofdm=014,pad_q=00028,gap=0,ok=1","ldrtrk,seq=00054,pan=109.81,tilt=084.14,sun_pan=112.96,sun_tilt=030.28,err=53.95,state=track-pan,bv_mv=2977.4,bi_ma=-215.5,bp_mw=-641.5,bs=discharging",Orin unified LDR tracker and real BESS
2026-08-11T15:03:39.794905+00:00,1,,0,55,64,107.0,0.107,0.011449,trk,0,Standby,Shading detection waits for a locked tracker and positive power.,normal,,,54.792,-0.642923,0.642923,discharging,5.0682,9.25,track-pan,112.811,84.136,112.99,30.302,53.835,1,,,,,,,,,,,,CRC/QPSK/OFDM,1,0,157,161,1288,644,14,28,1120,224,56,"p1br,seq=00055,frame_b=00161,bits=01288,qpsk=00644,ofdm=014,pad_q=00028,gap=0,ok=1","ldrtrk,seq=00055,pan=112.81,tilt=084.14,sun_pan=112.99,sun_tilt=030.30,err=53.83,state=track-pan,bv_mv=2978.6,bi_ma=-215.8,bp_mw=-642.9,bs=discharging",Orin unified LDR tracker and real BESS
2026-08-11T15:03:40.289341+00:00,1,,0,56,64,107.0,0.107,0.011449,trk,0,Standby,Shading detection waits for a locked tracker and positive power.,normal,,,54.791,-0.642848,0.642848,discharging,5.0681,9.25,track-tilt,112.811,84.136,112.752,30.293,53.843,1,,,,,,,,,,,,CRC/QPSK/OFDM,1,0,157,161,1288,644,14,28,1120,224,56,"p1br,seq=00056,frame_b=00161,bits=01288,qpsk=00644,ofdm=014,pad_q=00028,gap=0,ok=1","ldrtrk,seq=00056,pan=112.81,tilt=084.14,sun_pan=112.75,sun_tilt=030.29,err=53.84,state=track-tilt,bv_mv=2978.6,bi_ma=-215.8,bp_mw=-642.8,bs=discharging",Orin unified LDR tracker and real BESS
2026-08-11T15:03:40.802217+00:00,1,,0,57,64,102.0,0.102,0.010404,trk,0,Standby,Shading detection waits for a locked tracker and positive power.,normal,,,54.789,-0.642997,0.642997,discharging,5.068,9.25,track-tilt,112.811,81.136,113.192,30.145,50.993,1,,,,,,,,,,,,CRC/QPSK/OFDM,1,0,157,161,1288,644,14,28,1120,224,56,"p1br,seq=00057,frame_b=00161,bits=01288,qpsk=00644,ofdm=014,pad_q=00028,gap=0,ok=1","ldrtrk,seq=00057,pan=112.81,tilt=081.14,sun_pan=113.19,sun_tilt=030.14,err=50.99,state=track-tilt,bv_mv=2978.6,bi_ma=-215.9,bp_mw=-643.0,bs=discharging",Orin unified LDR tracker and real BESS
2026-08-11T15:03:41.313367+00:00,1,,0,58,64,111.0,0.111,0.012321,trk,0,Standby,Shading detection waits for a locked tracker and positive power.,normal,,,54.788,-0.64289,0.64289,discharging,5.0679,9.25,track-tilt,112.811,78.136,113.062,30.089,48.048,1,,,,,,,,,,,,CRC/QPSK/OFDM,1,0,157,161,1288,644,14,28,1120,224,56,"p1br,seq=00058,frame_b=00161,bits=01288,qpsk=00644,ofdm=014,pad_q=00028,gap=0,ok=1","ldrtrk,seq=00058,pan=112.81,tilt=078.14,sun_pan=113.06,sun_tilt=030.09,err=48.05,state=track-tilt,bv_mv=2977.4,bi_ma=-215.9,bp_mw=-642.9,bs=discharging",Orin unified LDR tracker and real BESS
2026-08-11T15:03:41.809932+00:00,1,,0,59,64,116.0,0.116,0.013456,trk,0,Standby,Shading detection waits for a locked tracker and positive power.,normal,,,54.787,-0.642964,0.642964,discharging,5.0678,9.25,track-tilt,112.811,75.136,113.191,30.179,44.959,1,,,,,,,,,,,,CRC/QPSK/OFDM,1,0,157,161,1288,644,14,28,1120,224,56,"p1br,seq=00059,frame_b=00161,bits=01288,qpsk=00644,ofdm=014,pad_q=00028,gap=0,ok=1","ldrtrk,seq=00059,pan=112.81,tilt=075.14,sun_pan=113.19,sun_tilt=030.18,err=44.96,state=track-tilt,bv_mv=2977.4,bi_ma=-215.9,bp_mw=-643.0,bs=discharging",Orin unified LDR tracker and real BESS
2026-08-11T15:05:32.969834+00:00,1,,0,0,50,84.0,0.084,0.007056,trk,0,Standby,Shading detection waits for a locked tracker and positive power.,normal,,,55.0,-0.638008,0.638008,discharging,5.0875,9.25,track-pan,90.0,90.0,125.477,102.389,37.578,1,,,,,,,,,,,,CRC/QPSK/OFDM,1,0,157,161,1288,644,14,28,1120,224,56,"p1br,seq=00000,frame_b=00161,bits=01288,qpsk=00644,ofdm=014,pad_q=00028,gap=0,ok=1","ldrtrk,seq=00000,pan=090.00,tilt=090.00,sun_pan=125.48,sun_tilt=102.39,err=37.58,state=track-pan,bv_mv=2978.6,bi_ma=-214.2,bp_mw=-638.0,bs=discharging",Orin unified LDR tracker and real BESS
2026-08-11T15:05:33.393581+00:00,1,,0,1,52,93.0,0.093,0.008649,trk,0,Standby,Shading detection waits for a locked tracker and positive power.,normal,,,54.999,-0.638083,0.638083,discharging,5.0874,9.25,track-pan,93.0,90.0,131.466,98.388,39.37,1,,,,,,,,,,,,CRC/QPSK/OFDM,1,0,157,161,1288,644,14,28,1120,224,56,"p1br,seq=00001,frame_b=00161,bits=01288,qpsk=00644,ofdm=014,pad_q=00028,gap=0,ok=1","ldrtrk,seq=00001,pan=093.00,tilt=090.00,sun_pan=131.47,sun_tilt=098.39,err=39.37,state=track-pan,bv_mv=2978.6,bi_ma=-214.2,bp_mw=-638.1,bs=discharging",Orin unified LDR tracker and real BESS
2026-08-11T15:05:33.888959+00:00,1,,0,2,54,93.0,0.093,0.008649,trk,0,Standby,Shading detection waits for a locked tracker and positive power.,normal,,,54.998,-0.637425,0.637425,discharging,5.0873,9.25,track-pan,96.0,90.0,125.971,97.697,30.944,1,,,,,,,,,,,,CRC/QPSK/OFDM,1,0,157,161,1288,644,14,28,1120,224,56,"p1br,seq=00002,frame_b=00161,bits=01288,qpsk=00644,ofdm=014,pad_q=00028,gap=0,ok=1","ldrtrk,seq=00002,pan=096.00,tilt=090.00,sun_pan=125.97,sun_tilt=097.70,err=30.94,state=track-pan,bv_mv=2976.2,bi_ma=-214.2,bp_mw=-637.4,bs=discharging",Orin unified LDR tracker and real BESS
2026-08-11T15:05:34.399677+00:00,1,,0,3,56,89.0,0.089,0.007921,trk,0,Standby,Shading detection waits for a locked tracker and positive power.,normal,,,54.997,-0.638008,0.638008,discharging,5.0872,9.25,track-pan,99.0,90.0,118.192,100.109,21.692,1,,,,,,,,,,,,CRC/QPSK/OFDM,1,0,157,161,1288,644,14,28,1120,224,56,"p1br,seq=00003,frame_b=00161,bits=01288,qpsk=00644,ofdm=014,pad_q=00028,gap=0,ok=1","ldrtrk,seq=00003,pan=099.00,tilt=090.00,sun_pan=118.19,sun_tilt=100.11,err=21.69,state=track-pan,bv_mv=2978.6,bi_ma=-214.2,bp_mw=-638.0,bs=discharging",Orin unified LDR tracker and real BESS
2026-08-11T15:05:34.895716+00:00,1,,0,4,58,89.0,0.089,0.007921,trk,0,Standby,Shading detection waits for a locked tracker and positive power.,normal,,,54.996,-0.636891,0.636891,discharging,5.0871,9.25,track-pan,102.0,90.0,117.393,100.407,18.581,1,,,,,,,,,,,,CRC/QPSK/OFDM,1,0,157,161,1288,644,14,28,1120,224,56,"p1br,seq=00004,frame_b=00161,bits=01288,qpsk=00644,ofdm=014,pad_q=00028,gap=0,ok=1","ldrtrk,seq=00004,pan=102.00,tilt=090.00,sun_pan=117.39,sun_tilt=100.41,err=18.58,state=track-pan,bv_mv=2978.6,bi_ma=-213.8,bp_mw=-636.9,bs=discharging",Orin unified LDR tracker and real BESS
2026-08-11T15:05:35.406718+00:00,1,,0,5,59,93.0,0.093,0.008649,trk,0,Standby,Shading detection waits for a locked tracker and positive power.,normal,,,54.995,-0.637679,0.637679,discharging,5.087,9.25,track-pan,105.0,90.0,114.461,99.136,13.152,1,,,,,,,,,,,,CRC/QPSK/OFDM,1,0,157,161,1288,644,14,28,1120,224,56,"p1br,seq=00005,frame_b=00161,bits=01288,qpsk=00644,ofdm=014,pad_q=00028,gap=0,ok=1","ldrtrk,seq=00005,pan=105.00,tilt=090.00,sun_pan=114.46,sun_tilt=099.14,err=13.15,state=track-pan,bv_mv=2977.4,bi_ma=-214.2,bp_mw=-637.7,bs=discharging",Orin unified LDR tracker and real BESS
2026-08-11T15:05:35.918074+00:00,1,,0,6,61,93.0,0.093,0.008649,trk,0,Standby,Shading detection waits for a locked tracker and positive power.,normal,,,54.994,-0.637605,0.637605,discharging,5.0869,9.25,track-pan,108.0,90.0,113.785,100.741,12.2,1,,,,,,,,,,,,CRC/QPSK/OFDM,1,0,157,161,1288,644,14,28,1120,224,56,"p1br,seq=00006,frame_b=00161,bits=01288,qpsk=00644,ofdm=014,pad_q=00028,gap=0,ok=1","ldrtrk,seq=00006,pan=108.00,tilt=090.00,sun_pan=113.78,sun_tilt=100.74,err=12.20,state=track-pan,bv_mv=2977.4,bi_ma=-214.2,bp_mw=-637.6,bs=discharging",Orin unified LDR tracker and real BESS
2026-08-11T15:05:36.414735+00:00,1,,0,7,63,93.0,0.093,0.008649,trk,0,Standby,Shading detection waits for a locked tracker and positive power.,normal,,,54.993,-0.63771,0.63771,discharging,5.0869,9.25,track-pan,111.0,90.0,115.115,98.725,9.647,1,,,,,,,,,,,,CRC/QPSK/OFDM,1,0,157,161,1288,644,14,28,1120,224,56,"p1br,seq=00007,frame_b=00161,bits=01288,qpsk=00644,ofdm=014,pad_q=00028,gap=0,ok=1","ldrtrk,seq=00007,pan=111.00,tilt=090.00,sun_pan=115.11,sun_tilt=098.73,err=09.65,state=track-pan,bv_mv=2978.6,bi_ma=-214.1,bp_mw=-637.7,bs=discharging",Orin unified LDR tracker and real BESS
2026-08-11T15:05:36.925199+00:00,1,,0,8,65,93.0,0.093,0.008649,trk,0,Standby,Shading detection waits for a locked tracker and positive power.,normal,,,54.992,-0.637425,0.637425,discharging,5.0868,9.25,track-pan,113.221,90.0,113.221,99.275,9.275,1,,,,,,,,,,,,CRC/QPSK/OFDM,1,0,157,161,1288,644,14,28,1120,224,56,"p1br,seq=00008,frame_b=00161,bits=01288,qpsk=00644,ofdm=014,pad_q=00028,gap=0,ok=1","ldrtrk,seq=00008,pan=113.22,tilt=090.00,sun_pan=113.22,sun_tilt=099.27,err=09.27,state=track-pan,bv_mv=2976.2,bi_ma=-214.2,bp_mw=-637.4,bs=discharging",Orin unified LDR tracker and real BESS
2026-08-11T15:05:37.420073+00:00,1,,0,9,65,93.0,0.093,0.008649,trk,0,Standby,Shading detection waits for a locked tracker and positive power.,normal,,,54.991,-0.63771,0.63771,discharging,5.0867,9.25,track-tilt,113.221,90.0,110.991,100.213,10.454,1,,,,,,,,,,,,CRC/QPSK/OFDM,1,0,157,161,1288,644,14,28,1120,224,56,"p1br,seq=00009,frame_b=00161,bits=01288,qpsk=00644,ofdm=014,pad_q=00028,gap=0,ok=1","ldrtrk,seq=00009,pan=113.22,tilt=090.00,sun_pan=110.99,sun_tilt=100.21,err=10.45,state=track-tilt,bv_mv=2978.6,bi_ma=-214.1,bp_mw=-637.7,bs=discharging",Orin unified LDR tracker and real BESS
2026-08-11T15:05:37.933153+00:00,1,,0,10,65,98.0,0.098,0.009604,trk,0,Standby,Shading detection waits for a locked tracker and positive power.,normal,,,54.99,-0.636414,0.636414,discharging,5.0866,9.25,track-tilt,113.221,93.0,108.803,101.294,9.397,1,,,,,,,,,,,,CRC/QPSK/OFDM,1,0,157,161,1288,644,14,28,1120,224,56,"p1br,seq=00010,frame_b=00161,bits=01288,qpsk=00644,ofdm=014,pad_q=00028,gap=0,ok=1","ldrtrk,seq=00010,pan=113.22,tilt=093.00,sun_pan=108.80,sun_tilt=101.29,err=09.40,state=track-tilt,bv_mv=2977.4,bi_ma=-213.8,bp_mw=-636.4,bs=discharging",Orin unified LDR tracker and real BESS
2026-08-11T15:05:38.429163+00:00,1,,0,11,65,102.0,0.102,0.010404,trk,0,Standby,Shading detection waits for a locked tracker and positive power.,normal,,,54.989,-0.637456,0.637456,discharging,5.0865,9.25,track-tilt,113.221,96.0,108.967,101.259,6.764,1,,,,,,,,,,,,CRC/QPSK/OFDM,1,0,157,161,1288,644,14,28,1120,224,56,"p1br,seq=00011,frame_b=00161,bits=01288,qpsk=00644,ofdm=014,pad_q=00028,gap=0,ok=1","ldrtrk,seq=00011,pan=113.22,tilt=096.00,sun_pan=108.97,sun_tilt=101.26,err=06.76,state=track-tilt,bv_mv=2977.4,bi_ma=-214.1,bp_mw=-637.5,bs=discharging",Orin unified LDR tracker and real BESS
2026-08-11T15:05:38.938566+00:00,1,,0,12,65,102.0,0.102,0.010404,trk,0,Standby,Shading detection waits for a locked tracker and positive power.,normal,,,54.988,-0.636489,0.636489,discharging,5.0864,9.25,track-tilt,113.221,99.0,109.197,100.917,4.456,1,,,,,,,,,,,,CRC/QPSK/OFDM,1,0,157,161,1288,644,14,28,1120,224,56,"p1br,seq=00012,frame_b=00161,bits=01288,qpsk=00644,ofdm=014,pad_q=00028,gap=0,ok=1","ldrtrk,seq=00012,pan=113.22,tilt=099.00,sun_pan=109.20,sun_tilt=100.92,err=04.46,state=track-tilt,bv_mv=2977.4,bi_ma=-213.8,bp_mw=-636.5,bs=discharging",Orin unified LDR tracker and real BESS
2026-08-11T15:05:39.451050+00:00,1,,0,13,65,98.0,0.098,0.009604,trk,0,Standby,Shading detection waits for a locked tracker and positive power.,normal,,,54.987,-0.637562,0.637562,discharging,5.0863,9.25,track-tilt,113.221,101.282,109.508,101.282,3.713,1,,,,,,,,,,,,CRC/QPSK/OFDM,1,0,157,161,1288,644,14,28,1120,224,56,"p1br,seq=00013,frame_b=00161,bits=01288,qpsk=00644,ofdm=014,pad_q=00028,gap=0,ok=1","ldrtrk,seq=00013,pan=113.22,tilt=101.28,sun_pan=109.51,sun_tilt=101.28,err=03.71,state=track-tilt,bv_mv=2978.6,bi_ma=-214.1,bp_mw=-637.6,bs=discharging",Orin unified LDR tracker and real BESS
2026-08-11T15:05:39.946008+00:00,1,,0,14,65,102.0,0.102,0.010404,trk,0,Standby,Shading detection waits for a locked tracker and positive power.,normal,,,54.986,-0.637233,0.637233,discharging,5.0862,9.25,track-pan,113.221,101.282,109.202,99.931,4.239,1,,,,,,,,,,,,CRC/QPSK/OFDM,1,0,157,161,1288,644,14,28,1120,224,56,"p1br,seq=00014,frame_b=00161,bits=01288,qpsk=00644,ofdm=014,pad_q=00028,gap=0,ok=1","ldrtrk,seq=00014,pan=113.22,tilt=101.28,sun_pan=109.20,sun_tilt=099.93,err=04.24,state=track-pan,bv_mv=2977.4,bi_ma=-214.0,bp_mw=-637.2,bs=discharging",Orin unified LDR tracker and real BESS
2026-08-11T15:05:40.457647+00:00,1,,0,15,63,102.0,0.102,0.010404,trk,0,Standby,Shading detection waits for a locked tracker and positive power.,normal,,,54.985,-0.637084,0.637084,discharging,5.0861,9.25,track-pan,110.221,101.282,106.859,99.507,3.802,1,,,,,,,,,,,,CRC/QPSK/OFDM,1,0,157,161,1288,644,14,28,1120,224,56,"p1br,seq=00015,frame_b=00161,bits=01288,qpsk=00644,ofdm=014,pad_q=00028,gap=0,ok=1","ldrtrk,seq=00015,pan=110.22,tilt=101.28,sun_pan=106.86,sun_tilt=099.51,err=03.80,state=track-pan,bv_mv=2977.4,bi_ma=-214.0,bp_mw=-637.1,bs=discharging",Orin unified LDR tracker and real BESS
2026-08-11T15:05:40.953981+00:00,1,,0,16,61,102.0,0.102,0.010404,trk,0,Standby,Shading detection waits for a locked tracker and positive power.,normal,,,54.984,-0.637382,0.637382,discharging,5.086,9.25,track-pan,107.221,101.282,103.495,99.868,3.985,1,,,,,,,,,,,,CRC/QPSK/OFDM,1,0,157,161,1288,644,14,28,1120,224,56,"p1br,seq=00016,frame_b=00161,bits=01288,qpsk=00644,ofdm=014,pad_q=00028,gap=0,ok=1","ldrtrk,seq=00016,pan=107.22,tilt=101.28,sun_pan=103.50,sun_tilt=099.87,err=03.98,state=track-pan,bv_mv=2977.4,bi_ma=-214.1,bp_mw=-637.4,bs=discharging",Orin unified LDR tracker and real BESS
2026-08-11T15:05:41.465688+00:00,1,,0,17,59,107.0,0.107,0.011449,trk,0,Standby,Shading detection waits for a locked tracker and positive power.,normal,,,54.983,-0.637233,0.637233,discharging,5.0859,9.25,track-pan,104.221,101.282,100.974,103.117,3.73,1,,,,,,,,,,,,CRC/QPSK/OFDM,1,0,157,161,1288,644,14,28,1120,224,56,"p1br,seq=00017,frame_b=00161,bits=01288,qpsk=00644,ofdm=014,pad_q=00028,gap=0,ok=1","ldrtrk,seq=00017,pan=104.22,tilt=101.28,sun_pan=100.97,sun_tilt=103.12,err=03.73,state=track-pan,bv_mv=2977.4,bi_ma=-214.0,bp_mw=-637.2,bs=discharging",Orin unified LDR tracker and real BESS
2026-08-11T15:05:41.975301+00:00,1,,0,18,57,102.0,0.102,0.010404,trk,0,Standby,Shading detection waits for a locked tracker and positive power.,normal,,,54.982,-0.636979,0.636979,discharging,5.0858,9.25,track-pan,101.221,101.282,100.043,105.56,4.437,1,,,,,,,,,,,,CRC/QPSK/OFDM,1,0,157,161,1288,644,14,28,1120,224,56,"p1br,seq=00018,frame_b=00161,bits=01288,qpsk=00644,ofdm=014,pad_q=00028,gap=0,ok=1","ldrtrk,seq=00018,pan=101.22,tilt=101.28,sun_pan=100.04,sun_tilt=105.56,err=04.44,state=track-pan,bv_mv=2976.2,bi_ma=-214.0,bp_mw=-637.0,bs=discharging",Orin unified LDR tracker and real BESS
2026-08-11T15:05:42.472421+00:00,1,,0,19,57,107.0,0.107,0.011449,trk,0,Standby,Shading detection waits for a locked tracker and positive power.,normal,,,54.981,-0.63701,0.63701,discharging,5.0857,9.25,track-tilt,101.221,101.282,100.678,105.671,4.422,1,,,,,,,,,,,,CRC/QPSK/OFDM,1,0,157,161,1288,644,14,28,1120,224,56,"p1br,seq=00019,frame_b=00161,bits=01288,qpsk=00644,ofdm=014,pad_q=00028,gap=0,ok=1","ldrtrk,seq=00019,pan=101.22,tilt=101.28,sun_pan=100.68,sun_tilt=105.67,err=04.42,state=track-tilt,bv_mv=2977.4,bi_ma=-213.9,bp_mw=-637.0,bs=discharging",Orin unified LDR tracker and real BESS
2026-08-11T15:05:42.983062+00:00,1,,0,20,57,107.0,0.107,0.011449,trk,0,Standby,Shading detection waits for a locked tracker and positive power.,normal,,,54.98,-0.637084,0.637084,discharging,5.0856,9.25,track-tilt,101.221,104.282,100.812,105.64,1.418,1,,,,,,,,,,,,CRC/QPSK/OFDM,1,0,157,161,1288,644,14,28,1120,224,56,"p1br,seq=00020,frame_b=00161,bits=01288,qpsk=00644,ofdm=014,pad_q=00028,gap=0,ok=1","ldrtrk,seq=00020,pan=101.22,tilt=104.28,sun_pan=100.81,sun_tilt=105.64,err=01.42,state=track-tilt,bv_mv=2977.4,bi_ma=-214.0,bp_mw=-637.1,bs=discharging",Orin unified LDR tracker and real BESS
2026-08-11T15:05:43.479436+00:00,1,,0,21,57,111.0,0.111,0.012321,trk,0,Standby,Shading detection waits for a locked tracker and positive power.,normal,,,54.979,-0.636979,0.636979,discharging,5.0855,9.25,track-tilt,101.221,106.787,100.652,106.787,0.568,1,,,,,,,,,,,,CRC/QPSK/OFDM,1,0,157,161,1288,644,14,28,1120,224,56,"p1br,seq=00021,frame_b=00161,bits=01288,qpsk=00644,ofdm=014,pad_q=00028,gap=0,ok=1","ldrtrk,seq=00021,pan=101.22,tilt=106.79,sun_pan=100.65,sun_tilt=106.79,err=00.57,state=track-tilt,bv_mv=2976.2,bi_ma=-214.0,bp_mw=-637.0,bs=discharging",Orin unified LDR tracker and real BESS
2026-08-11T15:05:43.991245+00:00,1,,0,22,57,107.0,0.107,0.011449,trk,0,Learning,Learning locked-state shading baseline (1/8).,normal,,,54.978,-0.637264,0.637264,discharging,5.0854,9.25,locked,101.221,106.787,100.817,107.286,0.642,1,,,,,,,,,,,,CRC/QPSK/OFDM,1,0,157,161,1288,644,14,28,1120,224,56,"p1br,seq=00022,frame_b=00161,bits=01288,qpsk=00644,ofdm=014,pad_q=00028,gap=0,ok=1","ldrtrk,seq=00022,pan=101.22,tilt=106.79,sun_pan=100.82,sun_tilt=107.29,err=00.64,state=locked,bv_mv=2978.6,bi_ma=-213.9,bp_mw=-637.3,bs=discharging",Orin unified LDR tracker and real BESS
2026-08-11T15:05:44.500497+00:00,1,,0,23,57,107.0,0.107,0.011449,trk,0,Standby,Shading detection waits for a locked tracker and positive power.,normal,,,54.977,-0.637338,0.637338,discharging,5.0854,9.25,track-tilt,101.221,106.787,101.456,110.175,3.396,1,,,,,,,,,,,,CRC/QPSK/OFDM,1,0,157,161,1288,644,14,28,1120,224,56,"p1br,seq=00023,frame_b=00161,bits=01288,qpsk=00644,ofdm=014,pad_q=00028,gap=0,ok=1","ldrtrk,seq=00023,pan=101.22,tilt=106.79,sun_pan=101.46,sun_tilt=110.17,err=03.40,state=track-tilt,bv_mv=2978.6,bi_ma=-214.0,bp_mw=-637.3,bs=discharging",Orin unified LDR tracker and real BESS
2026-08-11T15:05:44.998843+00:00,1,,0,24,57,107.0,0.107,0.011449,trk,0,Standby,Shading detection waits for a locked tracker and positive power.,normal,,,54.976,-0.637413,0.637413,discharging,5.0853,9.25,track-tilt,101.221,109.787,100.93,110.866,1.118,1,,,,,,,,,,,,CRC/QPSK/OFDM,1,0,157,161,1288,644,14,28,1120,224,56,"p1br,seq=00024,frame_b=00161,bits=01288,qpsk=00644,ofdm=014,pad_q=00028,gap=0,ok=1","ldrtrk,seq=00024,pan=101.22,tilt=109.79,sun_pan=100.93,sun_tilt=110.87,err=01.12,state=track-tilt,bv_mv=2978.6,bi_ma=-214.0,bp_mw=-637.4,bs=discharging",Orin unified LDR tracker and real BESS
2026-08-11T15:05:45.506645+00:00,1,,0,25,57,107.0,0.107,0.011449,trk,0,Learning,Learning locked-state shading baseline (2/8).,normal,,,54.975,-0.637667,0.637667,discharging,5.0852,9.25,locked,101.221,109.787,101.31,110.647,0.865,1,,,,,,,,,,,,CRC/QPSK/OFDM,1,0,157,161,1288,644,14,28,1120,224,56,"p1br,seq=00025,frame_b=00161,bits=01288,qpsk=00644,ofdm=014,pad_q=00028,gap=0,ok=1","ldrtrk,seq=00025,pan=101.22,tilt=109.79,sun_pan=101.31,sun_tilt=110.65,err=00.86,state=locked,bv_mv=2979.8,bi_ma=-214.0,bp_mw=-637.7,bs=discharging",Orin unified LDR tracker and real BESS
2026-08-11T15:05:46.003665+00:00,1,,0,26,57,107.0,0.107,0.011449,trk,0,Standby,Shading detection waits for a locked tracker and positive power.,normal,,,54.974,-0.637158,0.637158,discharging,5.0851,9.25,track-tilt,101.221,109.787,100.817,111.26,1.528,1,,,,,,,,,,,,CRC/QPSK/OFDM,1,0,157,161,1288,644,14,28,1120,224,56,"p1br,seq=00026,frame_b=00161,bits=01288,qpsk=00644,ofdm=014,pad_q=00028,gap=0,ok=1","ldrtrk,seq=00026,pan=101.22,tilt=109.79,sun_pan=100.82,sun_tilt=111.26,err=01.53,state=track-tilt,bv_mv=2977.4,bi_ma=-214.0,bp_mw=-637.2,bs=discharging",Orin unified LDR tracker and real BESS
2026-08-11T15:05:46.517814+00:00,1,,0,27,57,107.0,0.107,0.011449,trk,0,Standby,Shading detection waits for a locked tracker and positive power.,normal,,,54.973,-0.637158,0.637158,discharging,5.085,9.25,track-tilt,101.221,111.306,100.877,111.306,0.343,1,,,,,,,,,,,,CRC/QPSK/OFDM,1,0,157,161,1288,644,14,28,1120,224,56,"p1br,seq=00027,frame_b=00161,bits=01288,qpsk=00644,ofdm=014,pad_q=00028,gap=0,ok=1","ldrtrk,seq=00027,pan=101.22,tilt=111.31,sun_pan=100.88,sun_tilt=111.31,err=00.34,state=track-tilt,bv_mv=2977.4,bi_ma=-214.0,bp_mw=-637.2,bs=discharging",Orin unified LDR tracker and real BESS
2026-08-11T15:05:47.010133+00:00,1,,0,28,57,107.0,0.107,0.011449,trk,0,Learning,Learning locked-state shading baseline (3/8).,normal,,,54.972,-0.637189,0.637189,discharging,5.0849,9.25,locked,101.221,111.306,100.418,111.316,0.803,1,,,,,,,,,,,,CRC/QPSK/OFDM,1,0,157,161,1288,644,14,28,1120,224,56,"p1br,seq=00028,frame_b=00161,bits=01288,qpsk=00644,ofdm=014,pad_q=00028,gap=0,ok=1","ldrtrk,seq=00028,pan=101.22,tilt=111.31,sun_pan=100.42,sun_tilt=111.32,err=00.80,state=locked,bv_mv=2978.6,bi_ma=-213.9,bp_mw=-637.2,bs=discharging",Orin unified LDR tracker and real BESS
2026-08-11T15:05:47.523100+00:00,1,,0,29,57,107.0,0.107,0.011449,trk,0,Standby,Shading detection waits for a locked tracker and positive power.,normal,,,54.971,-0.63701,0.63701,discharging,5.0848,9.25,track-tilt,101.221,111.306,100.452,110.256,1.301,1,,,,,,,,,,,,CRC/QPSK/OFDM,1,0,157,161,1288,644,14,28,1120,224,56,"p1br,seq=00029,frame_b=00161,bits=01288,qpsk=00644,ofdm=014,pad_q=00028,gap=0,ok=1","ldrtrk,seq=00029,pan=101.22,tilt=111.31,sun_pan=100.45,sun_tilt=110.26,err=01.30,state=track-tilt,bv_mv=2977.4,bi_ma=-213.9,bp_mw=-637.0,bs=discharging",Orin unified LDR tracker and real BESS
2026-08-11T15:05:48.034245+00:00,1,,0,30,57,111.0,0.111,0.012321,trk,0,Standby,Shading detection waits for a locked tracker and positive power.,normal,,,54.97,-0.636042,0.636042,discharging,5.0847,9.25,track-tilt,101.221,109.836,100.371,109.836,0.85,1,,,,,,,,,,,,CRC/QPSK/OFDM,1,0,157,161,1288,644,14,28,1120,224,56,"p1br,seq=00030,frame_b=00161,bits=01288,qpsk=00644,ofdm=014,pad_q=00028,gap=0,ok=1","ldrtrk,seq=00030,pan=101.22,tilt=109.84,sun_pan=100.37,sun_tilt=109.84,err=00.85,state=track-tilt,bv_mv=2977.4,bi_ma=-213.6,bp_mw=-636.0,bs=discharging",Orin unified LDR tracker and real BESS
2026-08-11T15:05:48.530546+00:00,1,,0,31,57,129.0,0.129,0.016641,trk,0,Standby,Shading detection waits for a locked tracker and positive power.,normal,,,54.969,-0.636935,0.636935,discharging,5.0846,9.25,track-tilt,101.221,106.836,103.748,96.453,10.687,1,,,,,,,,,,,,CRC/QPSK/OFDM,1,0,157,161,1288,644,14,28,1120,224,56,"p1br,seq=00031,frame_b=00161,bits=01288,qpsk=00644,ofdm=014,pad_q=00028,gap=0,ok=1","ldrtrk,seq=00031,pan=101.22,tilt=106.84,sun_pan=103.75,sun_tilt=096.45,err=10.69,state=track-tilt,bv_mv=2977.4,bi_ma=-213.9,bp_mw=-636.9,bs=discharging",Orin unified LDR tracker and real BESS
2026-08-11T15:05:49.042032+00:00,1,,0,32,57,232.0,0.232,0.053824,trk,0,Standby,Shading detection waits for a locked tracker and positive power.,normal,,,54.968,-0.636935,0.636935,discharging,5.0845,9.25,track-tilt,101.221,103.836,95.935,94.634,10.612,1,,,,,,,,,,,,CRC/QPSK/OFDM,1,0,157,161,1288,644,14,28,1120,224,56,"p1br,seq=00032,frame_b=00161,bits=01288,qpsk=00644,ofdm=014,pad_q=00028,gap=0,ok=1","ldrtrk,seq=00032,pan=101.22,tilt=103.84,sun_pan=095.94,sun_tilt=094.63,err=10.61,state=track-tilt,bv_mv=2977.4,bi_ma=-213.9,bp_mw=-636.9,bs=discharging",Orin unified LDR tracker and real BESS
2026-08-11T15:05:49.537366+00:00,1,,0,33,57,241.0,0.241,0.058081,trk,0,Standby,Shading detection waits for a locked tracker and positive power.,normal,,,54.967,-0.637084,0.637084,discharging,5.0844,9.25,track-pan,101.221,103.836,10.0,141.008,98.503,1,,,,,,,,,,,,CRC/QPSK/OFDM,1,0,157,161,1288,644,14,28,1120,224,56,"p1br,seq=00033,frame_b=00161,bits=01288,qpsk=00644,ofdm=014,pad_q=00028,gap=0,ok=1","ldrtrk,seq=00033,pan=101.22,tilt=103.84,sun_pan=010.00,sun_tilt=141.01,err=98.50,state=track-pan,bv_mv=2977.4,bi_ma=-214.0,bp_mw=-637.1,bs=discharging",Orin unified LDR tracker and real BESS
2026-08-11T15:05:50.046789+00:00,1,,0,34,57,236.0,0.236,0.055696,trk,0,Standby,Shading detection waits for a locked tracker and positive power.,normal,,,54.966,-0.637487,0.637487,discharging,5.0843,9.25,track-tilt,101.221,103.836,146.901,57.11,65.346,1,,,,,,,,,,,,CRC/QPSK/OFDM,1,0,157,161,1288,644,14,28,1120,224,56,"p1br,seq=00034,frame_b=00161,bits=01288,qpsk=00644,ofdm=014,pad_q=00028,gap=0,ok=1","ldrtrk,seq=00034,pan=101.22,tilt=103.84,sun_pan=146.90,sun_tilt=057.11,err=65.35,state=track-tilt,bv_mv=2978.6,bi_ma=-214.0,bp_mw=-637.5,bs=discharging",Orin unified LDR tracker and real BESS
2026-08-11T15:05:50.559195+00:00,1,,0,35,57,245.0,0.245,0.060025,trk,0,Standby,Shading detection waits for a locked tracker and positive power.,normal,,,54.965,-0.637158,0.637158,discharging,5.0842,9.25,track-tilt,101.221,100.836,149.928,56.38,65.945,1,,,,,,,,,,,,CRC/QPSK/OFDM,1,0,157,161,1288,644,14,28,1120,224,56,"p1br,seq=00035,frame_b=00161,bits=01288,qpsk=00644,ofdm=014,pad_q=00028,gap=0,ok=1","ldrtrk,seq=00035,pan=101.22,tilt=100.84,sun_pan=149.93,sun_tilt=056.38,err=65.95,state=track-tilt,bv_mv=2977.4,bi_ma=-214.0,bp_mw=-637.2,bs=discharging",Orin unified LDR tracker and real BESS
2026-08-11T15:05:51.054734+00:00,1,,0,36,57,263.0,0.263,0.069169,trk,0,Standby,Shading detection waits for a locked tracker and positive power.,normal,,,54.964,-0.637053,0.637053,discharging,5.0841,9.25,track-tilt,101.221,97.836,150.301,56.352,64.264,1,,,,,,,,,,,,CRC/QPSK/OFDM,1,0,157,161,1288,644,14,28,1120,224,56,"p1br,seq=00036,frame_b=00161,bits=01288,qpsk=00644,ofdm=014,pad_q=00028,gap=0,ok=1","ldrtrk,seq=00036,pan=101.22,tilt=097.84,sun_pan=150.30,sun_tilt=056.35,err=64.26,state=track-tilt,bv_mv=2976.2,bi_ma=-214.1,bp_mw=-637.1,bs=discharging",Orin unified LDR tracker and real BESS
2026-08-11T15:05:51.565248+00:00,1,,0,37,57,272.0,0.272,0.073984,trk,0,Standby,Shading detection waits for a locked tracker and positive power.,normal,,,54.963,-0.637307,0.637307,discharging,5.084,9.25,track-tilt,101.221,94.836,160.185,52.243,72.739,1,,,,,,,,,,,,CRC/QPSK/OFDM,1,0,157,161,1288,644,14,28,1120,224,56,"p1br,seq=00037,frame_b=00161,bits=01288,qpsk=00644,ofdm=014,pad_q=00028,gap=0,ok=1","ldrtrk,seq=00037,pan=101.22,tilt=094.84,sun_pan=160.18,sun_tilt=052.24,err=72.74,state=track-tilt,bv_mv=2977.4,bi_ma=-214.1,bp_mw=-637.3,bs=discharging",Orin unified LDR tracker and real BESS
2026-08-11T15:05:52.061787+00:00,1,,0,38,57,286.0,0.286,0.081796,trk,0,Standby,Shading detection waits for a locked tracker and positive power.,normal,,,54.962,-0.637053,0.637053,discharging,5.0839,9.25,track-tilt,101.221,91.836,163.246,50.744,74.402,1,,,,,,,,,,,,CRC/QPSK/OFDM,1,0,157,161,1288,644,14,28,1120,224,56,"p1br,seq=00038,frame_b=00161,bits=01288,qpsk=00644,ofdm=014,pad_q=00028,gap=0,ok=1","ldrtrk,seq=00038,pan=101.22,tilt=091.84,sun_pan=163.25,sun_tilt=050.74,err=74.40,state=track-tilt,bv_mv=2976.2,bi_ma=-214.1,bp_mw=-637.1,bs=discharging",Orin unified LDR tracker and real BESS
2026-08-11T15:05:52.574612+00:00,1,,0,39,57,286.0,0.286,0.081796,trk,0,Standby,Shading detection waits for a locked tracker and positive power.,normal,,,54.961,-0.637456,0.637456,discharging,5.0838,9.25,track-tilt,101.221,88.836,166.743,48.611,76.885,1,,,,,,,,,,,,CRC/QPSK/OFDM,1,0,157,161,1288,644,14,28,1120,224,56,"p1br,seq=00039,frame_b=00161,bits=01288,qpsk=00644,ofdm=014,pad_q=00028,gap=0,ok=1","ldrtrk,seq=00039,pan=101.22,tilt=088.84,sun_pan=166.74,sun_tilt=048.61,err=76.88,state=track-tilt,bv_mv=2977.4,bi_ma=-214.1,bp_mw=-637.5,bs=discharging",Orin unified LDR tracker and real BESS
2026-08-11T15:05:53.083981+00:00,1,,0,40,57,290.0,0.29,0.0841,trk,0,Standby,Shading detection waits for a locked tracker and positive power.,normal,,,54.959,-0.636681,0.636681,discharging,5.0838,9.25,track-tilt,101.221,85.836,165.074,50.032,73.207,1,,,,,,,,,,,,CRC/QPSK/OFDM,1,0,157,161,1288,644,14,28,1120,224,56,"p1br,seq=00040,frame_b=00161,bits=01288,qpsk=00644,ofdm=014,pad_q=00028,gap=0,ok=1","ldrtrk,seq=00040,pan=101.22,tilt=085.84,sun_pan=165.07,sun_tilt=050.03,err=73.21,state=track-tilt,bv_mv=2976.2,bi_ma=-213.9,bp_mw=-636.7,bs=discharging",Orin unified LDR tracker and real BESS
2026-08-11T15:05:53.580313+00:00,1,,0,41,57,299.0,0.299,0.089401,trk,0,Standby,Shading detection waits for a locked tracker and positive power.,normal,,,54.958,-0.637425,0.637425,discharging,5.0837,9.25,track-tilt,101.221,82.836,168.753,47.565,76.189,1,,,,,,,,,,,,CRC/QPSK/OFDM,1,0,157,161,1288,644,14,28,1120,224,56,"p1br,seq=00041,frame_b=00161,bits=01288,qpsk=00644,ofdm=014,pad_q=00028,gap=0,ok=1","ldrtrk,seq=00041,pan=101.22,tilt=082.84,sun_pan=168.75,sun_tilt=047.56,err=76.19,state=track-tilt,bv_mv=2976.2,bi_ma=-214.2,bp_mw=-637.4,bs=discharging",Orin unified LDR tracker and real BESS
2026-08-11T15:05:54.093389+00:00,1,,0,42,57,303.0,0.303,0.091809,trk,0,Standby,Shading detection waits for a locked tracker and positive power.,normal,,,54.957,-0.637679,0.637679,discharging,5.0836,9.25,track-tilt,101.221,79.836,169.417,47.003,75.689,1,,,,,,,,,,,,CRC/QPSK/OFDM,1,0,157,161,1288,644,14,28,1120,224,56,"p1br,seq=00042,frame_b=00161,bits=01288,qpsk=00644,ofdm=014,pad_q=00028,gap=0,ok=1","ldrtrk,seq=00042,pan=101.22,tilt=079.84,sun_pan=169.42,sun_tilt=047.00,err=75.69,state=track-tilt,bv_mv=2977.4,bi_ma=-214.2,bp_mw=-637.7,bs=discharging",Orin unified LDR tracker and real BESS
2026-08-11T15:05:54.587765+00:00,1,,0,43,57,299.0,0.299,0.089401,trk,0,Standby,Shading detection waits for a locked tracker and positive power.,normal,,,54.956,-0.637754,0.637754,discharging,5.0835,9.25,track-tilt,101.221,76.836,169.035,47.242,73.99,1,,,,,,,,,,,,CRC/QPSK/OFDM,1,0,157,161,1288,644,14,28,1120,224,56,"p1br,seq=00043,frame_b=00161,bits=01288,qpsk=00644,ofdm=014,pad_q=00028,gap=0,ok=1","ldrtrk,seq=00043,pan=101.22,tilt=076.84,sun_pan=169.03,sun_tilt=047.24,err=73.99,state=track-tilt,bv_mv=2977.4,bi_ma=-214.2,bp_mw=-637.8,bs=discharging",Orin unified LDR tracker and real BESS
2026-08-11T15:05:55.100047+00:00,1,,0,44,57,308.0,0.308,0.094864,trk,0,Standby,Shading detection waits for a locked tracker and positive power.,normal,,,54.955,-0.637351,0.637351,discharging,5.0834,9.25,track-tilt,101.221,73.836,169.227,47.105,73.072,1,,,,,,,,,,,,CRC/QPSK/OFDM,1,0,157,161,1288,644,14,28,1120,224,56,"p1br,seq=00044,frame_b=00161,bits=01288,qpsk=00644,ofdm=014,pad_q=00028,gap=0,ok=1","ldrtrk,seq=00044,pan=101.22,tilt=073.84,sun_pan=169.23,sun_tilt=047.11,err=73.07,state=track-tilt,bv_mv=2976.2,bi_ma=-214.2,bp_mw=-637.4,bs=discharging",Orin unified LDR tracker and real BESS
2026-08-11T15:05:55.594944+00:00,1,,0,45,57,312.0,0.312,0.097344,trk,0,Standby,Shading detection waits for a locked tracker and positive power.,normal,,,54.954,-0.637425,0.637425,discharging,5.0833,9.25,track-tilt,101.221,70.836,170.0,42.109,74.538,1,,,,,,,,,,,,CRC/QPSK/OFDM,1,0,157,161,1288,644,14,28,1120,224,56,"p1br,seq=00045,frame_b=00161,bits=01288,qpsk=00644,ofdm=014,pad_q=00028,gap=0,ok=1","ldrtrk,seq=00045,pan=101.22,tilt=070.84,sun_pan=170.00,sun_tilt=042.11,err=74.54,state=track-tilt,bv_mv=2976.2,bi_ma=-214.2,bp_mw=-637.4,bs=discharging",Orin unified LDR tracker and real BESS
2026-08-11T15:05:56.104991+00:00,1,,0,46,57,317.0,0.317,0.100489,trk,0,Standby,Shading detection waits for a locked tracker and positive power.,normal,,,54.953,-0.637245,0.637245,discharging,5.0832,9.25,track-tilt,101.221,67.836,170.0,37.285,75.26,1,,,,,,,,,,,,CRC/QPSK/OFDM,1,0,157,161,1288,644,14,28,1120,224,56,"p1br,seq=00046,frame_b=00161,bits=01288,qpsk=00644,ofdm=014,pad_q=00028,gap=0,ok=1","ldrtrk,seq=00046,pan=101.22,tilt=067.84,sun_pan=170.00,sun_tilt=037.28,err=75.26,state=track-tilt,bv_mv=2975.0,bi_ma=-214.2,bp_mw=-637.2,bs=discharging",Orin unified LDR tracker and real BESS
2026-08-11T15:05:56.617808+00:00,1,,0,47,57,317.0,0.317,0.100489,trk,0,Standby,Shading detection waits for a locked tracker and positive power.,normal,,,54.952,-0.63732,0.63732,discharging,5.0831,9.25,track-tilt,101.221,64.836,170.0,36.909,74.233,1,,,,,,,,,,,,CRC/QPSK/OFDM,1,0,157,161,1288,644,14,28,1120,224,56,"p1br,seq=00047,frame_b=00161,bits=01288,qpsk=00644,ofdm=014,pad_q=00028,gap=0,ok=1","ldrtrk,seq=00047,pan=101.22,tilt=064.84,sun_pan=170.00,sun_tilt=036.91,err=74.23,state=track-tilt,bv_mv=2975.0,bi_ma=-214.2,bp_mw=-637.3,bs=discharging",Orin unified LDR tracker and real BESS
2026-08-11T15:05:57.114632+00:00,1,,0,48,57,317.0,0.317,0.100489,trk,0,Standby,Shading detection waits for a locked tracker and positive power.,normal,,,54.951,-0.637723,0.637723,discharging,5.083,9.25,track-tilt,101.221,61.836,170.0,36.703,73.228,1,,,,,,,,,,,,CRC/QPSK/OFDM,1,0,157,161,1288,644,14,28,1120,224,56,"p1br,seq=00048,frame_b=00161,bits=01288,qpsk=00644,ofdm=014,pad_q=00028,gap=0,ok=1","ldrtrk,seq=00048,pan=101.22,tilt=061.84,sun_pan=170.00,sun_tilt=036.70,err=73.23,state=track-tilt,bv_mv=2976.2,bi_ma=-214.3,bp_mw=-637.7,bs=discharging",Orin unified LDR tracker and real BESS
2026-08-11T15:05:57.623435+00:00,1,,0,49,57,321.0,0.321,0.103041,trk,0,Standby,Shading detection waits for a locked tracker and positive power.,normal,,,54.95,-0.638157,0.638157,discharging,5.0829,9.25,track-tilt,101.221,58.836,170.0,36.257,72.391,1,,,,,,,,,,,,CRC/QPSK/OFDM,1,0,157,161,1288,644,14,28,1120,224,56,"p1br,seq=00049,frame_b=00161,bits=01288,qpsk=00644,ofdm=014,pad_q=00028,gap=0,ok=1","ldrtrk,seq=00049,pan=101.22,tilt=058.84,sun_pan=170.00,sun_tilt=036.26,err=72.39,state=track-tilt,bv_mv=2978.6,bi_ma=-214.2,bp_mw=-638.2,bs=discharging",Orin unified LDR tracker and real BESS
2026-08-11T15:05:58.121097+00:00,1,,0,50,57,317.0,0.317,0.100489,trk,0,Standby,Shading detection waits for a locked tracker and positive power.,normal,,,54.949,-0.637903,0.637903,discharging,5.0828,9.25,track-tilt,101.221,55.836,170.0,36.28,71.506,1,,,,,,,,,,,,CRC/QPSK/OFDM,1,0,157,161,1288,644,14,28,1120,224,56,"p1br,seq=00050,frame_b=00161,bits=01288,qpsk=00644,ofdm=014,pad_q=00028,gap=0,ok=1","ldrtrk,seq=00050,pan=101.22,tilt=055.84,sun_pan=170.00,sun_tilt=036.28,err=71.51,state=track-tilt,bv_mv=2977.4,bi_ma=-214.2,bp_mw=-637.9,bs=discharging",Orin unified LDR tracker and real BESS
2026-08-11T15:05:58.630833+00:00,1,,0,51,57,317.0,0.317,0.100489,trk,0,Standby,Shading detection waits for a locked tracker and positive power.,normal,,,54.948,-0.637797,0.637797,discharging,5.0827,9.25,track-tilt,101.221,52.836,170.0,36.189,70.765,1,,,,,,,,,,,,CRC/QPSK/OFDM,1,0,157,161,1288,644,14,28,1120,224,56,"p1br,seq=00051,frame_b=00161,bits=01288,qpsk=00644,ofdm=014,pad_q=00028,gap=0,ok=1","ldrtrk,seq=00051,pan=101.22,tilt=052.84,sun_pan=170.00,sun_tilt=036.19,err=70.77,state=track-tilt,bv_mv=2976.2,bi_ma=-214.3,bp_mw=-637.8,bs=discharging",Orin unified LDR tracker and real BESS
2026-08-11T15:05:59.143817+00:00,1,,0,52,57,312.0,0.312,0.097344,trk,0,Standby,Shading detection waits for a locked tracker and positive power.,normal,,,54.947,-0.6375,0.6375,discharging,5.0826,9.25,track-tilt,101.221,49.836,170.0,36.171,70.124,1,,,,,,,,,,,,CRC/QPSK/OFDM,1,0,157,161,1288,644,14,28,1120,224,56,"p1br,seq=00052,frame_b=00161,bits=01288,qpsk=00644,ofdm=014,pad_q=00028,gap=0,ok=1","ldrtrk,seq=00052,pan=101.22,tilt=049.84,sun_pan=170.00,sun_tilt=036.17,err=70.12,state=track-tilt,bv_mv=2976.2,bi_ma=-214.2,bp_mw=-637.5,bs=discharging",Orin unified LDR tracker and real BESS
2026-08-11T15:05:59.637859+00:00,1,,0,53,57,312.0,0.312,0.097344,trk,0,Standby,Shading detection waits for a locked tracker and positive power.,normal,,,54.946,-0.637648,0.637648,discharging,5.0825,9.25,track-tilt,101.221,46.836,170.0,36.078,69.616,1,,,,,,,,,,,,CRC/QPSK/OFDM,1,0,157,161,1288,644,14,28,1120,224,56,"p1br,seq=00053,frame_b=00161,bits=01288,qpsk=00644,ofdm=014,pad_q=00028,gap=0,ok=1","ldrtrk,seq=00053,pan=101.22,tilt=046.84,sun_pan=170.00,sun_tilt=036.08,err=69.62,state=track-tilt,bv_mv=2976.2,bi_ma=-214.2,bp_mw=-637.6,bs=discharging",Orin unified LDR tracker and real BESS
2026-08-11T15:06:00.148960+00:00,1,,0,54,57,303.0,0.303,0.091809,trk,0,Standby,Shading detection waits for a locked tracker and positive power.,normal,,,54.945,-0.63732,0.63732,discharging,5.0824,9.25,track-tilt,101.221,43.836,170.0,36.109,69.212,1,,,,,,,,,,,,CRC/QPSK/OFDM,1,0,157,161,1288,644,14,28,1120,224,56,"p1br,seq=00054,frame_b=00161,bits=01288,qpsk=00644,ofdm=014,pad_q=00028,gap=0,ok=1","ldrtrk,seq=00054,pan=101.22,tilt=043.84,sun_pan=170.00,sun_tilt=036.11,err=69.21,state=track-tilt,bv_mv=2975.0,bi_ma=-214.2,bp_mw=-637.3,bs=discharging",Orin unified LDR tracker and real BESS
2026-08-11T15:06:00.646234+00:00,1,,0,55,57,299.0,0.299,0.089401,trk,0,Standby,Shading detection waits for a locked tracker and positive power.,normal,,,54.944,-0.637903,0.637903,discharging,5.0823,9.25,track-tilt,101.221,40.836,170.0,36.156,68.939,1,,,,,,,,,,,,CRC/QPSK/OFDM,1,0,157,161,1288,644,14,28,1120,224,56,"p1br,seq=00055,frame_b=00161,bits=01288,qpsk=00644,ofdm=014,pad_q=00028,gap=0,ok=1","ldrtrk,seq=00055,pan=101.22,tilt=040.84,sun_pan=170.00,sun_tilt=036.16,err=68.94,state=track-tilt,bv_mv=2977.4,bi_ma=-214.2,bp_mw=-637.9,bs=discharging",Orin unified LDR tracker and real BESS
2026-08-11T15:06:01.155397+00:00,1,,0,56,57,286.0,0.286,0.081796,trk,0,Standby,Shading detection waits for a locked tracker and positive power.,normal,,,54.943,-0.637797,0.637797,discharging,5.0822,9.25,track-tilt,101.221,37.836,170.0,36.205,68.799,1,,,,,,,,,,,,CRC/QPSK/OFDM,1,0,157,161,1288,644,14,28,1120,224,56,"p1br,seq=00056,frame_b=00161,bits=01288,qpsk=00644,ofdm=014,pad_q=00028,gap=0,ok=1","ldrtrk,seq=00056,pan=101.22,tilt=037.84,sun_pan=170.00,sun_tilt=036.20,err=68.80,state=track-tilt,bv_mv=2976.2,bi_ma=-214.3,bp_mw=-637.8,bs=discharging",Orin unified LDR tracker and real BESS
2026-08-11T15:06:01.653409+00:00,1,,0,57,57,281.0,0.281,0.078961,trk,0,Standby,Shading detection waits for a locked tracker and positive power.,normal,,,54.942,-0.636861,0.636861,discharging,5.0822,9.25,track-tilt,101.221,36.215,170.0,36.215,68.779,1,,,,,,,,,,,,CRC/QPSK/OFDM,1,0,157,161,1288,644,14,28,1120,224,56,"p1br,seq=00057,frame_b=00161,bits=01288,qpsk=00644,ofdm=014,pad_q=00028,gap=0,ok=1","ldrtrk,seq=00057,pan=101.22,tilt=036.22,sun_pan=170.00,sun_tilt=036.22,err=68.78,state=track-tilt,bv_mv=2977.4,bi_ma=-213.9,bp_mw=-636.9,bs=discharging",Orin unified LDR tracker and real BESS
2026-08-11T15:06:02.162471+00:00,1,,0,58,57,286.0,0.286,0.081796,trk,0,Standby,Shading detection waits for a locked tracker and positive power.,normal,,,54.941,-0.635981,0.635981,discharging,5.0821,9.25,track-pan,101.221,36.215,170.0,36.051,68.78,1,,,,,,,,,,,,CRC/QPSK/OFDM,1,0,157,161,1288,644,14,28,1120,224,56,"p1br,seq=00058,frame_b=00161,bits=01288,qpsk=00644,ofdm=014,pad_q=00028,gap=0,ok=1","ldrtrk,seq=00058,pan=101.22,tilt=036.22,sun_pan=170.00,sun_tilt=036.05,err=68.78,state=track-pan,bv_mv=2975.0,bi_ma=-213.8,bp_mw=-636.0,bs=discharging",Orin unified LDR tracker and real BESS
2026-08-11T15:06:02.676684+00:00,1,,0,59,59,290.0,0.29,0.0841,trk,0,Standby,Shading detection waits for a locked tracker and positive power.,normal,,,54.94,-0.637425,0.637425,discharging,5.082,9.25,track-pan,104.221,36.215,170.0,35.93,65.78,1,,,,,,,,,,,,CRC/QPSK/OFDM,1,0,157,161,1288,644,14,28,1120,224,56,"p1br,seq=00059,frame_b=00161,bits=01288,qpsk=00644,ofdm=014,pad_q=00028,gap=0,ok=1","ldrtrk,seq=00059,pan=104.22,tilt=036.22,sun_pan=170.00,sun_tilt=035.93,err=65.78,state=track-pan,bv_mv=2976.2,bi_ma=-214.2,bp_mw=-637.4,bs=discharging",Orin unified LDR tracker and real BESS
