received_utc,valid,error,seq_gap,seq,d_pct,v_mv,i_ma,p_mw,mppt,fault,fault_label,fault_reason,fault_severity,chk,computed_chk,bess_soc_pct,bess_power_w,bess_load_w,bess_state,bess_energy_wh,bess_capacity_wh,tracker_state,tracker_pan_deg,tracker_tilt_deg,tracker_sun_pan_deg,tracker_sun_tilt_deg,tracker_error_deg,tracker_servo_enabled,vision_mode,vision_detected,vision_confidence,vision_target_x_px,vision_target_y_px,vision_x_error,vision_y_error,vision_frame_w,vision_frame_h,vision_brightness_max,vision_area_px,comm_layer,comm_frame_ok,comm_bridge_gap,comm_payload_bytes,comm_frame_bytes,comm_frame_bits,comm_qpsk_symbols,comm_ofdm_symbols,comm_pad_q,comm_tx_samples,comm_cp_samples,comm_pilot_bins,comm_status_line,raw_line,source_label
2026-08-11T16:47:49.616603+00:00,1,,0,0,50,44.0,0.044,0.001936,trk,0,Standby,Shading detection waits for a locked tracker and positive power.,normal,,,55.0,-0.00011,0.00011,idle,5.0875,9.25,track-pan,90.0,90.0,118.165,65.134,37.571,1,,,,,,,,,,,,CRC/QPSK/OFDM,1,0,157,161,1288,644,14,28,1120,224,56,"p1br,seq=00000,frame_b=00161,bits=01288,qpsk=00644,ofdm=014,pad_q=00028,gap=0,ok=1","ldrtrk,seq=00000,pan=090.00,tilt=090.00,sun_pan=118.17,sun_tilt=065.13,err=37.57,state=track-pan,bv_mv=628.3,bi_ma=-0.2,bp_mw=-0.1,bs=idle",Orin unified tracker bidirectional BESS demo
2026-08-11T16:47:50.026380+00:00,1,,0,1,52,44.0,0.044,0.001936,trk,0,Standby,Shading detection waits for a locked tracker and positive power.,normal,,,55.0,-9.5e-05,9.5e-05,idle,5.0875,9.25,track-pan,93.0,90.0,117.919,65.123,35.211,1,,,,,,,,,,,,CRC/QPSK/OFDM,1,0,157,161,1288,644,14,28,1120,224,56,"p1br,seq=00001,frame_b=00161,bits=01288,qpsk=00644,ofdm=014,pad_q=00028,gap=0,ok=1","ldrtrk,seq=00001,pan=093.00,tilt=090.00,sun_pan=117.92,sun_tilt=065.12,err=35.21,state=track-pan,bv_mv=630.6,bi_ma=-0.1,bp_mw=-0.1,bs=idle",Orin unified tracker bidirectional BESS demo
2026-08-11T16:47:50.640361+00:00,1,,0,2,54,44.0,0.044,0.001936,trk,0,Standby,Shading detection waits for a locked tracker and positive power.,normal,,,55.0,-0.00011,0.00011,idle,5.0875,9.25,track-pan,96.0,90.0,118.055,65.008,33.332,1,,,,,,,,,,,,CRC/QPSK/OFDM,1,0,157,161,1288,644,14,28,1120,224,56,"p1br,seq=00002,frame_b=00161,bits=01288,qpsk=00644,ofdm=014,pad_q=00028,gap=0,ok=1","ldrtrk,seq=00002,pan=096.00,tilt=090.00,sun_pan=118.06,sun_tilt=065.01,err=33.33,state=track-pan,bv_mv=629.4,bi_ma=-0.2,bp_mw=-0.1,bs=idle",Orin unified tracker bidirectional BESS demo
2026-08-11T16:47:51.049870+00:00,1,,0,3,56,44.0,0.044,0.001936,trk,0,Standby,Shading detection waits for a locked tracker and positive power.,normal,,,55.0,-9.5e-05,9.5e-05,idle,5.0875,9.25,track-pan,99.0,90.0,118.042,65.107,31.341,1,,,,,,,,,,,,CRC/QPSK/OFDM,1,0,157,161,1288,644,14,28,1120,224,56,"p1br,seq=00003,frame_b=00161,bits=01288,qpsk=00644,ofdm=014,pad_q=00028,gap=0,ok=1","ldrtrk,seq=00003,pan=099.00,tilt=090.00,sun_pan=118.04,sun_tilt=065.11,err=31.34,state=track-pan,bv_mv=630.6,bi_ma=-0.1,bp_mw=-0.1,bs=idle",Orin unified tracker bidirectional BESS demo
2026-08-11T16:47:51.532329+00:00,1,,0,4,58,44.0,0.044,0.001936,trk,0,Standby,Shading detection waits for a locked tracker and positive power.,normal,,,55.0,-9.5e-05,9.5e-05,idle,5.0875,9.25,track-pan,102.0,90.0,118.178,65.003,29.775,1,,,,,,,,,,,,CRC/QPSK/OFDM,1,0,157,161,1288,644,14,28,1120,224,56,"p1br,seq=00004,frame_b=00161,bits=01288,qpsk=00644,ofdm=014,pad_q=00028,gap=0,ok=1","ldrtrk,seq=00004,pan=102.00,tilt=090.00,sun_pan=118.18,sun_tilt=065.00,err=29.78,state=track-pan,bv_mv=630.6,bi_ma=-0.1,bp_mw=-0.1,bs=idle",Orin unified tracker bidirectional BESS demo
2026-08-11T16:47:52.043109+00:00,1,,0,5,59,44.0,0.044,0.001936,trk,0,Standby,Shading detection waits for a locked tracker and positive power.,normal,,,55.0,-0.000141,0.000141,idle,5.0875,9.25,track-pan,105.0,90.0,118.301,65.019,28.301,1,,,,,,,,,,,,CRC/QPSK/OFDM,1,0,157,161,1288,644,14,28,1120,224,56,"p1br,seq=00005,frame_b=00161,bits=01288,qpsk=00644,ofdm=014,pad_q=00028,gap=0,ok=1","ldrtrk,seq=00005,pan=105.00,tilt=090.00,sun_pan=118.30,sun_tilt=065.02,err=28.30,state=track-pan,bv_mv=627.1,bi_ma=-0.2,bp_mw=-0.1,bs=idle",Orin unified tracker bidirectional BESS demo
2026-08-11T16:47:52.539272+00:00,1,,0,6,61,44.0,0.044,0.001936,trk,0,Standby,Shading detection waits for a locked tracker and positive power.,normal,,,55.0,-0.00011,0.00011,idle,5.0875,9.25,track-pan,108.0,90.0,118.037,65.019,26.922,1,,,,,,,,,,,,CRC/QPSK/OFDM,1,0,157,161,1288,644,14,28,1120,224,56,"p1br,seq=00006,frame_b=00161,bits=01288,qpsk=00644,ofdm=014,pad_q=00028,gap=0,ok=1","ldrtrk,seq=00006,pan=108.00,tilt=090.00,sun_pan=118.04,sun_tilt=065.02,err=26.92,state=track-pan,bv_mv=630.6,bi_ma=-0.2,bp_mw=-0.1,bs=idle",Orin unified tracker bidirectional BESS demo
2026-08-11T16:47:53.115007+00:00,1,,0,7,63,49.0,0.049,0.002401,trk,0,Standby,Shading detection waits for a locked tracker and positive power.,normal,,,55.0,-9.4e-05,9.4e-05,idle,5.0875,9.25,track-pan,111.0,90.0,118.0,65.136,25.83,1,,,,,,,,,,,,CRC/QPSK/OFDM,1,0,157,161,1288,644,14,28,1120,224,56,"p1br,seq=00007,frame_b=00161,bits=01288,qpsk=00644,ofdm=014,pad_q=00028,gap=0,ok=1","ldrtrk,seq=00007,pan=111.00,tilt=090.00,sun_pan=118.00,sun_tilt=065.14,err=25.83,state=track-pan,bv_mv=629.4,bi_ma=-0.1,bp_mw=-0.1,bs=idle",Orin unified tracker bidirectional BESS demo
2026-08-11T16:47:53.559280+00:00,1,,0,8,65,40.0,0.04,0.0016,trk,0,Standby,Shading detection waits for a locked tracker and positive power.,normal,,,55.0,-0.00011,0.00011,idle,5.0875,9.25,track-pan,114.0,90.0,118.018,65.083,25.239,1,,,,,,,,,,,,CRC/QPSK/OFDM,1,0,157,161,1288,644,14,28,1120,224,56,"p1br,seq=00008,frame_b=00161,bits=01288,qpsk=00644,ofdm=014,pad_q=00028,gap=0,ok=1","ldrtrk,seq=00008,pan=114.00,tilt=090.00,sun_pan=118.02,sun_tilt=065.08,err=25.24,state=track-pan,bv_mv=629.4,bi_ma=-0.2,bp_mw=-0.1,bs=idle",Orin unified tracker bidirectional BESS demo
2026-08-11T16:47:54.122341+00:00,1,,0,9,67,49.0,0.049,0.002401,trk,0,Standby,Shading detection waits for a locked tracker and positive power.,normal,,,55.0,-9.4e-05,9.4e-05,idle,5.0875,9.25,track-pan,117.0,90.0,117.876,65.067,24.949,1,,,,,,,,,,,,CRC/QPSK/OFDM,1,0,157,161,1288,644,14,28,1120,224,56,"p1br,seq=00009,frame_b=00161,bits=01288,qpsk=00644,ofdm=014,pad_q=00028,gap=0,ok=1","ldrtrk,seq=00009,pan=117.00,tilt=090.00,sun_pan=117.88,sun_tilt=065.07,err=24.95,state=track-pan,bv_mv=629.4,bi_ma=-0.1,bp_mw=-0.1,bs=idle",Orin unified tracker bidirectional BESS demo
2026-08-11T16:47:54.572528+00:00,1,,0,10,67,44.0,0.044,0.001936,trk,0,Standby,Shading detection waits for a locked tracker and positive power.,normal,,,55.0,-0.00011,0.00011,idle,5.0875,9.25,track-tilt,117.0,90.0,117.975,65.027,24.992,1,,,,,,,,,,,,CRC/QPSK/OFDM,1,0,157,161,1288,644,14,28,1120,224,56,"p1br,seq=00010,frame_b=00161,bits=01288,qpsk=00644,ofdm=014,pad_q=00028,gap=0,ok=1","ldrtrk,seq=00010,pan=117.00,tilt=090.00,sun_pan=117.98,sun_tilt=065.03,err=24.99,state=track-tilt,bv_mv=629.4,bi_ma=-0.2,bp_mw=-0.1,bs=idle",Orin unified tracker bidirectional BESS demo
2026-08-11T16:47:55.060629+00:00,1,,0,11,67,44.0,0.044,0.001936,trk,0,Standby,Shading detection waits for a locked tracker and positive power.,normal,,,55.0,-0.00011,0.00011,idle,5.0875,9.25,track-tilt,117.0,87.0,117.896,65.098,21.92,1,,,,,,,,,,,,CRC/QPSK/OFDM,1,0,157,161,1288,644,14,28,1120,224,56,"p1br,seq=00011,frame_b=00161,bits=01288,qpsk=00644,ofdm=014,pad_q=00028,gap=0,ok=1","ldrtrk,seq=00011,pan=117.00,tilt=087.00,sun_pan=117.90,sun_tilt=065.10,err=21.92,state=track-tilt,bv_mv=629.4,bi_ma=-0.2,bp_mw=-0.1,bs=idle",Orin unified tracker bidirectional BESS demo
2026-08-11T16:47:55.579501+00:00,1,,0,12,67,49.0,0.049,0.002401,trk,0,Standby,Shading detection waits for a locked tracker and positive power.,normal,,,55.0,-9.4e-05,9.4e-05,idle,5.0875,9.25,track-tilt,117.0,84.0,118.037,65.104,18.925,1,,,,,,,,,,,,CRC/QPSK/OFDM,1,0,157,161,1288,644,14,28,1120,224,56,"p1br,seq=00012,frame_b=00161,bits=01288,qpsk=00644,ofdm=014,pad_q=00028,gap=0,ok=1","ldrtrk,seq=00012,pan=117.00,tilt=084.00,sun_pan=118.04,sun_tilt=065.10,err=18.92,state=track-tilt,bv_mv=628.3,bi_ma=-0.1,bp_mw=-0.1,bs=idle",Orin unified tracker bidirectional BESS demo
2026-08-11T16:47:56.082367+00:00,1,,0,13,67,49.0,0.049,0.002401,trk,0,Standby,Shading detection waits for a locked tracker and positive power.,normal,,,55.0,-0.000126,0.000126,idle,5.0875,9.25,track-tilt,117.0,81.0,117.957,65.112,15.917,1,,,,,,,,,,,,CRC/QPSK/OFDM,1,0,157,161,1288,644,14,28,1120,224,56,"p1br,seq=00013,frame_b=00161,bits=01288,qpsk=00644,ofdm=014,pad_q=00028,gap=0,ok=1","ldrtrk,seq=00013,pan=117.00,tilt=081.00,sun_pan=117.96,sun_tilt=065.11,err=15.92,state=track-tilt,bv_mv=628.3,bi_ma=-0.2,bp_mw=-0.1,bs=idle",Orin unified tracker bidirectional BESS demo
2026-08-11T16:47:56.578359+00:00,1,,0,14,67,44.0,0.044,0.001936,trk,0,Standby,Shading detection waits for a locked tracker and positive power.,normal,,,55.0,-9.4e-05,9.4e-05,idle,5.0875,9.25,track-tilt,117.0,78.0,118.061,65.149,12.894,1,,,,,,,,,,,,CRC/QPSK/OFDM,1,0,157,161,1288,644,14,28,1120,224,56,"p1br,seq=00014,frame_b=00161,bits=01288,qpsk=00644,ofdm=014,pad_q=00028,gap=0,ok=1","ldrtrk,seq=00014,pan=117.00,tilt=078.00,sun_pan=118.06,sun_tilt=065.15,err=12.89,state=track-tilt,bv_mv=628.3,bi_ma=-0.1,bp_mw=-0.1,bs=idle",Orin unified tracker bidirectional BESS demo
2026-08-11T16:47:57.089110+00:00,1,,0,15,67,44.0,0.044,0.001936,trk,0,Standby,Shading detection waits for a locked tracker and positive power.,normal,,,55.0,-0.00011,0.00011,idle,5.0875,9.25,track-tilt,117.0,75.0,117.957,65.101,9.945,1,,,,,,,,,,,,CRC/QPSK/OFDM,1,0,157,161,1288,644,14,28,1120,224,56,"p1br,seq=00015,frame_b=00161,bits=01288,qpsk=00644,ofdm=014,pad_q=00028,gap=0,ok=1","ldrtrk,seq=00015,pan=117.00,tilt=075.00,sun_pan=117.96,sun_tilt=065.10,err=09.95,state=track-tilt,bv_mv=629.4,bi_ma=-0.2,bp_mw=-0.1,bs=idle",Orin unified tracker bidirectional BESS demo
2026-08-11T16:47:57.599821+00:00,1,,0,16,67,44.0,0.044,0.001936,trk,0,Standby,Shading detection waits for a locked tracker and positive power.,normal,,,55.0,-0.00011,0.00011,idle,5.0875,9.25,track-tilt,117.0,72.0,118.018,65.083,6.992,1,,,,,,,,,,,,CRC/QPSK/OFDM,1,0,157,161,1288,644,14,28,1120,224,56,"p1br,seq=00016,frame_b=00161,bits=01288,qpsk=00644,ofdm=014,pad_q=00028,gap=0,ok=1","ldrtrk,seq=00016,pan=117.00,tilt=072.00,sun_pan=118.02,sun_tilt=065.08,err=06.99,state=track-tilt,bv_mv=628.3,bi_ma=-0.2,bp_mw=-0.1,bs=idle",Orin unified tracker bidirectional BESS demo
2026-08-11T16:47:58.095971+00:00,1,,0,17,67,44.0,0.044,0.001936,trk,0,Standby,Shading detection waits for a locked tracker and positive power.,normal,,,55.0,-0.000126,0.000126,idle,5.0875,9.25,track-tilt,117.0,69.0,118.247,64.925,4.262,1,,,,,,,,,,,,CRC/QPSK/OFDM,1,0,157,161,1288,644,14,28,1120,224,56,"p1br,seq=00017,frame_b=00161,bits=01288,qpsk=00644,ofdm=014,pad_q=00028,gap=0,ok=1","ldrtrk,seq=00017,pan=117.00,tilt=069.00,sun_pan=118.25,sun_tilt=064.92,err=04.26,state=track-tilt,bv_mv=630.6,bi_ma=-0.2,bp_mw=-0.1,bs=idle",Orin unified tracker bidirectional BESS demo
2026-08-11T16:47:58.606763+00:00,1,,0,18,67,44.0,0.044,0.001936,trk,0,Standby,Shading detection waits for a locked tracker and positive power.,normal,,,55.0,-0.00011,0.00011,idle,5.0875,9.25,track-tilt,117.0,66.0,118.061,65.149,1.36,1,,,,,,,,,,,,CRC/QPSK/OFDM,1,0,157,161,1288,644,14,28,1120,224,56,"p1br,seq=00018,frame_b=00161,bits=01288,qpsk=00644,ofdm=014,pad_q=00028,gap=0,ok=1","ldrtrk,seq=00018,pan=117.00,tilt=066.00,sun_pan=118.06,sun_tilt=065.15,err=01.36,state=track-tilt,bv_mv=629.4,bi_ma=-0.2,bp_mw=-0.1,bs=idle",Orin unified tracker bidirectional BESS demo
2026-08-11T16:47:59.101648+00:00,1,,0,19,67,40.0,0.04,0.0016,trk,0,Standby,Shading detection waits for a locked tracker and positive power.,normal,,,55.0,-0.00011,0.00011,idle,5.0875,9.25,track-pan,117.0,66.0,118.066,65.174,1.348,1,,,,,,,,,,,,CRC/QPSK/OFDM,1,0,157,161,1288,644,14,28,1120,224,56,"p1br,seq=00019,frame_b=00161,bits=01288,qpsk=00644,ofdm=014,pad_q=00028,gap=0,ok=1","ldrtrk,seq=00019,pan=117.00,tilt=066.00,sun_pan=118.07,sun_tilt=065.17,err=01.35,state=track-pan,bv_mv=629.4,bi_ma=-0.2,bp_mw=-0.1,bs=idle",Orin unified tracker bidirectional BESS demo
2026-08-11T16:47:59.611762+00:00,1,,0,20,68,40.0,0.04,0.0016,trk,0,Standby,Shading detection waits for a locked tracker and positive power.,normal,,,55.0,-0.00011,0.00011,idle,5.0875,9.25,track-pan,118.165,66.0,118.165,65.145,0.855,1,,,,,,,,,,,,CRC/QPSK/OFDM,1,0,157,161,1288,644,14,28,1120,224,56,"p1br,seq=00020,frame_b=00161,bits=01288,qpsk=00644,ofdm=014,pad_q=00028,gap=0,ok=1","ldrtrk,seq=00020,pan=118.17,tilt=066.00,sun_pan=118.17,sun_tilt=065.14,err=00.86,state=track-pan,bv_mv=628.3,bi_ma=-0.2,bp_mw=-0.1,bs=idle",Orin unified tracker bidirectional BESS demo
2026-08-11T16:48:00.121121+00:00,1,,0,21,68,44.0,0.044,0.001936,trk,0,Learning,Learning locked-state shading baseline (1/8).,normal,,,55.0,-0.00011,0.00011,idle,5.0875,9.25,locked,118.165,66.0,118.122,65.089,0.912,1,,,,,,,,,,,,CRC/QPSK/OFDM,1,0,157,161,1288,644,14,28,1120,224,56,"p1br,seq=00021,frame_b=00161,bits=01288,qpsk=00644,ofdm=014,pad_q=00028,gap=0,ok=1","ldrtrk,seq=00021,pan=118.17,tilt=066.00,sun_pan=118.12,sun_tilt=065.09,err=00.91,state=locked,bv_mv=629.4,bi_ma=-0.2,bp_mw=-0.1,bs=idle",Orin unified tracker bidirectional BESS demo
2026-08-11T16:48:00.616964+00:00,1,,0,22,68,40.0,0.04,0.0016,trk,0,Learning,Learning locked-state shading baseline (2/8).,normal,,,55.0,-0.00011,0.00011,idle,5.0875,9.25,locked,118.165,66.0,118.183,65.081,0.919,1,,,,,,,,,,,,CRC/QPSK/OFDM,1,0,157,161,1288,644,14,28,1120,224,56,"p1br,seq=00022,frame_b=00161,bits=01288,qpsk=00644,ofdm=014,pad_q=00028,gap=0,ok=1","ldrtrk,seq=00022,pan=118.17,tilt=066.00,sun_pan=118.18,sun_tilt=065.08,err=00.92,state=locked,bv_mv=629.4,bi_ma=-0.2,bp_mw=-0.1,bs=idle",Orin unified tracker bidirectional BESS demo
2026-08-11T16:48:01.126980+00:00,1,,0,23,68,40.0,0.04,0.0016,trk,0,Learning,Learning locked-state shading baseline (3/8).,normal,,,55.0,-0.00011,0.00011,idle,5.0875,9.25,locked,118.165,66.0,118.133,65.166,0.835,1,,,,,,,,,,,,CRC/QPSK/OFDM,1,0,157,161,1288,644,14,28,1120,224,56,"p1br,seq=00023,frame_b=00161,bits=01288,qpsk=00644,ofdm=014,pad_q=00028,gap=0,ok=1","ldrtrk,seq=00023,pan=118.17,tilt=066.00,sun_pan=118.13,sun_tilt=065.17,err=00.83,state=locked,bv_mv=630.6,bi_ma=-0.2,bp_mw=-0.1,bs=idle",Orin unified tracker bidirectional BESS demo
2026-08-11T16:48:01.639002+00:00,1,,0,24,68,67.0,0.067,0.004489,trk,0,Standby,Shading detection waits for a locked tracker and positive power.,normal,,,55.0,-7.9e-05,7.9e-05,idle,5.0875,9.25,track-pan,118.165,66.0,71.988,49.582,49.01,1,,,,,,,,,,,,CRC/QPSK/OFDM,1,0,157,161,1288,644,14,28,1120,224,56,"p1br,seq=00024,frame_b=00161,bits=01288,qpsk=00644,ofdm=014,pad_q=00028,gap=0,ok=1","ldrtrk,seq=00024,pan=118.17,tilt=066.00,sun_pan=071.99,sun_tilt=049.58,err=49.01,state=track-pan,bv_mv=631.8,bi_ma=-0.1,bp_mw=-0.1,bs=idle",Orin unified tracker bidirectional BESS demo
2026-08-11T16:48:02.135529+00:00,1,,0,25,66,80.0,0.08,0.0064,trk,0,Standby,Shading detection waits for a locked tracker and positive power.,normal,,,55.0,-9.4e-05,9.4e-05,idle,5.0875,9.25,track-pan,115.165,66.0,74.411,49.752,43.873,1,,,,,,,,,,,,CRC/QPSK/OFDM,1,0,157,161,1288,644,14,28,1120,224,56,"p1br,seq=00025,frame_b=00161,bits=01288,qpsk=00644,ofdm=014,pad_q=00028,gap=0,ok=1","ldrtrk,seq=00025,pan=115.17,tilt=066.00,sun_pan=074.41,sun_tilt=049.75,err=43.87,state=track-pan,bv_mv=628.3,bi_ma=-0.1,bp_mw=-0.1,bs=idle",Orin unified tracker bidirectional BESS demo
2026-08-11T16:48:02.645367+00:00,1,,0,26,64,71.0,0.071,0.005041,trk,0,Standby,Shading detection waits for a locked tracker and positive power.,normal,,,55.0,-0.00011,0.00011,idle,5.0875,9.25,track-pan,112.165,66.0,81.048,48.436,35.732,1,,,,,,,,,,,,CRC/QPSK/OFDM,1,0,157,161,1288,644,14,28,1120,224,56,"p1br,seq=00026,frame_b=00161,bits=01288,qpsk=00644,ofdm=014,pad_q=00028,gap=0,ok=1","ldrtrk,seq=00026,pan=112.17,tilt=066.00,sun_pan=081.05,sun_tilt=048.44,err=35.73,state=track-pan,bv_mv=629.4,bi_ma=-0.2,bp_mw=-0.1,bs=idle",Orin unified tracker bidirectional BESS demo
2026-08-11T16:48:03.140351+00:00,1,,0,27,62,71.0,0.071,0.005041,trk,0,Standby,Shading detection waits for a locked tracker and positive power.,normal,,,55.0,-7.9e-05,7.9e-05,idle,5.0875,9.25,track-pan,109.165,66.0,76.307,49.178,36.914,1,,,,,,,,,,,,CRC/QPSK/OFDM,1,0,157,161,1288,644,14,28,1120,224,56,"p1br,seq=00027,frame_b=00161,bits=01288,qpsk=00644,ofdm=014,pad_q=00028,gap=0,ok=1","ldrtrk,seq=00027,pan=109.17,tilt=066.00,sun_pan=076.31,sun_tilt=049.18,err=36.91,state=track-pan,bv_mv=630.6,bi_ma=-0.1,bp_mw=-0.1,bs=idle",Orin unified tracker bidirectional BESS demo
2026-08-11T16:48:03.649767+00:00,1,,0,28,60,75.0,0.075,0.005625,trk,0,Standby,Shading detection waits for a locked tracker and positive power.,normal,,,55.0,-0.00011,0.00011,idle,5.0875,9.25,track-pan,106.165,66.0,76.251,49.295,34.262,1,,,,,,,,,,,,CRC/QPSK/OFDM,1,0,157,161,1288,644,14,28,1120,224,56,"p1br,seq=00028,frame_b=00161,bits=01288,qpsk=00644,ofdm=014,pad_q=00028,gap=0,ok=1","ldrtrk,seq=00028,pan=106.17,tilt=066.00,sun_pan=076.25,sun_tilt=049.29,err=34.26,state=track-pan,bv_mv=629.4,bi_ma=-0.2,bp_mw=-0.1,bs=idle",Orin unified tracker bidirectional BESS demo
2026-08-11T16:48:04.161412+00:00,1,,0,29,58,75.0,0.075,0.005625,trk,0,Standby,Shading detection waits for a locked tracker and positive power.,normal,,,55.0,-9.4e-05,9.4e-05,idle,5.0875,9.25,track-pan,103.165,66.0,79.434,48.599,29.427,1,,,,,,,,,,,,CRC/QPSK/OFDM,1,0,157,161,1288,644,14,28,1120,224,56,"p1br,seq=00029,frame_b=00161,bits=01288,qpsk=00644,ofdm=014,pad_q=00028,gap=0,ok=1","ldrtrk,seq=00029,pan=103.17,tilt=066.00,sun_pan=079.43,sun_tilt=048.60,err=29.43,state=track-pan,bv_mv=628.3,bi_ma=-0.1,bp_mw=-0.1,bs=idle",Orin unified tracker bidirectional BESS demo
2026-08-11T16:48:04.657431+00:00,1,,0,30,56,80.0,0.08,0.0064,trk,0,Standby,Shading detection waits for a locked tracker and positive power.,normal,,,55.0,-0.00011,0.00011,idle,5.0875,9.25,track-pan,100.165,66.0,81.429,48.089,25.92,1,,,,,,,,,,,,CRC/QPSK/OFDM,1,0,157,161,1288,644,14,28,1120,224,56,"p1br,seq=00030,frame_b=00161,bits=01288,qpsk=00644,ofdm=014,pad_q=00028,gap=0,ok=1","ldrtrk,seq=00030,pan=100.17,tilt=066.00,sun_pan=081.43,sun_tilt=048.09,err=25.92,state=track-pan,bv_mv=628.3,bi_ma=-0.2,bp_mw=-0.1,bs=idle",Orin unified tracker bidirectional BESS demo
2026-08-11T16:48:05.168903+00:00,1,,0,31,54,75.0,0.075,0.005625,trk,0,Standby,Shading detection waits for a locked tracker and positive power.,normal,,,55.0,-0.00011,0.00011,idle,5.0875,9.25,track-pan,97.165,66.0,83.077,47.462,23.284,1,,,,,,,,,,,,CRC/QPSK/OFDM,1,0,157,161,1288,644,14,28,1120,224,56,"p1br,seq=00031,frame_b=00161,bits=01288,qpsk=00644,ofdm=014,pad_q=00028,gap=0,ok=1","ldrtrk,seq=00031,pan=097.17,tilt=066.00,sun_pan=083.08,sun_tilt=047.46,err=23.28,state=track-pan,bv_mv=629.4,bi_ma=-0.2,bp_mw=-0.1,bs=idle",Orin unified tracker bidirectional BESS demo
2026-08-11T16:48:05.664622+00:00,1,,0,32,53,80.0,0.08,0.0064,trk,0,Standby,Shading detection waits for a locked tracker and positive power.,normal,,,55.0,-9.4e-05,9.4e-05,idle,5.0875,9.25,track-pan,94.165,66.0,81.156,47.924,22.271,1,,,,,,,,,,,,CRC/QPSK/OFDM,1,0,157,161,1288,644,14,28,1120,224,56,"p1br,seq=00032,frame_b=00161,bits=01288,qpsk=00644,ofdm=014,pad_q=00028,gap=0,ok=1","ldrtrk,seq=00032,pan=094.17,tilt=066.00,sun_pan=081.16,sun_tilt=047.92,err=22.27,state=track-pan,bv_mv=629.4,bi_ma=-0.1,bp_mw=-0.1,bs=idle",Orin unified tracker bidirectional BESS demo
2026-08-11T16:48:06.173465+00:00,1,,0,33,51,84.0,0.084,0.007056,trk,0,Standby,Shading detection waits for a locked tracker and positive power.,normal,,,55.0,-0.00011,0.00011,idle,5.0875,9.25,track-pan,91.165,66.0,83.607,47.102,20.354,1,,,,,,,,,,,,CRC/QPSK/OFDM,1,0,157,161,1288,644,14,28,1120,224,56,"p1br,seq=00033,frame_b=00161,bits=01288,qpsk=00644,ofdm=014,pad_q=00028,gap=0,ok=1","ldrtrk,seq=00033,pan=091.17,tilt=066.00,sun_pan=083.61,sun_tilt=047.10,err=20.35,state=track-pan,bv_mv=629.4,bi_ma=-0.2,bp_mw=-0.1,bs=idle",Orin unified tracker bidirectional BESS demo
2026-08-11T16:48:06.686815+00:00,1,,0,34,49,80.0,0.08,0.0064,trk,0,Standby,Shading detection waits for a locked tracker and positive power.,normal,,,55.0,-0.00011,0.00011,idle,5.0875,9.25,track-pan,88.165,66.0,83.929,47.063,19.405,1,,,,,,,,,,,,CRC/QPSK/OFDM,1,0,157,161,1288,644,14,28,1120,224,56,"p1br,seq=00034,frame_b=00161,bits=01288,qpsk=00644,ofdm=014,pad_q=00028,gap=0,ok=1","ldrtrk,seq=00034,pan=088.17,tilt=066.00,sun_pan=083.93,sun_tilt=047.06,err=19.41,state=track-pan,bv_mv=629.4,bi_ma=-0.2,bp_mw=-0.1,bs=idle",Orin unified tracker bidirectional BESS demo
2026-08-11T16:48:07.180094+00:00,1,,0,35,47,84.0,0.084,0.007056,trk,0,Standby,Shading detection waits for a locked tracker and positive power.,normal,,,55.0,-0.00011,0.00011,idle,5.0875,9.25,track-pan,85.165,66.0,84.625,46.505,19.502,1,,,,,,,,,,,,CRC/QPSK/OFDM,1,0,157,161,1288,644,14,28,1120,224,56,"p1br,seq=00035,frame_b=00161,bits=01288,qpsk=00644,ofdm=014,pad_q=00028,gap=0,ok=1","ldrtrk,seq=00035,pan=085.17,tilt=066.00,sun_pan=084.63,sun_tilt=046.51,err=19.50,state=track-pan,bv_mv=629.4,bi_ma=-0.2,bp_mw=-0.1,bs=idle",Orin unified tracker bidirectional BESS demo
2026-08-11T16:48:07.690012+00:00,1,,0,36,47,80.0,0.08,0.0064,trk,0,Standby,Shading detection waits for a locked tracker and positive power.,normal,,,55.0,-9.4e-05,9.4e-05,idle,5.0875,9.25,track-tilt,85.165,66.0,85.191,46.424,19.576,1,,,,,,,,,,,,CRC/QPSK/OFDM,1,0,157,161,1288,644,14,28,1120,224,56,"p1br,seq=00036,frame_b=00161,bits=01288,qpsk=00644,ofdm=014,pad_q=00028,gap=0,ok=1","ldrtrk,seq=00036,pan=085.17,tilt=066.00,sun_pan=085.19,sun_tilt=046.42,err=19.58,state=track-tilt,bv_mv=629.4,bi_ma=-0.1,bp_mw=-0.1,bs=idle",Orin unified tracker bidirectional BESS demo
2026-08-11T16:48:08.203349+00:00,1,,0,37,47,75.0,0.075,0.005625,trk,0,Standby,Shading detection waits for a locked tracker and positive power.,normal,,,55.0,-0.00011,0.00011,idle,5.0875,9.25,track-tilt,85.165,63.0,84.641,46.657,16.352,1,,,,,,,,,,,,CRC/QPSK/OFDM,1,0,157,161,1288,644,14,28,1120,224,56,"p1br,seq=00037,frame_b=00161,bits=01288,qpsk=00644,ofdm=014,pad_q=00028,gap=0,ok=1","ldrtrk,seq=00037,pan=085.17,tilt=063.00,sun_pan=084.64,sun_tilt=046.66,err=16.35,state=track-tilt,bv_mv=628.3,bi_ma=-0.2,bp_mw=-0.1,bs=idle",Orin unified tracker bidirectional BESS demo
2026-08-11T16:48:08.696725+00:00,1,,0,38,47,80.0,0.08,0.0064,trk,0,Standby,Shading detection waits for a locked tracker and positive power.,normal,,,55.0,-9.4e-05,9.4e-05,idle,5.0875,9.25,track-tilt,85.165,60.0,84.567,46.667,13.346,1,,,,,,,,,,,,CRC/QPSK/OFDM,1,0,157,161,1288,644,14,28,1120,224,56,"p1br,seq=00038,frame_b=00161,bits=01288,qpsk=00644,ofdm=014,pad_q=00028,gap=0,ok=1","ldrtrk,seq=00038,pan=085.17,tilt=060.00,sun_pan=084.57,sun_tilt=046.67,err=13.35,state=track-tilt,bv_mv=629.4,bi_ma=-0.1,bp_mw=-0.1,bs=idle",Orin unified tracker bidirectional BESS demo
2026-08-11T16:48:09.207147+00:00,1,,0,39,47,84.0,0.084,0.007056,trk,0,Standby,Shading detection waits for a locked tracker and positive power.,normal,,,55.0,-9.5e-05,9.5e-05,idle,5.0875,9.25,track-tilt,85.165,57.0,85.319,46.395,10.606,1,,,,,,,,,,,,CRC/QPSK/OFDM,1,0,157,161,1288,644,14,28,1120,224,56,"p1br,seq=00039,frame_b=00161,bits=01288,qpsk=00644,ofdm=014,pad_q=00028,gap=0,ok=1","ldrtrk,seq=00039,pan=085.17,tilt=057.00,sun_pan=085.32,sun_tilt=046.40,err=10.61,state=track-tilt,bv_mv=631.8,bi_ma=-0.1,bp_mw=-0.1,bs=idle",Orin unified tracker bidirectional BESS demo
2026-08-11T16:48:09.701771+00:00,1,,0,40,47,84.0,0.084,0.007056,trk,0,Standby,Shading detection waits for a locked tracker and positive power.,normal,,,55.0,-0.00011,0.00011,idle,5.0875,9.25,track-tilt,85.165,54.0,84.371,46.636,7.406,1,,,,,,,,,,,,CRC/QPSK/OFDM,1,0,157,161,1288,644,14,28,1120,224,56,"p1br,seq=00040,frame_b=00161,bits=01288,qpsk=00644,ofdm=014,pad_q=00028,gap=0,ok=1","ldrtrk,seq=00040,pan=085.17,tilt=054.00,sun_pan=084.37,sun_tilt=046.64,err=07.41,state=track-tilt,bv_mv=629.4,bi_ma=-0.2,bp_mw=-0.1,bs=idle",Orin unified tracker bidirectional BESS demo
2026-08-11T16:48:10.213470+00:00,1,,0,41,47,84.0,0.084,0.007056,trk,0,Standby,Shading detection waits for a locked tracker and positive power.,normal,,,55.0,-9.4e-05,9.4e-05,idle,5.0875,9.25,track-tilt,85.165,51.0,84.668,46.434,4.593,1,,,,,,,,,,,,CRC/QPSK/OFDM,1,0,157,161,1288,644,14,28,1120,224,56,"p1br,seq=00041,frame_b=00161,bits=01288,qpsk=00644,ofdm=014,pad_q=00028,gap=0,ok=1","ldrtrk,seq=00041,pan=085.17,tilt=051.00,sun_pan=084.67,sun_tilt=046.43,err=04.59,state=track-tilt,bv_mv=628.3,bi_ma=-0.1,bp_mw=-0.1,bs=idle",Orin unified tracker bidirectional BESS demo
2026-08-11T16:48:10.723122+00:00,1,,0,42,47,89.0,0.089,0.007921,trk,0,Standby,Shading detection waits for a locked tracker and positive power.,normal,,,55.0,-0.000126,0.000126,idle,5.0875,9.25,track-tilt,85.165,48.0,84.888,46.417,1.607,1,,,,,,,,,,,,CRC/QPSK/OFDM,1,0,157,161,1288,644,14,28,1120,224,56,"p1br,seq=00042,frame_b=00161,bits=01288,qpsk=00644,ofdm=014,pad_q=00028,gap=0,ok=1","ldrtrk,seq=00042,pan=085.17,tilt=048.00,sun_pan=084.89,sun_tilt=046.42,err=01.61,state=track-tilt,bv_mv=629.4,bi_ma=-0.2,bp_mw=-0.1,bs=idle",Orin unified tracker bidirectional BESS demo
2026-08-11T16:48:11.220046+00:00,1,,0,43,47,84.0,0.084,0.007056,trk,0,Standby,Shading detection waits for a locked tracker and positive power.,normal,,,55.0,-9.4e-05,9.4e-05,idle,5.0875,9.25,track-tilt,85.165,46.271,84.96,46.271,0.206,1,,,,,,,,,,,,CRC/QPSK/OFDM,1,0,157,161,1288,644,14,28,1120,224,56,"p1br,seq=00043,frame_b=00161,bits=01288,qpsk=00644,ofdm=014,pad_q=00028,gap=0,ok=1","ldrtrk,seq=00043,pan=085.17,tilt=046.27,sun_pan=084.96,sun_tilt=046.27,err=00.21,state=track-tilt,bv_mv=629.4,bi_ma=-0.1,bp_mw=-0.1,bs=idle",Orin unified tracker bidirectional BESS demo
2026-08-11T16:48:11.728462+00:00,1,,0,44,47,89.0,0.089,0.007921,trk,0,Learning,Learning locked-state shading baseline (4/8).,normal,,,55.0,-9.4e-05,9.4e-05,idle,5.0875,9.25,locked,85.165,46.271,84.25,46.51,0.946,1,,,,,,,,,,,,CRC/QPSK/OFDM,1,0,157,161,1288,644,14,28,1120,224,56,"p1br,seq=00044,frame_b=00161,bits=01288,qpsk=00644,ofdm=014,pad_q=00028,gap=0,ok=1","ldrtrk,seq=00044,pan=085.17,tilt=046.27,sun_pan=084.25,sun_tilt=046.51,err=00.95,state=locked,bv_mv=629.4,bi_ma=-0.1,bp_mw=-0.1,bs=idle",Orin unified tracker bidirectional BESS demo
2026-08-11T16:48:12.239675+00:00,1,,0,45,47,89.0,0.089,0.007921,trk,0,Learning,Learning locked-state shading baseline (5/8).,normal,,,55.0,-0.00011,0.00011,idle,5.0875,9.25,locked,85.165,46.271,84.203,46.48,0.985,1,,,,,,,,,,,,CRC/QPSK/OFDM,1,0,157,161,1288,644,14,28,1120,224,56,"p1br,seq=00045,frame_b=00161,bits=01288,qpsk=00644,ofdm=014,pad_q=00028,gap=0,ok=1","ldrtrk,seq=00045,pan=085.17,tilt=046.27,sun_pan=084.20,sun_tilt=046.48,err=00.99,state=locked,bv_mv=629.4,bi_ma=-0.2,bp_mw=-0.1,bs=idle",Orin unified tracker bidirectional BESS demo
2026-08-11T16:48:12.735697+00:00,1,,0,46,47,89.0,0.089,0.007921,trk,0,Standby,Shading detection waits for a locked tracker and positive power.,normal,,,55.0,-0.00011,0.00011,idle,5.0875,9.25,track-pan,85.165,46.271,87.019,46.39,1.858,1,,,,,,,,,,,,CRC/QPSK/OFDM,1,0,157,161,1288,644,14,28,1120,224,56,"p1br,seq=00046,frame_b=00161,bits=01288,qpsk=00644,ofdm=014,pad_q=00028,gap=0,ok=1","ldrtrk,seq=00046,pan=085.17,tilt=046.27,sun_pan=087.02,sun_tilt=046.39,err=01.86,state=track-pan,bv_mv=628.3,bi_ma=-0.2,bp_mw=-0.1,bs=idle",Orin unified tracker bidirectional BESS demo
2026-08-11T16:48:13.248670+00:00,1,,0,47,49,75.0,0.075,0.005625,trk,0,Standby,Shading detection waits for a locked tracker and positive power.,normal,,,55.0,-0.00011,0.00011,idle,5.0875,9.25,track-pan,88.165,46.271,90.0,90.0,43.767,1,,,,,,,,,,,,CRC/QPSK/OFDM,1,0,157,161,1288,644,14,28,1120,224,56,"p1br,seq=00047,frame_b=00161,bits=01288,qpsk=00644,ofdm=014,pad_q=00028,gap=0,ok=1","ldrtrk,seq=00047,pan=088.17,tilt=046.27,sun_pan=090.00,sun_tilt=090.00,err=43.77,state=track-pan,bv_mv=628.3,bi_ma=-0.2,bp_mw=-0.1,bs=idle",Orin unified tracker bidirectional BESS demo
2026-08-11T16:48:13.741220+00:00,1,,0,48,50,67.0,0.067,0.004489,trk,0,Standby,Shading detection waits for a locked tracker and positive power.,normal,,,55.0,-0.00011,0.00011,idle,5.0875,9.25,track-pan,90.0,46.271,90.0,90.0,43.729,1,,,,,,,,,,,,CRC/QPSK/OFDM,1,0,157,161,1288,644,14,28,1120,224,56,"p1br,seq=00048,frame_b=00161,bits=01288,qpsk=00644,ofdm=014,pad_q=00028,gap=0,ok=1","ldrtrk,seq=00048,pan=090.00,tilt=046.27,sun_pan=090.00,sun_tilt=090.00,err=43.73,state=track-pan,bv_mv=627.1,bi_ma=-0.2,bp_mw=-0.1,bs=idle",Orin unified tracker bidirectional BESS demo
2026-08-11T16:48:14.258491+00:00,1,,0,49,50,67.0,0.067,0.004489,trk,0,Standby,Shading detection waits for a locked tracker and positive power.,normal,,,55.0,-7.9e-05,7.9e-05,idle,5.0875,9.25,track-tilt,90.0,46.271,54.299,87.886,54.83,1,,,,,,,,,,,,CRC/QPSK/OFDM,1,0,157,161,1288,644,14,28,1120,224,56,"p1br,seq=00049,frame_b=00161,bits=01288,qpsk=00644,ofdm=014,pad_q=00028,gap=0,ok=1","ldrtrk,seq=00049,pan=090.00,tilt=046.27,sun_pan=054.30,sun_tilt=087.89,err=54.83,state=track-tilt,bv_mv=628.3,bi_ma=-0.1,bp_mw=-0.1,bs=idle",Orin unified tracker bidirectional BESS demo
2026-08-11T16:48:14.764398+00:00,1,,0,50,50,67.0,0.067,0.004489,trk,0,Standby,Shading detection waits for a locked tracker and positive power.,normal,,,55.0,-0.000126,0.000126,idle,5.0875,9.25,track-tilt,90.0,49.271,55.241,87.716,51.829,1,,,,,,,,,,,,CRC/QPSK/OFDM,1,0,157,161,1288,644,14,28,1120,224,56,"p1br,seq=00050,frame_b=00161,bits=01288,qpsk=00644,ofdm=014,pad_q=00028,gap=0,ok=1","ldrtrk,seq=00050,pan=090.00,tilt=049.27,sun_pan=055.24,sun_tilt=087.72,err=51.83,state=track-tilt,bv_mv=629.4,bi_ma=-0.2,bp_mw=-0.1,bs=idle",Orin unified tracker bidirectional BESS demo
2026-08-11T16:48:15.259623+00:00,1,,0,51,50,71.0,0.071,0.005041,trk,0,Standby,Shading detection waits for a locked tracker and positive power.,normal,,,55.0,-0.00011,0.00011,idle,5.0875,9.25,track-tilt,90.0,52.271,54.783,87.644,49.914,1,,,,,,,,,,,,CRC/QPSK/OFDM,1,0,157,161,1288,644,14,28,1120,224,56,"p1br,seq=00051,frame_b=00161,bits=01288,qpsk=00644,ofdm=014,pad_q=00028,gap=0,ok=1","ldrtrk,seq=00051,pan=090.00,tilt=052.27,sun_pan=054.78,sun_tilt=087.64,err=49.91,state=track-tilt,bv_mv=629.4,bi_ma=-0.2,bp_mw=-0.1,bs=idle",Orin unified tracker bidirectional BESS demo
2026-08-11T16:48:15.770183+00:00,1,,0,52,50,71.0,0.071,0.005041,trk,0,Standby,Shading detection waits for a locked tracker and positive power.,normal,,,55.0,-0.00011,0.00011,idle,5.0875,9.25,track-tilt,90.0,55.271,55.523,87.556,47.234,1,,,,,,,,,,,,CRC/QPSK/OFDM,1,0,157,161,1288,644,14,28,1120,224,56,"p1br,seq=00052,frame_b=00161,bits=01288,qpsk=00644,ofdm=014,pad_q=00028,gap=0,ok=1","ldrtrk,seq=00052,pan=090.00,tilt=055.27,sun_pan=055.52,sun_tilt=087.56,err=47.23,state=track-tilt,bv_mv=628.3,bi_ma=-0.2,bp_mw=-0.1,bs=idle",Orin unified tracker bidirectional BESS demo
2026-08-11T16:48:16.265275+00:00,1,,0,53,50,75.0,0.075,0.005625,trk,0,Standby,Shading detection waits for a locked tracker and positive power.,normal,,,55.0,-0.00011,0.00011,idle,5.0875,9.25,track-tilt,90.0,58.271,54.885,87.454,45.658,1,,,,,,,,,,,,CRC/QPSK/OFDM,1,0,157,161,1288,644,14,28,1120,224,56,"p1br,seq=00053,frame_b=00161,bits=01288,qpsk=00644,ofdm=014,pad_q=00028,gap=0,ok=1","ldrtrk,seq=00053,pan=090.00,tilt=058.27,sun_pan=054.88,sun_tilt=087.45,err=45.66,state=track-tilt,bv_mv=629.4,bi_ma=-0.2,bp_mw=-0.1,bs=idle",Orin unified tracker bidirectional BESS demo
2026-08-11T16:48:16.775644+00:00,1,,0,54,50,75.0,0.075,0.005625,trk,0,Standby,Shading detection waits for a locked tracker and positive power.,normal,,,55.0,-9.4e-05,9.4e-05,idle,5.0875,9.25,track-tilt,90.0,61.271,55.313,87.386,43.418,1,,,,,,,,,,,,CRC/QPSK/OFDM,1,0,157,161,1288,644,14,28,1120,224,56,"p1br,seq=00054,frame_b=00161,bits=01288,qpsk=00644,ofdm=014,pad_q=00028,gap=0,ok=1","ldrtrk,seq=00054,pan=090.00,tilt=061.27,sun_pan=055.31,sun_tilt=087.39,err=43.42,state=track-tilt,bv_mv=629.4,bi_ma=-0.1,bp_mw=-0.1,bs=idle",Orin unified tracker bidirectional BESS demo
2026-08-11T16:48:17.287174+00:00,1,,0,55,50,75.0,0.075,0.005625,trk,0,Standby,Shading detection waits for a locked tracker and positive power.,normal,,,55.0,-0.00011,0.00011,idle,5.0875,9.25,track-tilt,90.0,64.271,53.575,87.396,43.145,1,,,,,,,,,,,,CRC/QPSK/OFDM,1,0,157,161,1288,644,14,28,1120,224,56,"p1br,seq=00055,frame_b=00161,bits=01288,qpsk=00644,ofdm=014,pad_q=00028,gap=0,ok=1","ldrtrk,seq=00055,pan=090.00,tilt=064.27,sun_pan=053.57,sun_tilt=087.40,err=43.15,state=track-tilt,bv_mv=630.6,bi_ma=-0.2,bp_mw=-0.1,bs=idle",Orin unified tracker bidirectional BESS demo
2026-08-11T16:48:17.781863+00:00,1,,0,56,50,80.0,0.08,0.0064,trk,0,Standby,Shading detection waits for a locked tracker and positive power.,normal,,,55.0,-9.4e-05,9.4e-05,idle,5.0875,9.25,track-tilt,90.0,67.271,55.274,87.346,40.111,1,,,,,,,,,,,,CRC/QPSK/OFDM,1,0,157,161,1288,644,14,28,1120,224,56,"p1br,seq=00056,frame_b=00161,bits=01288,qpsk=00644,ofdm=014,pad_q=00028,gap=0,ok=1","ldrtrk,seq=00056,pan=090.00,tilt=067.27,sun_pan=055.27,sun_tilt=087.35,err=40.11,state=track-tilt,bv_mv=629.4,bi_ma=-0.1,bp_mw=-0.1,bs=idle",Orin unified tracker bidirectional BESS demo
2026-08-11T16:48:18.294583+00:00,1,,0,57,50,84.0,0.084,0.007056,trk,0,Standby,Shading detection waits for a locked tracker and positive power.,normal,,,55.0,-0.00011,0.00011,idle,5.0875,9.25,track-tilt,90.0,70.271,54.02,87.229,39.776,1,,,,,,,,,,,,CRC/QPSK/OFDM,1,0,157,161,1288,644,14,28,1120,224,56,"p1br,seq=00057,frame_b=00161,bits=01288,qpsk=00644,ofdm=014,pad_q=00028,gap=0,ok=1","ldrtrk,seq=00057,pan=090.00,tilt=070.27,sun_pan=054.02,sun_tilt=087.23,err=39.78,state=track-tilt,bv_mv=628.3,bi_ma=-0.2,bp_mw=-0.1,bs=idle",Orin unified tracker bidirectional BESS demo
2026-08-11T16:48:18.803518+00:00,1,,0,58,50,80.0,0.08,0.0064,trk,0,Standby,Shading detection waits for a locked tracker and positive power.,normal,,,55.0,-9.4e-05,9.4e-05,idle,5.0875,9.25,track-tilt,90.0,73.271,54.633,87.152,37.993,1,,,,,,,,,,,,CRC/QPSK/OFDM,1,0,157,161,1288,644,14,28,1120,224,56,"p1br,seq=00058,frame_b=00161,bits=01288,qpsk=00644,ofdm=014,pad_q=00028,gap=0,ok=1","ldrtrk,seq=00058,pan=090.00,tilt=073.27,sun_pan=054.63,sun_tilt=087.15,err=37.99,state=track-tilt,bv_mv=629.4,bi_ma=-0.1,bp_mw=-0.1,bs=idle",Orin unified tracker bidirectional BESS demo
2026-08-11T16:48:19.301922+00:00,1,,0,59,50,84.0,0.084,0.007056,trk,0,Standby,Shading detection waits for a locked tracker and positive power.,normal,,,55.0,-0.00011,0.00011,idle,5.0875,9.25,track-tilt,90.0,76.271,53.951,87.099,37.639,1,,,,,,,,,,,,CRC/QPSK/OFDM,1,0,157,161,1288,644,14,28,1120,224,56,"p1br,seq=00059,frame_b=00161,bits=01288,qpsk=00644,ofdm=014,pad_q=00028,gap=0,ok=1","ldrtrk,seq=00059,pan=090.00,tilt=076.27,sun_pan=053.95,sun_tilt=087.10,err=37.64,state=track-tilt,bv_mv=628.3,bi_ma=-0.2,bp_mw=-0.1,bs=idle",Orin unified tracker bidirectional BESS demo
2026-08-11T16:48:19.809983+00:00,1,,0,60,50,84.0,0.084,0.007056,trk,0,Standby,Shading detection waits for a locked tracker and positive power.,normal,,,55.0,-7.9e-05,7.9e-05,idle,5.0875,9.25,track-tilt,90.0,79.271,53.684,87.003,37.13,1,,,,,,,,,,,,CRC/QPSK/OFDM,1,0,157,161,1288,644,14,28,1120,224,56,"p1br,seq=00060,frame_b=00161,bits=01288,qpsk=00644,ofdm=014,pad_q=00028,gap=0,ok=1","ldrtrk,seq=00060,pan=090.00,tilt=079.27,sun_pan=053.68,sun_tilt=087.00,err=37.13,state=track-tilt,bv_mv=629.4,bi_ma=-0.1,bp_mw=-0.1,bs=idle",Orin unified tracker bidirectional BESS demo
2026-08-11T16:48:20.304059+00:00,1,,0,61,50,84.0,0.084,0.007056,trk,0,Standby,Shading detection waits for a locked tracker and positive power.,normal,,,55.0,-0.00011,0.00011,idle,5.0875,9.25,track-tilt,90.0,82.271,53.837,86.958,36.465,1,,,,,,,,,,,,CRC/QPSK/OFDM,1,0,157,161,1288,644,14,28,1120,224,56,"p1br,seq=00061,frame_b=00161,bits=01288,qpsk=00644,ofdm=014,pad_q=00028,gap=0,ok=1","ldrtrk,seq=00061,pan=090.00,tilt=082.27,sun_pan=053.84,sun_tilt=086.96,err=36.47,state=track-tilt,bv_mv=629.4,bi_ma=-0.2,bp_mw=-0.1,bs=idle",Orin unified tracker bidirectional BESS demo
2026-08-11T16:48:20.817005+00:00,1,,0,62,50,89.0,0.089,0.007921,trk,0,Standby,Shading detection waits for a locked tracker and positive power.,normal,,,55.0,-0.00011,0.00011,idle,5.0875,9.25,track-tilt,90.0,85.271,54.541,87.021,35.502,1,,,,,,,,,,,,CRC/QPSK/OFDM,1,0,157,161,1288,644,14,28,1120,224,56,"p1br,seq=00062,frame_b=00161,bits=01288,qpsk=00644,ofdm=014,pad_q=00028,gap=0,ok=1","ldrtrk,seq=00062,pan=090.00,tilt=085.27,sun_pan=054.54,sun_tilt=087.02,err=35.50,state=track-tilt,bv_mv=628.3,bi_ma=-0.2,bp_mw=-0.1,bs=idle",Orin unified tracker bidirectional BESS demo
2026-08-11T16:48:21.326372+00:00,1,,0,63,50,89.0,0.089,0.007921,trk,0,Standby,Shading detection waits for a locked tracker and positive power.,normal,,,55.0,-0.00011,0.00011,idle,5.0875,9.25,track-tilt,90.0,86.999,54.543,86.999,35.457,1,,,,,,,,,,,,CRC/QPSK/OFDM,1,0,157,161,1288,644,14,28,1120,224,56,"p1br,seq=00063,frame_b=00161,bits=01288,qpsk=00644,ofdm=014,pad_q=00028,gap=0,ok=1","ldrtrk,seq=00063,pan=090.00,tilt=087.00,sun_pan=054.54,sun_tilt=087.00,err=35.46,state=track-tilt,bv_mv=629.4,bi_ma=-0.2,bp_mw=-0.1,bs=idle",Orin unified tracker bidirectional BESS demo
2026-08-11T16:48:21.823133+00:00,1,,0,64,50,93.0,0.093,0.008649,trk,0,Standby,Shading detection waits for a locked tracker and positive power.,normal,,,55.0,-0.00011,0.00011,idle,5.0875,9.25,track-pan,90.0,86.999,55.573,86.984,34.427,1,,,,,,,,,,,,CRC/QPSK/OFDM,1,0,157,161,1288,644,14,28,1120,224,56,"p1br,seq=00064,frame_b=00161,bits=01288,qpsk=00644,ofdm=014,pad_q=00028,gap=0,ok=1","ldrtrk,seq=00064,pan=090.00,tilt=087.00,sun_pan=055.57,sun_tilt=086.98,err=34.43,state=track-pan,bv_mv=628.3,bi_ma=-0.2,bp_mw=-0.1,bs=idle",Orin unified tracker bidirectional BESS demo
2026-08-11T16:48:22.331290+00:00,1,,0,65,48,93.0,0.093,0.008649,trk,0,Standby,Shading detection waits for a locked tracker and positive power.,normal,,,55.0,-9.4e-05,9.4e-05,idle,5.0875,9.25,track-pan,87.0,86.999,55.827,86.981,31.173,1,,,,,,,,,,,,CRC/QPSK/OFDM,1,0,157,161,1288,644,14,28,1120,224,56,"p1br,seq=00065,frame_b=00161,bits=01288,qpsk=00644,ofdm=014,pad_q=00028,gap=0,ok=1","ldrtrk,seq=00065,pan=087.00,tilt=087.00,sun_pan=055.83,sun_tilt=086.98,err=31.17,state=track-pan,bv_mv=627.1,bi_ma=-0.1,bp_mw=-0.1,bs=idle",Orin unified tracker bidirectional BESS demo
2026-08-11T16:48:22.843377+00:00,1,,0,66,46,93.0,0.093,0.008649,trk,0,Standby,Shading detection waits for a locked tracker and positive power.,normal,,,55.0,-0.00011,0.00011,idle,5.0875,9.25,track-pan,84.0,86.999,56.713,86.875,27.287,1,,,,,,,,,,,,CRC/QPSK/OFDM,1,0,157,161,1288,644,14,28,1120,224,56,"p1br,seq=00066,frame_b=00161,bits=01288,qpsk=00644,ofdm=014,pad_q=00028,gap=0,ok=1","ldrtrk,seq=00066,pan=084.00,tilt=087.00,sun_pan=056.71,sun_tilt=086.88,err=27.29,state=track-pan,bv_mv=629.4,bi_ma=-0.2,bp_mw=-0.1,bs=idle",Orin unified tracker bidirectional BESS demo
2026-08-11T16:48:23.340080+00:00,1,,0,67,44,93.0,0.093,0.008649,trk,0,Standby,Shading detection waits for a locked tracker and positive power.,normal,,,55.0,-0.00011,0.00011,idle,5.0875,9.25,track-pan,81.0,86.999,57.842,86.725,23.16,1,,,,,,,,,,,,CRC/QPSK/OFDM,1,0,157,161,1288,644,14,28,1120,224,56,"p1br,seq=00067,frame_b=00161,bits=01288,qpsk=00644,ofdm=014,pad_q=00028,gap=0,ok=1","ldrtrk,seq=00067,pan=081.00,tilt=087.00,sun_pan=057.84,sun_tilt=086.72,err=23.16,state=track-pan,bv_mv=629.4,bi_ma=-0.2,bp_mw=-0.1,bs=idle",Orin unified tracker bidirectional BESS demo
2026-08-11T16:48:23.850136+00:00,1,,0,68,42,98.0,0.098,0.009604,trk,0,Standby,Shading detection waits for a locked tracker and positive power.,normal,,,55.0,-0.000126,0.000126,idle,5.0875,9.25,track-pan,78.0,86.999,58.226,86.579,19.778,1,,,,,,,,,,,,CRC/QPSK/OFDM,1,0,157,161,1288,644,14,28,1120,224,56,"p1br,seq=00068,frame_b=00161,bits=01288,qpsk=00644,ofdm=014,pad_q=00028,gap=0,ok=1","ldrtrk,seq=00068,pan=078.00,tilt=087.00,sun_pan=058.23,sun_tilt=086.58,err=19.78,state=track-pan,bv_mv=629.4,bi_ma=-0.2,bp_mw=-0.1,bs=idle",Orin unified tracker bidirectional BESS demo
2026-08-11T16:48:24.344809+00:00,1,,0,69,41,93.0,0.093,0.008649,trk,0,Standby,Shading detection waits for a locked tracker and positive power.,normal,,,55.0,-0.00011,0.00011,idle,5.0875,9.25,track-pan,75.0,86.999,58.465,86.465,16.544,1,,,,,,,,,,,,CRC/QPSK/OFDM,1,0,157,161,1288,644,14,28,1120,224,56,"p1br,seq=00069,frame_b=00161,bits=01288,qpsk=00644,ofdm=014,pad_q=00028,gap=0,ok=1","ldrtrk,seq=00069,pan=075.00,tilt=087.00,sun_pan=058.46,sun_tilt=086.46,err=16.54,state=track-pan,bv_mv=628.3,bi_ma=-0.2,bp_mw=-0.1,bs=idle",Orin unified tracker bidirectional BESS demo
2026-08-11T16:48:24.856424+00:00,1,,0,70,39,89.0,0.089,0.007921,trk,0,Standby,Shading detection waits for a locked tracker and positive power.,normal,,,55.0,-9.4e-05,9.4e-05,idle,5.0875,9.25,track-pan,72.0,86.999,58.412,86.453,13.599,1,,,,,,,,,,,,CRC/QPSK/OFDM,1,0,157,161,1288,644,14,28,1120,224,56,"p1br,seq=00070,frame_b=00161,bits=01288,qpsk=00644,ofdm=014,pad_q=00028,gap=0,ok=1","ldrtrk,seq=00070,pan=072.00,tilt=087.00,sun_pan=058.41,sun_tilt=086.45,err=13.60,state=track-pan,bv_mv=629.4,bi_ma=-0.1,bp_mw=-0.1,bs=idle",Orin unified tracker bidirectional BESS demo
2026-08-11T16:48:25.372231+00:00,1,,0,71,37,98.0,0.098,0.009604,trk,0,Standby,Shading detection waits for a locked tracker and positive power.,normal,,,55.0,-9.4e-05,9.4e-05,idle,5.0875,9.25,track-pan,69.0,86.999,57.389,86.485,11.623,1,,,,,,,,,,,,CRC/QPSK/OFDM,1,0,157,161,1288,644,14,28,1120,224,56,"p1br,seq=00071,frame_b=00161,bits=01288,qpsk=00644,ofdm=014,pad_q=00028,gap=0,ok=1","ldrtrk,seq=00071,pan=069.00,tilt=087.00,sun_pan=057.39,sun_tilt=086.49,err=11.62,state=track-pan,bv_mv=629.4,bi_ma=-0.1,bp_mw=-0.1,bs=idle",Orin unified tracker bidirectional BESS demo
2026-08-11T16:48:25.861535+00:00,1,,0,72,35,93.0,0.093,0.008649,trk,0,Standby,Shading detection waits for a locked tracker and positive power.,normal,,,55.0,-0.00011,0.00011,idle,5.0875,9.25,track-pan,66.0,86.999,60.851,86.015,5.242,1,,,,,,,,,,,,CRC/QPSK/OFDM,1,0,157,161,1288,644,14,28,1120,224,56,"p1br,seq=00072,frame_b=00161,bits=01288,qpsk=00644,ofdm=014,pad_q=00028,gap=0,ok=1","ldrtrk,seq=00072,pan=066.00,tilt=087.00,sun_pan=060.85,sun_tilt=086.02,err=05.24,state=track-pan,bv_mv=629.4,bi_ma=-0.2,bp_mw=-0.1,bs=idle",Orin unified tracker bidirectional BESS demo
2026-08-11T16:48:26.372032+00:00,1,,0,73,33,93.0,0.093,0.008649,trk,0,Standby,Shading detection waits for a locked tracker and positive power.,normal,,,55.0,-0.00011,0.00011,idle,5.0875,9.25,track-pan,63.0,86.999,61.476,85.736,1.979,1,,,,,,,,,,,,CRC/QPSK/OFDM,1,0,157,161,1288,644,14,28,1120,224,56,"p1br,seq=00073,frame_b=00161,bits=01288,qpsk=00644,ofdm=014,pad_q=00028,gap=0,ok=1","ldrtrk,seq=00073,pan=063.00,tilt=087.00,sun_pan=061.48,sun_tilt=085.74,err=01.98,state=track-pan,bv_mv=628.3,bi_ma=-0.2,bp_mw=-0.1,bs=idle",Orin unified tracker bidirectional BESS demo
2026-08-11T16:48:26.866880+00:00,1,,0,74,32,93.0,0.093,0.008649,trk,0,Standby,Shading detection waits for a locked tracker and positive power.,normal,,,55.0,-0.00011,0.00011,idle,5.0875,9.25,track-pan,61.766,86.999,61.766,85.578,1.421,1,,,,,,,,,,,,CRC/QPSK/OFDM,1,0,157,161,1288,644,14,28,1120,224,56,"p1br,seq=00074,frame_b=00161,bits=01288,qpsk=00644,ofdm=014,pad_q=00028,gap=0,ok=1","ldrtrk,seq=00074,pan=061.77,tilt=087.00,sun_pan=061.77,sun_tilt=085.58,err=01.42,state=track-pan,bv_mv=629.4,bi_ma=-0.2,bp_mw=-0.1,bs=idle",Orin unified tracker bidirectional BESS demo
2026-08-11T16:48:27.377300+00:00,1,,0,75,32,98.0,0.098,0.009604,trk,0,Standby,Shading detection waits for a locked tracker and positive power.,normal,,,55.0,-0.00011,0.00011,idle,5.0875,9.25,track-tilt,61.766,86.999,62.88,85.452,1.906,1,,,,,,,,,,,,CRC/QPSK/OFDM,1,0,157,161,1288,644,14,28,1120,224,56,"p1br,seq=00075,frame_b=00161,bits=01288,qpsk=00644,ofdm=014,pad_q=00028,gap=0,ok=1","ldrtrk,seq=00075,pan=061.77,tilt=087.00,sun_pan=062.88,sun_tilt=085.45,err=01.91,state=track-tilt,bv_mv=629.4,bi_ma=-0.2,bp_mw=-0.1,bs=idle",Orin unified tracker bidirectional BESS demo
2026-08-11T16:48:27.888830+00:00,1,,0,76,32,98.0,0.098,0.009604,trk,0,Standby,Shading detection waits for a locked tracker and positive power.,normal,,,55.0,-9.4e-05,9.4e-05,idle,5.0875,9.25,track-tilt,61.766,85.429,61.554,85.429,0.212,1,,,,,,,,,,,,CRC/QPSK/OFDM,1,0,157,161,1288,644,14,28,1120,224,56,"p1br,seq=00076,frame_b=00161,bits=01288,qpsk=00644,ofdm=014,pad_q=00028,gap=0,ok=1","ldrtrk,seq=00076,pan=061.77,tilt=085.43,sun_pan=061.55,sun_tilt=085.43,err=00.21,state=track-tilt,bv_mv=629.4,bi_ma=-0.1,bp_mw=-0.1,bs=idle",Orin unified tracker bidirectional BESS demo
2026-08-11T16:48:28.381868+00:00,1,,0,77,32,98.0,0.098,0.009604,trk,0,Standby,Shading detection waits for a locked tracker and positive power.,normal,,,55.0,-0.00011,0.00011,idle,5.0875,9.25,track-pan,61.766,85.429,60.584,85.795,1.236,1,,,,,,,,,,,,CRC/QPSK/OFDM,1,0,157,161,1288,644,14,28,1120,224,56,"p1br,seq=00077,frame_b=00161,bits=01288,qpsk=00644,ofdm=014,pad_q=00028,gap=0,ok=1","ldrtrk,seq=00077,pan=061.77,tilt=085.43,sun_pan=060.58,sun_tilt=085.79,err=01.24,state=track-pan,bv_mv=629.4,bi_ma=-0.2,bp_mw=-0.1,bs=idle",Orin unified tracker bidirectional BESS demo
2026-08-11T16:48:28.895421+00:00,1,,0,78,31,98.0,0.098,0.009604,trk,0,Standby,Shading detection waits for a locked tracker and positive power.,normal,,,55.0,-0.00011,0.00011,idle,5.0875,9.25,track-pan,60.196,85.429,60.196,85.695,0.265,1,,,,,,,,,,,,CRC/QPSK/OFDM,1,0,157,161,1288,644,14,28,1120,224,56,"p1br,seq=00078,frame_b=00161,bits=01288,qpsk=00644,ofdm=014,pad_q=00028,gap=0,ok=1","ldrtrk,seq=00078,pan=060.20,tilt=085.43,sun_pan=060.20,sun_tilt=085.69,err=00.27,state=track-pan,bv_mv=630.6,bi_ma=-0.2,bp_mw=-0.1,bs=idle",Orin unified tracker bidirectional BESS demo
2026-08-11T16:48:29.404589+00:00,1,,0,79,31,93.0,0.093,0.008649,trk,0,Learning,Learning locked-state shading baseline (6/8).,normal,,,55.0,-9.4e-05,9.4e-05,idle,5.0875,9.25,locked,60.196,85.429,60.912,85.538,0.724,1,,,,,,,,,,,,CRC/QPSK/OFDM,1,0,157,161,1288,644,14,28,1120,224,56,"p1br,seq=00079,frame_b=00161,bits=01288,qpsk=00644,ofdm=014,pad_q=00028,gap=0,ok=1","ldrtrk,seq=00079,pan=060.20,tilt=085.43,sun_pan=060.91,sun_tilt=085.54,err=00.72,state=locked,bv_mv=628.3,bi_ma=-0.1,bp_mw=-0.1,bs=idle",Orin unified tracker bidirectional BESS demo
2026-08-11T16:48:29.899814+00:00,1,,0,80,31,93.0,0.093,0.008649,trk,0,Standby,Shading detection waits for a locked tracker and positive power.,normal,,,55.0,-0.000126,0.000126,idle,5.0875,9.25,track-pan,60.196,85.429,58.728,85.558,1.474,1,,,,,,,,,,,,CRC/QPSK/OFDM,1,0,157,161,1288,644,14,28,1120,224,56,"p1br,seq=00080,frame_b=00161,bits=01288,qpsk=00644,ofdm=014,pad_q=00028,gap=0,ok=1","ldrtrk,seq=00080,pan=060.20,tilt=085.43,sun_pan=058.73,sun_tilt=085.56,err=01.47,state=track-pan,bv_mv=629.4,bi_ma=-0.2,bp_mw=-0.1,bs=idle",Orin unified tracker bidirectional BESS demo
2026-08-11T16:48:30.410313+00:00,1,,0,81,31,98.0,0.098,0.009604,trk,0,Learning,Learning locked-state shading baseline (7/8).,normal,,,55.0,-0.000126,0.000126,idle,5.0875,9.25,locked,60.196,85.429,61.094,85.542,0.905,1,,,,,,,,,,,,CRC/QPSK/OFDM,1,0,157,161,1288,644,14,28,1120,224,56,"p1br,seq=00081,frame_b=00161,bits=01288,qpsk=00644,ofdm=014,pad_q=00028,gap=0,ok=1","ldrtrk,seq=00081,pan=060.20,tilt=085.43,sun_pan=061.09,sun_tilt=085.54,err=00.91,state=locked,bv_mv=629.4,bi_ma=-0.2,bp_mw=-0.1,bs=idle",Orin unified tracker bidirectional BESS demo
2026-08-11T16:48:30.905571+00:00,1,,0,82,31,98.0,0.098,0.009604,trk,0,Standby,Shading detection waits for a locked tracker and positive power.,normal,,,55.0,-9.5e-05,9.5e-05,idle,5.0875,9.25,track-pan,60.196,85.429,61.27,85.504,1.076,1,,,,,,,,,,,,CRC/QPSK/OFDM,1,0,157,161,1288,644,14,28,1120,224,56,"p1br,seq=00082,frame_b=00161,bits=01288,qpsk=00644,ofdm=014,pad_q=00028,gap=0,ok=1","ldrtrk,seq=00082,pan=060.20,tilt=085.43,sun_pan=061.27,sun_tilt=085.50,err=01.08,state=track-pan,bv_mv=630.6,bi_ma=-0.1,bp_mw=-0.1,bs=idle",Orin unified tracker bidirectional BESS demo
2026-08-11T16:48:31.418083+00:00,1,,0,83,33,93.0,0.093,0.008649,trk,0,Standby,Shading detection waits for a locked tracker and positive power.,normal,,,55.0,-9.4e-05,9.4e-05,idle,5.0875,9.25,track-pan,63.196,85.429,64.838,84.893,1.727,1,,,,,,,,,,,,CRC/QPSK/OFDM,1,0,157,161,1288,644,14,28,1120,224,56,"p1br,seq=00083,frame_b=00161,bits=01288,qpsk=00644,ofdm=014,pad_q=00028,gap=0,ok=1","ldrtrk,seq=00083,pan=063.20,tilt=085.43,sun_pan=064.84,sun_tilt=084.89,err=01.73,state=track-pan,bv_mv=628.3,bi_ma=-0.1,bp_mw=-0.1,bs=idle",Orin unified tracker bidirectional BESS demo
2026-08-11T16:48:31.928310+00:00,1,,0,84,35,98.0,0.098,0.009604,trk,0,Standby,Shading detection waits for a locked tracker and positive power.,normal,,,55.0,-0.00011,0.00011,idle,5.0875,9.25,track-pan,66.104,85.429,66.104,84.778,0.651,1,,,,,,,,,,,,CRC/QPSK/OFDM,1,0,157,161,1288,644,14,28,1120,224,56,"p1br,seq=00084,frame_b=00161,bits=01288,qpsk=00644,ofdm=014,pad_q=00028,gap=0,ok=1","ldrtrk,seq=00084,pan=066.10,tilt=085.43,sun_pan=066.10,sun_tilt=084.78,err=00.65,state=track-pan,bv_mv=629.4,bi_ma=-0.2,bp_mw=-0.1,bs=idle",Orin unified tracker bidirectional BESS demo
2026-08-11T16:48:32.424561+00:00,1,,0,85,36,98.0,0.098,0.009604,trk,0,Standby,Shading detection waits for a locked tracker and positive power.,normal,,,55.0,-0.00011,0.00011,idle,5.0875,9.25,track-pan,68.072,85.429,68.072,84.486,0.943,1,,,,,,,,,,,,CRC/QPSK/OFDM,1,0,157,161,1288,644,14,28,1120,224,56,"p1br,seq=00085,frame_b=00161,bits=01288,qpsk=00644,ofdm=014,pad_q=00028,gap=0,ok=1","ldrtrk,seq=00085,pan=068.07,tilt=085.43,sun_pan=068.07,sun_tilt=084.49,err=00.94,state=track-pan,bv_mv=629.4,bi_ma=-0.2,bp_mw=-0.1,bs=idle",Orin unified tracker bidirectional BESS demo
2026-08-11T16:48:32.934458+00:00,1,,0,86,36,98.0,0.098,0.009604,trk,0,Standby,Shading detection waits for a locked tracker and positive power.,normal,,,55.0,-0.00011,0.00011,idle,5.0875,9.25,track-tilt,68.072,85.429,69.013,84.23,1.524,1,,,,,,,,,,,,CRC/QPSK/OFDM,1,0,157,161,1288,644,14,28,1120,224,56,"p1br,seq=00086,frame_b=00161,bits=01288,qpsk=00644,ofdm=014,pad_q=00028,gap=0,ok=1","ldrtrk,seq=00086,pan=068.07,tilt=085.43,sun_pan=069.01,sun_tilt=084.23,err=01.52,state=track-tilt,bv_mv=629.4,bi_ma=-0.2,bp_mw=-0.1,bs=idle",Orin unified tracker bidirectional BESS demo
2026-08-11T16:48:33.444346+00:00,1,,0,87,36,98.0,0.098,0.009604,trk,0,Standby,Shading detection waits for a locked tracker and positive power.,normal,,,55.0,-0.00011,0.00011,idle,5.0875,9.25,track-tilt,68.072,83.892,69.389,83.892,1.317,1,,,,,,,,,,,,CRC/QPSK/OFDM,1,0,157,161,1288,644,14,28,1120,224,56,"p1br,seq=00087,frame_b=00161,bits=01288,qpsk=00644,ofdm=014,pad_q=00028,gap=0,ok=1","ldrtrk,seq=00087,pan=068.07,tilt=083.89,sun_pan=069.39,sun_tilt=083.89,err=01.32,state=track-tilt,bv_mv=627.1,bi_ma=-0.2,bp_mw=-0.1,bs=idle",Orin unified tracker bidirectional BESS demo
2026-08-11T16:48:33.939360+00:00,1,,0,88,36,98.0,0.098,0.009604,trk,0,Standby,Shading detection waits for a locked tracker and positive power.,normal,,,55.0,-0.00011,0.00011,idle,5.0875,9.25,track-pan,68.072,83.892,69.443,84.035,1.378,1,,,,,,,,,,,,CRC/QPSK/OFDM,1,0,157,161,1288,644,14,28,1120,224,56,"p1br,seq=00088,frame_b=00161,bits=01288,qpsk=00644,ofdm=014,pad_q=00028,gap=0,ok=1","ldrtrk,seq=00088,pan=068.07,tilt=083.89,sun_pan=069.44,sun_tilt=084.04,err=01.38,state=track-pan,bv_mv=629.4,bi_ma=-0.2,bp_mw=-0.1,bs=idle",Orin unified tracker bidirectional BESS demo
2026-08-11T16:48:34.450101+00:00,1,,0,89,36,93.0,0.093,0.008649,trk,0,Learning,Learning locked-state shading baseline (8/8).,normal,,,55.0,-0.00011,0.00011,idle,5.0875,9.25,locked,68.072,83.892,67.433,84.443,0.844,1,,,,,,,,,,,,CRC/QPSK/OFDM,1,0,157,161,1288,644,14,28,1120,224,56,"p1br,seq=00089,frame_b=00161,bits=01288,qpsk=00644,ofdm=014,pad_q=00028,gap=0,ok=1","ldrtrk,seq=00089,pan=068.07,tilt=083.89,sun_pan=067.43,sun_tilt=084.44,err=00.84,state=locked,bv_mv=627.1,bi_ma=-0.2,bp_mw=-0.1,bs=idle",Orin unified tracker bidirectional BESS demo
2026-08-11T16:48:34.945004+00:00,1,,0,90,36,98.0,0.098,0.009604,trk,0,Standby,Shading detection waits for a locked tracker and positive power.,normal,,,55.0,-0.00011,0.00011,idle,5.0875,9.25,track-pan,68.072,83.892,66.845,84.481,1.361,1,,,,,,,,,,,,CRC/QPSK/OFDM,1,0,157,161,1288,644,14,28,1120,224,56,"p1br,seq=00090,frame_b=00161,bits=01288,qpsk=00644,ofdm=014,pad_q=00028,gap=0,ok=1","ldrtrk,seq=00090,pan=068.07,tilt=083.89,sun_pan=066.84,sun_tilt=084.48,err=01.36,state=track-pan,bv_mv=629.4,bi_ma=-0.2,bp_mw=-0.1,bs=idle",Orin unified tracker bidirectional BESS demo
2026-08-11T16:48:35.459782+00:00,1,,0,91,34,93.0,0.093,0.008649,trk,0,Standby,Shading detection waits for a locked tracker and positive power.,normal,,,55.0,-9.4e-05,9.4e-05,idle,5.0875,9.25,track-pan,65.072,83.892,51.369,85.441,13.791,1,,,,,,,,,,,,CRC/QPSK/OFDM,1,0,157,161,1288,644,14,28,1120,224,56,"p1br,seq=00091,frame_b=00161,bits=01288,qpsk=00644,ofdm=014,pad_q=00028,gap=0,ok=1","ldrtrk,seq=00091,pan=065.07,tilt=083.89,sun_pan=051.37,sun_tilt=085.44,err=13.79,state=track-pan,bv_mv=629.4,bi_ma=-0.1,bp_mw=-0.1,bs=idle",Orin unified tracker bidirectional BESS demo
2026-08-11T16:48:35.968105+00:00,1,,0,92,33,89.0,0.089,0.007921,trk,0,Standby,Shading detection waits for a locked tracker and positive power.,normal,,,55.0,-0.00011,0.00011,idle,5.0875,9.25,track-pan,62.072,83.892,37.749,86.355,24.448,1,,,,,,,,,,,,CRC/QPSK/OFDM,1,0,157,161,1288,644,14,28,1120,224,56,"p1br,seq=00092,frame_b=00161,bits=01288,qpsk=00644,ofdm=014,pad_q=00028,gap=0,ok=1","ldrtrk,seq=00092,pan=062.07,tilt=083.89,sun_pan=037.75,sun_tilt=086.36,err=24.45,state=track-pan,bv_mv=629.4,bi_ma=-0.2,bp_mw=-0.1,bs=idle",Orin unified tracker bidirectional BESS demo
2026-08-11T16:48:36.465627+00:00,1,,0,93,31,102.0,0.102,0.010404,trk,0,Standby,Shading detection waits for a locked tracker and positive power.,normal,,,55.0,-9.4e-05,9.4e-05,idle,5.0875,9.25,track-pan,59.072,83.892,54.192,83.52,4.895,1,,,,,,,,,,,,CRC/QPSK/OFDM,1,0,157,161,1288,644,14,28,1120,224,56,"p1br,seq=00093,frame_b=00161,bits=01288,qpsk=00644,ofdm=014,pad_q=00028,gap=0,ok=1","ldrtrk,seq=00093,pan=059.07,tilt=083.89,sun_pan=054.19,sun_tilt=083.52,err=04.89,state=track-pan,bv_mv=628.3,bi_ma=-0.1,bp_mw=-0.1,bs=idle",Orin unified tracker bidirectional BESS demo
2026-08-11T16:48:36.973584+00:00,1,,0,94,31,93.0,0.093,0.008649,trk,0,Standby,Shading detection waits for a locked tracker and positive power.,normal,,,55.0,-0.000126,0.000126,idle,5.0875,9.25,track-tilt,59.072,83.892,93.195,44.385,52.203,1,,,,,,,,,,,,CRC/QPSK/OFDM,1,0,157,161,1288,644,14,28,1120,224,56,"p1br,seq=00094,frame_b=00161,bits=01288,qpsk=00644,ofdm=014,pad_q=00028,gap=0,ok=1","ldrtrk,seq=00094,pan=059.07,tilt=083.89,sun_pan=093.20,sun_tilt=044.39,err=52.20,state=track-tilt,bv_mv=629.4,bi_ma=-0.2,bp_mw=-0.1,bs=idle",Orin unified tracker bidirectional BESS demo
2026-08-11T16:48:37.469402+00:00,1,,0,95,31,89.0,0.089,0.007921,trk,0,Standby,Shading detection waits for a locked tracker and positive power.,normal,,,55.0,-9.5e-05,9.5e-05,idle,5.0875,9.25,track-tilt,59.072,80.892,97.552,45.604,52.211,1,,,,,,,,,,,,CRC/QPSK/OFDM,1,0,157,161,1288,644,14,28,1120,224,56,"p1br,seq=00095,frame_b=00161,bits=01288,qpsk=00644,ofdm=014,pad_q=00028,gap=0,ok=1","ldrtrk,seq=00095,pan=059.07,tilt=080.89,sun_pan=097.55,sun_tilt=045.60,err=52.21,state=track-tilt,bv_mv=630.6,bi_ma=-0.1,bp_mw=-0.1,bs=idle",Orin unified tracker bidirectional BESS demo
2026-08-11T16:48:37.980309+00:00,1,,0,96,31,84.0,0.084,0.007056,trk,0,Standby,Shading detection waits for a locked tracker and positive power.,normal,,,55.0,-9.4e-05,9.4e-05,idle,5.0875,9.25,track-tilt,59.072,77.892,94.434,44.708,48.494,1,,,,,,,,,,,,CRC/QPSK/OFDM,1,0,157,161,1288,644,14,28,1120,224,56,"p1br,seq=00096,frame_b=00161,bits=01288,qpsk=00644,ofdm=014,pad_q=00028,gap=0,ok=1","ldrtrk,seq=00096,pan=059.07,tilt=077.89,sun_pan=094.43,sun_tilt=044.71,err=48.49,state=track-tilt,bv_mv=629.4,bi_ma=-0.1,bp_mw=-0.1,bs=idle",Orin unified tracker bidirectional BESS demo
2026-08-11T16:48:38.491802+00:00,1,,0,97,31,84.0,0.084,0.007056,trk,0,Standby,Shading detection waits for a locked tracker and positive power.,normal,,,55.0,-9.4e-05,9.4e-05,idle,5.0875,9.25,track-tilt,59.072,74.892,94.778,44.796,46.698,1,,,,,,,,,,,,CRC/QPSK/OFDM,1,0,157,161,1288,644,14,28,1120,224,56,"p1br,seq=00097,frame_b=00161,bits=01288,qpsk=00644,ofdm=014,pad_q=00028,gap=0,ok=1","ldrtrk,seq=00097,pan=059.07,tilt=074.89,sun_pan=094.78,sun_tilt=044.80,err=46.70,state=track-tilt,bv_mv=629.4,bi_ma=-0.1,bp_mw=-0.1,bs=idle",Orin unified tracker bidirectional BESS demo
2026-08-11T16:48:38.987502+00:00,1,,0,98,31,84.0,0.084,0.007056,trk,0,Standby,Shading detection waits for a locked tracker and positive power.,normal,,,55.0,-0.00011,0.00011,idle,5.0875,9.25,track-tilt,59.072,71.892,94.665,44.708,44.786,1,,,,,,,,,,,,CRC/QPSK/OFDM,1,0,157,161,1288,644,14,28,1120,224,56,"p1br,seq=00098,frame_b=00161,bits=01288,qpsk=00644,ofdm=014,pad_q=00028,gap=0,ok=1","ldrtrk,seq=00098,pan=059.07,tilt=071.89,sun_pan=094.66,sun_tilt=044.71,err=44.79,state=track-tilt,bv_mv=629.4,bi_ma=-0.2,bp_mw=-0.1,bs=idle",Orin unified tracker bidirectional BESS demo
2026-08-11T16:48:39.497085+00:00,1,,0,99,31,89.0,0.089,0.007921,trk,0,Standby,Shading detection waits for a locked tracker and positive power.,normal,,,55.0,-9.5e-05,9.5e-05,idle,5.0875,9.25,track-tilt,59.072,68.892,94.981,44.739,43.277,1,,,,,,,,,,,,CRC/QPSK/OFDM,1,0,157,161,1288,644,14,28,1120,224,56,"p1br,seq=00099,frame_b=00161,bits=01288,qpsk=00644,ofdm=014,pad_q=00028,gap=0,ok=1","ldrtrk,seq=00099,pan=059.07,tilt=068.89,sun_pan=094.98,sun_tilt=044.74,err=43.28,state=track-tilt,bv_mv=630.6,bi_ma=-0.1,bp_mw=-0.1,bs=idle",Orin unified tracker bidirectional BESS demo
2026-08-11T16:48:40.008544+00:00,1,,0,100,31,89.0,0.089,0.007921,trk,0,Standby,Shading detection waits for a locked tracker and positive power.,normal,,,55.0,-0.00011,0.00011,idle,5.0875,9.25,track-tilt,59.072,65.892,94.75,44.555,41.572,1,,,,,,,,,,,,CRC/QPSK/OFDM,1,0,157,161,1288,644,14,28,1120,224,56,"p1br,seq=00100,frame_b=00161,bits=01288,qpsk=00644,ofdm=014,pad_q=00028,gap=0,ok=1","ldrtrk,seq=00100,pan=059.07,tilt=065.89,sun_pan=094.75,sun_tilt=044.55,err=41.57,state=track-tilt,bv_mv=628.3,bi_ma=-0.2,bp_mw=-0.1,bs=idle",Orin unified tracker bidirectional BESS demo
2026-08-11T16:48:40.502511+00:00,1,,0,101,31,93.0,0.093,0.008649,trk,0,Standby,Shading detection waits for a locked tracker and positive power.,normal,,,55.0,-0.00011,0.00011,idle,5.0875,9.25,track-tilt,59.072,62.892,94.934,44.778,40.177,1,,,,,,,,,,,,CRC/QPSK/OFDM,1,0,157,161,1288,644,14,28,1120,224,56,"p1br,seq=00101,frame_b=00161,bits=01288,qpsk=00644,ofdm=014,pad_q=00028,gap=0,ok=1","ldrtrk,seq=00101,pan=059.07,tilt=062.89,sun_pan=094.93,sun_tilt=044.78,err=40.18,state=track-tilt,bv_mv=630.6,bi_ma=-0.2,bp_mw=-0.1,bs=idle",Orin unified tracker bidirectional BESS demo
2026-08-11T16:48:41.015313+00:00,1,,0,102,31,93.0,0.093,0.008649,trk,0,Standby,Shading detection waits for a locked tracker and positive power.,normal,,,55.0,-9.4e-05,9.4e-05,idle,5.0875,9.25,track-tilt,59.072,59.892,95.071,44.733,39.061,1,,,,,,,,,,,,CRC/QPSK/OFDM,1,0,157,161,1288,644,14,28,1120,224,56,"p1br,seq=00102,frame_b=00161,bits=01288,qpsk=00644,ofdm=014,pad_q=00028,gap=0,ok=1","ldrtrk,seq=00102,pan=059.07,tilt=059.89,sun_pan=095.07,sun_tilt=044.73,err=39.06,state=track-tilt,bv_mv=628.3,bi_ma=-0.1,bp_mw=-0.1,bs=idle",Orin unified tracker bidirectional BESS demo
2026-08-11T16:48:41.509890+00:00,1,,0,103,31,98.0,0.098,0.009604,trk,0,Standby,Shading detection waits for a locked tracker and positive power.,normal,,,55.0,-9.4e-05,9.4e-05,idle,5.0875,9.25,track-tilt,59.072,56.892,95.018,44.646,37.975,1,,,,,,,,,,,,CRC/QPSK/OFDM,1,0,157,161,1288,644,14,28,1120,224,56,"p1br,seq=00103,frame_b=00161,bits=01288,qpsk=00644,ofdm=014,pad_q=00028,gap=0,ok=1","ldrtrk,seq=00103,pan=059.07,tilt=056.89,sun_pan=095.02,sun_tilt=044.65,err=37.97,state=track-tilt,bv_mv=628.3,bi_ma=-0.1,bp_mw=-0.1,bs=idle",Orin unified tracker bidirectional BESS demo
2026-08-11T16:48:42.021233+00:00,1,,0,104,31,93.0,0.093,0.008649,trk,0,Standby,Shading detection waits for a locked tracker and positive power.,normal,,,55.0,-0.00011,0.00011,idle,5.0875,9.25,track-tilt,59.072,53.892,94.923,44.53,37.053,1,,,,,,,,,,,,CRC/QPSK/OFDM,1,0,157,161,1288,644,14,28,1120,224,56,"p1br,seq=00104,frame_b=00161,bits=01288,qpsk=00644,ofdm=014,pad_q=00028,gap=0,ok=1","ldrtrk,seq=00104,pan=059.07,tilt=053.89,sun_pan=094.92,sun_tilt=044.53,err=37.05,state=track-tilt,bv_mv=629.4,bi_ma=-0.2,bp_mw=-0.1,bs=idle",Orin unified tracker bidirectional BESS demo
2026-08-11T16:48:42.530427+00:00,1,,0,105,31,102.0,0.102,0.010404,trk,0,Standby,Shading detection waits for a locked tracker and positive power.,normal,,,55.0,-0.00011,0.00011,idle,5.0875,9.25,track-tilt,59.072,50.892,94.962,44.46,36.462,1,,,,,,,,,,,,CRC/QPSK/OFDM,1,0,157,161,1288,644,14,28,1120,224,56,"p1br,seq=00105,frame_b=00161,bits=01288,qpsk=00644,ofdm=014,pad_q=00028,gap=0,ok=1","ldrtrk,seq=00105,pan=059.07,tilt=050.89,sun_pan=094.96,sun_tilt=044.46,err=36.46,state=track-tilt,bv_mv=628.3,bi_ma=-0.2,bp_mw=-0.1,bs=idle",Orin unified tracker bidirectional BESS demo
2026-08-11T16:48:43.025970+00:00,1,,0,106,31,102.0,0.102,0.010404,trk,0,Standby,Shading detection waits for a locked tracker and positive power.,normal,,,55.0,-7.9e-05,7.9e-05,idle,5.0875,9.25,track-tilt,59.072,47.892,94.968,44.515,36.054,1,,,,,,,,,,,,CRC/QPSK/OFDM,1,0,157,161,1288,644,14,28,1120,224,56,"p1br,seq=00106,frame_b=00161,bits=01288,qpsk=00644,ofdm=014,pad_q=00028,gap=0,ok=1","ldrtrk,seq=00106,pan=059.07,tilt=047.89,sun_pan=094.97,sun_tilt=044.51,err=36.05,state=track-tilt,bv_mv=630.6,bi_ma=-0.1,bp_mw=-0.1,bs=idle",Orin unified tracker bidirectional BESS demo
2026-08-11T16:48:43.536779+00:00,1,,0,107,31,98.0,0.098,0.009604,trk,0,Standby,Shading detection waits for a locked tracker and positive power.,normal,,,55.0,-0.00011,0.00011,idle,5.0875,9.25,track-tilt,59.072,44.892,95.039,44.633,35.968,1,,,,,,,,,,,,CRC/QPSK/OFDM,1,0,157,161,1288,644,14,28,1120,224,56,"p1br,seq=00107,frame_b=00161,bits=01288,qpsk=00644,ofdm=014,pad_q=00028,gap=0,ok=1","ldrtrk,seq=00107,pan=059.07,tilt=044.89,sun_pan=095.04,sun_tilt=044.63,err=35.97,state=track-tilt,bv_mv=628.3,bi_ma=-0.2,bp_mw=-0.1,bs=idle",Orin unified tracker bidirectional BESS demo
2026-08-11T16:48:44.045568+00:00,1,,0,108,31,102.0,0.102,0.010404,trk,0,Standby,Shading detection waits for a locked tracker and positive power.,normal,,,55.0,-9.5e-05,9.5e-05,idle,5.0875,9.25,track-pan,59.072,44.892,95.033,44.578,35.962,1,,,,,,,,,,,,CRC/QPSK/OFDM,1,0,157,161,1288,644,14,28,1120,224,56,"p1br,seq=00108,frame_b=00161,bits=01288,qpsk=00644,ofdm=014,pad_q=00028,gap=0,ok=1","ldrtrk,seq=00108,pan=059.07,tilt=044.89,sun_pan=095.03,sun_tilt=044.58,err=35.96,state=track-pan,bv_mv=630.6,bi_ma=-0.1,bp_mw=-0.1,bs=idle",Orin unified tracker bidirectional BESS demo
2026-08-11T16:48:44.544310+00:00,1,,0,109,33,102.0,0.102,0.010404,trk,0,Standby,Shading detection waits for a locked tracker and positive power.,normal,,,55.0,-0.00011,0.00011,idle,5.0875,9.25,track-pan,62.072,44.892,95.041,44.601,32.97,1,,,,,,,,,,,,CRC/QPSK/OFDM,1,0,157,161,1288,644,14,28,1120,224,56,"p1br,seq=00109,frame_b=00161,bits=01288,qpsk=00644,ofdm=014,pad_q=00028,gap=0,ok=1","ldrtrk,seq=00109,pan=062.07,tilt=044.89,sun_pan=095.04,sun_tilt=044.60,err=32.97,state=track-pan,bv_mv=629.4,bi_ma=-0.2,bp_mw=-0.1,bs=idle",Orin unified tracker bidirectional BESS demo
2026-08-11T16:48:45.053300+00:00,1,,0,110,34,102.0,0.102,0.010404,trk,0,Standby,Shading detection waits for a locked tracker and positive power.,normal,,,55.0,-0.00011,0.00011,idle,5.0875,9.25,track-pan,65.072,44.892,95.027,44.598,29.956,1,,,,,,,,,,,,CRC/QPSK/OFDM,1,0,157,161,1288,644,14,28,1120,224,56,"p1br,seq=00110,frame_b=00161,bits=01288,qpsk=00644,ofdm=014,pad_q=00028,gap=0,ok=1","ldrtrk,seq=00110,pan=065.07,tilt=044.89,sun_pan=095.03,sun_tilt=044.60,err=29.96,state=track-pan,bv_mv=627.1,bi_ma=-0.2,bp_mw=-0.1,bs=idle",Orin unified tracker bidirectional BESS demo
2026-08-11T16:48:45.548656+00:00,1,,0,111,36,102.0,0.102,0.010404,trk,0,Standby,Shading detection waits for a locked tracker and positive power.,normal,,,55.0,-0.00011,0.00011,idle,5.0875,9.25,track-pan,68.072,44.892,95.143,44.704,27.071,1,,,,,,,,,,,,CRC/QPSK/OFDM,1,0,157,161,1288,644,14,28,1120,224,56,"p1br,seq=00111,frame_b=00161,bits=01288,qpsk=00644,ofdm=014,pad_q=00028,gap=0,ok=1","ldrtrk,seq=00111,pan=068.07,tilt=044.89,sun_pan=095.14,sun_tilt=044.70,err=27.07,state=track-pan,bv_mv=628.3,bi_ma=-0.2,bp_mw=-0.1,bs=idle",Orin unified tracker bidirectional BESS demo
2026-08-11T16:48:46.059837+00:00,1,,0,112,38,107.0,0.107,0.011449,trk,0,Standby,Shading detection waits for a locked tracker and positive power.,normal,,,55.0,-0.00011,0.00011,idle,5.0875,9.25,track-pan,71.072,44.892,95.016,44.535,23.946,1,,,,,,,,,,,,CRC/QPSK/OFDM,1,0,157,161,1288,644,14,28,1120,224,56,"p1br,seq=00112,frame_b=00161,bits=01288,qpsk=00644,ofdm=014,pad_q=00028,gap=0,ok=1","ldrtrk,seq=00112,pan=071.07,tilt=044.89,sun_pan=095.02,sun_tilt=044.53,err=23.95,state=track-pan,bv_mv=629.4,bi_ma=-0.2,bp_mw=-0.1,bs=idle",Orin unified tracker bidirectional BESS demo
2026-08-11T16:48:46.570099+00:00,1,,0,113,40,107.0,0.107,0.011449,trk,0,Standby,Shading detection waits for a locked tracker and positive power.,normal,,,55.0,-0.00011,0.00011,idle,5.0875,9.25,track-pan,74.072,44.892,94.716,44.285,20.653,1,,,,,,,,,,,,CRC/QPSK/OFDM,1,0,157,161,1288,644,14,28,1120,224,56,"p1br,seq=00113,frame_b=00161,bits=01288,qpsk=00644,ofdm=014,pad_q=00028,gap=0,ok=1","ldrtrk,seq=00113,pan=074.07,tilt=044.89,sun_pan=094.72,sun_tilt=044.28,err=20.65,state=track-pan,bv_mv=630.6,bi_ma=-0.2,bp_mw=-0.1,bs=idle",Orin unified tracker bidirectional BESS demo
2026-08-11T16:48:47.065938+00:00,1,,0,114,42,107.0,0.107,0.011449,trk,0,Standby,Shading detection waits for a locked tracker and positive power.,normal,,,55.0,-0.00011,0.00011,idle,5.0875,9.25,track-pan,77.072,44.892,94.843,44.329,17.78,1,,,,,,,,,,,,CRC/QPSK/OFDM,1,0,157,161,1288,644,14,28,1120,224,56,"p1br,seq=00114,frame_b=00161,bits=01288,qpsk=00644,ofdm=014,pad_q=00028,gap=0,ok=1","ldrtrk,seq=00114,pan=077.07,tilt=044.89,sun_pan=094.84,sun_tilt=044.33,err=17.78,state=track-pan,bv_mv=627.1,bi_ma=-0.2,bp_mw=-0.1,bs=idle",Orin unified tracker bidirectional BESS demo
2026-08-11T16:48:47.578955+00:00,1,,0,115,44,107.0,0.107,0.011449,trk,0,Standby,Shading detection waits for a locked tracker and positive power.,normal,,,55.0,-0.00011,0.00011,idle,5.0875,9.25,track-pan,80.072,44.892,94.683,44.263,14.625,1,,,,,,,,,,,,CRC/QPSK/OFDM,1,0,157,161,1288,644,14,28,1120,224,56,"p1br,seq=00115,frame_b=00161,bits=01288,qpsk=00644,ofdm=014,pad_q=00028,gap=0,ok=1","ldrtrk,seq=00115,pan=080.07,tilt=044.89,sun_pan=094.68,sun_tilt=044.26,err=14.62,state=track-pan,bv_mv=628.3,bi_ma=-0.2,bp_mw=-0.1,bs=idle",Orin unified tracker bidirectional BESS demo
2026-08-11T16:48:48.071777+00:00,1,,0,116,46,107.0,0.107,0.011449,trk,0,Standby,Shading detection waits for a locked tracker and positive power.,normal,,,55.0,-0.00011,0.00011,idle,5.0875,9.25,track-pan,83.072,44.892,94.665,44.181,11.614,1,,,,,,,,,,,,CRC/QPSK/OFDM,1,0,157,161,1288,644,14,28,1120,224,56,"p1br,seq=00116,frame_b=00161,bits=01288,qpsk=00644,ofdm=014,pad_q=00028,gap=0,ok=1","ldrtrk,seq=00116,pan=083.07,tilt=044.89,sun_pan=094.66,sun_tilt=044.18,err=11.61,state=track-pan,bv_mv=630.6,bi_ma=-0.2,bp_mw=-0.1,bs=idle",Orin unified tracker bidirectional BESS demo
2026-08-11T16:48:48.585463+00:00,1,,0,117,48,111.0,0.111,0.012321,trk,0,Standby,Shading detection waits for a locked tracker and positive power.,normal,,,55.0,-9.4e-05,9.4e-05,idle,5.0875,9.25,track-pan,86.072,44.892,94.632,44.223,8.586,1,,,,,,,,,,,,CRC/QPSK/OFDM,1,0,157,161,1288,644,14,28,1120,224,56,"p1br,seq=00117,frame_b=00161,bits=01288,qpsk=00644,ofdm=014,pad_q=00028,gap=0,ok=1","ldrtrk,seq=00117,pan=086.07,tilt=044.89,sun_pan=094.63,sun_tilt=044.22,err=08.59,state=track-pan,bv_mv=627.1,bi_ma=-0.1,bp_mw=-0.1,bs=idle",Orin unified tracker bidirectional BESS demo
2026-08-11T16:48:49.093471+00:00,1,,0,118,49,111.0,0.111,0.012321,trk,0,Standby,Shading detection waits for a locked tracker and positive power.,normal,,,55.0,-0.00011,0.00011,idle,5.0875,9.25,track-pan,89.072,44.892,94.36,43.926,5.376,1,,,,,,,,,,,,CRC/QPSK/OFDM,1,0,157,161,1288,644,14,28,1120,224,56,"p1br,seq=00118,frame_b=00161,bits=01288,qpsk=00644,ofdm=014,pad_q=00028,gap=0,ok=1","ldrtrk,seq=00118,pan=089.07,tilt=044.89,sun_pan=094.36,sun_tilt=043.93,err=05.38,state=track-pan,bv_mv=627.1,bi_ma=-0.2,bp_mw=-0.1,bs=idle",Orin unified tracker bidirectional BESS demo
2026-08-11T16:48:49.588927+00:00,1,,0,119,51,107.0,0.107,0.011449,trk,0,Standby,Shading detection waits for a locked tracker and positive power.,normal,,,55.0,-0.000111,0.000111,idle,5.0875,9.25,track-pan,92.072,44.892,94.742,44.241,2.748,1,,,,,,,,,,,,CRC/QPSK/OFDM,1,0,157,161,1288,644,14,28,1120,224,56,"p1br,seq=00119,frame_b=00161,bits=01288,qpsk=00644,ofdm=014,pad_q=00028,gap=0,ok=1","ldrtrk,seq=00119,pan=092.07,tilt=044.89,sun_pan=094.74,sun_tilt=044.24,err=02.75,state=track-pan,bv_mv=631.8,bi_ma=-0.2,bp_mw=-0.1,bs=idle",Orin unified tracker bidirectional BESS demo
2026-08-11T16:48:50.100104+00:00,1,,0,120,53,107.0,0.107,0.011449,trk,0,Standby,Shading detection waits for a locked tracker and positive power.,normal,,,55.0,-9.5e-05,9.5e-05,idle,5.0875,9.25,track-pan,94.568,44.892,94.568,44.213,0.679,1,,,,,,,,,,,,CRC/QPSK/OFDM,1,0,157,161,1288,644,14,28,1120,224,56,"p1br,seq=00120,frame_b=00161,bits=01288,qpsk=00644,ofdm=014,pad_q=00028,gap=0,ok=1","ldrtrk,seq=00120,pan=094.57,tilt=044.89,sun_pan=094.57,sun_tilt=044.21,err=00.68,state=track-pan,bv_mv=630.6,bi_ma=-0.1,bp_mw=-0.1,bs=idle",Orin unified tracker bidirectional BESS demo
2026-08-11T16:48:50.608975+00:00,1,,0,121,53,102.0,0.102,0.010404,trk,0,OK,Panel response is 176.0% of the learned baseline.,normal,,,55.0,-0.00011,0.00011,idle,5.0875,9.25,locked,94.568,44.892,94.633,44.31,0.586,1,,,,,,,,,,,,CRC/QPSK/OFDM,1,0,157,161,1288,644,14,28,1120,224,56,"p1br,seq=00121,frame_b=00161,bits=01288,qpsk=00644,ofdm=014,pad_q=00028,gap=0,ok=1","ldrtrk,seq=00121,pan=094.57,tilt=044.89,sun_pan=094.63,sun_tilt=044.31,err=00.59,state=locked,bv_mv=630.6,bi_ma=-0.2,bp_mw=-0.1,bs=idle",Orin unified tracker bidirectional BESS demo
2026-08-11T16:48:51.105150+00:00,1,,0,122,53,107.0,0.107,0.011449,trk,0,OK,Panel response is 191.0% of the learned baseline.,normal,,,55.0,-0.00011,0.00011,idle,5.0875,9.25,locked,94.568,44.892,94.727,44.426,0.492,1,,,,,,,,,,,,CRC/QPSK/OFDM,1,0,157,161,1288,644,14,28,1120,224,56,"p1br,seq=00122,frame_b=00161,bits=01288,qpsk=00644,ofdm=014,pad_q=00028,gap=0,ok=1","ldrtrk,seq=00122,pan=094.57,tilt=044.89,sun_pan=094.73,sun_tilt=044.43,err=00.49,state=locked,bv_mv=629.4,bi_ma=-0.2,bp_mw=-0.1,bs=idle",Orin unified tracker bidirectional BESS demo
2026-08-11T16:48:51.615406+00:00,1,,0,123,53,102.0,0.102,0.010404,trk,0,OK,Panel response is 170.8% of the learned baseline.,normal,,,55.0,-9.4e-05,9.4e-05,idle,5.0875,9.25,locked,94.568,44.892,94.735,44.369,0.549,1,,,,,,,,,,,,CRC/QPSK/OFDM,1,0,157,161,1288,644,14,28,1120,224,56,"p1br,seq=00123,frame_b=00161,bits=01288,qpsk=00644,ofdm=014,pad_q=00028,gap=0,ok=1","ldrtrk,seq=00123,pan=094.57,tilt=044.89,sun_pan=094.74,sun_tilt=044.37,err=00.55,state=locked,bv_mv=629.4,bi_ma=-0.1,bp_mw=-0.1,bs=idle",Orin unified tracker bidirectional BESS demo
2026-08-11T16:48:52.113444+00:00,1,,0,124,53,102.0,0.102,0.010404,trk,0,OK,Panel response is 168.8% of the learned baseline.,normal,,,55.0,-9.5e-05,9.5e-05,idle,5.0875,9.25,locked,94.568,44.892,94.861,44.539,0.459,1,,,,,,,,,,,,CRC/QPSK/OFDM,1,0,157,161,1288,644,14,28,1120,224,56,"p1br,seq=00124,frame_b=00161,bits=01288,qpsk=00644,ofdm=014,pad_q=00028,gap=0,ok=1","ldrtrk,seq=00124,pan=094.57,tilt=044.89,sun_pan=094.86,sun_tilt=044.54,err=00.46,state=locked,bv_mv=631.8,bi_ma=-0.1,bp_mw=-0.1,bs=idle",Orin unified tracker bidirectional BESS demo
2026-08-11T16:48:52.621086+00:00,1,,0,125,53,102.0,0.102,0.010404,trk,0,OK,Panel response is 166.4% of the learned baseline.,normal,,,55.0,-9.5e-05,9.5e-05,idle,5.0875,9.25,locked,94.568,44.892,94.901,44.604,0.44,1,,,,,,,,,,,,CRC/QPSK/OFDM,1,0,157,161,1288,644,14,28,1120,224,56,"p1br,seq=00125,frame_b=00161,bits=01288,qpsk=00644,ofdm=014,pad_q=00028,gap=0,ok=1","ldrtrk,seq=00125,pan=094.57,tilt=044.89,sun_pan=094.90,sun_tilt=044.60,err=00.44,state=locked,bv_mv=630.6,bi_ma=-0.1,bp_mw=-0.1,bs=idle",Orin unified tracker bidirectional BESS demo
2026-08-11T16:48:53.133140+00:00,1,,0,126,53,102.0,0.102,0.010404,trk,0,OK,Panel response is 164.6% of the learned baseline.,normal,,,55.0,-9.4e-05,9.4e-05,idle,5.0875,9.25,locked,94.568,44.892,94.981,44.666,0.471,1,,,,,,,,,,,,CRC/QPSK/OFDM,1,0,157,161,1288,644,14,28,1120,224,56,"p1br,seq=00126,frame_b=00161,bits=01288,qpsk=00644,ofdm=014,pad_q=00028,gap=0,ok=1","ldrtrk,seq=00126,pan=094.57,tilt=044.89,sun_pan=094.98,sun_tilt=044.67,err=00.47,state=locked,bv_mv=629.4,bi_ma=-0.1,bp_mw=-0.1,bs=idle",Orin unified tracker bidirectional BESS demo
2026-08-11T16:48:53.631507+00:00,1,,0,127,53,107.0,0.107,0.011449,trk,0,OK,Panel response is 178.8% of the learned baseline.,normal,,,55.0,-9.4e-05,9.4e-05,idle,5.0875,9.25,locked,94.568,44.892,94.972,44.583,0.509,1,,,,,,,,,,,,CRC/QPSK/OFDM,1,0,157,161,1288,644,14,28,1120,224,56,"p1br,seq=00127,frame_b=00161,bits=01288,qpsk=00644,ofdm=014,pad_q=00028,gap=0,ok=1","ldrtrk,seq=00127,pan=094.57,tilt=044.89,sun_pan=094.97,sun_tilt=044.58,err=00.51,state=locked,bv_mv=628.3,bi_ma=-0.1,bp_mw=-0.1,bs=idle",Orin unified tracker bidirectional BESS demo
2026-08-11T16:48:54.138229+00:00,1,,0,128,53,102.0,0.102,0.010404,trk,0,OK,Panel response is 160.2% of the learned baseline.,normal,,,55.0,-9.4e-05,9.4e-05,idle,5.0875,9.25,locked,94.568,44.892,94.921,44.654,0.427,1,,,,,,,,,,,,CRC/QPSK/OFDM,1,0,157,161,1288,644,14,28,1120,224,56,"p1br,seq=00128,frame_b=00161,bits=01288,qpsk=00644,ofdm=014,pad_q=00028,gap=0,ok=1","ldrtrk,seq=00128,pan=094.57,tilt=044.89,sun_pan=094.92,sun_tilt=044.65,err=00.43,state=locked,bv_mv=627.1,bi_ma=-0.1,bp_mw=-0.1,bs=idle",Orin unified tracker bidirectional BESS demo
2026-08-11T16:48:54.649472+00:00,1,,0,129,53,102.0,0.102,0.010404,trk,0,OK,Panel response is 158.1% of the learned baseline.,normal,,,55.0,-9.4e-05,9.4e-05,idle,5.0875,9.25,locked,94.568,44.892,94.86,44.534,0.462,1,,,,,,,,,,,,CRC/QPSK/OFDM,1,0,157,161,1288,644,14,28,1120,224,56,"p1br,seq=00129,frame_b=00161,bits=01288,qpsk=00644,ofdm=014,pad_q=00028,gap=0,ok=1","ldrtrk,seq=00129,pan=094.57,tilt=044.89,sun_pan=094.86,sun_tilt=044.53,err=00.46,state=locked,bv_mv=629.4,bi_ma=-0.1,bp_mw=-0.1,bs=idle",Orin unified tracker bidirectional BESS demo
2026-08-11T16:48:55.146131+00:00,1,,0,130,53,102.0,0.102,0.010404,trk,0,OK,Panel response is 157.4% of the learned baseline.,normal,,,55.0,-0.00011,0.00011,idle,5.0875,9.25,locked,94.568,44.892,94.996,44.864,0.429,1,,,,,,,,,,,,CRC/QPSK/OFDM,1,0,157,161,1288,644,14,28,1120,224,56,"p1br,seq=00130,frame_b=00161,bits=01288,qpsk=00644,ofdm=014,pad_q=00028,gap=0,ok=1","ldrtrk,seq=00130,pan=094.57,tilt=044.89,sun_pan=095.00,sun_tilt=044.86,err=00.43,state=locked,bv_mv=629.4,bi_ma=-0.2,bp_mw=-0.1,bs=idle",Orin unified tracker bidirectional BESS demo
2026-08-11T16:48:55.654683+00:00,1,,0,131,53,102.0,0.102,0.010404,trk,0,OK,Panel response is 156.1% of the learned baseline.,normal,,,55.0,-0.000111,0.000111,idle,5.0875,9.25,locked,94.568,44.892,94.892,45.106,0.388,1,,,,,,,,,,,,CRC/QPSK/OFDM,1,0,157,161,1288,644,14,28,1120,224,56,"p1br,seq=00131,frame_b=00161,bits=01288,qpsk=00644,ofdm=014,pad_q=00028,gap=0,ok=1","ldrtrk,seq=00131,pan=094.57,tilt=044.89,sun_pan=094.89,sun_tilt=045.11,err=00.39,state=locked,bv_mv=631.8,bi_ma=-0.2,bp_mw=-0.1,bs=idle",Orin unified tracker bidirectional BESS demo
2026-08-11T16:48:56.152260+00:00,1,,0,132,53,98.0,0.098,0.009604,trk,0,OK,Panel response is 142.5% of the learned baseline.,normal,,,55.0,-0.00011,0.00011,idle,5.0875,9.25,locked,94.568,44.892,95.012,45.061,0.475,1,,,,,,,,,,,,CRC/QPSK/OFDM,1,0,157,161,1288,644,14,28,1120,224,56,"p1br,seq=00132,frame_b=00161,bits=01288,qpsk=00644,ofdm=014,pad_q=00028,gap=0,ok=1","ldrtrk,seq=00132,pan=094.57,tilt=044.89,sun_pan=095.01,sun_tilt=045.06,err=00.48,state=locked,bv_mv=630.6,bi_ma=-0.2,bp_mw=-0.1,bs=idle",Orin unified tracker bidirectional BESS demo
2026-08-11T16:48:56.663415+00:00,1,,0,133,53,102.0,0.102,0.010404,trk,0,OK,Panel response is 153.6% of the learned baseline.,normal,,,55.0,-0.00011,0.00011,idle,5.0875,9.25,locked,94.568,44.892,95.059,45.2,0.579,1,,,,,,,,,,,,CRC/QPSK/OFDM,1,0,157,161,1288,644,14,28,1120,224,56,"p1br,seq=00133,frame_b=00161,bits=01288,qpsk=00644,ofdm=014,pad_q=00028,gap=0,ok=1","ldrtrk,seq=00133,pan=094.57,tilt=044.89,sun_pan=095.06,sun_tilt=045.20,err=00.58,state=locked,bv_mv=630.6,bi_ma=-0.2,bp_mw=-0.1,bs=idle",Orin unified tracker bidirectional BESS demo
2026-08-11T16:48:57.201201+00:00,1,,0,134,53,98.0,0.098,0.009604,trk,0,OK,Panel response is 140.8% of the learned baseline.,normal,,,55.0,-9.5e-05,9.5e-05,idle,5.0875,9.25,locked,94.568,44.892,95.189,45.395,0.8,1,,,,,,,,,,,,CRC/QPSK/OFDM,1,0,157,161,1288,644,14,28,1120,224,56,"p1br,seq=00134,frame_b=00161,bits=01288,qpsk=00644,ofdm=014,pad_q=00028,gap=0,ok=1","ldrtrk,seq=00134,pan=094.57,tilt=044.89,sun_pan=095.19,sun_tilt=045.40,err=00.80,state=locked,bv_mv=630.6,bi_ma=-0.1,bp_mw=-0.1,bs=idle",Orin unified tracker bidirectional BESS demo
2026-08-11T16:48:57.668165+00:00,1,,0,135,53,93.0,0.093,0.008649,trk,0,Standby,Shading detection waits for a locked tracker and positive power.,normal,,,55.0,-0.00011,0.00011,idle,5.0875,9.25,track-tilt,94.568,44.892,95.708,46.045,1.622,1,,,,,,,,,,,,CRC/QPSK/OFDM,1,0,157,161,1288,644,14,28,1120,224,56,"p1br,seq=00135,frame_b=00161,bits=01288,qpsk=00644,ofdm=014,pad_q=00028,gap=0,ok=1","ldrtrk,seq=00135,pan=094.57,tilt=044.89,sun_pan=095.71,sun_tilt=046.05,err=01.62,state=track-tilt,bv_mv=629.4,bi_ma=-0.2,bp_mw=-0.1,bs=idle",Orin unified tracker bidirectional BESS demo
2026-08-11T16:48:58.190812+00:00,1,,0,136,53,98.0,0.098,0.009604,trk,0,OK,Panel response is 140.0% of the learned baseline.,normal,,,55.0,-0.000126,0.000126,idle,5.0875,9.25,locked,94.568,44.892,95.418,45.723,1.189,1,,,,,,,,,,,,CRC/QPSK/OFDM,1,0,157,161,1288,644,14,28,1120,224,56,"p1br,seq=00136,frame_b=00161,bits=01288,qpsk=00644,ofdm=014,pad_q=00028,gap=0,ok=1","ldrtrk,seq=00136,pan=094.57,tilt=044.89,sun_pan=095.42,sun_tilt=045.72,err=01.19,state=locked,bv_mv=631.8,bi_ma=-0.2,bp_mw=-0.1,bs=idle",Orin unified tracker bidirectional BESS demo
2026-08-11T16:48:58.673040+00:00,1,,0,137,53,98.0,0.098,0.009604,trk,0,OK,Panel response is 138.7% of the learned baseline.,normal,,,55.0,-0.00011,0.00011,idle,5.0875,9.25,locked,94.568,44.892,95.532,45.721,1.272,1,,,,,,,,,,,,CRC/QPSK/OFDM,1,0,157,161,1288,644,14,28,1120,224,56,"p1br,seq=00137,frame_b=00161,bits=01288,qpsk=00644,ofdm=014,pad_q=00028,gap=0,ok=1","ldrtrk,seq=00137,pan=094.57,tilt=044.89,sun_pan=095.53,sun_tilt=045.72,err=01.27,state=locked,bv_mv=630.6,bi_ma=-0.2,bp_mw=-0.1,bs=idle",Orin unified tracker bidirectional BESS demo
2026-08-11T16:48:59.248324+00:00,1,,0,138,53,93.0,0.093,0.008649,trk,0,Standby,Shading detection waits for a locked tracker and positive power.,normal,,,55.0,-9.5e-05,9.5e-05,idle,5.0875,9.25,track-pan,94.568,44.892,95.673,45.903,1.498,1,,,,,,,,,,,,CRC/QPSK/OFDM,1,0,157,161,1288,644,14,28,1120,224,56,"p1br,seq=00138,frame_b=00161,bits=01288,qpsk=00644,ofdm=014,pad_q=00028,gap=0,ok=1","ldrtrk,seq=00138,pan=094.57,tilt=044.89,sun_pan=095.67,sun_tilt=045.90,err=01.50,state=track-pan,bv_mv=631.8,bi_ma=-0.1,bp_mw=-0.1,bs=idle",Orin unified tracker bidirectional BESS demo
2026-08-11T16:48:59.694527+00:00,1,,0,139,53,98.0,0.098,0.009604,trk,0,OK,Panel response is 137.6% of the learned baseline.,normal,,,55.0,-9.4e-05,9.4e-05,idle,5.0875,9.25,locked,94.568,44.892,95.544,45.794,1.329,1,,,,,,,,,,,,CRC/QPSK/OFDM,1,0,157,161,1288,644,14,28,1120,224,56,"p1br,seq=00139,frame_b=00161,bits=01288,qpsk=00644,ofdm=014,pad_q=00028,gap=0,ok=1","ldrtrk,seq=00139,pan=094.57,tilt=044.89,sun_pan=095.54,sun_tilt=045.79,err=01.33,state=locked,bv_mv=628.3,bi_ma=-0.1,bp_mw=-0.1,bs=idle",Orin unified tracker bidirectional BESS demo
2026-08-11T16:49:00.273535+00:00,1,,0,140,53,98.0,0.098,0.009604,trk,0,Standby,Shading detection waits for a locked tracker and positive power.,normal,,,55.0,-9.4e-05,9.4e-05,idle,5.0875,9.25,track-pan,94.568,44.892,95.599,45.844,1.403,1,,,,,,,,,,,,CRC/QPSK/OFDM,1,0,157,161,1288,644,14,28,1120,224,56,"p1br,seq=00140,frame_b=00161,bits=01288,qpsk=00644,ofdm=014,pad_q=00028,gap=0,ok=1","ldrtrk,seq=00140,pan=094.57,tilt=044.89,sun_pan=095.60,sun_tilt=045.84,err=01.40,state=track-pan,bv_mv=628.3,bi_ma=-0.1,bp_mw=-0.1,bs=idle",Orin unified tracker bidirectional BESS demo
2026-08-11T16:49:00.701103+00:00,1,,0,141,53,98.0,0.098,0.009604,trk,0,OK,Panel response is 136.7% of the learned baseline.,normal,,,55.0,-9.5e-05,9.5e-05,idle,5.0875,9.25,locked,94.568,44.892,95.392,45.712,1.163,1,,,,,,,,,,,,CRC/QPSK/OFDM,1,0,157,161,1288,644,14,28,1120,224,56,"p1br,seq=00141,frame_b=00161,bits=01288,qpsk=00644,ofdm=014,pad_q=00028,gap=0,ok=1","ldrtrk,seq=00141,pan=094.57,tilt=044.89,sun_pan=095.39,sun_tilt=045.71,err=01.16,state=locked,bv_mv=631.8,bi_ma=-0.1,bp_mw=-0.1,bs=idle",Orin unified tracker bidirectional BESS demo
2026-08-11T16:49:01.214035+00:00,1,,0,142,53,98.0,0.098,0.009604,trk,0,OK,Panel response is 135.8% of the learned baseline.,normal,,,55.0,-9.5e-05,9.5e-05,idle,5.0875,9.25,locked,94.568,44.892,95.52,45.67,1.23,1,,,,,,,,,,,,CRC/QPSK/OFDM,1,0,157,161,1288,644,14,28,1120,224,56,"p1br,seq=00142,frame_b=00161,bits=01288,qpsk=00644,ofdm=014,pad_q=00028,gap=0,ok=1","ldrtrk,seq=00142,pan=094.57,tilt=044.89,sun_pan=095.52,sun_tilt=045.67,err=01.23,state=locked,bv_mv=630.6,bi_ma=-0.1,bp_mw=-0.1,bs=idle",Orin unified tracker bidirectional BESS demo
2026-08-11T16:49:01.706488+00:00,1,,0,143,53,93.0,0.093,0.008649,trk,0,Standby,Shading detection waits for a locked tracker and positive power.,normal,,,55.0,-0.00011,0.00011,idle,5.0875,9.25,track-pan,94.568,44.892,95.92,46.03,1.767,1,,,,,,,,,,,,CRC/QPSK/OFDM,1,0,157,161,1288,644,14,28,1120,224,56,"p1br,seq=00143,frame_b=00161,bits=01288,qpsk=00644,ofdm=014,pad_q=00028,gap=0,ok=1","ldrtrk,seq=00143,pan=094.57,tilt=044.89,sun_pan=095.92,sun_tilt=046.03,err=01.77,state=track-pan,bv_mv=630.6,bi_ma=-0.2,bp_mw=-0.1,bs=idle",Orin unified tracker bidirectional BESS demo
2026-08-11T16:49:02.228561+00:00,1,,0,144,54,93.0,0.093,0.008649,trk,0,Standby,Shading detection waits for a locked tracker and positive power.,normal,,,55.0,-0.000111,0.000111,idle,5.0875,9.25,track-pan,95.769,44.892,95.769,45.902,1.01,1,,,,,,,,,,,,CRC/QPSK/OFDM,1,0,157,161,1288,644,14,28,1120,224,56,"p1br,seq=00144,frame_b=00161,bits=01288,qpsk=00644,ofdm=014,pad_q=00028,gap=0,ok=1","ldrtrk,seq=00144,pan=095.77,tilt=044.89,sun_pan=095.77,sun_tilt=045.90,err=01.01,state=track-pan,bv_mv=633.0,bi_ma=-0.2,bp_mw=-0.1,bs=idle",Orin unified tracker bidirectional BESS demo
2026-08-11T16:49:02.729922+00:00,1,,0,145,54,93.0,0.093,0.008649,trk,0,OK,Panel response is 121.5% of the learned baseline.,normal,,,55.0,-0.000111,0.000111,idle,5.0875,9.25,locked,95.769,44.892,95.656,45.771,0.886,1,,,,,,,,,,,,CRC/QPSK/OFDM,1,0,157,161,1288,644,14,28,1120,224,56,"p1br,seq=00145,frame_b=00161,bits=01288,qpsk=00644,ofdm=014,pad_q=00028,gap=0,ok=1","ldrtrk,seq=00145,pan=095.77,tilt=044.89,sun_pan=095.66,sun_tilt=045.77,err=00.89,state=locked,bv_mv=633.0,bi_ma=-0.2,bp_mw=-0.1,bs=idle",Orin unified tracker bidirectional BESS demo
2026-08-11T16:49:03.223273+00:00,1,,0,146,54,98.0,0.098,0.009604,trk,0,Standby,Shading detection waits for a locked tracker and positive power.,normal,,,55.0,-9.5e-05,9.5e-05,idle,5.0875,9.25,track-tilt,95.769,44.892,95.98,46.143,1.268,1,,,,,,,,,,,,CRC/QPSK/OFDM,1,0,157,161,1288,644,14,28,1120,224,56,"p1br,seq=00146,frame_b=00161,bits=01288,qpsk=00644,ofdm=014,pad_q=00028,gap=0,ok=1","ldrtrk,seq=00146,pan=095.77,tilt=044.89,sun_pan=095.98,sun_tilt=046.14,err=01.27,state=track-tilt,bv_mv=631.8,bi_ma=-0.1,bp_mw=-0.1,bs=idle",Orin unified tracker bidirectional BESS demo
2026-08-11T16:49:03.757788+00:00,1,,0,147,54,98.0,0.098,0.009604,trk,0,Standby,Shading detection waits for a locked tracker and positive power.,normal,,,55.0,-0.000111,0.000111,idle,5.0875,9.25,track-tilt,95.769,46.043,95.832,46.043,0.063,1,,,,,,,,,,,,CRC/QPSK/OFDM,1,0,157,161,1288,644,14,28,1120,224,56,"p1br,seq=00147,frame_b=00161,bits=01288,qpsk=00644,ofdm=014,pad_q=00028,gap=0,ok=1","ldrtrk,seq=00147,pan=095.77,tilt=046.04,sun_pan=095.83,sun_tilt=046.04,err=00.06,state=track-tilt,bv_mv=636.6,bi_ma=-0.2,bp_mw=-0.1,bs=idle",Orin unified tracker bidirectional BESS demo
2026-08-11T16:49:04.231297+00:00,1,,0,148,54,89.0,0.089,0.007921,trk,0,OK,Panel response is 111.2% of the learned baseline.,normal,,,55.0,-9.4e-05,9.4e-05,idle,5.0875,9.25,locked,95.769,46.043,95.756,45.885,0.159,1,,,,,,,,,,,,CRC/QPSK/OFDM,1,0,157,161,1288,644,14,28,1120,224,56,"p1br,seq=00148,frame_b=00161,bits=01288,qpsk=00644,ofdm=014,pad_q=00028,gap=0,ok=1","ldrtrk,seq=00148,pan=095.77,tilt=046.04,sun_pan=095.76,sun_tilt=045.89,err=00.16,state=locked,bv_mv=629.4,bi_ma=-0.1,bp_mw=-0.1,bs=idle",Orin unified tracker bidirectional BESS demo
2026-08-11T16:49:04.742994+00:00,1,,0,149,54,98.0,0.098,0.009604,trk,0,OK,Panel response is 134.1% of the learned baseline.,normal,,,55.0,-0.000111,0.000111,idle,5.0875,9.25,locked,95.769,46.043,95.483,45.421,0.685,1,,,,,,,,,,,,CRC/QPSK/OFDM,1,0,157,161,1288,644,14,28,1120,224,56,"p1br,seq=00149,frame_b=00161,bits=01288,qpsk=00644,ofdm=014,pad_q=00028,gap=0,ok=1","ldrtrk,seq=00149,pan=095.77,tilt=046.04,sun_pan=095.48,sun_tilt=045.42,err=00.68,state=locked,bv_mv=633.0,bi_ma=-0.2,bp_mw=-0.1,bs=idle",Orin unified tracker bidirectional BESS demo
2026-08-11T16:49:05.268634+00:00,1,,0,150,54,93.0,0.093,0.008649,trk,0,OK,Panel response is 120.2% of the learned baseline.,normal,,,55.0,-0.00011,0.00011,idle,5.0875,9.25,locked,95.769,46.043,95.572,45.513,0.565,1,,,,,,,,,,,,CRC/QPSK/OFDM,1,0,157,161,1288,644,14,28,1120,224,56,"p1br,seq=00150,frame_b=00161,bits=01288,qpsk=00644,ofdm=014,pad_q=00028,gap=0,ok=1","ldrtrk,seq=00150,pan=095.77,tilt=046.04,sun_pan=095.57,sun_tilt=045.51,err=00.56,state=locked,bv_mv=630.6,bi_ma=-0.2,bp_mw=-0.1,bs=idle",Orin unified tracker bidirectional BESS demo
2026-08-11T16:49:05.814399+00:00,1,,0,151,54,98.0,0.098,0.009604,trk,0,OK,Panel response is 133.0% of the learned baseline.,normal,,,55.0,-0.000111,0.000111,idle,5.0875,9.25,locked,95.769,46.043,95.465,45.485,0.635,1,,,,,,,,,,,,CRC/QPSK/OFDM,1,0,157,161,1288,644,14,28,1120,224,56,"p1br,seq=00151,frame_b=00161,bits=01288,qpsk=00644,ofdm=014,pad_q=00028,gap=0,ok=1","ldrtrk,seq=00151,pan=095.77,tilt=046.04,sun_pan=095.47,sun_tilt=045.49,err=00.64,state=locked,bv_mv=631.8,bi_ma=-0.2,bp_mw=-0.1,bs=idle",Orin unified tracker bidirectional BESS demo
2026-08-11T16:49:06.257149+00:00,1,,0,152,54,93.0,0.093,0.008649,trk,0,OK,Panel response is 118.8% of the learned baseline.,normal,,,55.0,-0.00011,0.00011,idle,5.0875,9.25,locked,95.769,46.043,95.295,45.124,1.034,1,,,,,,,,,,,,CRC/QPSK/OFDM,1,0,157,161,1288,644,14,28,1120,224,56,"p1br,seq=00152,frame_b=00161,bits=01288,qpsk=00644,ofdm=014,pad_q=00028,gap=0,ok=1","ldrtrk,seq=00152,pan=095.77,tilt=046.04,sun_pan=095.30,sun_tilt=045.12,err=01.03,state=locked,bv_mv=628.3,bi_ma=-0.2,bp_mw=-0.1,bs=idle",Orin unified tracker bidirectional BESS demo
2026-08-11T16:49:06.821670+00:00,1,,0,153,54,98.0,0.098,0.009604,trk,0,OK,Panel response is 131.3% of the learned baseline.,normal,,,55.0,-0.000111,0.000111,idle,5.0875,9.25,locked,95.769,46.043,95.151,45.049,1.171,1,,,,,,,,,,,,CRC/QPSK/OFDM,1,0,157,161,1288,644,14,28,1120,224,56,"p1br,seq=00153,frame_b=00161,bits=01288,qpsk=00644,ofdm=014,pad_q=00028,gap=0,ok=1","ldrtrk,seq=00153,pan=095.77,tilt=046.04,sun_pan=095.15,sun_tilt=045.05,err=01.17,state=locked,bv_mv=631.8,bi_ma=-0.2,bp_mw=-0.1,bs=idle",Orin unified tracker bidirectional BESS demo
2026-08-11T16:49:07.264817+00:00,1,,0,154,54,93.0,0.093,0.008649,trk,0,OK,Panel response is 118.7% of the learned baseline.,normal,,,55.0,-0.00011,0.00011,idle,5.0875,9.25,locked,95.769,46.043,95.549,45.615,0.481,1,,,,,,,,,,,,CRC/QPSK/OFDM,1,0,157,161,1288,644,14,28,1120,224,56,"p1br,seq=00154,frame_b=00161,bits=01288,qpsk=00644,ofdm=014,pad_q=00028,gap=0,ok=1","ldrtrk,seq=00154,pan=095.77,tilt=046.04,sun_pan=095.55,sun_tilt=045.61,err=00.48,state=locked,bv_mv=629.4,bi_ma=-0.2,bp_mw=-0.1,bs=idle",Orin unified tracker bidirectional BESS demo
2026-08-11T16:49:07.774239+00:00,1,,0,155,54,93.0,0.093,0.008649,trk,0,OK,Panel response is 117.7% of the learned baseline.,normal,,,55.0,-9.4e-05,9.4e-05,idle,5.0875,9.25,locked,95.769,46.043,95.404,45.396,0.743,1,,,,,,,,,,,,CRC/QPSK/OFDM,1,0,157,161,1288,644,14,28,1120,224,56,"p1br,seq=00155,frame_b=00161,bits=01288,qpsk=00644,ofdm=014,pad_q=00028,gap=0,ok=1","ldrtrk,seq=00155,pan=095.77,tilt=046.04,sun_pan=095.40,sun_tilt=045.40,err=00.74,state=locked,bv_mv=629.4,bi_ma=-0.1,bp_mw=-0.1,bs=idle",Orin unified tracker bidirectional BESS demo
2026-08-11T16:49:08.268517+00:00,1,,0,156,54,98.0,0.098,0.009604,trk,0,OK,Panel response is 130.3% of the learned baseline.,normal,,,55.0,-9.4e-05,9.4e-05,idle,5.0875,9.25,locked,95.769,46.043,95.496,45.509,0.6,1,,,,,,,,,,,,CRC/QPSK/OFDM,1,0,157,161,1288,644,14,28,1120,224,56,"p1br,seq=00156,frame_b=00161,bits=01288,qpsk=00644,ofdm=014,pad_q=00028,gap=0,ok=1","ldrtrk,seq=00156,pan=095.77,tilt=046.04,sun_pan=095.50,sun_tilt=045.51,err=00.60,state=locked,bv_mv=629.4,bi_ma=-0.1,bp_mw=-0.1,bs=idle",Orin unified tracker bidirectional BESS demo
2026-08-11T16:49:08.779961+00:00,1,,0,157,54,93.0,0.093,0.008649,trk,0,OK,Panel response is 116.8% of the learned baseline.,normal,,,55.001,0.849207,0.0,charging,5.0876,9.25,locked,95.769,46.043,95.604,45.646,0.43,1,,,,,,,,,,,,CRC/QPSK/OFDM,1,0,157,161,1288,644,14,28,1120,224,56,"p1br,seq=00157,frame_b=00161,bits=01288,qpsk=00644,ofdm=014,pad_q=00028,gap=0,ok=1","ldrtrk,seq=00157,pan=095.77,tilt=046.04,sun_pan=095.60,sun_tilt=045.65,err=00.43,state=locked,bv_mv=3604.4,bi_ma=235.6,bp_mw=849.2,bs=charging",Orin unified tracker bidirectional BESS demo
2026-08-11T16:49:09.275512+00:00,1,,0,158,54,93.0,0.093,0.008649,trk,0,OK,Panel response is 116.1% of the learned baseline.,normal,,,55.002,0.851809,0.0,charging,5.0877,9.25,locked,95.769,46.043,95.554,45.59,0.501,1,,,,,,,,,,,,CRC/QPSK/OFDM,1,0,157,161,1288,644,14,28,1120,224,56,"p1br,seq=00158,frame_b=00161,bits=01288,qpsk=00644,ofdm=014,pad_q=00028,gap=0,ok=1","ldrtrk,seq=00158,pan=095.77,tilt=046.04,sun_pan=095.55,sun_tilt=045.59,err=00.50,state=locked,bv_mv=3603.3,bi_ma=236.4,bp_mw=851.8,bs=charging",Orin unified tracker bidirectional BESS demo
2026-08-11T16:49:09.786708+00:00,1,,0,159,54,93.0,0.093,0.008649,trk,0,OK,Panel response is 115.6% of the learned baseline.,normal,,,55.004,0.85218,0.0,charging,5.0878,9.25,locked,95.769,46.043,96.318,46.525,0.731,1,,,,,,,,,,,,CRC/QPSK/OFDM,1,0,157,161,1288,644,14,28,1120,224,56,"p1br,seq=00159,frame_b=00161,bits=01288,qpsk=00644,ofdm=014,pad_q=00028,gap=0,ok=1","ldrtrk,seq=00159,pan=095.77,tilt=046.04,sun_pan=096.32,sun_tilt=046.53,err=00.73,state=locked,bv_mv=3604.4,bi_ma=236.4,bp_mw=852.2,bs=charging",Orin unified tracker bidirectional BESS demo
2026-08-11T16:49:10.296791+00:00,1,,0,160,54,93.0,0.093,0.008649,trk,0,OK,Panel response is 114.9% of the learned baseline.,normal,,,55.005,0.851889,0.0,charging,5.088,9.25,locked,95.769,46.043,96.302,46.576,0.754,1,,,,,,,,,,,,CRC/QPSK/OFDM,1,0,157,161,1288,644,14,28,1120,224,56,"p1br,seq=00160,frame_b=00161,bits=01288,qpsk=00644,ofdm=014,pad_q=00028,gap=0,ok=1","ldrtrk,seq=00160,pan=095.77,tilt=046.04,sun_pan=096.30,sun_tilt=046.58,err=00.75,state=locked,bv_mv=3602.1,bi_ma=236.5,bp_mw=851.9,bs=charging",Orin unified tracker bidirectional BESS demo
2026-08-11T16:49:10.791861+00:00,1,,0,161,54,93.0,0.093,0.008649,trk,0,OK,Panel response is 114.4% of the learned baseline.,normal,,,55.006,0.851608,0.0,charging,5.0881,9.25,locked,95.769,46.043,96.201,46.537,0.656,1,,,,,,,,,,,,CRC/QPSK/OFDM,1,0,157,161,1288,644,14,28,1120,224,56,"p1br,seq=00161,frame_b=00161,bits=01288,qpsk=00644,ofdm=014,pad_q=00028,gap=0,ok=1","ldrtrk,seq=00161,pan=095.77,tilt=046.04,sun_pan=096.20,sun_tilt=046.54,err=00.66,state=locked,bv_mv=3600.9,bi_ma=236.5,bp_mw=851.6,bs=charging",Orin unified tracker bidirectional BESS demo
2026-08-11T16:49:11.305053+00:00,1,,0,162,54,98.0,0.098,0.009604,trk,0,OK,Panel response is 126.5% of the learned baseline.,normal,,,55.007,0.848817,0.0,charging,5.0882,9.25,locked,95.769,46.043,95.985,46.156,0.244,1,,,,,,,,,,,,CRC/QPSK/OFDM,1,0,157,161,1288,644,14,28,1120,224,56,"p1br,seq=00162,frame_b=00161,bits=01288,qpsk=00644,ofdm=014,pad_q=00028,gap=0,ok=1","ldrtrk,seq=00162,pan=095.77,tilt=046.04,sun_pan=095.98,sun_tilt=046.16,err=00.24,state=locked,bv_mv=3600.9,bi_ma=235.7,bp_mw=848.8,bs=charging",Orin unified tracker bidirectional BESS demo
2026-08-11T16:49:11.813285+00:00,1,,0,163,54,98.0,0.098,0.009604,trk,0,OK,Panel response is 125.8% of the learned baseline.,normal,,,55.009,0.852789,0.0,charging,5.0883,9.25,locked,95.769,46.043,95.781,46.041,0.012,1,,,,,,,,,,,,CRC/QPSK/OFDM,1,0,157,161,1288,644,14,28,1120,224,56,"p1br,seq=00163,frame_b=00161,bits=01288,qpsk=00644,ofdm=014,pad_q=00028,gap=0,ok=1","ldrtrk,seq=00163,pan=095.77,tilt=046.04,sun_pan=095.78,sun_tilt=046.04,err=00.01,state=locked,bv_mv=3602.1,bi_ma=236.8,bp_mw=852.8,bs=charging",Orin unified tracker bidirectional BESS demo
2026-08-11T16:49:12.309291+00:00,1,,0,164,54,98.0,0.098,0.009604,trk,0,OK,Panel response is 124.9% of the learned baseline.,normal,,,55.01,0.855041,0.0,charging,5.0884,9.25,locked,95.769,46.043,95.688,45.896,0.168,1,,,,,,,,,,,,CRC/QPSK/OFDM,1,0,157,161,1288,644,14,28,1120,224,56,"p1br,seq=00164,frame_b=00161,bits=01288,qpsk=00644,ofdm=014,pad_q=00028,gap=0,ok=1","ldrtrk,seq=00164,pan=095.77,tilt=046.04,sun_pan=095.69,sun_tilt=045.90,err=00.17,state=locked,bv_mv=3602.1,bi_ma=237.4,bp_mw=855.0,bs=charging",Orin unified tracker bidirectional BESS demo
2026-08-11T16:49:12.821812+00:00,1,,0,165,54,98.0,0.098,0.009604,trk,0,OK,Panel response is 124.2% of the learned baseline.,normal,,,55.011,0.850618,0.0,charging,5.0885,9.25,locked,95.769,46.043,95.667,45.803,0.261,1,,,,,,,,,,,,CRC/QPSK/OFDM,1,0,157,161,1288,644,14,28,1120,224,56,"p1br,seq=00165,frame_b=00161,bits=01288,qpsk=00644,ofdm=014,pad_q=00028,gap=0,ok=1","ldrtrk,seq=00165,pan=095.77,tilt=046.04,sun_pan=095.67,sun_tilt=045.80,err=00.26,state=locked,bv_mv=3600.9,bi_ma=236.2,bp_mw=850.6,bs=charging",Orin unified tracker bidirectional BESS demo
2026-08-11T16:49:13.315017+00:00,1,,0,166,54,98.0,0.098,0.009604,trk,0,OK,Panel response is 123.4% of the learned baseline.,normal,,,55.012,0.853104,0.0,charging,5.0886,9.25,locked,95.769,46.043,95.558,45.777,0.339,1,,,,,,,,,,,,CRC/QPSK/OFDM,1,0,157,161,1288,644,14,28,1120,224,56,"p1br,seq=00166,frame_b=00161,bits=01288,qpsk=00644,ofdm=014,pad_q=00028,gap=0,ok=1","ldrtrk,seq=00166,pan=095.77,tilt=046.04,sun_pan=095.56,sun_tilt=045.78,err=00.34,state=locked,bv_mv=3597.3,bi_ma=237.2,bp_mw=853.1,bs=charging",Orin unified tracker bidirectional BESS demo
2026-08-11T16:49:13.827333+00:00,1,,0,167,54,98.0,0.098,0.009604,trk,0,OK,Panel response is 122.7% of the learned baseline.,normal,,,55.014,0.852328,0.0,charging,5.0888,9.25,locked,95.769,46.043,95.517,45.58,0.527,1,,,,,,,,,,,,CRC/QPSK/OFDM,1,0,157,161,1288,644,14,28,1120,224,56,"p1br,seq=00167,frame_b=00161,bits=01288,qpsk=00644,ofdm=014,pad_q=00028,gap=0,ok=1","ldrtrk,seq=00167,pan=095.77,tilt=046.04,sun_pan=095.52,sun_tilt=045.58,err=00.53,state=locked,bv_mv=3600.9,bi_ma=236.7,bp_mw=852.3,bs=charging",Orin unified tracker bidirectional BESS demo
2026-08-11T16:49:14.336789+00:00,1,,0,168,54,93.0,0.093,0.008649,trk,0,OK,Panel response is 110.0% of the learned baseline.,normal,,,55.015,0.855941,0.0,charging,5.0889,9.25,locked,95.769,46.043,95.535,45.547,0.549,1,,,,,,,,,,,,CRC/QPSK/OFDM,1,0,157,161,1288,644,14,28,1120,224,56,"p1br,seq=00168,frame_b=00161,bits=01288,qpsk=00644,ofdm=014,pad_q=00028,gap=0,ok=1","ldrtrk,seq=00168,pan=095.77,tilt=046.04,sun_pan=095.53,sun_tilt=045.55,err=00.55,state=locked,bv_mv=3602.1,bi_ma=237.6,bp_mw=855.9,bs=charging",Orin unified tracker bidirectional BESS demo
2026-08-11T16:49:14.831036+00:00,1,,0,169,54,93.0,0.093,0.008649,trk,0,OK,Panel response is 109.9% of the learned baseline.,normal,,,55.016,0.854477,0.0,charging,5.089,9.25,locked,95.769,46.043,95.57,45.48,0.598,1,,,,,,,,,,,,CRC/QPSK/OFDM,1,0,157,161,1288,644,14,28,1120,224,56,"p1br,seq=00169,frame_b=00161,bits=01288,qpsk=00644,ofdm=014,pad_q=00028,gap=0,ok=1","ldrtrk,seq=00169,pan=095.77,tilt=046.04,sun_pan=095.57,sun_tilt=045.48,err=00.60,state=locked,bv_mv=3599.7,bi_ma=237.4,bp_mw=854.5,bs=charging",Orin unified tracker bidirectional BESS demo
2026-08-11T16:49:15.344024+00:00,1,,0,170,54,98.0,0.098,0.009604,trk,0,OK,Panel response is 121.7% of the learned baseline.,normal,,,55.017,0.852407,0.0,charging,5.0891,9.25,locked,95.769,46.043,95.55,45.473,0.611,1,,,,,,,,,,,,CRC/QPSK/OFDM,1,0,157,161,1288,644,14,28,1120,224,56,"p1br,seq=00170,frame_b=00161,bits=01288,qpsk=00644,ofdm=014,pad_q=00028,gap=0,ok=1","ldrtrk,seq=00170,pan=095.77,tilt=046.04,sun_pan=095.55,sun_tilt=045.47,err=00.61,state=locked,bv_mv=3599.7,bi_ma=236.8,bp_mw=852.4,bs=charging",Orin unified tracker bidirectional BESS demo
2026-08-11T16:49:15.853695+00:00,1,,0,171,54,98.0,0.098,0.009604,trk,0,OK,Panel response is 121.2% of the learned baseline.,normal,,,55.018,0.855479,0.0,charging,5.0892,9.25,locked,95.769,46.043,95.53,45.454,0.635,1,,,,,,,,,,,,CRC/QPSK/OFDM,1,0,157,161,1288,644,14,28,1120,224,56,"p1br,seq=00171,frame_b=00161,bits=01288,qpsk=00644,ofdm=014,pad_q=00028,gap=0,ok=1","ldrtrk,seq=00171,pan=095.77,tilt=046.04,sun_pan=095.53,sun_tilt=045.45,err=00.64,state=locked,bv_mv=3600.9,bi_ma=237.6,bp_mw=855.5,bs=charging",Orin unified tracker bidirectional BESS demo
2026-08-11T16:49:16.351375+00:00,1,,0,172,54,98.0,0.098,0.009604,trk,0,OK,Panel response is 120.7% of the learned baseline.,normal,,,55.02,0.855454,0.0,charging,5.0893,9.25,locked,95.769,46.043,95.463,45.366,0.743,1,,,,,,,,,,,,CRC/QPSK/OFDM,1,0,157,161,1288,644,14,28,1120,224,56,"p1br,seq=00172,frame_b=00161,bits=01288,qpsk=00644,ofdm=014,pad_q=00028,gap=0,ok=1","ldrtrk,seq=00172,pan=095.77,tilt=046.04,sun_pan=095.46,sun_tilt=045.37,err=00.74,state=locked,bv_mv=3598.5,bi_ma=237.7,bp_mw=855.5,bs=charging",Orin unified tracker bidirectional BESS demo
2026-08-11T16:49:16.863431+00:00,1,,0,173,54,98.0,0.098,0.009604,trk,0,OK,Panel response is 120.2% of the learned baseline.,normal,,,55.021,0.855377,0.0,charging,5.0894,9.25,locked,95.769,46.043,95.522,45.422,0.668,1,,,,,,,,,,,,CRC/QPSK/OFDM,1,0,157,161,1288,644,14,28,1120,224,56,"p1br,seq=00173,frame_b=00161,bits=01288,qpsk=00644,ofdm=014,pad_q=00028,gap=0,ok=1","ldrtrk,seq=00173,pan=095.77,tilt=046.04,sun_pan=095.52,sun_tilt=045.42,err=00.67,state=locked,bv_mv=3599.7,bi_ma=237.6,bp_mw=855.4,bs=charging",Orin unified tracker bidirectional BESS demo
2026-08-11T16:49:17.354517+00:00,1,,0,174,54,98.0,0.098,0.009604,trk,0,OK,Panel response is 119.8% of the learned baseline.,normal,,,55.022,0.855352,0.0,charging,5.0895,9.25,locked,95.769,46.043,95.624,45.443,0.617,1,,,,,,,,,,,,CRC/QPSK/OFDM,1,0,157,161,1288,644,14,28,1120,224,56,"p1br,seq=00174,frame_b=00161,bits=01288,qpsk=00644,ofdm=014,pad_q=00028,gap=0,ok=1","ldrtrk,seq=00174,pan=095.77,tilt=046.04,sun_pan=095.62,sun_tilt=045.44,err=00.62,state=locked,bv_mv=3597.3,bi_ma=237.8,bp_mw=855.4,bs=charging",Orin unified tracker bidirectional BESS demo
2026-08-11T16:49:17.867070+00:00,1,,0,175,54,98.0,0.098,0.009604,trk,0,OK,Panel response is 119.3% of the learned baseline.,normal,,,55.023,0.855814,0.0,charging,5.0897,9.25,locked,95.769,46.043,95.533,45.418,0.668,1,,,,,,,,,,,,CRC/QPSK/OFDM,1,0,157,161,1288,644,14,28,1120,224,56,"p1br,seq=00175,frame_b=00161,bits=01288,qpsk=00644,ofdm=014,pad_q=00028,gap=0,ok=1","ldrtrk,seq=00175,pan=095.77,tilt=046.04,sun_pan=095.53,sun_tilt=045.42,err=00.67,state=locked,bv_mv=3598.5,bi_ma=237.8,bp_mw=855.8,bs=charging",Orin unified tracker bidirectional BESS demo
2026-08-11T16:49:18.376693+00:00,1,,0,176,54,93.0,0.093,0.008649,trk,0,OK,Panel response is 106.8% of the learned baseline.,normal,,,55.025,0.854555,0.0,charging,5.0898,9.25,locked,95.769,46.043,95.444,45.164,0.937,1,,,,,,,,,,,,CRC/QPSK/OFDM,1,0,157,161,1288,644,14,28,1120,224,56,"p1br,seq=00176,frame_b=00161,bits=01288,qpsk=00644,ofdm=014,pad_q=00028,gap=0,ok=1","ldrtrk,seq=00176,pan=095.77,tilt=046.04,sun_pan=095.44,sun_tilt=045.16,err=00.94,state=locked,bv_mv=3598.5,bi_ma=237.5,bp_mw=854.6,bs=charging",Orin unified tracker bidirectional BESS demo
2026-08-11T16:49:18.872355+00:00,1,,0,177,54,98.0,0.098,0.009604,trk,0,Standby,Shading detection waits for a locked tracker and positive power.,normal,,,55.026,0.855724,0.0,charging,5.0899,9.25,track-tilt,95.769,46.043,95.177,44.948,1.244,1,,,,,,,,,,,,CRC/QPSK/OFDM,1,0,157,161,1288,644,14,28,1120,224,56,"p1br,seq=00177,frame_b=00161,bits=01288,qpsk=00644,ofdm=014,pad_q=00028,gap=0,ok=1","ldrtrk,seq=00177,pan=095.77,tilt=046.04,sun_pan=095.18,sun_tilt=044.95,err=01.24,state=track-tilt,bv_mv=3598.5,bi_ma=237.8,bp_mw=855.7,bs=charging",Orin unified tracker bidirectional BESS demo
2026-08-11T16:49:19.392246+00:00,1,,0,178,54,98.0,0.098,0.009604,trk,0,Standby,Shading detection waits for a locked tracker and positive power.,normal,,,55.027,0.854812,0.0,charging,5.09,9.25,track-tilt,95.769,44.909,95.16,44.909,0.609,1,,,,,,,,,,,,CRC/QPSK/OFDM,1,0,157,161,1288,644,14,28,1120,224,56,"p1br,seq=00178,frame_b=00161,bits=01288,qpsk=00644,ofdm=014,pad_q=00028,gap=0,ok=1","ldrtrk,seq=00178,pan=095.77,tilt=044.91,sun_pan=095.16,sun_tilt=044.91,err=00.61,state=track-tilt,bv_mv=3597.3,bi_ma=237.6,bp_mw=854.8,bs=charging",Orin unified tracker bidirectional BESS demo
2026-08-11T16:49:19.877553+00:00,1,,0,179,54,98.0,0.098,0.009604,trk,0,OK,Panel response is 117.9% of the learned baseline.,normal,,,55.028,0.853823,0.0,charging,5.0901,9.25,locked,95.769,44.909,95.064,44.904,0.705,1,,,,,,,,,,,,CRC/QPSK/OFDM,1,0,157,161,1288,644,14,28,1120,224,56,"p1br,seq=00179,frame_b=00161,bits=01288,qpsk=00644,ofdm=014,pad_q=00028,gap=0,ok=1","ldrtrk,seq=00179,pan=095.77,tilt=044.91,sun_pan=095.06,sun_tilt=044.90,err=00.71,state=locked,bv_mv=3597.3,bi_ma=237.3,bp_mw=853.8,bs=charging",Orin unified tracker bidirectional BESS demo
2026-08-11T16:49:20.388539+00:00,1,,0,180,54,102.0,0.102,0.010404,trk,0,OK,Panel response is 127.1% of the learned baseline.,normal,,,55.03,0.852294,0.0,charging,5.0902,9.25,locked,95.769,44.909,94.992,44.849,0.779,1,,,,,,,,,,,,CRC/QPSK/OFDM,1,0,157,161,1288,644,14,28,1120,224,56,"p1br,seq=00180,frame_b=00161,bits=01288,qpsk=00644,ofdm=014,pad_q=00028,gap=0,ok=1","ldrtrk,seq=00180,pan=095.77,tilt=044.91,sun_pan=094.99,sun_tilt=044.85,err=00.78,state=locked,bv_mv=3597.3,bi_ma=236.9,bp_mw=852.3,bs=charging",Orin unified tracker bidirectional BESS demo
2026-08-11T16:49:20.900803+00:00,1,,0,181,54,98.0,0.098,0.009604,trk,0,OK,Panel response is 116.8% of the learned baseline.,normal,,,55.031,0.856431,0.0,charging,5.0903,9.25,locked,95.769,44.909,95.077,44.931,0.692,1,,,,,,,,,,,,CRC/QPSK/OFDM,1,0,157,161,1288,644,14,28,1120,224,56,"p1br,seq=00181,frame_b=00161,bits=01288,qpsk=00644,ofdm=014,pad_q=00028,gap=0,ok=1","ldrtrk,seq=00181,pan=095.77,tilt=044.91,sun_pan=095.08,sun_tilt=044.93,err=00.69,state=locked,bv_mv=3597.3,bi_ma=238.1,bp_mw=856.4,bs=charging",Orin unified tracker bidirectional BESS demo
2026-08-11T16:49:21.394367+00:00,1,,0,182,54,98.0,0.098,0.009604,trk,0,OK,Panel response is 116.2% of the learned baseline.,normal,,,55.032,0.856521,0.0,charging,5.0905,9.25,locked,95.769,44.909,95.012,44.634,0.805,1,,,,,,,,,,,,CRC/QPSK/OFDM,1,0,157,161,1288,644,14,28,1120,224,56,"p1br,seq=00182,frame_b=00161,bits=01288,qpsk=00644,ofdm=014,pad_q=00028,gap=0,ok=1","ldrtrk,seq=00182,pan=095.77,tilt=044.91,sun_pan=095.01,sun_tilt=044.63,err=00.81,state=locked,bv_mv=3597.3,bi_ma=238.1,bp_mw=856.5,bs=charging",Orin unified tracker bidirectional BESS demo
2026-08-11T16:49:21.905906+00:00,1,,0,183,54,98.0,0.098,0.009604,trk,0,OK,Panel response is 115.6% of the learned baseline.,normal,,,55.033,0.85435,0.0,charging,5.0906,9.25,locked,95.769,44.909,94.948,44.699,0.848,1,,,,,,,,,,,,CRC/QPSK/OFDM,1,0,157,161,1288,644,14,28,1120,224,56,"p1br,seq=00183,frame_b=00161,bits=01288,qpsk=00644,ofdm=014,pad_q=00028,gap=0,ok=1","ldrtrk,seq=00183,pan=095.77,tilt=044.91,sun_pan=094.95,sun_tilt=044.70,err=00.85,state=locked,bv_mv=3596.1,bi_ma=237.6,bp_mw=854.4,bs=charging",Orin unified tracker bidirectional BESS demo
2026-08-11T16:49:22.416542+00:00,1,,0,184,54,93.0,0.093,0.008649,trk,0,OK,Panel response is 103.8% of the learned baseline.,normal,,,55.034,0.85471,0.0,charging,5.0907,9.25,locked,95.769,44.909,94.902,44.63,0.91,1,,,,,,,,,,,,CRC/QPSK/OFDM,1,0,157,161,1288,644,14,28,1120,224,56,"p1br,seq=00184,frame_b=00161,bits=01288,qpsk=00644,ofdm=014,pad_q=00028,gap=0,ok=1","ldrtrk,seq=00184,pan=095.77,tilt=044.91,sun_pan=094.90,sun_tilt=044.63,err=00.91,state=locked,bv_mv=3596.1,bi_ma=237.7,bp_mw=854.7,bs=charging",Orin unified tracker bidirectional BESS demo
2026-08-11T16:49:22.911853+00:00,1,,0,185,54,98.0,0.098,0.009604,trk,0,OK,Panel response is 114.9% of the learned baseline.,normal,,,55.036,0.853349,0.0,charging,5.0908,9.25,locked,95.769,44.909,94.847,44.578,0.98,1,,,,,,,,,,,,CRC/QPSK/OFDM,1,0,157,161,1288,644,14,28,1120,224,56,"p1br,seq=00185,frame_b=00161,bits=01288,qpsk=00644,ofdm=014,pad_q=00028,gap=0,ok=1","ldrtrk,seq=00185,pan=095.77,tilt=044.91,sun_pan=094.85,sun_tilt=044.58,err=00.98,state=locked,bv_mv=3594.9,bi_ma=237.4,bp_mw=853.3,bs=charging",Orin unified tracker bidirectional BESS demo
2026-08-11T16:49:23.422045+00:00,1,,0,186,54,98.0,0.098,0.009604,trk,0,OK,Panel response is 114.7% of the learned baseline.,normal,,,55.037,0.855352,0.0,charging,5.0909,9.25,locked,95.769,44.909,94.904,44.682,0.894,1,,,,,,,,,,,,CRC/QPSK/OFDM,1,0,157,161,1288,644,14,28,1120,224,56,"p1br,seq=00186,frame_b=00161,bits=01288,qpsk=00644,ofdm=014,pad_q=00028,gap=0,ok=1","ldrtrk,seq=00186,pan=095.77,tilt=044.91,sun_pan=094.90,sun_tilt=044.68,err=00.89,state=locked,bv_mv=3597.3,bi_ma=237.8,bp_mw=855.4,bs=charging",Orin unified tracker bidirectional BESS demo
2026-08-11T16:49:23.916673+00:00,1,,0,187,54,98.0,0.098,0.009604,trk,0,OK,Panel response is 114.4% of the learned baseline.,normal,,,55.038,0.854363,0.0,charging,5.091,9.25,locked,95.769,44.909,94.932,44.636,0.88,1,,,,,,,,,,,,CRC/QPSK/OFDM,1,0,157,161,1288,644,14,28,1120,224,56,"p1br,seq=00187,frame_b=00161,bits=01288,qpsk=00644,ofdm=014,pad_q=00028,gap=0,ok=1","ldrtrk,seq=00187,pan=095.77,tilt=044.91,sun_pan=094.93,sun_tilt=044.64,err=00.88,state=locked,bv_mv=3597.3,bi_ma=237.5,bp_mw=854.4,bs=charging",Orin unified tracker bidirectional BESS demo
2026-08-11T16:49:24.429723+00:00,1,,0,188,54,98.0,0.098,0.009604,trk,0,OK,Panel response is 114.0% of the learned baseline.,normal,,,55.039,0.855416,0.0,charging,5.0911,9.25,locked,95.769,44.909,94.97,44.662,0.836,1,,,,,,,,,,,,CRC/QPSK/OFDM,1,0,157,161,1288,644,14,28,1120,224,56,"p1br,seq=00188,frame_b=00161,bits=01288,qpsk=00644,ofdm=014,pad_q=00028,gap=0,ok=1","ldrtrk,seq=00188,pan=095.77,tilt=044.91,sun_pan=094.97,sun_tilt=044.66,err=00.84,state=locked,bv_mv=3594.9,bi_ma=237.9,bp_mw=855.4,bs=charging",Orin unified tracker bidirectional BESS demo
2026-08-11T16:49:24.939694+00:00,1,,0,189,54,98.0,0.098,0.009604,trk,0,OK,Panel response is 113.6% of the learned baseline.,normal,,,55.041,0.854645,0.0,charging,5.0913,9.25,locked,95.769,44.909,94.897,44.567,0.936,1,,,,,,,,,,,,CRC/QPSK/OFDM,1,0,157,161,1288,644,14,28,1120,224,56,"p1br,seq=00189,frame_b=00161,bits=01288,qpsk=00644,ofdm=014,pad_q=00028,gap=0,ok=1","ldrtrk,seq=00189,pan=095.77,tilt=044.91,sun_pan=094.90,sun_tilt=044.57,err=00.94,state=locked,bv_mv=3598.5,bi_ma=237.5,bp_mw=854.6,bs=charging",Orin unified tracker bidirectional BESS demo
2026-08-11T16:49:25.434685+00:00,1,,0,190,54,98.0,0.098,0.009604,trk,0,OK,Panel response is 113.3% of the learned baseline.,normal,,,55.042,0.85426,0.0,charging,5.0914,9.25,locked,95.769,44.909,94.875,44.669,0.926,1,,,,,,,,,,,,CRC/QPSK/OFDM,1,0,157,161,1288,644,14,28,1120,224,56,"p1br,seq=00190,frame_b=00161,bits=01288,qpsk=00644,ofdm=014,pad_q=00028,gap=0,ok=1","ldrtrk,seq=00190,pan=095.77,tilt=044.91,sun_pan=094.88,sun_tilt=044.67,err=00.93,state=locked,bv_mv=3596.1,bi_ma=237.6,bp_mw=854.3,bs=charging",Orin unified tracker bidirectional BESS demo
2026-08-11T16:49:25.946818+00:00,1,,0,191,54,102.0,0.102,0.010404,trk,0,Standby,Shading detection waits for a locked tracker and positive power.,normal,,,55.043,0.85814,0.0,charging,5.0915,9.25,track-pan,95.769,44.909,94.761,44.461,1.103,1,,,,,,,,,,,,CRC/QPSK/OFDM,1,0,157,161,1288,644,14,28,1120,224,56,"p1br,seq=00191,frame_b=00161,bits=01288,qpsk=00644,ofdm=014,pad_q=00028,gap=0,ok=1","ldrtrk,seq=00191,pan=095.77,tilt=044.91,sun_pan=094.76,sun_tilt=044.46,err=01.10,state=track-pan,bv_mv=3597.3,bi_ma=238.6,bp_mw=858.1,bs=charging",Orin unified tracker bidirectional BESS demo
2026-08-11T16:49:26.440259+00:00,1,,0,192,54,98.0,0.098,0.009604,trk,0,OK,Panel response is 112.7% of the learned baseline.,normal,,,55.044,0.856854,0.0,charging,5.0916,9.25,locked,95.769,44.909,94.771,44.397,1.122,1,,,,,,,,,,,,CRC/QPSK/OFDM,1,0,157,161,1288,644,14,28,1120,224,56,"p1br,seq=00192,frame_b=00161,bits=01288,qpsk=00644,ofdm=014,pad_q=00028,gap=0,ok=1","ldrtrk,seq=00192,pan=095.77,tilt=044.91,sun_pan=094.77,sun_tilt=044.40,err=01.12,state=locked,bv_mv=3594.9,bi_ma=238.3,bp_mw=856.9,bs=charging",Orin unified tracker bidirectional BESS demo
2026-08-11T16:49:26.953071+00:00,1,,0,193,54,102.0,0.102,0.010404,trk,0,OK,Panel response is 121.8% of the learned baseline.,normal,,,55.046,0.857856,0.0,charging,5.0917,9.25,locked,95.769,44.909,94.786,44.4,1.107,1,,,,,,,,,,,,CRC/QPSK/OFDM,1,0,157,161,1288,644,14,28,1120,224,56,"p1br,seq=00193,frame_b=00161,bits=01288,qpsk=00644,ofdm=014,pad_q=00028,gap=0,ok=1","ldrtrk,seq=00193,pan=095.77,tilt=044.91,sun_pan=094.79,sun_tilt=044.40,err=01.11,state=locked,bv_mv=3596.1,bi_ma=238.6,bp_mw=857.9,bs=charging",Orin unified tracker bidirectional BESS demo
2026-08-11T16:49:27.461791+00:00,1,,0,194,54,102.0,0.102,0.010404,trk,0,Standby,Shading detection waits for a locked tracker and positive power.,normal,,,55.047,0.856957,0.0,charging,5.0918,9.25,track-pan,95.769,44.909,94.744,44.253,1.217,1,,,,,,,,,,,,CRC/QPSK/OFDM,1,0,157,161,1288,644,14,28,1120,224,56,"p1br,seq=00194,frame_b=00161,bits=01288,qpsk=00644,ofdm=014,pad_q=00028,gap=0,ok=1","ldrtrk,seq=00194,pan=095.77,tilt=044.91,sun_pan=094.74,sun_tilt=044.25,err=01.22,state=track-pan,bv_mv=3596.1,bi_ma=238.3,bp_mw=857.0,bs=charging",Orin unified tracker bidirectional BESS demo
2026-08-11T16:49:27.960125+00:00,1,,0,195,53,98.0,0.098,0.009604,trk,0,Standby,Shading detection waits for a locked tracker and positive power.,normal,,,55.048,0.854068,0.0,charging,5.0919,9.25,track-pan,94.574,44.909,94.574,44.203,0.706,1,,,,,,,,,,,,CRC/QPSK/OFDM,1,0,157,161,1288,644,14,28,1120,224,56,"p1br,seq=00195,frame_b=00161,bits=01288,qpsk=00644,ofdm=014,pad_q=00028,gap=0,ok=1","ldrtrk,seq=00195,pan=094.57,tilt=044.91,sun_pan=094.57,sun_tilt=044.20,err=00.71,state=track-pan,bv_mv=3594.9,bi_ma=237.6,bp_mw=854.1,bs=charging",Orin unified tracker bidirectional BESS demo
2026-08-11T16:49:28.470956+00:00,1,,0,196,53,98.0,0.098,0.009604,trk,0,OK,Panel response is 111.5% of the learned baseline.,normal,,,55.049,0.855699,0.0,charging,5.0921,9.25,locked,94.574,44.909,94.488,44.194,0.72,1,,,,,,,,,,,,CRC/QPSK/OFDM,1,0,157,161,1288,644,14,28,1120,224,56,"p1br,seq=00196,frame_b=00161,bits=01288,qpsk=00644,ofdm=014,pad_q=00028,gap=0,ok=1","ldrtrk,seq=00196,pan=094.57,tilt=044.91,sun_pan=094.49,sun_tilt=044.19,err=00.72,state=locked,bv_mv=3596.1,bi_ma=237.9,bp_mw=855.7,bs=charging",Orin unified tracker bidirectional BESS demo
2026-08-11T16:49:28.981233+00:00,1,,0,197,53,98.0,0.098,0.009604,trk,0,OK,Panel response is 111.2% of the learned baseline.,normal,,,55.05,0.854555,0.0,charging,5.0922,9.25,locked,94.574,44.909,94.512,44.146,0.766,1,,,,,,,,,,,,CRC/QPSK/OFDM,1,0,157,161,1288,644,14,28,1120,224,56,"p1br,seq=00197,frame_b=00161,bits=01288,qpsk=00644,ofdm=014,pad_q=00028,gap=0,ok=1","ldrtrk,seq=00197,pan=094.57,tilt=044.91,sun_pan=094.51,sun_tilt=044.15,err=00.77,state=locked,bv_mv=3598.5,bi_ma=237.5,bp_mw=854.6,bs=charging",Orin unified tracker bidirectional BESS demo
2026-08-11T16:49:29.476312+00:00,1,,0,198,53,102.0,0.102,0.010404,trk,0,OK,Panel response is 119.9% of the learned baseline.,normal,,,55.051,0.520006,0.0,charging,5.0922,9.25,locked,94.574,44.909,94.483,44.034,0.88,1,,,,,,,,,,,,CRC/QPSK/OFDM,1,0,157,161,1288,644,14,28,1120,224,56,"p1br,seq=00198,frame_b=00161,bits=01288,qpsk=00644,ofdm=014,pad_q=00028,gap=0,ok=1","ldrtrk,seq=00198,pan=094.57,tilt=044.91,sun_pan=094.48,sun_tilt=044.03,err=00.88,state=locked,bv_mv=3745.8,bi_ma=138.8,bp_mw=520.0,bs=charging",Orin unified tracker bidirectional BESS demo
2026-08-11T16:49:29.986527+00:00,1,,0,199,53,102.0,0.102,0.010404,trk,0,OK,Panel response is 119.6% of the learned baseline.,normal,,,55.051,-0.000298,0.000298,idle,5.0922,9.25,locked,94.574,44.909,94.556,44.143,0.766,1,,,,,,,,,,,,CRC/QPSK/OFDM,1,0,157,161,1288,644,14,28,1120,224,56,"p1br,seq=00199,frame_b=00161,bits=01288,qpsk=00644,ofdm=014,pad_q=00028,gap=0,ok=1","ldrtrk,seq=00199,pan=094.57,tilt=044.91,sun_pan=094.56,sun_tilt=044.14,err=00.77,state=locked,bv_mv=3969.0,bi_ma=-0.1,bp_mw=-0.3,bs=idle",Orin unified tracker bidirectional BESS demo
2026-08-11T16:49:30.480906+00:00,1,,0,200,53,98.0,0.098,0.009604,trk,0,OK,Panel response is 110.1% of the learned baseline.,normal,,,55.051,0.148236,0.0,charging,5.0923,9.25,locked,94.574,44.909,94.583,44.169,0.74,1,,,,,,,,,,,,CRC/QPSK/OFDM,1,0,157,161,1288,644,14,28,1120,224,56,"p1br,seq=00200,frame_b=00161,bits=01288,qpsk=00644,ofdm=014,pad_q=00028,gap=0,ok=1","ldrtrk,seq=00200,pan=094.57,tilt=044.91,sun_pan=094.58,sun_tilt=044.17,err=00.74,state=locked,bv_mv=3906.1,bi_ma=38.0,bp_mw=148.2,bs=charging",Orin unified tracker bidirectional BESS demo
2026-08-11T16:49:30.992769+00:00,1,,0,201,53,98.0,0.098,0.009604,trk,0,OK,Panel response is 110.2% of the learned baseline.,normal,,,55.053,0.834375,0.0,charging,5.0924,9.25,locked,94.574,44.909,94.722,44.265,0.661,1,,,,,,,,,,,,CRC/QPSK/OFDM,1,0,157,161,1288,644,14,28,1120,224,56,"p1br,seq=00201,frame_b=00161,bits=01288,qpsk=00644,ofdm=014,pad_q=00028,gap=0,ok=1","ldrtrk,seq=00201,pan=094.57,tilt=044.91,sun_pan=094.72,sun_tilt=044.27,err=00.66,state=locked,bv_mv=3616.3,bi_ma=230.7,bp_mw=834.4,bs=charging",Orin unified tracker bidirectional BESS demo
2026-08-11T16:49:31.502958+00:00,1,,0,202,53,98.0,0.098,0.009604,trk,0,OK,Panel response is 109.8% of the learned baseline.,normal,,,55.053,-0.000106,0.000106,idle,5.0924,9.25,locked,94.574,44.909,94.661,44.306,0.609,1,,,,,,,,,,,,CRC/QPSK/OFDM,1,0,157,161,1288,644,14,28,1120,224,56,"p1br,seq=00202,frame_b=00161,bits=01288,qpsk=00644,ofdm=014,pad_q=00028,gap=0,ok=1","ldrtrk,seq=00202,pan=094.57,tilt=044.91,sun_pan=094.66,sun_tilt=044.31,err=00.61,state=locked,bv_mv=1057.0,bi_ma=-0.1,bp_mw=-0.1,bs=idle",Orin unified tracker bidirectional BESS demo
2026-08-11T16:49:32.001730+00:00,1,,0,203,53,102.0,0.102,0.010404,trk,0,OK,Panel response is 118.5% of the learned baseline.,normal,,,55.052,-0.330864,0.330864,discharging,5.0923,9.25,locked,94.574,44.909,94.66,44.395,0.522,1,,,,,,,,,,,,CRC/QPSK/OFDM,1,0,157,161,1288,644,14,28,1120,224,56,"p1br,seq=00203,frame_b=00161,bits=01288,qpsk=00644,ofdm=014,pad_q=00028,gap=0,ok=1","ldrtrk,seq=00203,pan=094.57,tilt=044.91,sun_pan=094.66,sun_tilt=044.39,err=00.52,state=locked,bv_mv=3249.3,bi_ma=-101.8,bp_mw=-330.9,bs=discharging",Orin unified tracker bidirectional BESS demo
2026-08-11T16:49:32.510329+00:00,1,,0,204,53,102.0,0.102,0.010404,trk,0,OK,Panel response is 118.3% of the learned baseline.,normal,,,55.052,-0.329606,0.329606,discharging,5.0923,9.25,locked,94.574,44.909,94.678,44.396,0.524,1,,,,,,,,,,,,CRC/QPSK/OFDM,1,0,157,161,1288,644,14,28,1120,224,56,"p1br,seq=00204,frame_b=00161,bits=01288,qpsk=00644,ofdm=014,pad_q=00028,gap=0,ok=1","ldrtrk,seq=00204,pan=094.57,tilt=044.91,sun_pan=094.68,sun_tilt=044.40,err=00.52,state=locked,bv_mv=3248.2,bi_ma=-101.5,bp_mw=-329.6,bs=discharging",Orin unified tracker bidirectional BESS demo
2026-08-11T16:49:33.025174+00:00,1,,0,205,53,98.0,0.098,0.009604,trk,0,OK,Panel response is 108.9% of the learned baseline.,normal,,,55.051,-0.329604,0.329604,discharging,5.0922,9.25,locked,94.574,44.909,94.713,44.517,0.416,1,,,,,,,,,,,,CRC/QPSK/OFDM,1,0,157,161,1288,644,14,28,1120,224,56,"p1br,seq=00205,frame_b=00161,bits=01288,qpsk=00644,ofdm=014,pad_q=00028,gap=0,ok=1","ldrtrk,seq=00205,pan=094.57,tilt=044.91,sun_pan=094.71,sun_tilt=044.52,err=00.42,state=locked,bv_mv=3250.5,bi_ma=-101.4,bp_mw=-329.6,bs=discharging",Orin unified tracker bidirectional BESS demo
2026-08-11T16:49:33.514181+00:00,1,,0,206,53,102.0,0.102,0.010404,trk,0,OK,Panel response is 117.9% of the learned baseline.,normal,,,55.051,-0.329197,0.329197,discharging,5.0922,9.25,locked,94.574,44.909,94.78,44.544,0.419,1,,,,,,,,,,,,CRC/QPSK/OFDM,1,0,157,161,1288,644,14,28,1120,224,56,"p1br,seq=00206,frame_b=00161,bits=01288,qpsk=00644,ofdm=014,pad_q=00028,gap=0,ok=1","ldrtrk,seq=00206,pan=094.57,tilt=044.91,sun_pan=094.78,sun_tilt=044.54,err=00.42,state=locked,bv_mv=3250.5,bi_ma=-101.3,bp_mw=-329.2,bs=discharging",Orin unified tracker bidirectional BESS demo
2026-08-11T16:49:34.026415+00:00,1,,0,207,53,98.0,0.098,0.009604,trk,0,OK,Panel response is 108.2% of the learned baseline.,normal,,,55.05,-0.32871,0.32871,discharging,5.0921,9.25,locked,94.574,44.909,94.583,44.351,0.559,1,,,,,,,,,,,,CRC/QPSK/OFDM,1,0,157,161,1288,644,14,28,1120,224,56,"p1br,seq=00207,frame_b=00161,bits=01288,qpsk=00644,ofdm=014,pad_q=00028,gap=0,ok=1","ldrtrk,seq=00207,pan=094.57,tilt=044.91,sun_pan=094.58,sun_tilt=044.35,err=00.56,state=locked,bv_mv=3250.5,bi_ma=-101.1,bp_mw=-328.7,bs=discharging",Orin unified tracker bidirectional BESS demo
2026-08-11T16:49:34.521623+00:00,1,,0,208,53,98.0,0.098,0.009604,trk,0,OK,Panel response is 107.9% of the learned baseline.,normal,,,55.049,-0.32818,0.32818,discharging,5.0921,9.25,locked,94.574,44.909,94.588,44.359,0.55,1,,,,,,,,,,,,CRC/QPSK/OFDM,1,0,157,161,1288,644,14,28,1120,224,56,"p1br,seq=00208,frame_b=00161,bits=01288,qpsk=00644,ofdm=014,pad_q=00028,gap=0,ok=1","ldrtrk,seq=00208,pan=094.57,tilt=044.91,sun_pan=094.59,sun_tilt=044.36,err=00.55,state=locked,bv_mv=3251.7,bi_ma=-100.9,bp_mw=-328.2,bs=discharging",Orin unified tracker bidirectional BESS demo
2026-08-11T16:49:35.032010+00:00,1,,0,209,53,102.0,0.102,0.010404,trk,0,Standby,Shading detection waits for a locked tracker and positive power.,normal,,,55.049,-0.327854,0.327854,discharging,5.092,9.25,track-tilt,94.574,44.909,94.019,43.455,1.557,1,,,,,,,,,,,,CRC/QPSK/OFDM,1,0,157,161,1288,644,14,28,1120,224,56,"p1br,seq=00209,frame_b=00161,bits=01288,qpsk=00644,ofdm=014,pad_q=00028,gap=0,ok=1","ldrtrk,seq=00209,pan=094.57,tilt=044.91,sun_pan=094.02,sun_tilt=043.46,err=01.56,state=track-tilt,bv_mv=3251.7,bi_ma=-100.8,bp_mw=-327.9,bs=discharging",Orin unified tracker bidirectional BESS demo
2026-08-11T16:49:35.543164+00:00,1,,0,210,53,102.0,0.102,0.010404,trk,0,Standby,Shading detection waits for a locked tracker and positive power.,normal,,,55.048,-0.327611,0.327611,discharging,5.092,9.25,track-tilt,94.574,43.357,93.82,43.357,0.755,1,,,,,,,,,,,,CRC/QPSK/OFDM,1,0,157,161,1288,644,14,28,1120,224,56,"p1br,seq=00210,frame_b=00161,bits=01288,qpsk=00644,ofdm=014,pad_q=00028,gap=0,ok=1","ldrtrk,seq=00210,pan=094.57,tilt=043.36,sun_pan=093.82,sun_tilt=043.36,err=00.75,state=track-tilt,bv_mv=3251.7,bi_ma=-100.8,bp_mw=-327.6,bs=discharging",Orin unified tracker bidirectional BESS demo
2026-08-11T16:49:36.038144+00:00,1,,0,211,53,102.0,0.102,0.010404,trk,0,OK,Panel response is 114.8% of the learned baseline.,normal,,,55.048,-0.327247,0.327247,discharging,5.0919,9.25,locked,94.574,43.357,93.835,43.432,0.743,1,,,,,,,,,,,,CRC/QPSK/OFDM,1,0,157,161,1288,644,14,28,1120,224,56,"p1br,seq=00211,frame_b=00161,bits=01288,qpsk=00644,ofdm=014,pad_q=00028,gap=0,ok=1","ldrtrk,seq=00211,pan=094.57,tilt=043.36,sun_pan=093.83,sun_tilt=043.43,err=00.74,state=locked,bv_mv=3250.5,bi_ma=-100.7,bp_mw=-327.2,bs=discharging",Orin unified tracker bidirectional BESS demo
2026-08-11T16:49:36.549268+00:00,1,,0,212,53,102.0,0.102,0.010404,trk,0,OK,Panel response is 114.2% of the learned baseline.,normal,,,55.047,-0.327204,0.327204,discharging,5.0919,9.25,locked,94.574,43.357,93.821,43.312,0.755,1,,,,,,,,,,,,CRC/QPSK/OFDM,1,0,157,161,1288,644,14,28,1120,224,56,"p1br,seq=00212,frame_b=00161,bits=01288,qpsk=00644,ofdm=014,pad_q=00028,gap=0,ok=1","ldrtrk,seq=00212,pan=094.57,tilt=043.36,sun_pan=093.82,sun_tilt=043.31,err=00.75,state=locked,bv_mv=3251.7,bi_ma=-100.6,bp_mw=-327.2,bs=discharging",Orin unified tracker bidirectional BESS demo
2026-08-11T16:49:37.043566+00:00,1,,0,213,53,107.0,0.107,0.011449,trk,0,OK,Panel response is 125.0% of the learned baseline.,normal,,,55.047,-0.326841,0.326841,discharging,5.0918,9.25,locked,94.574,43.357,93.683,43.059,0.94,1,,,,,,,,,,,,CRC/QPSK/OFDM,1,0,157,161,1288,644,14,28,1120,224,56,"p1br,seq=00213,frame_b=00161,bits=01288,qpsk=00644,ofdm=014,pad_q=00028,gap=0,ok=1","ldrtrk,seq=00213,pan=094.57,tilt=043.36,sun_pan=093.68,sun_tilt=043.06,err=00.94,state=locked,bv_mv=3250.5,bi_ma=-100.5,bp_mw=-326.8,bs=discharging",Orin unified tracker bidirectional BESS demo
2026-08-11T16:49:37.553909+00:00,1,,0,214,53,107.0,0.107,0.011449,trk,0,Standby,Shading detection waits for a locked tracker and positive power.,normal,,,55.046,-0.326798,0.326798,discharging,5.0918,9.25,track-pan,94.574,43.357,93.553,43.022,1.075,1,,,,,,,,,,,,CRC/QPSK/OFDM,1,0,157,161,1288,644,14,28,1120,224,56,"p1br,seq=00214,frame_b=00161,bits=01288,qpsk=00644,ofdm=014,pad_q=00028,gap=0,ok=1","ldrtrk,seq=00214,pan=094.57,tilt=043.36,sun_pan=093.55,sun_tilt=043.02,err=01.08,state=track-pan,bv_mv=3251.7,bi_ma=-100.5,bp_mw=-326.8,bs=discharging",Orin unified tracker bidirectional BESS demo
2026-08-11T16:49:38.066649+00:00,1,,0,215,52,107.0,0.107,0.011449,trk,0,Standby,Shading detection waits for a locked tracker and positive power.,normal,,,55.046,-0.326716,0.326716,discharging,5.0917,9.25,track-pan,93.481,43.357,93.481,42.803,0.554,1,,,,,,,,,,,,CRC/QPSK/OFDM,1,0,157,161,1288,644,14,28,1120,224,56,"p1br,seq=00215,frame_b=00161,bits=01288,qpsk=00644,ofdm=014,pad_q=00028,gap=0,ok=1","ldrtrk,seq=00215,pan=093.48,tilt=043.36,sun_pan=093.48,sun_tilt=042.80,err=00.55,state=track-pan,bv_mv=3251.7,bi_ma=-100.5,bp_mw=-326.7,bs=discharging",Orin unified tracker bidirectional BESS demo
2026-08-11T16:49:38.561074+00:00,1,,0,216,52,111.0,0.111,0.012321,trk,0,OK,Panel response is 133.3% of the learned baseline.,normal,,,55.045,-0.326554,0.326554,discharging,5.0917,9.25,locked,93.481,43.357,93.487,42.833,0.524,1,,,,,,,,,,,,CRC/QPSK/OFDM,1,0,157,161,1288,644,14,28,1120,224,56,"p1br,seq=00216,frame_b=00161,bits=01288,qpsk=00644,ofdm=014,pad_q=00028,gap=0,ok=1","ldrtrk,seq=00216,pan=093.48,tilt=043.36,sun_pan=093.49,sun_tilt=042.83,err=00.52,state=locked,bv_mv=3251.7,bi_ma=-100.4,bp_mw=-326.6,bs=discharging",Orin unified tracker bidirectional BESS demo
2026-08-11T16:49:39.072757+00:00,1,,0,217,52,107.0,0.107,0.011449,trk,0,OK,Panel response is 123.1% of the learned baseline.,normal,,,55.045,-0.326429,0.326429,discharging,5.0916,9.25,locked,93.481,43.357,93.561,42.874,0.489,1,,,,,,,,,,,,CRC/QPSK/OFDM,1,0,157,161,1288,644,14,28,1120,224,56,"p1br,seq=00217,frame_b=00161,bits=01288,qpsk=00644,ofdm=014,pad_q=00028,gap=0,ok=1","ldrtrk,seq=00217,pan=093.48,tilt=043.36,sun_pan=093.56,sun_tilt=042.87,err=00.49,state=locked,bv_mv=3252.9,bi_ma=-100.3,bp_mw=-326.4,bs=discharging",Orin unified tracker bidirectional BESS demo
2026-08-11T16:49:39.582913+00:00,1,,0,218,52,107.0,0.107,0.011449,trk,0,OK,Panel response is 122.6% of the learned baseline.,normal,,,55.044,-0.326147,0.326147,discharging,5.0916,9.25,locked,93.481,43.357,93.532,42.879,0.481,1,,,,,,,,,,,,CRC/QPSK/OFDM,1,0,157,161,1288,644,14,28,1120,224,56,"p1br,seq=00218,frame_b=00161,bits=01288,qpsk=00644,ofdm=014,pad_q=00028,gap=0,ok=1","ldrtrk,seq=00218,pan=093.48,tilt=043.36,sun_pan=093.53,sun_tilt=042.88,err=00.48,state=locked,bv_mv=3251.7,bi_ma=-100.3,bp_mw=-326.1,bs=discharging",Orin unified tracker bidirectional BESS demo
2026-08-11T16:49:40.077594+00:00,1,,0,219,52,107.0,0.107,0.011449,trk,0,OK,Panel response is 122.1% of the learned baseline.,normal,,,55.044,-0.326185,0.326185,discharging,5.0915,9.25,locked,93.481,43.357,93.52,42.89,0.469,1,,,,,,,,,,,,CRC/QPSK/OFDM,1,0,157,161,1288,644,14,28,1120,224,56,"p1br,seq=00219,frame_b=00161,bits=01288,qpsk=00644,ofdm=014,pad_q=00028,gap=0,ok=1","ldrtrk,seq=00219,pan=093.48,tilt=043.36,sun_pan=093.52,sun_tilt=042.89,err=00.47,state=locked,bv_mv=3252.9,bi_ma=-100.3,bp_mw=-326.2,bs=discharging",Orin unified tracker bidirectional BESS demo
2026-08-11T16:49:40.588611+00:00,1,,0,220,52,102.0,0.102,0.010404,trk,0,OK,Panel response is 110.2% of the learned baseline.,normal,,,55.043,-0.325903,0.325903,discharging,5.0915,9.25,locked,93.481,43.357,93.455,42.752,0.605,1,,,,,,,,,,,,CRC/QPSK/OFDM,1,0,157,161,1288,644,14,28,1120,224,56,"p1br,seq=00220,frame_b=00161,bits=01288,qpsk=00644,ofdm=014,pad_q=00028,gap=0,ok=1","ldrtrk,seq=00220,pan=093.48,tilt=043.36,sun_pan=093.45,sun_tilt=042.75,err=00.61,state=locked,bv_mv=3251.7,bi_ma=-100.2,bp_mw=-325.9,bs=discharging",Orin unified tracker bidirectional BESS demo
2026-08-11T16:49:41.084402+00:00,1,,0,221,52,102.0,0.102,0.010404,trk,0,OK,Panel response is 110.1% of the learned baseline.,normal,,,55.043,-0.325903,0.325903,discharging,5.0915,9.25,locked,93.481,43.357,93.52,42.819,0.539,1,,,,,,,,,,,,CRC/QPSK/OFDM,1,0,157,161,1288,644,14,28,1120,224,56,"p1br,seq=00221,frame_b=00161,bits=01288,qpsk=00644,ofdm=014,pad_q=00028,gap=0,ok=1","ldrtrk,seq=00221,pan=093.48,tilt=043.36,sun_pan=093.52,sun_tilt=042.82,err=00.54,state=locked,bv_mv=3251.7,bi_ma=-100.2,bp_mw=-325.9,bs=discharging",Orin unified tracker bidirectional BESS demo
2026-08-11T16:49:41.595034+00:00,1,,0,222,52,107.0,0.107,0.011449,trk,0,OK,Panel response is 120.9% of the learned baseline.,normal,,,55.042,-0.325741,0.325741,discharging,5.0914,9.25,locked,93.481,43.357,93.308,42.664,0.714,1,,,,,,,,,,,,CRC/QPSK/OFDM,1,0,157,161,1288,644,14,28,1120,224,56,"p1br,seq=00222,frame_b=00161,bits=01288,qpsk=00644,ofdm=014,pad_q=00028,gap=0,ok=1","ldrtrk,seq=00222,pan=093.48,tilt=043.36,sun_pan=093.31,sun_tilt=042.66,err=00.71,state=locked,bv_mv=3251.7,bi_ma=-100.2,bp_mw=-325.7,bs=discharging",Orin unified tracker bidirectional BESS demo
2026-08-11T16:49:42.105180+00:00,1,,0,223,52,111.0,0.111,0.012321,trk,0,OK,Panel response is 128.8% of the learned baseline.,normal,,,55.042,-0.325659,0.325659,discharging,5.0914,9.25,locked,93.481,43.357,93.103,42.39,1.038,1,,,,,,,,,,,,CRC/QPSK/OFDM,1,0,157,161,1288,644,14,28,1120,224,56,"p1br,seq=00223,frame_b=00161,bits=01288,qpsk=00644,ofdm=014,pad_q=00028,gap=0,ok=1","ldrtrk,seq=00223,pan=093.48,tilt=043.36,sun_pan=093.10,sun_tilt=042.39,err=01.04,state=locked,bv_mv=3251.7,bi_ma=-100.2,bp_mw=-325.7,bs=discharging",Orin unified tracker bidirectional BESS demo
2026-08-11T16:49:42.600611+00:00,1,,0,224,52,111.0,0.111,0.012321,trk,0,OK,Panel response is 128.3% of the learned baseline.,normal,,,55.041,-0.325659,0.325659,discharging,5.0913,9.25,locked,93.481,43.357,93.334,42.491,0.879,1,,,,,,,,,,,,CRC/QPSK/OFDM,1,0,157,161,1288,644,14,28,1120,224,56,"p1br,seq=00224,frame_b=00161,bits=01288,qpsk=00644,ofdm=014,pad_q=00028,gap=0,ok=1","ldrtrk,seq=00224,pan=093.48,tilt=043.36,sun_pan=093.33,sun_tilt=042.49,err=00.88,state=locked,bv_mv=3251.7,bi_ma=-100.2,bp_mw=-325.7,bs=discharging",Orin unified tracker bidirectional BESS demo
2026-08-11T16:49:43.111801+00:00,1,,0,225,52,111.0,0.111,0.012321,trk,0,OK,Panel response is 127.2% of the learned baseline.,normal,,,55.041,-0.325616,0.325616,discharging,5.0913,9.25,locked,93.481,43.357,93.442,42.469,0.889,1,,,,,,,,,,,,CRC/QPSK/OFDM,1,0,157,161,1288,644,14,28,1120,224,56,"p1br,seq=00225,frame_b=00161,bits=01288,qpsk=00644,ofdm=014,pad_q=00028,gap=0,ok=1","ldrtrk,seq=00225,pan=093.48,tilt=043.36,sun_pan=093.44,sun_tilt=042.47,err=00.89,state=locked,bv_mv=3252.9,bi_ma=-100.1,bp_mw=-325.6,bs=discharging",Orin unified tracker bidirectional BESS demo
2026-08-11T16:49:43.607124+00:00,1,,0,226,52,111.0,0.111,0.012321,trk,0,OK,Panel response is 126.4% of the learned baseline.,normal,,,55.04,-0.325653,0.325653,discharging,5.0912,9.25,locked,93.481,43.357,93.4,42.451,0.909,1,,,,,,,,,,,,CRC/QPSK/OFDM,1,0,157,161,1288,644,14,28,1120,224,56,"p1br,seq=00226,frame_b=00161,bits=01288,qpsk=00644,ofdm=014,pad_q=00028,gap=0,ok=1","ldrtrk,seq=00226,pan=093.48,tilt=043.36,sun_pan=093.40,sun_tilt=042.45,err=00.91,state=locked,bv_mv=3254.1,bi_ma=-100.1,bp_mw=-325.7,bs=discharging",Orin unified tracker bidirectional BESS demo
2026-08-11T16:49:44.117614+00:00,1,,0,227,52,111.0,0.111,0.012321,trk,0,Standby,Shading detection waits for a locked tracker and positive power.,normal,,,55.04,-0.325497,0.325497,discharging,5.0912,9.25,track-tilt,93.481,43.357,93.354,42.328,1.036,1,,,,,,,,,,,,CRC/QPSK/OFDM,1,0,157,161,1288,644,14,28,1120,224,56,"p1br,seq=00227,frame_b=00161,bits=01288,qpsk=00644,ofdm=014,pad_q=00028,gap=0,ok=1","ldrtrk,seq=00227,pan=093.48,tilt=043.36,sun_pan=093.35,sun_tilt=042.33,err=01.04,state=track-tilt,bv_mv=3251.7,bi_ma=-100.1,bp_mw=-325.5,bs=discharging",Orin unified tracker bidirectional BESS demo
2026-08-11T16:49:44.630890+00:00,1,,0,228,52,111.0,0.111,0.012321,trk,0,Standby,Shading detection waits for a locked tracker and positive power.,normal,,,55.039,-0.325453,0.325453,discharging,5.0911,9.25,track-tilt,93.481,42.334,93.165,42.334,0.316,1,,,,,,,,,,,,CRC/QPSK/OFDM,1,0,157,161,1288,644,14,28,1120,224,56,"p1br,seq=00228,frame_b=00161,bits=01288,qpsk=00644,ofdm=014,pad_q=00028,gap=0,ok=1","ldrtrk,seq=00228,pan=093.48,tilt=042.33,sun_pan=093.16,sun_tilt=042.33,err=00.32,state=track-tilt,bv_mv=3252.9,bi_ma=-100.0,bp_mw=-325.5,bs=discharging",Orin unified tracker bidirectional BESS demo
2026-08-11T16:49:45.126917+00:00,1,,0,229,52,116.0,0.116,0.013456,trk,0,OK,Panel response is 136.6% of the learned baseline.,normal,,,55.039,-0.325372,0.325372,discharging,5.0911,9.25,locked,93.481,42.334,92.93,42.044,0.622,1,,,,,,,,,,,,CRC/QPSK/OFDM,1,0,157,161,1288,644,14,28,1120,224,56,"p1br,seq=00229,frame_b=00161,bits=01288,qpsk=00644,ofdm=014,pad_q=00028,gap=0,ok=1","ldrtrk,seq=00229,pan=093.48,tilt=042.33,sun_pan=092.93,sun_tilt=042.04,err=00.62,state=locked,bv_mv=3252.9,bi_ma=-100.0,bp_mw=-325.4,bs=discharging",Orin unified tracker bidirectional BESS demo
2026-08-11T16:49:45.635816+00:00,1,,0,230,52,111.0,0.111,0.012321,trk,0,OK,Panel response is 124.2% of the learned baseline.,normal,,,55.038,-0.325253,0.325253,discharging,5.091,9.25,locked,93.481,42.334,92.936,42.061,0.61,1,,,,,,,,,,,,CRC/QPSK/OFDM,1,0,157,161,1288,644,14,28,1120,224,56,"p1br,seq=00230,frame_b=00161,bits=01288,qpsk=00644,ofdm=014,pad_q=00028,gap=0,ok=1","ldrtrk,seq=00230,pan=093.48,tilt=042.33,sun_pan=092.94,sun_tilt=042.06,err=00.61,state=locked,bv_mv=3251.7,bi_ma=-100.0,bp_mw=-325.3,bs=discharging",Orin unified tracker bidirectional BESS demo
2026-08-11T16:49:46.146114+00:00,1,,0,231,52,116.0,0.116,0.013456,trk,0,OK,Panel response is 135.0% of the learned baseline.,normal,,,55.038,-0.325172,0.325172,discharging,5.091,9.25,locked,93.481,42.334,92.885,42.041,0.664,1,,,,,,,,,,,,CRC/QPSK/OFDM,1,0,157,161,1288,644,14,28,1120,224,56,"p1br,seq=00231,frame_b=00161,bits=01288,qpsk=00644,ofdm=014,pad_q=00028,gap=0,ok=1","ldrtrk,seq=00231,pan=093.48,tilt=042.33,sun_pan=092.88,sun_tilt=042.04,err=00.66,state=locked,bv_mv=3251.7,bi_ma=-100.0,bp_mw=-325.2,bs=discharging",Orin unified tracker bidirectional BESS demo
2026-08-11T16:49:46.642705+00:00,1,,0,232,52,111.0,0.111,0.012321,trk,0,OK,Panel response is 122.7% of the learned baseline.,normal,,,55.037,-0.325209,0.325209,discharging,5.0909,9.25,locked,93.481,42.334,92.92,42.093,0.611,1,,,,,,,,,,,,CRC/QPSK/OFDM,1,0,157,161,1288,644,14,28,1120,224,56,"p1br,seq=00232,frame_b=00161,bits=01288,qpsk=00644,ofdm=014,pad_q=00028,gap=0,ok=1","ldrtrk,seq=00232,pan=093.48,tilt=042.33,sun_pan=092.92,sun_tilt=042.09,err=00.61,state=locked,bv_mv=3252.9,bi_ma=-100.0,bp_mw=-325.2,bs=discharging",Orin unified tracker bidirectional BESS demo
2026-08-11T16:49:47.152698+00:00,1,,0,233,52,111.0,0.111,0.012321,trk,0,OK,Panel response is 122.2% of the learned baseline.,normal,,,55.036,-0.325209,0.325209,discharging,5.0909,9.25,locked,93.481,42.334,93.028,42.003,0.561,1,,,,,,,,,,,,CRC/QPSK/OFDM,1,0,157,161,1288,644,14,28,1120,224,56,"p1br,seq=00233,frame_b=00161,bits=01288,qpsk=00644,ofdm=014,pad_q=00028,gap=0,ok=1","ldrtrk,seq=00233,pan=093.48,tilt=042.33,sun_pan=093.03,sun_tilt=042.00,err=00.56,state=locked,bv_mv=3252.9,bi_ma=-100.0,bp_mw=-325.2,bs=discharging",Orin unified tracker bidirectional BESS demo
2026-08-11T16:49:47.646319+00:00,1,,0,234,52,116.0,0.116,0.013456,trk,0,OK,Panel response is 132.9% of the learned baseline.,normal,,,55.036,-0.325128,0.325128,discharging,5.0908,9.25,locked,93.481,42.334,92.923,42.096,0.607,1,,,,,,,,,,,,CRC/QPSK/OFDM,1,0,157,161,1288,644,14,28,1120,224,56,"p1br,seq=00234,frame_b=00161,bits=01288,qpsk=00644,ofdm=014,pad_q=00028,gap=0,ok=1","ldrtrk,seq=00234,pan=093.48,tilt=042.33,sun_pan=092.92,sun_tilt=042.10,err=00.61,state=locked,bv_mv=3252.9,bi_ma=-100.0,bp_mw=-325.1,bs=discharging",Orin unified tracker bidirectional BESS demo
2026-08-11T16:49:48.160178+00:00,1,,0,235,52,111.0,0.111,0.012321,trk,0,OK,Panel response is 120.9% of the learned baseline.,normal,,,55.035,-0.32509,0.32509,discharging,5.0908,9.25,locked,93.481,42.334,92.934,42.034,0.623,1,,,,,,,,,,,,CRC/QPSK/OFDM,1,0,157,161,1288,644,14,28,1120,224,56,"p1br,seq=00235,frame_b=00161,bits=01288,qpsk=00644,ofdm=014,pad_q=00028,gap=0,ok=1","ldrtrk,seq=00235,pan=093.48,tilt=042.33,sun_pan=092.93,sun_tilt=042.03,err=00.62,state=locked,bv_mv=3251.7,bi_ma=-100.0,bp_mw=-325.1,bs=discharging",Orin unified tracker bidirectional BESS demo
2026-08-11T16:49:48.669623+00:00,1,,0,236,52,111.0,0.111,0.012321,trk,0,OK,Panel response is 120.4% of the learned baseline.,normal,,,55.035,-0.325009,0.325009,discharging,5.0907,9.25,locked,93.481,42.334,92.869,42.01,0.692,1,,,,,,,,,,,,CRC/QPSK/OFDM,1,0,157,161,1288,644,14,28,1120,224,56,"p1br,seq=00236,frame_b=00161,bits=01288,qpsk=00644,ofdm=014,pad_q=00028,gap=0,ok=1","ldrtrk,seq=00236,pan=093.48,tilt=042.33,sun_pan=092.87,sun_tilt=042.01,err=00.69,state=locked,bv_mv=3251.7,bi_ma=-100.0,bp_mw=-325.0,bs=discharging",Orin unified tracker bidirectional BESS demo
2026-08-11T16:49:49.164182+00:00,1,,0,237,52,116.0,0.116,0.013456,trk,0,OK,Panel response is 130.7% of the learned baseline.,normal,,,55.034,-0.325047,0.325047,discharging,5.0907,9.25,locked,93.481,42.334,92.85,41.894,0.769,1,,,,,,,,,,,,CRC/QPSK/OFDM,1,0,157,161,1288,644,14,28,1120,224,56,"p1br,seq=00237,frame_b=00161,bits=01288,qpsk=00644,ofdm=014,pad_q=00028,gap=0,ok=1","ldrtrk,seq=00237,pan=093.48,tilt=042.33,sun_pan=092.85,sun_tilt=041.89,err=00.77,state=locked,bv_mv=3252.9,bi_ma=-99.9,bp_mw=-325.0,bs=discharging",Orin unified tracker bidirectional BESS demo
2026-08-11T16:49:49.674780+00:00,1,,0,238,52,116.0,0.116,0.013456,trk,0,OK,Panel response is 129.5% of the learned baseline.,normal,,,55.034,-0.325165,0.325165,discharging,5.0906,9.25,locked,93.481,42.334,92.502,41.705,1.164,1,,,,,,,,,,,,CRC/QPSK/OFDM,1,0,157,161,1288,644,14,28,1120,224,56,"p1br,seq=00238,frame_b=00161,bits=01288,qpsk=00644,ofdm=014,pad_q=00028,gap=0,ok=1","ldrtrk,seq=00238,pan=093.48,tilt=042.33,sun_pan=092.50,sun_tilt=041.71,err=01.16,state=locked,bv_mv=3254.1,bi_ma=-99.9,bp_mw=-325.2,bs=discharging",Orin unified tracker bidirectional BESS demo
2026-08-11T16:49:50.168967+00:00,1,,0,239,52,111.0,0.111,0.012321,trk,0,OK,Panel response is 118.1% of the learned baseline.,normal,,,55.033,-0.327166,0.327166,discharging,5.0906,9.25,locked,93.481,42.334,92.694,41.833,0.933,1,,,,,,,,,,,,CRC/QPSK/OFDM,1,0,157,161,1288,644,14,28,1120,224,56,"p1br,seq=00239,frame_b=00161,bits=01288,qpsk=00644,ofdm=014,pad_q=00028,gap=0,ok=1","ldrtrk,seq=00239,pan=093.48,tilt=042.33,sun_pan=092.69,sun_tilt=041.83,err=00.93,state=locked,bv_mv=3250.5,bi_ma=-100.7,bp_mw=-327.2,bs=discharging",Orin unified tracker bidirectional BESS demo
2026-08-11T16:49:50.683274+00:00,1,,0,240,52,111.0,0.111,0.012321,trk,0,OK,Panel response is 117.6% of the learned baseline.,normal,,,55.033,-0.317703,0.317703,discharging,5.0905,9.25,locked,93.481,42.334,92.794,41.999,0.764,1,,,,,,,,,,,,CRC/QPSK/OFDM,1,0,157,161,1288,644,14,28,1120,224,56,"p1br,seq=00240,frame_b=00161,bits=01288,qpsk=00644,ofdm=014,pad_q=00028,gap=0,ok=1","ldrtrk,seq=00240,pan=093.48,tilt=042.33,sun_pan=092.79,sun_tilt=042.00,err=00.76,state=locked,bv_mv=3257.7,bi_ma=-97.5,bp_mw=-317.7,bs=discharging",Orin unified tracker bidirectional BESS demo
2026-08-11T16:49:51.192023+00:00,1,,0,241,52,107.0,0.107,0.011449,trk,0,OK,Panel response is 109.1% of the learned baseline.,normal,,,55.032,-0.327777,0.327777,discharging,5.0905,9.25,locked,93.481,42.334,92.968,42.016,0.604,1,,,,,,,,,,,,CRC/QPSK/OFDM,1,0,157,161,1288,644,14,28,1120,224,56,"p1br,seq=00241,frame_b=00161,bits=01288,qpsk=00644,ofdm=014,pad_q=00028,gap=0,ok=1","ldrtrk,seq=00241,pan=093.48,tilt=042.33,sun_pan=092.97,sun_tilt=042.02,err=00.60,state=locked,bv_mv=3249.3,bi_ma=-100.9,bp_mw=-327.8,bs=discharging",Orin unified tracker bidirectional BESS demo
2026-08-11T16:49:51.687121+00:00,1,,0,242,52,111.0,0.111,0.012321,trk,0,OK,Panel response is 117.1% of the learned baseline.,normal,,,55.032,-0.327696,0.327696,discharging,5.0904,9.25,locked,93.481,42.334,92.962,41.999,0.618,1,,,,,,,,,,,,CRC/QPSK/OFDM,1,0,157,161,1288,644,14,28,1120,224,56,"p1br,seq=00242,frame_b=00161,bits=01288,qpsk=00644,ofdm=014,pad_q=00028,gap=0,ok=1","ldrtrk,seq=00242,pan=093.48,tilt=042.33,sun_pan=092.96,sun_tilt=042.00,err=00.62,state=locked,bv_mv=3249.3,bi_ma=-100.8,bp_mw=-327.7,bs=discharging",Orin unified tracker bidirectional BESS demo
2026-08-11T16:49:52.198459+00:00,1,,0,243,52,111.0,0.111,0.012321,trk,0,OK,Panel response is 116.6% of the learned baseline.,normal,,,55.031,-0.327859,0.327859,discharging,5.0904,9.25,locked,93.481,42.334,92.953,41.929,0.665,1,,,,,,,,,,,,CRC/QPSK/OFDM,1,0,157,161,1288,644,14,28,1120,224,56,"p1br,seq=00243,frame_b=00161,bits=01288,qpsk=00644,ofdm=014,pad_q=00028,gap=0,ok=1","ldrtrk,seq=00243,pan=093.48,tilt=042.33,sun_pan=092.95,sun_tilt=041.93,err=00.67,state=locked,bv_mv=3249.3,bi_ma=-100.9,bp_mw=-327.9,bs=discharging",Orin unified tracker bidirectional BESS demo
2026-08-11T16:49:52.707565+00:00,1,,0,244,52,111.0,0.111,0.012321,trk,0,OK,Panel response is 116.3% of the learned baseline.,normal,,,55.031,-0.32794,0.32794,discharging,5.0903,9.25,locked,93.481,42.334,92.945,41.992,0.635,1,,,,,,,,,,,,CRC/QPSK/OFDM,1,0,157,161,1288,644,14,28,1120,224,56,"p1br,seq=00244,frame_b=00161,bits=01288,qpsk=00644,ofdm=014,pad_q=00028,gap=0,ok=1","ldrtrk,seq=00244,pan=093.48,tilt=042.33,sun_pan=092.95,sun_tilt=041.99,err=00.64,state=locked,bv_mv=3249.3,bi_ma=-100.9,bp_mw=-327.9,bs=discharging",Orin unified tracker bidirectional BESS demo
2026-08-11T16:49:53.202941+00:00,1,,0,245,52,116.0,0.116,0.013456,trk,0,OK,Panel response is 126.9% of the learned baseline.,normal,,,55.03,-0.327897,0.327897,discharging,5.0903,9.25,locked,93.481,42.334,93.078,42.098,0.467,1,,,,,,,,,,,,CRC/QPSK/OFDM,1,0,157,161,1288,644,14,28,1120,224,56,"p1br,seq=00245,frame_b=00161,bits=01288,qpsk=00644,ofdm=014,pad_q=00028,gap=0,ok=1","ldrtrk,seq=00245,pan=093.48,tilt=042.33,sun_pan=093.08,sun_tilt=042.10,err=00.47,state=locked,bv_mv=3250.5,bi_ma=-100.9,bp_mw=-327.9,bs=discharging",Orin unified tracker bidirectional BESS demo
2026-08-11T16:49:53.714474+00:00,1,,0,246,52,111.0,0.111,0.012321,trk,0,OK,Panel response is 115.1% of the learned baseline.,normal,,,55.03,-0.327816,0.327816,discharging,5.0902,9.25,locked,93.481,42.334,92.854,41.994,0.713,1,,,,,,,,,,,,CRC/QPSK/OFDM,1,0,157,161,1288,644,14,28,1120,224,56,"p1br,seq=00246,frame_b=00161,bits=01288,qpsk=00644,ofdm=014,pad_q=00028,gap=0,ok=1","ldrtrk,seq=00246,pan=093.48,tilt=042.33,sun_pan=092.85,sun_tilt=041.99,err=00.71,state=locked,bv_mv=3250.5,bi_ma=-100.8,bp_mw=-327.8,bs=discharging",Orin unified tracker bidirectional BESS demo
2026-08-11T16:49:54.208617+00:00,1,,0,247,52,111.0,0.111,0.012321,trk,0,OK,Panel response is 114.3% of the learned baseline.,normal,,,55.029,-0.325659,0.325659,discharging,5.0902,9.25,locked,93.481,42.334,92.725,41.832,0.908,1,,,,,,,,,,,,CRC/QPSK/OFDM,1,0,157,161,1288,644,14,28,1120,224,56,"p1br,seq=00247,frame_b=00161,bits=01288,qpsk=00644,ofdm=014,pad_q=00028,gap=0,ok=1","ldrtrk,seq=00247,pan=093.48,tilt=042.33,sun_pan=092.72,sun_tilt=041.83,err=00.91,state=locked,bv_mv=3251.7,bi_ma=-100.2,bp_mw=-325.7,bs=discharging",Orin unified tracker bidirectional BESS demo
2026-08-11T16:49:54.723118+00:00,1,,0,248,52,111.0,0.111,0.012321,trk,0,OK,Panel response is 113.6% of the learned baseline.,normal,,,55.029,-0.325622,0.325622,discharging,5.0902,9.25,locked,93.481,42.334,92.603,41.765,1.046,1,,,,,,,,,,,,CRC/QPSK/OFDM,1,0,157,161,1288,644,14,28,1120,224,56,"p1br,seq=00248,frame_b=00161,bits=01288,qpsk=00644,ofdm=014,pad_q=00028,gap=0,ok=1","ldrtrk,seq=00248,pan=093.48,tilt=042.33,sun_pan=092.60,sun_tilt=041.77,err=01.05,state=locked,bv_mv=3250.5,bi_ma=-100.2,bp_mw=-325.6,bs=discharging",Orin unified tracker bidirectional BESS demo
2026-08-11T16:49:55.230940+00:00,1,,0,249,52,116.0,0.116,0.013456,trk,0,Standby,Shading detection waits for a locked tracker and positive power.,normal,,,55.028,-0.327452,0.327452,discharging,5.0901,9.25,track-pan,93.481,42.334,92.429,41.657,1.251,1,,,,,,,,,,,,CRC/QPSK/OFDM,1,0,157,161,1288,644,14,28,1120,224,56,"p1br,seq=00249,frame_b=00161,bits=01288,qpsk=00644,ofdm=014,pad_q=00028,gap=0,ok=1","ldrtrk,seq=00249,pan=093.48,tilt=042.33,sun_pan=092.43,sun_tilt=041.66,err=01.25,state=track-pan,bv_mv=3249.3,bi_ma=-100.8,bp_mw=-327.5,bs=discharging",Orin unified tracker bidirectional BESS demo
2026-08-11T16:49:55.726101+00:00,1,,0,250,52,116.0,0.116,0.013456,trk,0,OK,Panel response is 123.7% of the learned baseline.,normal,,,55.028,-0.25736,0.25736,discharging,5.0901,9.25,locked,93.481,42.334,92.745,41.546,1.078,1,,,,,,,,,,,,CRC/QPSK/OFDM,1,0,157,161,1288,644,14,28,1120,224,56,"p1br,seq=00250,frame_b=00161,bits=01288,qpsk=00644,ofdm=014,pad_q=00028,gap=0,ok=1","ldrtrk,seq=00250,pan=093.48,tilt=042.33,sun_pan=092.74,sun_tilt=041.55,err=01.08,state=locked,bv_mv=3301.6,bi_ma=-78.0,bp_mw=-257.4,bs=discharging",Orin unified tracker bidirectional BESS demo
2026-08-11T16:49:56.237900+00:00,1,,0,251,52,116.0,0.116,0.013456,trk,0,OK,Panel response is 123.0% of the learned baseline.,normal,,,55.027,-0.327491,0.327491,discharging,5.09,9.25,locked,93.481,42.334,92.58,41.445,1.266,1,,,,,,,,,,,,CRC/QPSK/OFDM,1,0,157,161,1288,644,14,28,1120,224,56,"p1br,seq=00251,frame_b=00161,bits=01288,qpsk=00644,ofdm=014,pad_q=00028,gap=0,ok=1","ldrtrk,seq=00251,pan=093.48,tilt=042.33,sun_pan=092.58,sun_tilt=041.44,err=01.27,state=locked,bv_mv=3250.5,bi_ma=-100.8,bp_mw=-327.5,bs=discharging",Orin unified tracker bidirectional BESS demo
2026-08-11T16:49:56.749044+00:00,1,,0,252,52,116.0,0.116,0.013456,trk,0,OK,Panel response is 122.4% of the learned baseline.,normal,,,55.027,-0.327897,0.327897,discharging,5.09,9.25,locked,93.481,42.334,92.558,41.422,1.297,1,,,,,,,,,,,,CRC/QPSK/OFDM,1,0,157,161,1288,644,14,28,1120,224,56,"p1br,seq=00252,frame_b=00161,bits=01288,qpsk=00644,ofdm=014,pad_q=00028,gap=0,ok=1","ldrtrk,seq=00252,pan=093.48,tilt=042.33,sun_pan=092.56,sun_tilt=041.42,err=01.30,state=locked,bv_mv=3250.5,bi_ma=-100.9,bp_mw=-327.9,bs=discharging",Orin unified tracker bidirectional BESS demo
2026-08-11T16:49:57.243259+00:00,1,,0,253,52,120.0,0.12,0.0144,trk,0,Standby,Shading detection waits for a locked tracker and positive power.,normal,,,55.026,-0.328021,0.328021,discharging,5.0899,9.25,track-tilt,93.481,42.334,92.487,41.294,1.439,1,,,,,,,,,,,,CRC/QPSK/OFDM,1,0,157,161,1288,644,14,28,1120,224,56,"p1br,seq=00253,frame_b=00161,bits=01288,qpsk=00644,ofdm=014,pad_q=00028,gap=0,ok=1","ldrtrk,seq=00253,pan=093.48,tilt=042.33,sun_pan=092.49,sun_tilt=041.29,err=01.44,state=track-tilt,bv_mv=3249.3,bi_ma=-101.0,bp_mw=-328.0,bs=discharging",Orin unified tracker bidirectional BESS demo
2026-08-11T16:49:57.760713+00:00,1,,0,254,52,120.0,0.12,0.0144,trk,0,Standby,Shading detection waits for a locked tracker and positive power.,normal,,,55.026,-0.32729,0.32729,discharging,5.0899,9.25,track-tilt,93.481,41.201,92.519,41.201,0.962,1,,,,,,,,,,,,CRC/QPSK/OFDM,1,0,157,161,1288,644,14,28,1120,224,56,"p1br,seq=00254,frame_b=00161,bits=01288,qpsk=00644,ofdm=014,pad_q=00028,gap=0,ok=1","ldrtrk,seq=00254,pan=093.48,tilt=041.20,sun_pan=092.52,sun_tilt=041.20,err=00.96,state=track-tilt,bv_mv=3249.3,bi_ma=-100.7,bp_mw=-327.3,bs=discharging",Orin unified tracker bidirectional BESS demo
2026-08-11T16:49:58.249907+00:00,1,,0,255,52,120.0,0.12,0.0144,trk,0,Standby,Shading detection waits for a locked tracker and positive power.,normal,,,55.025,-0.327247,0.327247,discharging,5.0898,9.25,track-pan,93.481,41.201,91.727,40.856,1.788,1,,,,,,,,,,,,CRC/QPSK/OFDM,1,0,157,161,1288,644,14,28,1120,224,56,"p1br,seq=00255,frame_b=00161,bits=01288,qpsk=00644,ofdm=014,pad_q=00028,gap=0,ok=1","ldrtrk,seq=00255,pan=093.48,tilt=041.20,sun_pan=091.73,sun_tilt=040.86,err=01.79,state=track-pan,bv_mv=3250.5,bi_ma=-100.7,bp_mw=-327.2,bs=discharging",Orin unified tracker bidirectional BESS demo
2026-08-11T16:49:58.761316+00:00,1,,0,256,52,111.0,0.111,0.012321,trk,0,OK,Panel response is 113.4% of the learned baseline.,normal,,,55.025,-0.326147,0.326147,discharging,5.0898,9.25,locked,93.481,41.201,93.09,41.864,0.77,1,,,,,,,,,,,,CRC/QPSK/OFDM,1,0,157,161,1288,644,14,28,1120,224,56,"p1br,seq=00256,frame_b=00161,bits=01288,qpsk=00644,ofdm=014,pad_q=00028,gap=0,ok=1","ldrtrk,seq=00256,pan=093.48,tilt=041.20,sun_pan=093.09,sun_tilt=041.86,err=00.77,state=locked,bv_mv=3251.7,bi_ma=-100.3,bp_mw=-326.1,bs=discharging",Orin unified tracker bidirectional BESS demo
2026-08-11T16:49:59.270669+00:00,1,,0,257,52,111.0,0.111,0.012321,trk,0,Standby,Shading detection waits for a locked tracker and positive power.,normal,,,55.024,-0.326678,0.326678,discharging,5.0897,9.25,track-pan,93.481,41.201,91.158,40.473,2.434,1,,,,,,,,,,,,CRC/QPSK/OFDM,1,0,157,161,1288,644,14,28,1120,224,56,"p1br,seq=00257,frame_b=00161,bits=01288,qpsk=00644,ofdm=014,pad_q=00028,gap=0,ok=1","ldrtrk,seq=00257,pan=093.48,tilt=041.20,sun_pan=091.16,sun_tilt=040.47,err=02.43,state=track-pan,bv_mv=3250.5,bi_ma=-100.5,bp_mw=-326.7,bs=discharging",Orin unified tracker bidirectional BESS demo
2026-08-11T16:49:59.765338+00:00,1,,0,258,52,125.0,0.125,0.015625,trk,0,Standby,Shading detection waits for a locked tracker and positive power.,normal,,,55.024,-0.326716,0.326716,discharging,5.0897,9.25,track-tilt,93.481,41.201,100.898,50.586,11.962,1,,,,,,,,,,,,CRC/QPSK/OFDM,1,0,157,161,1288,644,14,28,1120,224,56,"p1br,seq=00258,frame_b=00161,bits=01288,qpsk=00644,ofdm=014,pad_q=00028,gap=0,ok=1","ldrtrk,seq=00258,pan=093.48,tilt=041.20,sun_pan=100.90,sun_tilt=050.59,err=11.96,state=track-tilt,bv_mv=3251.7,bi_ma=-100.5,bp_mw=-326.7,bs=discharging",Orin unified tracker bidirectional BESS demo
2026-08-11T16:50:00.278601+00:00,1,,0,259,52,40.0,0.04,0.0016,trk,0,Standby,Shading detection waits for a locked tracker and positive power.,normal,,,55.023,-0.326597,0.326597,discharging,5.0896,9.25,track-tilt,93.481,44.201,117.663,64.611,31.644,1,,,,,,,,,,,,CRC/QPSK/OFDM,1,0,157,161,1288,644,14,28,1120,224,56,"p1br,seq=00259,frame_b=00161,bits=01288,qpsk=00644,ofdm=014,pad_q=00028,gap=0,ok=1","ldrtrk,seq=00259,pan=093.48,tilt=044.20,sun_pan=117.66,sun_tilt=064.61,err=31.64,state=track-tilt,bv_mv=3250.5,bi_ma=-100.5,bp_mw=-326.6,bs=discharging",Orin unified tracker bidirectional BESS demo
2026-08-11T16:50:00.774115+00:00,1,,0,260,52,44.0,0.044,0.001936,trk,0,Standby,Shading detection waits for a locked tracker and positive power.,normal,,,55.023,-0.326229,0.326229,discharging,5.0896,9.25,track-tilt,93.481,47.201,119.725,65.16,31.801,1,,,,,,,,,,,,CRC/QPSK/OFDM,1,0,157,161,1288,644,14,28,1120,224,56,"p1br,seq=00260,frame_b=00161,bits=01288,qpsk=00644,ofdm=014,pad_q=00028,gap=0,ok=1","ldrtrk,seq=00260,pan=093.48,tilt=047.20,sun_pan=119.72,sun_tilt=065.16,err=31.80,state=track-tilt,bv_mv=3251.7,bi_ma=-100.3,bp_mw=-326.2,bs=discharging",Orin unified tracker bidirectional BESS demo
2026-08-11T16:50:01.285761+00:00,1,,0,261,52,44.0,0.044,0.001936,trk,0,Standby,Shading detection waits for a locked tracker and positive power.,normal,,,55.022,-0.328145,0.328145,discharging,5.0895,9.25,track-tilt,93.481,50.201,120.019,65.273,30.52,1,,,,,,,,,,,,CRC/QPSK/OFDM,1,0,157,161,1288,644,14,28,1120,224,56,"p1br,seq=00261,frame_b=00161,bits=01288,qpsk=00644,ofdm=014,pad_q=00028,gap=0,ok=1","ldrtrk,seq=00261,pan=093.48,tilt=050.20,sun_pan=120.02,sun_tilt=065.27,err=30.52,state=track-tilt,bv_mv=3248.2,bi_ma=-101.0,bp_mw=-328.1,bs=discharging",Orin unified tracker bidirectional BESS demo
2026-08-11T16:50:01.795980+00:00,1,,0,262,52,44.0,0.044,0.001936,trk,0,Standby,Shading detection waits for a locked tracker and positive power.,normal,,,55.021,-0.32859,0.32859,discharging,5.0895,9.25,track-tilt,93.481,53.201,120.176,65.302,29.31,1,,,,,,,,,,,,CRC/QPSK/OFDM,1,0,157,161,1288,644,14,28,1120,224,56,"p1br,seq=00262,frame_b=00161,bits=01288,qpsk=00644,ofdm=014,pad_q=00028,gap=0,ok=1","ldrtrk,seq=00262,pan=093.48,tilt=053.20,sun_pan=120.18,sun_tilt=065.30,err=29.31,state=track-tilt,bv_mv=3249.3,bi_ma=-101.1,bp_mw=-328.6,bs=discharging",Orin unified tracker bidirectional BESS demo
2026-08-11T16:50:02.291304+00:00,1,,0,263,52,44.0,0.044,0.001936,trk,0,Standby,Shading detection waits for a locked tracker and positive power.,normal,,,55.02,-0.630228,0.630228,discharging,5.0894,9.25,track-tilt,93.481,56.201,120.159,65.324,28.195,1,,,,,,,,,,,,CRC/QPSK/OFDM,1,0,157,161,1288,644,14,28,1120,224,56,"p1br,seq=00263,frame_b=00161,bits=01288,qpsk=00644,ofdm=014,pad_q=00028,gap=0,ok=1","ldrtrk,seq=00263,pan=093.48,tilt=056.20,sun_pan=120.16,sun_tilt=065.32,err=28.19,state=track-tilt,bv_mv=2967.9,bi_ma=-212.3,bp_mw=-630.2,bs=discharging",Orin unified tracker bidirectional BESS demo
2026-08-11T16:50:02.801577+00:00,1,,0,264,52,44.0,0.044,0.001936,trk,0,Standby,Shading detection waits for a locked tracker and positive power.,normal,,,55.019,-0.632615,0.632615,discharging,5.0893,9.25,track-tilt,93.481,59.201,119.983,65.274,27.189,1,,,,,,,,,,,,CRC/QPSK/OFDM,1,0,157,161,1288,644,14,28,1120,224,56,"p1br,seq=00264,frame_b=00161,bits=01288,qpsk=00644,ofdm=014,pad_q=00028,gap=0,ok=1","ldrtrk,seq=00264,pan=093.48,tilt=059.20,sun_pan=119.98,sun_tilt=065.27,err=27.19,state=track-tilt,bv_mv=2965.5,bi_ma=-213.3,bp_mw=-632.6,bs=discharging",Orin unified tracker bidirectional BESS demo
2026-08-11T16:50:03.311304+00:00,1,,0,265,52,44.0,0.044,0.001936,trk,0,Standby,Shading detection waits for a locked tracker and positive power.,normal,,,55.018,-0.63395,0.63395,discharging,5.0892,9.25,track-tilt,93.481,62.201,120.24,65.293,26.937,1,,,,,,,,,,,,CRC/QPSK/OFDM,1,0,157,161,1288,644,14,28,1120,224,56,"p1br,seq=00265,frame_b=00161,bits=01288,qpsk=00644,ofdm=014,pad_q=00028,gap=0,ok=1","ldrtrk,seq=00265,pan=093.48,tilt=062.20,sun_pan=120.24,sun_tilt=065.29,err=26.94,state=track-tilt,bv_mv=2965.5,bi_ma=-213.8,bp_mw=-634.0,bs=discharging",Orin unified tracker bidirectional BESS demo
2026-08-11T16:50:03.807625+00:00,1,,0,266,52,44.0,0.044,0.001936,trk,0,Standby,Shading detection waits for a locked tracker and positive power.,normal,,,55.017,-0.634109,0.634109,discharging,5.0891,9.25,track-tilt,93.481,65.201,120.239,65.271,26.758,1,,,,,,,,,,,,CRC/QPSK/OFDM,1,0,157,161,1288,644,14,28,1120,224,56,"p1br,seq=00266,frame_b=00161,bits=01288,qpsk=00644,ofdm=014,pad_q=00028,gap=0,ok=1","ldrtrk,seq=00266,pan=093.48,tilt=065.20,sun_pan=120.24,sun_tilt=065.27,err=26.76,state=track-tilt,bv_mv=2963.1,bi_ma=-214.0,bp_mw=-634.1,bs=discharging",Orin unified tracker bidirectional BESS demo
2026-08-11T16:50:04.317670+00:00,1,,0,267,52,40.0,0.04,0.0016,trk,0,Standby,Shading detection waits for a locked tracker and positive power.,normal,,,55.016,-0.634998,0.634998,discharging,5.089,9.25,track-pan,93.481,65.201,120.128,65.234,26.647,1,,,,,,,,,,,,CRC/QPSK/OFDM,1,0,157,161,1288,644,14,28,1120,224,56,"p1br,seq=00267,frame_b=00161,bits=01288,qpsk=00644,ofdm=014,pad_q=00028,gap=0,ok=1","ldrtrk,seq=00267,pan=093.48,tilt=065.20,sun_pan=120.13,sun_tilt=065.23,err=26.65,state=track-pan,bv_mv=2963.1,bi_ma=-214.3,bp_mw=-635.0,bs=discharging",Orin unified tracker bidirectional BESS demo
2026-08-11T16:50:04.813241+00:00,1,,0,268,54,44.0,0.044,0.001936,trk,0,Standby,Shading detection waits for a locked tracker and positive power.,normal,,,55.015,-0.634331,0.634331,discharging,5.0889,9.25,track-pan,96.481,65.201,119.884,65.295,23.403,1,,,,,,,,,,,,CRC/QPSK/OFDM,1,0,157,161,1288,644,14,28,1120,224,56,"p1br,seq=00268,frame_b=00161,bits=01288,qpsk=00644,ofdm=014,pad_q=00028,gap=0,ok=1","ldrtrk,seq=00268,pan=096.48,tilt=065.20,sun_pan=119.88,sun_tilt=065.30,err=23.40,state=track-pan,bv_mv=2963.1,bi_ma=-214.1,bp_mw=-634.3,bs=discharging",Orin unified tracker bidirectional BESS demo
2026-08-11T16:50:05.323855+00:00,1,,0,269,56,44.0,0.044,0.001936,trk,0,Standby,Shading detection waits for a locked tracker and positive power.,normal,,,55.014,-0.63522,0.63522,discharging,5.0888,9.25,track-pan,99.481,65.201,119.831,65.373,20.351,1,,,,,,,,,,,,CRC/QPSK/OFDM,1,0,157,161,1288,644,14,28,1120,224,56,"p1br,seq=00269,frame_b=00161,bits=01288,qpsk=00644,ofdm=014,pad_q=00028,gap=0,ok=1","ldrtrk,seq=00269,pan=099.48,tilt=065.20,sun_pan=119.83,sun_tilt=065.37,err=20.35,state=track-pan,bv_mv=2963.1,bi_ma=-214.4,bp_mw=-635.2,bs=discharging",Orin unified tracker bidirectional BESS demo
2026-08-11T16:50:05.833215+00:00,1,,0,270,58,44.0,0.044,0.001936,trk,0,Standby,Shading detection waits for a locked tracker and positive power.,normal,,,55.013,-0.633706,0.633706,discharging,5.0887,9.25,track-pan,102.481,65.201,119.709,65.256,17.228,1,,,,,,,,,,,,CRC/QPSK/OFDM,1,0,157,161,1288,644,14,28,1120,224,56,"p1br,seq=00270,frame_b=00161,bits=01288,qpsk=00644,ofdm=014,pad_q=00028,gap=0,ok=1","ldrtrk,seq=00270,pan=102.48,tilt=065.20,sun_pan=119.71,sun_tilt=065.26,err=17.23,state=track-pan,bv_mv=2961.9,bi_ma=-213.9,bp_mw=-633.7,bs=discharging",Orin unified tracker bidirectional BESS demo
2026-08-11T16:50:06.332762+00:00,1,,0,271,60,44.0,0.044,0.001936,trk,0,Standby,Shading detection waits for a locked tracker and positive power.,normal,,,55.012,-0.632658,0.632658,discharging,5.0886,9.25,track-pan,105.481,65.201,120.046,65.233,14.565,1,,,,,,,,,,,,CRC/QPSK/OFDM,1,0,157,161,1288,644,14,28,1120,224,56,"p1br,seq=00271,frame_b=00161,bits=01288,qpsk=00644,ofdm=014,pad_q=00028,gap=0,ok=1","ldrtrk,seq=00271,pan=105.48,tilt=065.20,sun_pan=120.05,sun_tilt=065.23,err=14.57,state=track-pan,bv_mv=2964.3,bi_ma=-213.4,bp_mw=-632.7,bs=discharging",Orin unified tracker bidirectional BESS demo
2026-08-11T16:50:06.840856+00:00,1,,0,272,62,49.0,0.049,0.002401,trk,0,Standby,Shading detection waits for a locked tracker and positive power.,normal,,,55.011,-0.631176,0.631176,discharging,5.0886,9.25,track-pan,108.481,65.201,120.063,65.21,11.582,1,,,,,,,,,,,,CRC/QPSK/OFDM,1,0,157,161,1288,644,14,28,1120,224,56,"p1br,seq=00272,frame_b=00161,bits=01288,qpsk=00644,ofdm=014,pad_q=00028,gap=0,ok=1","ldrtrk,seq=00272,pan=108.48,tilt=065.20,sun_pan=120.06,sun_tilt=065.21,err=11.58,state=track-pan,bv_mv=2964.3,bi_ma=-212.9,bp_mw=-631.2,bs=discharging",Orin unified tracker bidirectional BESS demo
2026-08-11T16:50:07.450478+00:00,1,,0,273,63,44.0,0.044,0.001936,trk,0,Standby,Shading detection waits for a locked tracker and positive power.,normal,,,55.01,-0.631385,0.631385,discharging,5.0884,9.25,track-pan,111.481,65.201,119.836,65.238,8.355,1,,,,,,,,,,,,CRC/QPSK/OFDM,1,0,157,161,1288,644,14,28,1120,224,56,"p1br,seq=00273,frame_b=00161,bits=01288,qpsk=00644,ofdm=014,pad_q=00028,gap=0,ok=1","ldrtrk,seq=00273,pan=111.48,tilt=065.20,sun_pan=119.84,sun_tilt=065.24,err=08.36,state=track-pan,bv_mv=2966.7,bi_ma=-212.8,bp_mw=-631.4,bs=discharging",Orin unified tracker bidirectional BESS demo
2026-08-11T16:50:07.858940+00:00,1,,0,274,65,44.0,0.044,0.001936,trk,0,Standby,Shading detection waits for a locked tracker and positive power.,normal,,,55.009,-0.629412,0.629412,discharging,5.0884,9.25,track-pan,114.481,65.201,119.935,65.185,5.454,1,,,,,,,,,,,,CRC/QPSK/OFDM,1,0,157,161,1288,644,14,28,1120,224,56,"p1br,seq=00274,frame_b=00161,bits=01288,qpsk=00644,ofdm=014,pad_q=00028,gap=0,ok=1","ldrtrk,seq=00274,pan=114.48,tilt=065.20,sun_pan=119.93,sun_tilt=065.18,err=05.45,state=track-pan,bv_mv=2967.9,bi_ma=-212.1,bp_mw=-629.4,bs=discharging",Orin unified tracker bidirectional BESS demo
2026-08-11T16:50:08.473152+00:00,1,,0,275,67,44.0,0.044,0.001936,trk,0,Standby,Shading detection waits for a locked tracker and positive power.,normal,,,55.008,-0.630154,0.630154,discharging,5.0883,9.25,track-pan,117.481,65.201,119.824,65.137,2.344,1,,,,,,,,,,,,CRC/QPSK/OFDM,1,0,157,161,1288,644,14,28,1120,224,56,"p1br,seq=00275,frame_b=00161,bits=01288,qpsk=00644,ofdm=014,pad_q=00028,gap=0,ok=1","ldrtrk,seq=00275,pan=117.48,tilt=065.20,sun_pan=119.82,sun_tilt=065.14,err=02.34,state=track-pan,bv_mv=2967.9,bi_ma=-212.3,bp_mw=-630.2,bs=discharging",Orin unified tracker bidirectional BESS demo
2026-08-11T16:50:08.882042+00:00,1,,0,276,68,44.0,0.044,0.001936,trk,0,Standby,Shading detection waits for a locked tracker and positive power.,normal,,,55.007,-0.629812,0.629812,discharging,5.0882,9.25,track-pan,119.562,65.201,119.562,65.23,0.03,1,,,,,,,,,,,,CRC/QPSK/OFDM,1,0,157,161,1288,644,14,28,1120,224,56,"p1br,seq=00276,frame_b=00161,bits=01288,qpsk=00644,ofdm=014,pad_q=00028,gap=0,ok=1","ldrtrk,seq=00276,pan=119.56,tilt=065.20,sun_pan=119.56,sun_tilt=065.23,err=00.03,state=track-pan,bv_mv=2969.1,bi_ma=-212.1,bp_mw=-629.8,bs=discharging",Orin unified tracker bidirectional BESS demo
2026-08-11T16:50:09.362786+00:00,1,,0,277,68,44.0,0.044,0.001936,trk,0,OK,Panel response is 26.9% of the learned baseline.,normal,,,55.006,-0.628151,0.628151,discharging,5.0881,9.25,locked,119.562,65.201,119.552,65.15,0.051,1,,,,,,,,,,,,CRC/QPSK/OFDM,1,0,157,161,1288,644,14,28,1120,224,56,"p1br,seq=00277,frame_b=00161,bits=01288,qpsk=00644,ofdm=014,pad_q=00028,gap=0,ok=1","ldrtrk,seq=00277,pan=119.56,tilt=065.20,sun_pan=119.55,sun_tilt=065.15,err=00.05,state=locked,bv_mv=2967.9,bi_ma=-211.7,bp_mw=-628.2,bs=discharging",Orin unified tracker bidirectional BESS demo
2026-08-11T16:50:09.874042+00:00,1,,0,278,68,44.0,0.044,0.001936,trk,0,OK,Panel response is 26.9% of the learned baseline.,normal,,,55.005,-0.627899,0.627899,discharging,5.088,9.25,locked,119.562,65.201,119.633,65.13,0.1,1,,,,,,,,,,,,CRC/QPSK/OFDM,1,0,157,161,1288,644,14,28,1120,224,56,"p1br,seq=00278,frame_b=00161,bits=01288,qpsk=00644,ofdm=014,pad_q=00028,gap=0,ok=1","ldrtrk,seq=00278,pan=119.56,tilt=065.20,sun_pan=119.63,sun_tilt=065.13,err=00.10,state=locked,bv_mv=2966.7,bi_ma=-211.7,bp_mw=-627.9,bs=discharging",Orin unified tracker bidirectional BESS demo
2026-08-11T16:50:10.368741+00:00,1,,0,279,68,49.0,0.049,0.002401,trk,1,Shading,Panel power per LDR count fell to 33.4% of baseline.,warning,,,55.004,-0.62956,0.62956,discharging,5.0879,9.25,locked,119.562,65.201,119.789,65.181,0.228,1,,,,,,,,,,,,CRC/QPSK/OFDM,1,0,157,161,1288,644,14,28,1120,224,56,"p1br,seq=00279,frame_b=00161,bits=01288,qpsk=00644,ofdm=014,pad_q=00028,gap=0,ok=1","ldrtrk,seq=00279,pan=119.56,tilt=065.20,sun_pan=119.79,sun_tilt=065.18,err=00.23,state=locked,bv_mv=2967.9,bi_ma=-212.1,bp_mw=-629.6,bs=discharging",Orin unified tracker bidirectional BESS demo
2026-08-11T16:50:10.938187+00:00,1,,0,280,68,44.0,0.044,0.001936,trk,1,Shading,Panel power per LDR count fell to 27.0% of baseline.,warning,,,55.003,-0.629234,0.629234,discharging,5.0878,9.25,locked,119.562,65.201,119.772,65.203,0.209,1,,,,,,,,,,,,CRC/QPSK/OFDM,1,0,157,161,1288,644,14,28,1120,224,56,"p1br,seq=00280,frame_b=00161,bits=01288,qpsk=00644,ofdm=014,pad_q=00028,gap=0,ok=1","ldrtrk,seq=00280,pan=119.56,tilt=065.20,sun_pan=119.77,sun_tilt=065.20,err=00.21,state=locked,bv_mv=2966.7,bi_ma=-212.1,bp_mw=-629.2,bs=discharging",Orin unified tracker bidirectional BESS demo
2026-08-11T16:50:11.380723+00:00,1,,0,281,68,44.0,0.044,0.001936,trk,1,Shading,Panel power per LDR count fell to 26.9% of baseline.,warning,,,55.002,-0.629234,0.629234,discharging,5.0877,9.25,locked,119.562,65.201,119.848,65.318,0.309,1,,,,,,,,,,,,CRC/QPSK/OFDM,1,0,157,161,1288,644,14,28,1120,224,56,"p1br,seq=00281,frame_b=00161,bits=01288,qpsk=00644,ofdm=014,pad_q=00028,gap=0,ok=1","ldrtrk,seq=00281,pan=119.56,tilt=065.20,sun_pan=119.85,sun_tilt=065.32,err=00.31,state=locked,bv_mv=2966.7,bi_ma=-212.1,bp_mw=-629.2,bs=discharging",Orin unified tracker bidirectional BESS demo
2026-08-11T16:50:11.884999+00:00,1,,0,282,68,44.0,0.044,0.001936,trk,1,Shading,Panel power per LDR count fell to 26.9% of baseline.,warning,,,55.001,-0.629234,0.629234,discharging,5.0876,9.25,locked,119.562,65.201,119.789,65.192,0.227,1,,,,,,,,,,,,CRC/QPSK/OFDM,1,0,157,161,1288,644,14,28,1120,224,56,"p1br,seq=00282,frame_b=00161,bits=01288,qpsk=00644,ofdm=014,pad_q=00028,gap=0,ok=1","ldrtrk,seq=00282,pan=119.56,tilt=065.20,sun_pan=119.79,sun_tilt=065.19,err=00.23,state=locked,bv_mv=2966.7,bi_ma=-212.1,bp_mw=-629.2,bs=discharging",Orin unified tracker bidirectional BESS demo
2026-08-11T16:50:12.395974+00:00,1,,0,283,68,44.0,0.044,0.001936,trk,1,Shading,Panel power per LDR count fell to 27.0% of baseline.,warning,,,55.0,-0.629234,0.629234,discharging,5.0875,9.25,locked,119.562,65.201,119.806,65.137,0.252,1,,,,,,,,,,,,CRC/QPSK/OFDM,1,0,157,161,1288,644,14,28,1120,224,56,"p1br,seq=00283,frame_b=00161,bits=01288,qpsk=00644,ofdm=014,pad_q=00028,gap=0,ok=1","ldrtrk,seq=00283,pan=119.56,tilt=065.20,sun_pan=119.81,sun_tilt=065.14,err=00.25,state=locked,bv_mv=2966.7,bi_ma=-212.1,bp_mw=-629.2,bs=discharging",Orin unified tracker bidirectional BESS demo
2026-08-11T16:50:12.890648+00:00,1,,0,284,68,44.0,0.044,0.001936,trk,1,Shading,Panel power per LDR count fell to 26.9% of baseline.,warning,,,54.999,-0.629115,0.629115,discharging,5.0874,9.25,locked,119.562,65.201,119.824,65.126,0.272,1,,,,,,,,,,,,CRC/QPSK/OFDM,1,0,157,161,1288,644,14,28,1120,224,56,"p1br,seq=00284,frame_b=00161,bits=01288,qpsk=00644,ofdm=014,pad_q=00028,gap=0,ok=1","ldrtrk,seq=00284,pan=119.56,tilt=065.20,sun_pan=119.82,sun_tilt=065.13,err=00.27,state=locked,bv_mv=2967.9,bi_ma=-212.0,bp_mw=-629.1,bs=discharging",Orin unified tracker bidirectional BESS demo
2026-08-11T16:50:13.403183+00:00,1,,0,285,68,44.0,0.044,0.001936,trk,1,Shading,Panel power per LDR count fell to 26.9% of baseline.,warning,,,54.998,-0.628493,0.628493,discharging,5.0873,9.25,locked,119.562,65.201,119.871,65.161,0.311,1,,,,,,,,,,,,CRC/QPSK/OFDM,1,0,157,161,1288,644,14,28,1120,224,56,"p1br,seq=00285,frame_b=00161,bits=01288,qpsk=00644,ofdm=014,pad_q=00028,gap=0,ok=1","ldrtrk,seq=00285,pan=119.56,tilt=065.20,sun_pan=119.87,sun_tilt=065.16,err=00.31,state=locked,bv_mv=2966.7,bi_ma=-211.8,bp_mw=-628.5,bs=discharging",Orin unified tracker bidirectional BESS demo
2026-08-11T16:50:14.003756+00:00,1,,0,286,68,44.0,0.044,0.001936,trk,1,Shading,Panel power per LDR count fell to 26.9% of baseline.,warning,,,54.997,-0.628122,0.628122,discharging,5.0872,9.25,locked,119.562,65.201,119.69,65.234,0.132,1,,,,,,,,,,,,CRC/QPSK/OFDM,1,0,157,161,1288,644,14,28,1120,224,56,"p1br,seq=00286,frame_b=00161,bits=01288,qpsk=00644,ofdm=014,pad_q=00028,gap=0,ok=1","ldrtrk,seq=00286,pan=119.56,tilt=065.20,sun_pan=119.69,sun_tilt=065.23,err=00.13,state=locked,bv_mv=2966.7,bi_ma=-211.7,bp_mw=-628.1,bs=discharging",Orin unified tracker bidirectional BESS demo
2026-08-11T16:50:14.415040+00:00,1,,0,287,68,44.0,0.044,0.001936,trk,1,Shading,Panel power per LDR count fell to 26.9% of baseline.,warning,,,54.996,-0.628373,0.628373,discharging,5.0872,9.25,locked,119.562,65.201,119.609,65.255,0.071,1,,,,,,,,,,,,CRC/QPSK/OFDM,1,0,157,161,1288,644,14,28,1120,224,56,"p1br,seq=00287,frame_b=00161,bits=01288,qpsk=00644,ofdm=014,pad_q=00028,gap=0,ok=1","ldrtrk,seq=00287,pan=119.56,tilt=065.20,sun_pan=119.61,sun_tilt=065.25,err=00.07,state=locked,bv_mv=2967.9,bi_ma=-211.7,bp_mw=-628.4,bs=discharging",Orin unified tracker bidirectional BESS demo
2026-08-11T16:50:15.027155+00:00,1,,0,288,68,44.0,0.044,0.001936,trk,1,Shading,Panel power per LDR count fell to 26.9% of baseline.,warning,,,54.995,-0.627825,0.627825,discharging,5.087,9.25,locked,119.562,65.201,119.626,65.221,0.067,1,,,,,,,,,,,,CRC/QPSK/OFDM,1,0,157,161,1288,644,14,28,1120,224,56,"p1br,seq=00288,frame_b=00161,bits=01288,qpsk=00644,ofdm=014,pad_q=00028,gap=0,ok=1","ldrtrk,seq=00288,pan=119.56,tilt=065.20,sun_pan=119.63,sun_tilt=065.22,err=00.07,state=locked,bv_mv=2966.7,bi_ma=-211.6,bp_mw=-627.8,bs=discharging",Orin unified tracker bidirectional BESS demo
2026-08-11T16:50:15.413895+00:00,1,,0,289,68,49.0,0.049,0.002401,trk,1,Shading,Panel power per LDR count fell to 33.4% of baseline.,warning,,,54.994,-0.626815,0.626815,discharging,5.087,9.25,locked,119.562,65.201,119.261,65.196,0.301,1,,,,,,,,,,,,CRC/QPSK/OFDM,1,0,157,161,1288,644,14,28,1120,224,56,"p1br,seq=00289,frame_b=00161,bits=01288,qpsk=00644,ofdm=014,pad_q=00028,gap=0,ok=1","ldrtrk,seq=00289,pan=119.56,tilt=065.20,sun_pan=119.26,sun_tilt=065.20,err=00.30,state=locked,bv_mv=2967.9,bi_ma=-211.2,bp_mw=-626.8,bs=discharging",Orin unified tracker bidirectional BESS demo
2026-08-11T16:50:15.925110+00:00,1,,0,290,68,49.0,0.049,0.002401,trk,1,Shading,Panel power per LDR count fell to 33.4% of baseline.,warning,,,54.993,-0.627722,0.627722,discharging,5.0869,9.25,locked,119.562,65.201,119.47,65.17,0.097,1,,,,,,,,,,,,CRC/QPSK/OFDM,1,0,157,161,1288,644,14,28,1120,224,56,"p1br,seq=00290,frame_b=00161,bits=01288,qpsk=00644,ofdm=014,pad_q=00028,gap=0,ok=1","ldrtrk,seq=00290,pan=119.56,tilt=065.20,sun_pan=119.47,sun_tilt=065.17,err=00.10,state=locked,bv_mv=2965.5,bi_ma=-211.7,bp_mw=-627.7,bs=discharging",Orin unified tracker bidirectional BESS demo
2026-08-11T16:50:16.439709+00:00,1,,0,291,68,44.0,0.044,0.001936,trk,1,Shading,Panel power per LDR count fell to 26.9% of baseline.,warning,,,54.992,-0.626843,0.626843,discharging,5.0868,9.25,locked,119.562,65.201,119.262,65.207,0.301,1,,,,,,,,,,,,CRC/QPSK/OFDM,1,0,157,161,1288,644,14,28,1120,224,56,"p1br,seq=00291,frame_b=00161,bits=01288,qpsk=00644,ofdm=014,pad_q=00028,gap=0,ok=1","ldrtrk,seq=00291,pan=119.56,tilt=065.20,sun_pan=119.26,sun_tilt=065.21,err=00.30,state=locked,bv_mv=2969.1,bi_ma=-211.1,bp_mw=-626.8,bs=discharging",Orin unified tracker bidirectional BESS demo
2026-08-11T16:50:16.932001+00:00,1,,0,292,68,44.0,0.044,0.001936,trk,1,Shading,Panel power per LDR count fell to 26.9% of baseline.,warning,,,54.991,-0.628105,0.628105,discharging,5.0867,9.25,locked,119.562,65.201,119.361,65.154,0.207,1,,,,,,,,,,,,CRC/QPSK/OFDM,1,0,157,161,1288,644,14,28,1120,224,56,"p1br,seq=00292,frame_b=00161,bits=01288,qpsk=00644,ofdm=014,pad_q=00028,gap=0,ok=1","ldrtrk,seq=00292,pan=119.56,tilt=065.20,sun_pan=119.36,sun_tilt=065.15,err=00.21,state=locked,bv_mv=2969.1,bi_ma=-211.6,bp_mw=-628.1,bs=discharging",Orin unified tracker bidirectional BESS demo
2026-08-11T16:50:17.441718+00:00,1,,0,293,68,40.0,0.04,0.0016,trk,1,Shading,Panel power per LDR count fell to 22.3% of baseline.,warning,,,54.99,-0.63002,0.63002,discharging,5.0866,9.25,locked,119.562,65.201,119.324,65.166,0.24,1,,,,,,,,,,,,CRC/QPSK/OFDM,1,0,157,161,1288,644,14,28,1120,224,56,"p1br,seq=00293,frame_b=00161,bits=01288,qpsk=00644,ofdm=014,pad_q=00028,gap=0,ok=1","ldrtrk,seq=00293,pan=119.56,tilt=065.20,sun_pan=119.32,sun_tilt=065.17,err=00.24,state=locked,bv_mv=2965.5,bi_ma=-212.4,bp_mw=-630.0,bs=discharging",Orin unified tracker bidirectional BESS demo
2026-08-11T16:50:17.952633+00:00,1,,0,294,68,44.0,0.044,0.001936,trk,1,Shading,Panel power per LDR count fell to 26.9% of baseline.,warning,,,54.989,-0.635459,0.635459,discharging,5.0865,9.25,locked,119.562,65.201,119.516,65.206,0.046,1,,,,,,,,,,,,CRC/QPSK/OFDM,1,0,157,161,1288,644,14,28,1120,224,56,"p1br,seq=00294,frame_b=00161,bits=01288,qpsk=00644,ofdm=014,pad_q=00028,gap=0,ok=1","ldrtrk,seq=00294,pan=119.56,tilt=065.20,sun_pan=119.52,sun_tilt=065.21,err=00.05,state=locked,bv_mv=2958.4,bi_ma=-214.8,bp_mw=-635.5,bs=discharging",Orin unified tracker bidirectional BESS demo
2026-08-11T16:50:18.447749+00:00,1,,0,295,68,44.0,0.044,0.001936,trk,1,Shading,Panel power per LDR count fell to 27.0% of baseline.,warning,,,54.988,-0.635829,0.635829,discharging,5.0864,9.25,locked,119.562,65.201,119.551,65.118,0.084,1,,,,,,,,,,,,CRC/QPSK/OFDM,1,0,157,161,1288,644,14,28,1120,224,56,"p1br,seq=00295,frame_b=00161,bits=01288,qpsk=00644,ofdm=014,pad_q=00028,gap=0,ok=1","ldrtrk,seq=00295,pan=119.56,tilt=065.20,sun_pan=119.55,sun_tilt=065.12,err=00.08,state=locked,bv_mv=2958.4,bi_ma=-214.9,bp_mw=-635.8,bs=discharging",Orin unified tracker bidirectional BESS demo
2026-08-11T16:50:18.959338+00:00,1,,0,296,68,44.0,0.044,0.001936,trk,1,Shading,Panel power per LDR count fell to 26.9% of baseline.,warning,,,54.987,-0.634793,0.634793,discharging,5.0863,9.25,locked,119.562,65.201,119.46,65.08,0.159,1,,,,,,,,,,,,CRC/QPSK/OFDM,1,0,157,161,1288,644,14,28,1120,224,56,"p1br,seq=00296,frame_b=00161,bits=01288,qpsk=00644,ofdm=014,pad_q=00028,gap=0,ok=1","ldrtrk,seq=00296,pan=119.56,tilt=065.20,sun_pan=119.46,sun_tilt=065.08,err=00.16,state=locked,bv_mv=2958.4,bi_ma=-214.6,bp_mw=-634.8,bs=discharging",Orin unified tracker bidirectional BESS demo
2026-08-11T16:50:19.453099+00:00,1,,0,297,68,40.0,0.04,0.0016,trk,1,Shading,Panel power per LDR count fell to 22.3% of baseline.,warning,,,54.986,-0.636084,0.636084,discharging,5.0862,9.25,locked,119.562,65.201,119.332,65.053,0.273,1,,,,,,,,,,,,CRC/QPSK/OFDM,1,0,157,161,1288,644,14,28,1120,224,56,"p1br,seq=00297,frame_b=00161,bits=01288,qpsk=00644,ofdm=014,pad_q=00028,gap=0,ok=1","ldrtrk,seq=00297,pan=119.56,tilt=065.20,sun_pan=119.33,sun_tilt=065.05,err=00.27,state=locked,bv_mv=2959.6,bi_ma=-214.9,bp_mw=-636.1,bs=discharging",Orin unified tracker bidirectional BESS demo
2026-08-11T16:50:19.964766+00:00,1,,0,298,68,44.0,0.044,0.001936,trk,1,Shading,Panel power per LDR count fell to 26.9% of baseline.,warning,,,54.985,-0.637638,0.637638,discharging,5.0861,9.25,locked,119.562,65.201,119.452,65.193,0.11,1,,,,,,,,,,,,CRC/QPSK/OFDM,1,0,157,161,1288,644,14,28,1120,224,56,"p1br,seq=00298,frame_b=00161,bits=01288,qpsk=00644,ofdm=014,pad_q=00028,gap=0,ok=1","ldrtrk,seq=00298,pan=119.56,tilt=065.20,sun_pan=119.45,sun_tilt=065.19,err=00.11,state=locked,bv_mv=2959.6,bi_ma=-215.4,bp_mw=-637.6,bs=discharging",Orin unified tracker bidirectional BESS demo
2026-08-11T16:50:20.475421+00:00,1,,0,299,68,44.0,0.044,0.001936,trk,1,Shading,Panel power per LDR count fell to 27.0% of baseline.,warning,,,54.984,-0.63605,0.63605,discharging,5.086,9.25,locked,119.562,65.201,119.544,65.22,0.027,1,,,,,,,,,,,,CRC/QPSK/OFDM,1,0,157,161,1288,644,14,28,1120,224,56,"p1br,seq=00299,frame_b=00161,bits=01288,qpsk=00644,ofdm=014,pad_q=00028,gap=0,ok=1","ldrtrk,seq=00299,pan=119.56,tilt=065.20,sun_pan=119.54,sun_tilt=065.22,err=00.03,state=locked,bv_mv=2958.4,bi_ma=-215.0,bp_mw=-636.0,bs=discharging",Orin unified tracker bidirectional BESS demo
2026-08-11T16:50:20.970487+00:00,1,,0,300,68,44.0,0.044,0.001936,trk,1,Shading,Panel power per LDR count fell to 26.9% of baseline.,warning,,,54.983,-0.637382,0.637382,discharging,5.0859,9.25,locked,119.562,65.201,119.615,65.142,0.079,1,,,,,,,,,,,,CRC/QPSK/OFDM,1,0,157,161,1288,644,14,28,1120,224,56,"p1br,seq=00300,frame_b=00161,bits=01288,qpsk=00644,ofdm=014,pad_q=00028,gap=0,ok=1","ldrtrk,seq=00300,pan=119.56,tilt=065.20,sun_pan=119.62,sun_tilt=065.14,err=00.08,state=locked,bv_mv=2958.4,bi_ma=-215.4,bp_mw=-637.4,bs=discharging",Orin unified tracker bidirectional BESS demo
2026-08-11T16:50:21.483070+00:00,1,,0,301,68,44.0,0.044,0.001936,trk,1,Shading,Panel power per LDR count fell to 26.9% of baseline.,warning,,,54.982,-0.637274,0.637274,discharging,5.0858,9.25,locked,119.562,65.201,119.58,65.197,0.018,1,,,,,,,,,,,,CRC/QPSK/OFDM,1,0,157,161,1288,644,14,28,1120,224,56,"p1br,seq=00301,frame_b=00161,bits=01288,qpsk=00644,ofdm=014,pad_q=00028,gap=0,ok=1","ldrtrk,seq=00301,pan=119.56,tilt=065.20,sun_pan=119.58,sun_tilt=065.20,err=00.02,state=locked,bv_mv=2957.2,bi_ma=-215.5,bp_mw=-637.3,bs=discharging",Orin unified tracker bidirectional BESS demo
2026-08-11T16:50:21.976521+00:00,1,,0,302,68,44.0,0.044,0.001936,trk,1,Shading,Panel power per LDR count fell to 27.0% of baseline.,warning,,,54.981,-0.635614,0.635614,discharging,5.0858,9.25,locked,119.562,65.201,119.551,65.118,0.084,1,,,,,,,,,,,,CRC/QPSK/OFDM,1,0,157,161,1288,644,14,28,1120,224,56,"p1br,seq=00302,frame_b=00161,bits=01288,qpsk=00644,ofdm=014,pad_q=00028,gap=0,ok=1","ldrtrk,seq=00302,pan=119.56,tilt=065.20,sun_pan=119.55,sun_tilt=065.12,err=00.08,state=locked,bv_mv=2956.0,bi_ma=-215.0,bp_mw=-635.6,bs=discharging",Orin unified tracker bidirectional BESS demo
2026-08-11T16:50:22.487702+00:00,1,,0,303,68,44.0,0.044,0.001936,trk,1,Shading,Panel power per LDR count fell to 27.0% of baseline.,warning,,,54.98,-0.636124,0.636124,discharging,5.0857,9.25,locked,119.562,65.201,119.644,65.188,0.082,1,,,,,,,,,,,,CRC/QPSK/OFDM,1,0,157,161,1288,644,14,28,1120,224,56,"p1br,seq=00303,frame_b=00161,bits=01288,qpsk=00644,ofdm=014,pad_q=00028,gap=0,ok=1","ldrtrk,seq=00303,pan=119.56,tilt=065.20,sun_pan=119.64,sun_tilt=065.19,err=00.08,state=locked,bv_mv=2958.4,bi_ma=-215.0,bp_mw=-636.1,bs=discharging",Orin unified tracker bidirectional BESS demo
2026-08-11T16:50:22.997898+00:00,1,,0,304,68,44.0,0.044,0.001936,trk,1,Shading,Panel power per LDR count fell to 27.0% of baseline.,warning,,,54.979,-0.636796,0.636796,discharging,5.0856,9.25,locked,119.562,65.201,119.551,65.118,0.084,1,,,,,,,,,,,,CRC/QPSK/OFDM,1,0,157,161,1288,644,14,28,1120,224,56,"p1br,seq=00304,frame_b=00161,bits=01288,qpsk=00644,ofdm=014,pad_q=00028,gap=0,ok=1","ldrtrk,seq=00304,pan=119.56,tilt=065.20,sun_pan=119.55,sun_tilt=065.12,err=00.08,state=locked,bv_mv=2956.0,bi_ma=-215.4,bp_mw=-636.8,bs=discharging",Orin unified tracker bidirectional BESS demo
2026-08-11T16:50:23.494071+00:00,1,,0,305,68,40.0,0.04,0.0016,trk,1,Shading,Panel power per LDR count fell to 22.3% of baseline.,warning,,,54.978,-0.63683,0.63683,discharging,5.0855,9.25,locked,119.562,65.201,119.516,65.184,0.049,1,,,,,,,,,,,,CRC/QPSK/OFDM,1,0,157,161,1288,644,14,28,1120,224,56,"p1br,seq=00305,frame_b=00161,bits=01288,qpsk=00644,ofdm=014,pad_q=00028,gap=0,ok=1","ldrtrk,seq=00305,pan=119.56,tilt=065.20,sun_pan=119.52,sun_tilt=065.18,err=00.05,state=locked,bv_mv=2957.2,bi_ma=-215.3,bp_mw=-636.8,bs=discharging",Orin unified tracker bidirectional BESS demo
2026-08-11T16:50:24.004855+00:00,1,,0,306,68,49.0,0.049,0.002401,trk,1,Shading,Panel power per LDR count fell to 33.4% of baseline.,warning,,,54.977,-0.635721,0.635721,discharging,5.0854,9.25,locked,119.562,65.201,119.573,65.31,0.11,1,,,,,,,,,,,,CRC/QPSK/OFDM,1,0,157,161,1288,644,14,28,1120,224,56,"p1br,seq=00306,frame_b=00161,bits=01288,qpsk=00644,ofdm=014,pad_q=00028,gap=0,ok=1","ldrtrk,seq=00306,pan=119.56,tilt=065.20,sun_pan=119.57,sun_tilt=065.31,err=00.11,state=locked,bv_mv=2957.2,bi_ma=-215.0,bp_mw=-635.7,bs=discharging",Orin unified tracker bidirectional BESS demo
2026-08-11T16:50:24.514979+00:00,1,,0,307,68,40.0,0.04,0.0016,trk,1,Shading,Panel power per LDR count fell to 22.3% of baseline.,warning,,,54.976,-0.637308,0.637308,discharging,5.0853,9.25,locked,119.562,65.201,119.76,65.102,0.221,1,,,,,,,,,,,,CRC/QPSK/OFDM,1,0,157,161,1288,644,14,28,1120,224,56,"p1br,seq=00307,frame_b=00161,bits=01288,qpsk=00644,ofdm=014,pad_q=00028,gap=0,ok=1","ldrtrk,seq=00307,pan=119.56,tilt=065.20,sun_pan=119.76,sun_tilt=065.10,err=00.22,state=locked,bv_mv=2958.4,bi_ma=-215.4,bp_mw=-637.3,bs=discharging",Orin unified tracker bidirectional BESS demo
2026-08-11T16:50:25.010808+00:00,1,,0,308,68,44.0,0.044,0.001936,trk,1,Shading,Panel power per LDR count fell to 27.0% of baseline.,warning,,,54.975,-0.636796,0.636796,discharging,5.0852,9.25,locked,119.562,65.201,119.533,65.129,0.077,1,,,,,,,,,,,,CRC/QPSK/OFDM,1,0,157,161,1288,644,14,28,1120,224,56,"p1br,seq=00308,frame_b=00161,bits=01288,qpsk=00644,ofdm=014,pad_q=00028,gap=0,ok=1","ldrtrk,seq=00308,pan=119.56,tilt=065.20,sun_pan=119.53,sun_tilt=065.13,err=00.08,state=locked,bv_mv=2956.0,bi_ma=-215.4,bp_mw=-636.8,bs=discharging",Orin unified tracker bidirectional BESS demo
2026-08-11T16:50:25.521189+00:00,1,,0,309,68,44.0,0.044,0.001936,trk,1,Shading,Panel power per LDR count fell to 27.0% of baseline.,warning,,,54.974,-0.636978,0.636978,discharging,5.0851,9.25,locked,119.562,65.201,119.615,65.12,0.096,1,,,,,,,,,,,,CRC/QPSK/OFDM,1,0,157,161,1288,644,14,28,1120,224,56,"p1br,seq=00309,frame_b=00161,bits=01288,qpsk=00644,ofdm=014,pad_q=00028,gap=0,ok=1","ldrtrk,seq=00309,pan=119.56,tilt=065.20,sun_pan=119.61,sun_tilt=065.12,err=00.10,state=locked,bv_mv=2957.2,bi_ma=-215.4,bp_mw=-637.0,bs=discharging",Orin unified tracker bidirectional BESS demo
2026-08-11T16:50:26.016619+00:00,1,,0,310,68,44.0,0.044,0.001936,trk,1,Shading,Panel power per LDR count fell to 27.0% of baseline.,warning,,,54.973,-0.636978,0.636978,discharging,5.085,9.25,locked,119.562,65.201,119.626,65.211,0.064,1,,,,,,,,,,,,CRC/QPSK/OFDM,1,0,157,161,1288,644,14,28,1120,224,56,"p1br,seq=00310,frame_b=00161,bits=01288,qpsk=00644,ofdm=014,pad_q=00028,gap=0,ok=1","ldrtrk,seq=00310,pan=119.56,tilt=065.20,sun_pan=119.63,sun_tilt=065.21,err=00.06,state=locked,bv_mv=2957.2,bi_ma=-215.4,bp_mw=-637.0,bs=discharging",Orin unified tracker bidirectional BESS demo
2026-08-11T16:50:26.527707+00:00,1,,0,311,68,40.0,0.04,0.0016,trk,1,Shading,Panel power per LDR count fell to 22.3% of baseline.,warning,,,54.972,-0.636978,0.636978,discharging,5.0849,9.25,locked,119.562,65.201,119.597,65.142,0.068,1,,,,,,,,,,,,CRC/QPSK/OFDM,1,0,157,161,1288,644,14,28,1120,224,56,"p1br,seq=00311,frame_b=00161,bits=01288,qpsk=00644,ofdm=014,pad_q=00028,gap=0,ok=1","ldrtrk,seq=00311,pan=119.56,tilt=065.20,sun_pan=119.60,sun_tilt=065.14,err=00.07,state=locked,bv_mv=2957.2,bi_ma=-215.4,bp_mw=-637.0,bs=discharging",Orin unified tracker bidirectional BESS demo
2026-08-11T16:50:27.036713+00:00,1,,0,312,68,44.0,0.044,0.001936,trk,1,Shading,Panel power per LDR count fell to 27.0% of baseline.,warning,,,54.971,-0.636756,0.636756,discharging,5.0848,9.25,locked,119.562,65.201,119.515,65.151,0.068,1,,,,,,,,,,,,CRC/QPSK/OFDM,1,0,157,161,1288,644,14,28,1120,224,56,"p1br,seq=00312,frame_b=00161,bits=01288,qpsk=00644,ofdm=014,pad_q=00028,gap=0,ok=1","ldrtrk,seq=00312,pan=119.56,tilt=065.20,sun_pan=119.52,sun_tilt=065.15,err=00.07,state=locked,bv_mv=2957.2,bi_ma=-215.3,bp_mw=-636.8,bs=discharging",Orin unified tracker bidirectional BESS demo
2026-08-11T16:50:27.532933+00:00,1,,0,313,68,44.0,0.044,0.001936,trk,1,Shading,Panel power per LDR count fell to 27.0% of baseline.,warning,,,54.97,-0.636682,0.636682,discharging,5.0847,9.25,locked,119.562,65.201,119.515,65.151,0.068,1,,,,,,,,,,,,CRC/QPSK/OFDM,1,0,157,161,1288,644,14,28,1120,224,56,"p1br,seq=00313,frame_b=00161,bits=01288,qpsk=00644,ofdm=014,pad_q=00028,gap=0,ok=1","ldrtrk,seq=00313,pan=119.56,tilt=065.20,sun_pan=119.52,sun_tilt=065.15,err=00.07,state=locked,bv_mv=2957.2,bi_ma=-215.3,bp_mw=-636.7,bs=discharging",Orin unified tracker bidirectional BESS demo
2026-08-11T16:50:28.043921+00:00,1,,0,314,68,44.0,0.044,0.001936,trk,1,Shading,Panel power per LDR count fell to 27.0% of baseline.,warning,,,54.969,-0.635499,0.635499,discharging,5.0846,9.25,locked,119.562,65.201,119.561,65.176,0.025,1,,,,,,,,,,,,CRC/QPSK/OFDM,1,0,157,161,1288,644,14,28,1120,224,56,"p1br,seq=00314,frame_b=00161,bits=01288,qpsk=00644,ofdm=014,pad_q=00028,gap=0,ok=1","ldrtrk,seq=00314,pan=119.56,tilt=065.20,sun_pan=119.56,sun_tilt=065.18,err=00.02,state=locked,bv_mv=2957.2,bi_ma=-214.9,bp_mw=-635.5,bs=discharging",Orin unified tracker bidirectional BESS demo
2026-08-11T16:50:28.554686+00:00,1,,0,315,68,44.0,0.044,0.001936,trk,1,Shading,Panel power per LDR count fell to 27.0% of baseline.,warning,,,54.968,-0.636756,0.636756,discharging,5.0845,9.25,locked,119.562,65.201,119.643,65.177,0.084,1,,,,,,,,,,,,CRC/QPSK/OFDM,1,0,157,161,1288,644,14,28,1120,224,56,"p1br,seq=00315,frame_b=00161,bits=01288,qpsk=00644,ofdm=014,pad_q=00028,gap=0,ok=1","ldrtrk,seq=00315,pan=119.56,tilt=065.20,sun_pan=119.64,sun_tilt=065.18,err=00.08,state=locked,bv_mv=2957.2,bi_ma=-215.3,bp_mw=-636.8,bs=discharging",Orin unified tracker bidirectional BESS demo
2026-08-11T16:50:29.050286+00:00,1,,0,316,68,44.0,0.044,0.001936,trk,1,Shading,Panel power per LDR count fell to 27.0% of baseline.,warning,,,54.967,-0.636864,0.636864,discharging,5.0844,9.25,locked,119.562,65.201,119.579,65.164,0.04,1,,,,,,,,,,,,CRC/QPSK/OFDM,1,0,157,161,1288,644,14,28,1120,224,56,"p1br,seq=00316,frame_b=00161,bits=01288,qpsk=00644,ofdm=014,pad_q=00028,gap=0,ok=1","ldrtrk,seq=00316,pan=119.56,tilt=065.20,sun_pan=119.58,sun_tilt=065.16,err=00.04,state=locked,bv_mv=2958.4,bi_ma=-215.3,bp_mw=-636.9,bs=discharging",Orin unified tracker bidirectional BESS demo
2026-08-11T16:50:29.560953+00:00,1,,0,317,68,49.0,0.049,0.002401,trk,1,Shading,Panel power per LDR count fell to 33.5% of baseline.,warning,,,54.966,-0.636279,0.636279,discharging,5.0843,9.25,locked,119.562,65.201,119.66,65.133,0.119,1,,,,,,,,,,,,CRC/QPSK/OFDM,1,0,157,161,1288,644,14,28,1120,224,56,"p1br,seq=00317,frame_b=00161,bits=01288,qpsk=00644,ofdm=014,pad_q=00028,gap=0,ok=1","ldrtrk,seq=00317,pan=119.56,tilt=065.20,sun_pan=119.66,sun_tilt=065.13,err=00.12,state=locked,bv_mv=2956.0,bi_ma=-215.2,bp_mw=-636.3,bs=discharging",Orin unified tracker bidirectional BESS demo
2026-08-11T16:50:30.055059+00:00,1,,0,318,68,44.0,0.044,0.001936,trk,1,Shading,Panel power per LDR count fell to 27.0% of baseline.,warning,,,54.965,-0.636534,0.636534,discharging,5.0843,9.25,locked,119.562,65.201,119.561,65.187,0.014,1,,,,,,,,,,,,CRC/QPSK/OFDM,1,0,157,161,1288,644,14,28,1120,224,56,"p1br,seq=00318,frame_b=00161,bits=01288,qpsk=00644,ofdm=014,pad_q=00028,gap=0,ok=1","ldrtrk,seq=00318,pan=119.56,tilt=065.20,sun_pan=119.56,sun_tilt=065.19,err=00.01,state=locked,bv_mv=2957.2,bi_ma=-215.2,bp_mw=-636.5,bs=discharging",Orin unified tracker bidirectional BESS demo
2026-08-11T16:50:30.567846+00:00,1,,0,319,68,40.0,0.04,0.0016,trk,1,Shading,Panel power per LDR count fell to 22.3% of baseline.,warning,,,54.964,-0.63646,0.63646,discharging,5.0842,9.25,locked,119.562,65.201,119.597,65.131,0.077,1,,,,,,,,,,,,CRC/QPSK/OFDM,1,0,157,161,1288,644,14,28,1120,224,56,"p1br,seq=00319,frame_b=00161,bits=01288,qpsk=00644,ofdm=014,pad_q=00028,gap=0,ok=1","ldrtrk,seq=00319,pan=119.56,tilt=065.20,sun_pan=119.60,sun_tilt=065.13,err=00.08,state=locked,bv_mv=2957.2,bi_ma=-215.2,bp_mw=-636.5,bs=discharging",Orin unified tracker bidirectional BESS demo
2026-08-11T16:50:31.077811+00:00,1,,0,320,68,44.0,0.044,0.001936,trk,1,Shading,Panel power per LDR count fell to 27.0% of baseline.,warning,,,54.963,-0.636608,0.636608,discharging,5.0841,9.25,locked,119.562,65.201,119.643,65.156,0.092,1,,,,,,,,,,,,CRC/QPSK/OFDM,1,0,157,161,1288,644,14,28,1120,224,56,"p1br,seq=00320,frame_b=00161,bits=01288,qpsk=00644,ofdm=014,pad_q=00028,gap=0,ok=1","ldrtrk,seq=00320,pan=119.56,tilt=065.20,sun_pan=119.64,sun_tilt=065.16,err=00.09,state=locked,bv_mv=2957.2,bi_ma=-215.3,bp_mw=-636.6,bs=discharging",Orin unified tracker bidirectional BESS demo
2026-08-11T16:50:31.571588+00:00,1,,0,321,68,44.0,0.044,0.001936,trk,1,Shading,Panel power per LDR count fell to 27.0% of baseline.,warning,,,54.962,-0.636023,0.636023,discharging,5.084,9.25,locked,119.562,65.201,119.653,65.225,0.094,1,,,,,,,,,,,,CRC/QPSK/OFDM,1,0,157,161,1288,644,14,28,1120,224,56,"p1br,seq=00321,frame_b=00161,bits=01288,qpsk=00644,ofdm=014,pad_q=00028,gap=0,ok=1","ldrtrk,seq=00321,pan=119.56,tilt=065.20,sun_pan=119.65,sun_tilt=065.22,err=00.09,state=locked,bv_mv=2954.8,bi_ma=-215.2,bp_mw=-636.0,bs=discharging",Orin unified tracker bidirectional BESS demo
2026-08-11T16:50:32.084298+00:00,1,,0,322,68,40.0,0.04,0.0016,trk,1,Shading,Panel power per LDR count fell to 22.3% of baseline.,warning,,,54.961,-0.635607,0.635607,discharging,5.0839,9.25,locked,119.562,65.201,119.671,65.213,0.11,1,,,,,,,,,,,,CRC/QPSK/OFDM,1,0,157,161,1288,644,14,28,1120,224,56,"p1br,seq=00322,frame_b=00161,bits=01288,qpsk=00644,ofdm=014,pad_q=00028,gap=0,ok=1","ldrtrk,seq=00322,pan=119.56,tilt=065.20,sun_pan=119.67,sun_tilt=065.21,err=00.11,state=locked,bv_mv=2958.4,bi_ma=-214.8,bp_mw=-635.6,bs=discharging",Orin unified tracker bidirectional BESS demo
2026-08-11T16:50:32.578723+00:00,1,,0,323,68,44.0,0.044,0.001936,trk,1,Shading,Panel power per LDR count fell to 27.0% of baseline.,warning,,,54.96,-0.635755,0.635755,discharging,5.0838,9.25,locked,119.562,65.201,119.916,65.142,0.358,1,,,,,,,,,,,,CRC/QPSK/OFDM,1,0,157,161,1288,644,14,28,1120,224,56,"p1br,seq=00323,frame_b=00161,bits=01288,qpsk=00644,ofdm=014,pad_q=00028,gap=0,ok=1","ldrtrk,seq=00323,pan=119.56,tilt=065.20,sun_pan=119.92,sun_tilt=065.14,err=00.36,state=locked,bv_mv=2958.4,bi_ma=-214.9,bp_mw=-635.8,bs=discharging",Orin unified tracker bidirectional BESS demo
2026-08-11T16:50:33.090594+00:00,1,,0,324,68,44.0,0.044,0.001936,trk,1,Shading,Panel power per LDR count fell to 27.0% of baseline.,warning,,,54.959,-0.635829,0.635829,discharging,5.0837,9.25,locked,119.562,65.201,119.596,65.109,0.097,1,,,,,,,,,,,,CRC/QPSK/OFDM,1,0,157,161,1288,644,14,28,1120,224,56,"p1br,seq=00324,frame_b=00161,bits=01288,qpsk=00644,ofdm=014,pad_q=00028,gap=0,ok=1","ldrtrk,seq=00324,pan=119.56,tilt=065.20,sun_pan=119.60,sun_tilt=065.11,err=00.10,state=locked,bv_mv=2958.4,bi_ma=-214.9,bp_mw=-635.8,bs=discharging",Orin unified tracker bidirectional BESS demo
2026-08-11T16:50:33.600501+00:00,1,,0,325,68,44.0,0.044,0.001936,trk,1,Shading,Panel power per LDR count fell to 27.0% of baseline.,warning,,,54.958,-0.636165,0.636165,discharging,5.0836,9.25,locked,119.562,65.201,119.596,65.12,0.087,1,,,,,,,,,,,,CRC/QPSK/OFDM,1,0,157,161,1288,644,14,28,1120,224,56,"p1br,seq=00325,frame_b=00161,bits=01288,qpsk=00644,ofdm=014,pad_q=00028,gap=0,ok=1","ldrtrk,seq=00325,pan=119.56,tilt=065.20,sun_pan=119.60,sun_tilt=065.12,err=00.09,state=locked,bv_mv=2957.2,bi_ma=-215.1,bp_mw=-636.2,bs=discharging",Orin unified tracker bidirectional BESS demo
2026-08-11T16:50:34.095942+00:00,1,,0,326,68,44.0,0.044,0.001936,trk,1,Shading,Panel power per LDR count fell to 27.0% of baseline.,warning,,,54.957,-0.635607,0.635607,discharging,5.0835,9.25,locked,119.562,65.201,119.724,65.135,0.174,1,,,,,,,,,,,,CRC/QPSK/OFDM,1,0,157,161,1288,644,14,28,1120,224,56,"p1br,seq=00326,frame_b=00161,bits=01288,qpsk=00644,ofdm=014,pad_q=00028,gap=0,ok=1","ldrtrk,seq=00326,pan=119.56,tilt=065.20,sun_pan=119.72,sun_tilt=065.14,err=00.17,state=locked,bv_mv=2958.4,bi_ma=-214.8,bp_mw=-635.6,bs=discharging",Orin unified tracker bidirectional BESS demo
2026-08-11T16:50:34.606956+00:00,1,,0,327,68,44.0,0.044,0.001936,trk,1,Shading,Panel power per LDR count fell to 27.0% of baseline.,warning,,,54.956,-0.635607,0.635607,discharging,5.0834,9.25,locked,119.562,65.201,119.788,65.127,0.237,1,,,,,,,,,,,,CRC/QPSK/OFDM,1,0,157,161,1288,644,14,28,1120,224,56,"p1br,seq=00327,frame_b=00161,bits=01288,qpsk=00644,ofdm=014,pad_q=00028,gap=0,ok=1","ldrtrk,seq=00327,pan=119.56,tilt=065.20,sun_pan=119.79,sun_tilt=065.13,err=00.24,state=locked,bv_mv=2958.4,bi_ma=-214.8,bp_mw=-635.6,bs=discharging",Orin unified tracker bidirectional BESS demo
2026-08-11T16:50:35.117548+00:00,1,,0,328,68,44.0,0.044,0.001936,trk,1,Shading,Panel power per LDR count fell to 27.0% of baseline.,warning,,,54.955,-0.635902,0.635902,discharging,5.0833,9.25,locked,119.562,65.201,119.515,65.129,0.086,1,,,,,,,,,,,,CRC/QPSK/OFDM,1,0,157,161,1288,644,14,28,1120,224,56,"p1br,seq=00328,frame_b=00161,bits=01288,qpsk=00644,ofdm=014,pad_q=00028,gap=0,ok=1","ldrtrk,seq=00328,pan=119.56,tilt=065.20,sun_pan=119.51,sun_tilt=065.13,err=00.09,state=locked,bv_mv=2958.4,bi_ma=-214.9,bp_mw=-635.9,bs=discharging",Orin unified tracker bidirectional BESS demo
2026-08-11T16:50:35.612808+00:00,1,,0,329,68,44.0,0.044,0.001936,trk,1,Shading,Panel power per LDR count fell to 27.0% of baseline.,warning,,,54.954,-0.635755,0.635755,discharging,5.0832,9.25,locked,119.562,65.201,119.542,65.165,0.041,1,,,,,,,,,,,,CRC/QPSK/OFDM,1,0,157,161,1288,644,14,28,1120,224,56,"p1br,seq=00329,frame_b=00161,bits=01288,qpsk=00644,ofdm=014,pad_q=00028,gap=0,ok=1","ldrtrk,seq=00329,pan=119.56,tilt=065.20,sun_pan=119.54,sun_tilt=065.17,err=00.04,state=locked,bv_mv=2958.4,bi_ma=-214.9,bp_mw=-635.8,bs=discharging",Orin unified tracker bidirectional BESS demo
2026-08-11T16:50:36.125360+00:00,1,,0,330,68,40.0,0.04,0.0016,trk,1,Shading,Panel power per LDR count fell to 22.3% of baseline.,warning,,,54.953,-0.635385,0.635385,discharging,5.0831,9.25,locked,119.562,65.201,119.532,65.096,0.109,1,,,,,,,,,,,,CRC/QPSK/OFDM,1,0,157,161,1288,644,14,28,1120,224,56,"p1br,seq=00330,frame_b=00161,bits=01288,qpsk=00644,ofdm=014,pad_q=00028,gap=0,ok=1","ldrtrk,seq=00330,pan=119.56,tilt=065.20,sun_pan=119.53,sun_tilt=065.10,err=00.11,state=locked,bv_mv=2958.4,bi_ma=-214.8,bp_mw=-635.4,bs=discharging",Orin unified tracker bidirectional BESS demo
2026-08-11T16:50:36.617431+00:00,1,,0,331,68,44.0,0.044,0.001936,trk,1,Shading,Panel power per LDR count fell to 27.0% of baseline.,warning,,,54.952,-0.635788,0.635788,discharging,5.083,9.25,locked,119.562,65.201,119.543,65.187,0.024,1,,,,,,,,,,,,CRC/QPSK/OFDM,1,0,157,161,1288,644,14,28,1120,224,56,"p1br,seq=00331,frame_b=00161,bits=01288,qpsk=00644,ofdm=014,pad_q=00028,gap=0,ok=1","ldrtrk,seq=00331,pan=119.56,tilt=065.20,sun_pan=119.54,sun_tilt=065.19,err=00.02,state=locked,bv_mv=2959.6,bi_ma=-214.8,bp_mw=-635.8,bs=discharging",Orin unified tracker bidirectional BESS demo
2026-08-11T16:50:37.130107+00:00,1,,0,332,68,44.0,0.044,0.001936,trk,1,Shading,Panel power per LDR count fell to 27.0% of baseline.,warning,,,54.951,-0.635459,0.635459,discharging,5.0829,9.25,locked,119.562,65.201,119.631,65.054,0.162,1,,,,,,,,,,,,CRC/QPSK/OFDM,1,0,157,161,1288,644,14,28,1120,224,56,"p1br,seq=00332,frame_b=00161,bits=01288,qpsk=00644,ofdm=014,pad_q=00028,gap=0,ok=1","ldrtrk,seq=00332,pan=119.56,tilt=065.20,sun_pan=119.63,sun_tilt=065.05,err=00.16,state=locked,bv_mv=2958.4,bi_ma=-214.8,bp_mw=-635.5,bs=discharging",Orin unified tracker bidirectional BESS demo
2026-08-11T16:50:37.641822+00:00,1,,0,333,68,44.0,0.044,0.001936,trk,1,Shading,Panel power per LDR count fell to 27.0% of baseline.,warning,,,54.95,-0.63513,0.63513,discharging,5.0828,9.25,locked,119.562,65.201,119.741,65.08,0.215,1,,,,,,,,,,,,CRC/QPSK/OFDM,1,0,157,161,1288,644,14,28,1120,224,56,"p1br,seq=00333,frame_b=00161,bits=01288,qpsk=00644,ofdm=014,pad_q=00028,gap=0,ok=1","ldrtrk,seq=00333,pan=119.56,tilt=065.20,sun_pan=119.74,sun_tilt=065.08,err=00.22,state=locked,bv_mv=2957.2,bi_ma=-214.8,bp_mw=-635.1,bs=discharging",Orin unified tracker bidirectional BESS demo
2026-08-11T16:50:38.135110+00:00,1,,0,334,68,44.0,0.044,0.001936,trk,1,Shading,Panel power per LDR count fell to 27.0% of baseline.,warning,,,54.949,-0.635163,0.635163,discharging,5.0828,9.25,locked,119.562,65.201,119.776,65.036,0.27,1,,,,,,,,,,,,CRC/QPSK/OFDM,1,0,157,161,1288,644,14,28,1120,224,56,"p1br,seq=00334,frame_b=00161,bits=01288,qpsk=00644,ofdm=014,pad_q=00028,gap=0,ok=1","ldrtrk,seq=00334,pan=119.56,tilt=065.20,sun_pan=119.78,sun_tilt=065.04,err=00.27,state=locked,bv_mv=2958.4,bi_ma=-214.7,bp_mw=-635.2,bs=discharging",Orin unified tracker bidirectional BESS demo
2026-08-11T16:50:38.644988+00:00,1,,0,335,68,40.0,0.04,0.0016,trk,1,Shading,Panel power per LDR count fell to 22.3% of baseline.,warning,,,54.948,-0.6349,0.6349,discharging,5.0827,9.25,locked,119.562,65.201,119.677,65.078,0.168,1,,,,,,,,,,,,CRC/QPSK/OFDM,1,0,157,161,1288,644,14,28,1120,224,56,"p1br,seq=00335,frame_b=00161,bits=01288,qpsk=00644,ofdm=014,pad_q=00028,gap=0,ok=1","ldrtrk,seq=00335,pan=119.56,tilt=065.20,sun_pan=119.68,sun_tilt=065.08,err=00.17,state=locked,bv_mv=2959.6,bi_ma=-214.5,bp_mw=-634.9,bs=discharging",Orin unified tracker bidirectional BESS demo
2026-08-11T16:50:39.156950+00:00,1,,0,336,68,44.0,0.044,0.001936,trk,1,Shading,Panel power per LDR count fell to 27.0% of baseline.,warning,,,54.948,-0.00035,0.00035,idle,5.0827,9.25,locked,119.562,65.201,119.613,65.054,0.155,1,,,,,,,,,,,,CRC/QPSK/OFDM,1,0,157,161,1288,644,14,28,1120,224,56,"p1br,seq=00336,frame_b=00161,bits=01288,qpsk=00644,ofdm=014,pad_q=00028,gap=0,ok=1","ldrtrk,seq=00336,pan=119.56,tilt=065.20,sun_pan=119.61,sun_tilt=065.05,err=00.15,state=locked,bv_mv=3499.9,bi_ma=-0.1,bp_mw=-0.3,bs=idle",Orin unified tracker bidirectional BESS demo
2026-08-11T16:50:39.653718+00:00,1,,0,337,68,44.0,0.044,0.001936,trk,1,Shading,Panel power per LDR count fell to 27.0% of baseline.,warning,,,54.948,-0.000438,0.000438,idle,5.0827,9.25,locked,119.562,65.201,119.56,65.132,0.069,1,,,,,,,,,,,,CRC/QPSK/OFDM,1,0,157,161,1288,644,14,28,1120,224,56,"p1br,seq=00337,frame_b=00161,bits=01288,qpsk=00644,ofdm=014,pad_q=00028,gap=0,ok=1","ldrtrk,seq=00337,pan=119.56,tilt=065.20,sun_pan=119.56,sun_tilt=065.13,err=00.07,state=locked,bv_mv=3501.1,bi_ma=-0.1,bp_mw=-0.4,bs=idle",Orin unified tracker bidirectional BESS demo
2026-08-11T16:50:40.163827+00:00,1,,0,338,68,44.0,0.044,0.001936,trk,1,Shading,Panel power per LDR count fell to 27.0% of baseline.,warning,,,54.948,-0.000438,0.000438,idle,5.0827,9.25,locked,119.562,65.201,119.507,65.243,0.069,1,,,,,,,,,,,,CRC/QPSK/OFDM,1,0,157,161,1288,644,14,28,1120,224,56,"p1br,seq=00338,frame_b=00161,bits=01288,qpsk=00644,ofdm=014,pad_q=00028,gap=0,ok=1","ldrtrk,seq=00338,pan=119.56,tilt=065.20,sun_pan=119.51,sun_tilt=065.24,err=00.07,state=locked,bv_mv=3501.1,bi_ma=-0.1,bp_mw=-0.4,bs=idle",Orin unified tracker bidirectional BESS demo
2026-08-11T16:50:40.658105+00:00,1,,0,339,68,40.0,0.04,0.0016,trk,1,Shading,Panel power per LDR count fell to 22.3% of baseline.,warning,,,54.948,-0.000438,0.000438,idle,5.0827,9.25,locked,119.562,65.201,119.723,65.103,0.188,1,,,,,,,,,,,,CRC/QPSK/OFDM,1,0,157,161,1288,644,14,28,1120,224,56,"p1br,seq=00339,frame_b=00161,bits=01288,qpsk=00644,ofdm=014,pad_q=00028,gap=0,ok=1","ldrtrk,seq=00339,pan=119.56,tilt=065.20,sun_pan=119.72,sun_tilt=065.10,err=00.19,state=locked,bv_mv=3501.1,bi_ma=-0.1,bp_mw=-0.4,bs=idle",Orin unified tracker bidirectional BESS demo
2026-08-11T16:50:41.168114+00:00,1,,0,340,68,44.0,0.044,0.001936,trk,1,Shading,Panel power per LDR count fell to 27.0% of baseline.,warning,,,54.948,-0.00035,0.00035,idle,5.0827,9.25,locked,119.562,65.201,119.932,65.065,0.393,1,,,,,,,,,,,,CRC/QPSK/OFDM,1,0,157,161,1288,644,14,28,1120,224,56,"p1br,seq=00340,frame_b=00161,bits=01288,qpsk=00644,ofdm=014,pad_q=00028,gap=0,ok=1","ldrtrk,seq=00340,pan=119.56,tilt=065.20,sun_pan=119.93,sun_tilt=065.06,err=00.39,state=locked,bv_mv=3499.9,bi_ma=-0.1,bp_mw=-0.3,bs=idle",Orin unified tracker bidirectional BESS demo
2026-08-11T16:50:41.680062+00:00,1,,0,341,68,49.0,0.049,0.002401,trk,1,Shading,Panel power per LDR count fell to 33.5% of baseline.,warning,,,54.948,-0.000262,0.000262,idle,5.0827,9.25,locked,119.562,65.201,119.351,65.158,0.216,1,,,,,,,,,,,,CRC/QPSK/OFDM,1,0,157,161,1288,644,14,28,1120,224,56,"p1br,seq=00341,frame_b=00161,bits=01288,qpsk=00644,ofdm=014,pad_q=00028,gap=0,ok=1","ldrtrk,seq=00341,pan=119.56,tilt=065.20,sun_pan=119.35,sun_tilt=065.16,err=00.22,state=locked,bv_mv=3499.9,bi_ma=-0.1,bp_mw=-0.3,bs=idle",Orin unified tracker bidirectional BESS demo
2026-08-11T16:50:42.176724+00:00,1,,0,342,68,44.0,0.044,0.001936,trk,1,Shading,Panel power per LDR count fell to 27.0% of baseline.,warning,,,54.948,-0.00035,0.00035,idle,5.0827,9.25,locked,119.562,65.201,119.341,65.068,0.259,1,,,,,,,,,,,,CRC/QPSK/OFDM,1,0,157,161,1288,644,14,28,1120,224,56,"p1br,seq=00342,frame_b=00161,bits=01288,qpsk=00644,ofdm=014,pad_q=00028,gap=0,ok=1","ldrtrk,seq=00342,pan=119.56,tilt=065.20,sun_pan=119.34,sun_tilt=065.07,err=00.26,state=locked,bv_mv=3498.7,bi_ma=-0.1,bp_mw=-0.3,bs=idle",Orin unified tracker bidirectional BESS demo
2026-08-11T16:50:42.689972+00:00,1,,0,343,68,44.0,0.044,0.001936,trk,1,Shading,Panel power per LDR count fell to 27.0% of baseline.,warning,,,54.948,-0.000263,0.000263,idle,5.0827,9.25,locked,119.562,65.201,119.369,65.125,0.208,1,,,,,,,,,,,,CRC/QPSK/OFDM,1,0,157,161,1288,644,14,28,1120,224,56,"p1br,seq=00343,frame_b=00161,bits=01288,qpsk=00644,ofdm=014,pad_q=00028,gap=0,ok=1","ldrtrk,seq=00343,pan=119.56,tilt=065.20,sun_pan=119.37,sun_tilt=065.13,err=00.21,state=locked,bv_mv=3501.1,bi_ma=-0.1,bp_mw=-0.3,bs=idle",Orin unified tracker bidirectional BESS demo
2026-08-11T16:50:43.181692+00:00,1,,0,344,68,44.0,0.044,0.001936,trk,1,Shading,Panel power per LDR count fell to 27.0% of baseline.,warning,,,54.948,-0.00035,0.00035,idle,5.0827,9.25,locked,119.562,65.201,119.496,65.13,0.097,1,,,,,,,,,,,,CRC/QPSK/OFDM,1,0,157,161,1288,644,14,28,1120,224,56,"p1br,seq=00344,frame_b=00161,bits=01288,qpsk=00644,ofdm=014,pad_q=00028,gap=0,ok=1","ldrtrk,seq=00344,pan=119.56,tilt=065.20,sun_pan=119.50,sun_tilt=065.13,err=00.10,state=locked,bv_mv=3501.1,bi_ma=-0.1,bp_mw=-0.3,bs=idle",Orin unified tracker bidirectional BESS demo
2026-08-11T16:50:43.691646+00:00,1,,0,345,68,44.0,0.044,0.001936,trk,1,Shading,Panel power per LDR count fell to 27.0% of baseline.,warning,,,54.948,-0.000263,0.000263,idle,5.0827,9.25,locked,119.562,65.201,119.624,65.134,0.09,1,,,,,,,,,,,,CRC/QPSK/OFDM,1,0,157,161,1288,644,14,28,1120,224,56,"p1br,seq=00345,frame_b=00161,bits=01288,qpsk=00644,ofdm=014,pad_q=00028,gap=0,ok=1","ldrtrk,seq=00345,pan=119.56,tilt=065.20,sun_pan=119.62,sun_tilt=065.13,err=00.09,state=locked,bv_mv=3501.1,bi_ma=-0.1,bp_mw=-0.3,bs=idle",Orin unified tracker bidirectional BESS demo
2026-08-11T16:50:44.209040+00:00,1,,0,346,68,44.0,0.044,0.001936,trk,1,Shading,Panel power per LDR count fell to 27.0% of baseline.,warning,,,54.948,-0.00035,0.00035,idle,5.0827,9.25,locked,119.562,65.201,119.422,65.026,0.224,1,,,,,,,,,,,,CRC/QPSK/OFDM,1,0,157,161,1288,644,14,28,1120,224,56,"p1br,seq=00346,frame_b=00161,bits=01288,qpsk=00644,ofdm=014,pad_q=00028,gap=0,ok=1","ldrtrk,seq=00346,pan=119.56,tilt=065.20,sun_pan=119.42,sun_tilt=065.03,err=00.22,state=locked,bv_mv=3499.9,bi_ma=-0.1,bp_mw=-0.3,bs=idle",Orin unified tracker bidirectional BESS demo
2026-08-11T16:50:44.698347+00:00,1,,0,347,68,44.0,0.044,0.001936,trk,1,Shading,Panel power per LDR count fell to 27.0% of baseline.,warning,,,54.948,-0.00035,0.00035,idle,5.0827,9.25,locked,119.562,65.201,119.379,65.216,0.184,1,,,,,,,,,,,,CRC/QPSK/OFDM,1,0,157,161,1288,644,14,28,1120,224,56,"p1br,seq=00347,frame_b=00161,bits=01288,qpsk=00644,ofdm=014,pad_q=00028,gap=0,ok=1","ldrtrk,seq=00347,pan=119.56,tilt=065.20,sun_pan=119.38,sun_tilt=065.22,err=00.18,state=locked,bv_mv=3499.9,bi_ma=-0.1,bp_mw=-0.3,bs=idle",Orin unified tracker bidirectional BESS demo
2026-08-11T16:50:45.209125+00:00,1,,0,348,68,44.0,0.044,0.001936,trk,1,Shading,Panel power per LDR count fell to 27.0% of baseline.,warning,,,54.948,-0.000263,0.000263,idle,5.0827,9.25,locked,119.562,65.201,119.496,65.108,0.114,1,,,,,,,,,,,,CRC/QPSK/OFDM,1,0,157,161,1288,644,14,28,1120,224,56,"p1br,seq=00348,frame_b=00161,bits=01288,qpsk=00644,ofdm=014,pad_q=00028,gap=0,ok=1","ldrtrk,seq=00348,pan=119.56,tilt=065.20,sun_pan=119.50,sun_tilt=065.11,err=00.11,state=locked,bv_mv=3501.1,bi_ma=-0.1,bp_mw=-0.3,bs=idle",Orin unified tracker bidirectional BESS demo
2026-08-11T16:50:45.719568+00:00,1,,0,349,68,44.0,0.044,0.001936,trk,1,Shading,Panel power per LDR count fell to 27.0% of baseline.,warning,,,54.948,-0.00035,0.00035,idle,5.0827,9.25,locked,119.562,65.201,119.705,65.103,0.173,1,,,,,,,,,,,,CRC/QPSK/OFDM,1,0,157,161,1288,644,14,28,1120,224,56,"p1br,seq=00349,frame_b=00161,bits=01288,qpsk=00644,ofdm=014,pad_q=00028,gap=0,ok=1","ldrtrk,seq=00349,pan=119.56,tilt=065.20,sun_pan=119.71,sun_tilt=065.10,err=00.17,state=locked,bv_mv=3501.1,bi_ma=-0.1,bp_mw=-0.3,bs=idle",Orin unified tracker bidirectional BESS demo
2026-08-11T16:50:46.216009+00:00,1,,0,350,68,49.0,0.049,0.002401,trk,1,Shading,Panel power per LDR count fell to 33.5% of baseline.,warning,,,54.948,-0.000438,0.000438,idle,5.0827,9.25,locked,119.562,65.201,119.542,65.154,0.05,1,,,,,,,,,,,,CRC/QPSK/OFDM,1,0,157,161,1288,644,14,28,1120,224,56,"p1br,seq=00350,frame_b=00161,bits=01288,qpsk=00644,ofdm=014,pad_q=00028,gap=0,ok=1","ldrtrk,seq=00350,pan=119.56,tilt=065.20,sun_pan=119.54,sun_tilt=065.15,err=00.05,state=locked,bv_mv=3501.1,bi_ma=-0.1,bp_mw=-0.4,bs=idle",Orin unified tracker bidirectional BESS demo
2026-08-11T16:50:46.726290+00:00,1,,0,351,68,44.0,0.044,0.001936,trk,1,Shading,Panel power per LDR count fell to 27.0% of baseline.,warning,,,54.948,-0.000438,0.000438,idle,5.0827,9.25,locked,119.562,65.201,119.577,65.088,0.114,1,,,,,,,,,,,,CRC/QPSK/OFDM,1,0,157,161,1288,644,14,28,1120,224,56,"p1br,seq=00351,frame_b=00161,bits=01288,qpsk=00644,ofdm=014,pad_q=00028,gap=0,ok=1","ldrtrk,seq=00351,pan=119.56,tilt=065.20,sun_pan=119.58,sun_tilt=065.09,err=00.11,state=locked,bv_mv=3501.1,bi_ma=-0.1,bp_mw=-0.4,bs=idle",Orin unified tracker bidirectional BESS demo
2026-08-11T16:50:47.221181+00:00,1,,0,352,68,44.0,0.044,0.001936,trk,1,Shading,Panel power per LDR count fell to 27.0% of baseline.,warning,,,54.948,-0.000437,0.000437,idle,5.0827,9.25,locked,119.562,65.201,119.641,65.09,0.136,1,,,,,,,,,,,,CRC/QPSK/OFDM,1,0,157,161,1288,644,14,28,1120,224,56,"p1br,seq=00352,frame_b=00161,bits=01288,qpsk=00644,ofdm=014,pad_q=00028,gap=0,ok=1","ldrtrk,seq=00352,pan=119.56,tilt=065.20,sun_pan=119.64,sun_tilt=065.09,err=00.14,state=locked,bv_mv=3499.9,bi_ma=-0.1,bp_mw=-0.4,bs=idle",Orin unified tracker bidirectional BESS demo
2026-08-11T16:50:47.731209+00:00,1,,0,353,68,44.0,0.044,0.001936,trk,1,Shading,Panel power per LDR count fell to 27.1% of baseline.,warning,,,54.948,-0.000438,0.000438,idle,5.0827,9.25,locked,119.562,65.201,119.385,65.037,0.241,1,,,,,,,,,,,,CRC/QPSK/OFDM,1,0,157,161,1288,644,14,28,1120,224,56,"p1br,seq=00353,frame_b=00161,bits=01288,qpsk=00644,ofdm=014,pad_q=00028,gap=0,ok=1","ldrtrk,seq=00353,pan=119.56,tilt=065.20,sun_pan=119.39,sun_tilt=065.04,err=00.24,state=locked,bv_mv=3501.1,bi_ma=-0.1,bp_mw=-0.4,bs=idle",Orin unified tracker bidirectional BESS demo
2026-08-11T16:50:48.241906+00:00,1,,0,354,68,44.0,0.044,0.001936,trk,1,Shading,Panel power per LDR count fell to 27.0% of baseline.,warning,,,54.948,-0.000263,0.000263,idle,5.0827,9.25,locked,119.562,65.201,119.531,65.041,0.162,1,,,,,,,,,,,,CRC/QPSK/OFDM,1,0,157,161,1288,644,14,28,1120,224,56,"p1br,seq=00354,frame_b=00161,bits=01288,qpsk=00644,ofdm=014,pad_q=00028,gap=0,ok=1","ldrtrk,seq=00354,pan=119.56,tilt=065.20,sun_pan=119.53,sun_tilt=065.04,err=00.16,state=locked,bv_mv=3501.1,bi_ma=-0.1,bp_mw=-0.3,bs=idle",Orin unified tracker bidirectional BESS demo
2026-08-11T16:50:48.737738+00:00,1,,0,355,68,44.0,0.044,0.001936,trk,1,Shading,Panel power per LDR count fell to 27.0% of baseline.,warning,,,54.948,-0.00035,0.00035,idle,5.0827,9.25,locked,119.562,65.201,119.577,65.088,0.114,1,,,,,,,,,,,,CRC/QPSK/OFDM,1,0,157,161,1288,644,14,28,1120,224,56,"p1br,seq=00355,frame_b=00161,bits=01288,qpsk=00644,ofdm=014,pad_q=00028,gap=0,ok=1","ldrtrk,seq=00355,pan=119.56,tilt=065.20,sun_pan=119.58,sun_tilt=065.09,err=00.11,state=locked,bv_mv=3499.9,bi_ma=-0.1,bp_mw=-0.3,bs=idle",Orin unified tracker bidirectional BESS demo
2026-08-11T16:50:49.248497+00:00,1,,0,356,68,44.0,0.044,0.001936,trk,1,Shading,Panel power per LDR count fell to 27.0% of baseline.,warning,,,54.948,-0.000437,0.000437,idle,5.0827,9.25,locked,119.562,65.201,119.722,65.07,0.207,1,,,,,,,,,,,,CRC/QPSK/OFDM,1,0,157,161,1288,644,14,28,1120,224,56,"p1br,seq=00356,frame_b=00161,bits=01288,qpsk=00644,ofdm=014,pad_q=00028,gap=0,ok=1","ldrtrk,seq=00356,pan=119.56,tilt=065.20,sun_pan=119.72,sun_tilt=065.07,err=00.21,state=locked,bv_mv=3499.9,bi_ma=-0.1,bp_mw=-0.4,bs=idle",Orin unified tracker bidirectional BESS demo
2026-08-11T16:50:49.758729+00:00,1,,0,357,68,44.0,0.044,0.001936,trk,1,Shading,Panel power per LDR count fell to 27.1% of baseline.,warning,,,54.948,-0.00035,0.00035,idle,5.0827,9.25,locked,119.562,65.201,119.897,65.098,0.349,1,,,,,,,,,,,,CRC/QPSK/OFDM,1,0,157,161,1288,644,14,28,1120,224,56,"p1br,seq=00357,frame_b=00161,bits=01288,qpsk=00644,ofdm=014,pad_q=00028,gap=0,ok=1","ldrtrk,seq=00357,pan=119.56,tilt=065.20,sun_pan=119.90,sun_tilt=065.10,err=00.35,state=locked,bv_mv=3501.1,bi_ma=-0.1,bp_mw=-0.3,bs=idle",Orin unified tracker bidirectional BESS demo
2026-08-11T16:50:50.254889+00:00,1,,0,358,68,44.0,0.044,0.001936,trk,1,Shading,Panel power per LDR count fell to 27.1% of baseline.,warning,,,54.948,-0.000263,0.000263,idle,5.0827,9.25,locked,119.562,65.201,119.879,65.121,0.326,1,,,,,,,,,,,,CRC/QPSK/OFDM,1,0,157,161,1288,644,14,28,1120,224,56,"p1br,seq=00358,frame_b=00161,bits=01288,qpsk=00644,ofdm=014,pad_q=00028,gap=0,ok=1","ldrtrk,seq=00358,pan=119.56,tilt=065.20,sun_pan=119.88,sun_tilt=065.12,err=00.33,state=locked,bv_mv=3501.1,bi_ma=-0.1,bp_mw=-0.3,bs=idle",Orin unified tracker bidirectional BESS demo
2026-08-11T16:50:50.764818+00:00,1,,0,359,68,44.0,0.044,0.001936,trk,1,Shading,Panel power per LDR count fell to 27.1% of baseline.,warning,,,54.948,-0.00035,0.00035,idle,5.0827,9.25,locked,119.562,65.201,119.832,65.074,0.298,1,,,,,,,,,,,,CRC/QPSK/OFDM,1,0,157,161,1288,644,14,28,1120,224,56,"p1br,seq=00359,frame_b=00161,bits=01288,qpsk=00644,ofdm=014,pad_q=00028,gap=0,ok=1","ldrtrk,seq=00359,pan=119.56,tilt=065.20,sun_pan=119.83,sun_tilt=065.07,err=00.30,state=locked,bv_mv=3502.3,bi_ma=-0.1,bp_mw=-0.3,bs=idle",Orin unified tracker bidirectional BESS demo
2026-08-11T16:50:51.260316+00:00,1,,0,360,68,44.0,0.044,0.001936,trk,1,Shading,Panel power per LDR count fell to 27.1% of baseline.,warning,,,54.948,-0.00035,0.00035,idle,5.0827,9.25,locked,119.562,65.201,119.896,65.066,0.359,1,,,,,,,,,,,,CRC/QPSK/OFDM,1,0,157,161,1288,644,14,28,1120,224,56,"p1br,seq=00360,frame_b=00161,bits=01288,qpsk=00644,ofdm=014,pad_q=00028,gap=0,ok=1","ldrtrk,seq=00360,pan=119.56,tilt=065.20,sun_pan=119.90,sun_tilt=065.07,err=00.36,state=locked,bv_mv=3502.3,bi_ma=-0.1,bp_mw=-0.3,bs=idle",Orin unified tracker bidirectional BESS demo
2026-08-11T16:50:51.771692+00:00,1,,0,361,68,44.0,0.044,0.001936,trk,1,Shading,Panel power per LDR count fell to 27.1% of baseline.,warning,,,54.948,-0.000438,0.000438,idle,5.0827,9.25,locked,119.562,65.201,120.313,65.021,0.772,1,,,,,,,,,,,,CRC/QPSK/OFDM,1,0,157,161,1288,644,14,28,1120,224,56,"p1br,seq=00361,frame_b=00161,bits=01288,qpsk=00644,ofdm=014,pad_q=00028,gap=0,ok=1","ldrtrk,seq=00361,pan=119.56,tilt=065.20,sun_pan=120.31,sun_tilt=065.02,err=00.77,state=locked,bv_mv=3501.1,bi_ma=-0.1,bp_mw=-0.4,bs=idle",Orin unified tracker bidirectional BESS demo
2026-08-11T16:50:52.281968+00:00,1,,0,362,68,44.0,0.044,0.001936,trk,1,Shading,Panel power per LDR count fell to 27.1% of baseline.,warning,,,54.948,-0.00035,0.00035,idle,5.0827,9.25,locked,119.562,65.201,120.296,65.044,0.75,1,,,,,,,,,,,,CRC/QPSK/OFDM,1,0,157,161,1288,644,14,28,1120,224,56,"p1br,seq=00362,frame_b=00161,bits=01288,qpsk=00644,ofdm=014,pad_q=00028,gap=0,ok=1","ldrtrk,seq=00362,pan=119.56,tilt=065.20,sun_pan=120.30,sun_tilt=065.04,err=00.75,state=locked,bv_mv=3502.3,bi_ma=-0.1,bp_mw=-0.3,bs=idle",Orin unified tracker bidirectional BESS demo
2026-08-11T16:50:52.777035+00:00,1,,0,363,68,44.0,0.044,0.001936,trk,1,Shading,Panel power per LDR count fell to 27.1% of baseline.,warning,,,54.948,-0.000262,0.000262,idle,5.0827,9.25,locked,119.562,65.201,120.232,65.042,0.688,1,,,,,,,,,,,,CRC/QPSK/OFDM,1,0,157,161,1288,644,14,28,1120,224,56,"p1br,seq=00363,frame_b=00161,bits=01288,qpsk=00644,ofdm=014,pad_q=00028,gap=0,ok=1","ldrtrk,seq=00363,pan=119.56,tilt=065.20,sun_pan=120.23,sun_tilt=065.04,err=00.69,state=locked,bv_mv=3498.7,bi_ma=-0.1,bp_mw=-0.3,bs=idle",Orin unified tracker bidirectional BESS demo
2026-08-11T16:50:53.289900+00:00,1,,0,364,68,44.0,0.044,0.001936,trk,1,Shading,Panel power per LDR count fell to 27.1% of baseline.,warning,,,54.948,-0.00035,0.00035,idle,5.0827,9.25,locked,119.562,65.201,120.347,64.954,0.822,1,,,,,,,,,,,,CRC/QPSK/OFDM,1,0,157,161,1288,644,14,28,1120,224,56,"p1br,seq=00364,frame_b=00161,bits=01288,qpsk=00644,ofdm=014,pad_q=00028,gap=0,ok=1","ldrtrk,seq=00364,pan=119.56,tilt=065.20,sun_pan=120.35,sun_tilt=064.95,err=00.82,state=locked,bv_mv=3501.1,bi_ma=-0.1,bp_mw=-0.3,bs=idle",Orin unified tracker bidirectional BESS demo
2026-08-11T16:50:53.783198+00:00,1,,0,365,68,44.0,0.044,0.001936,trk,1,Shading,Panel power per LDR count fell to 27.1% of baseline.,warning,,,54.948,-0.00035,0.00035,idle,5.0827,9.25,locked,119.562,65.201,120.232,65.031,0.691,1,,,,,,,,,,,,CRC/QPSK/OFDM,1,0,157,161,1288,644,14,28,1120,224,56,"p1br,seq=00365,frame_b=00161,bits=01288,qpsk=00644,ofdm=014,pad_q=00028,gap=0,ok=1","ldrtrk,seq=00365,pan=119.56,tilt=065.20,sun_pan=120.23,sun_tilt=065.03,err=00.69,state=locked,bv_mv=3499.9,bi_ma=-0.1,bp_mw=-0.3,bs=idle",Orin unified tracker bidirectional BESS demo
2026-08-11T16:50:54.294053+00:00,1,,0,366,68,40.0,0.04,0.0016,trk,1,Shading,Panel power per LDR count fell to 22.4% of baseline.,warning,,,54.948,-0.00035,0.00035,idle,5.0827,9.25,locked,119.562,65.201,120.313,65.021,0.772,1,,,,,,,,,,,,CRC/QPSK/OFDM,1,0,157,161,1288,644,14,28,1120,224,56,"p1br,seq=00366,frame_b=00161,bits=01288,qpsk=00644,ofdm=014,pad_q=00028,gap=0,ok=1","ldrtrk,seq=00366,pan=119.56,tilt=065.20,sun_pan=120.31,sun_tilt=065.02,err=00.77,state=locked,bv_mv=3502.3,bi_ma=-0.1,bp_mw=-0.3,bs=idle",Orin unified tracker bidirectional BESS demo
2026-08-11T16:50:54.804480+00:00,1,,0,367,68,44.0,0.044,0.001936,trk,1,Shading,Panel power per LDR count fell to 27.1% of baseline.,warning,,,54.948,-0.00035,0.00035,idle,5.0827,9.25,locked,119.562,65.201,120.198,65.076,0.647,1,,,,,,,,,,,,CRC/QPSK/OFDM,1,0,157,161,1288,644,14,28,1120,224,56,"p1br,seq=00367,frame_b=00161,bits=01288,qpsk=00644,ofdm=014,pad_q=00028,gap=0,ok=1","ldrtrk,seq=00367,pan=119.56,tilt=065.20,sun_pan=120.20,sun_tilt=065.08,err=00.65,state=locked,bv_mv=3502.3,bi_ma=-0.1,bp_mw=-0.3,bs=idle",Orin unified tracker bidirectional BESS demo
