received_utc,valid,error,seq_gap,seq,d_pct,v_mv,i_ma,p_mw,mppt,fault,fault_label,fault_reason,fault_severity,chk,computed_chk,bess_soc_pct,bess_power_w,bess_load_w,bess_state,bess_energy_wh,bess_capacity_wh,tracker_state,tracker_pan_deg,tracker_tilt_deg,tracker_sun_pan_deg,tracker_sun_tilt_deg,tracker_error_deg,tracker_servo_enabled,vision_mode,vision_detected,vision_confidence,vision_target_x_px,vision_target_y_px,vision_x_error,vision_y_error,vision_frame_w,vision_frame_h,vision_brightness_max,vision_area_px,comm_layer,comm_frame_ok,comm_bridge_gap,comm_payload_bytes,comm_frame_bytes,comm_frame_bits,comm_qpsk_symbols,comm_ofdm_symbols,comm_pad_q,comm_tx_samples,comm_cp_samples,comm_pilot_bins,comm_status_line,raw_line,source_label
2026-08-10T07:56:03.524438+00:00,1,,0,0,50,62.0,0.062,0.003844,trk,0,Standby,Shading detection waits for a locked tracker and positive power.,normal,,,55.0,0.0,0.0,idle,27.5,50.0,track-pan,90.0,90.0,42.434,60.047,56.211,1,,,,,,,,,,,,CRC/QPSK/OFDM,1,0,129,133,1064,532,12,44,960,192,48,"p1br,seq=00000,frame_b=00133,bits=01064,qpsk=00532,ofdm=012,pad_q=00044,gap=0,ok=1","ldrtrk,seq=00000,pan=090.00,tilt=090.00,sun_pan=042.43,sun_tilt=060.05,err=56.21,state=track-pan",Orin final real four-LDR solar tracker
2026-08-10T07:56:03.921225+00:00,1,,0,1,48,62.0,0.062,0.003844,trk,0,Standby,Shading detection waits for a locked tracker and positive power.,normal,,,55.0,0.0,0.0,idle,27.5,50.0,track-pan,87.0,90.0,42.297,59.944,53.867,1,,,,,,,,,,,,CRC/QPSK/OFDM,1,0,129,133,1064,532,12,44,960,192,48,"p1br,seq=00001,frame_b=00133,bits=01064,qpsk=00532,ofdm=012,pad_q=00044,gap=0,ok=1","ldrtrk,seq=00001,pan=087.00,tilt=090.00,sun_pan=042.30,sun_tilt=059.94,err=53.87,state=track-pan",Orin final real four-LDR solar tracker
2026-08-10T07:56:04.430063+00:00,1,,0,2,46,62.0,0.062,0.003844,trk,0,Standby,Shading detection waits for a locked tracker and positive power.,normal,,,55.0,0.0,0.0,idle,27.5,50.0,track-pan,84.0,90.0,42.298,59.86,51.453,1,,,,,,,,,,,,CRC/QPSK/OFDM,1,0,129,133,1064,532,12,44,960,192,48,"p1br,seq=00002,frame_b=00133,bits=01064,qpsk=00532,ofdm=012,pad_q=00044,gap=0,ok=1","ldrtrk,seq=00002,pan=084.00,tilt=090.00,sun_pan=042.30,sun_tilt=059.86,err=51.45,state=track-pan",Orin final real four-LDR solar tracker
2026-08-10T07:56:04.940635+00:00,1,,0,3,44,62.0,0.062,0.003844,trk,0,Standby,Shading detection waits for a locked tracker and positive power.,normal,,,55.0,0.0,0.0,idle,27.5,50.0,track-pan,81.0,90.0,45.916,63.969,43.687,1,,,,,,,,,,,,CRC/QPSK/OFDM,1,0,129,133,1064,532,12,44,960,192,48,"p1br,seq=00003,frame_b=00133,bits=01064,qpsk=00532,ofdm=012,pad_q=00044,gap=0,ok=1","ldrtrk,seq=00003,pan=081.00,tilt=090.00,sun_pan=045.92,sun_tilt=063.97,err=43.69,state=track-pan",Orin final real four-LDR solar tracker
2026-08-10T07:56:05.435675+00:00,1,,0,4,42,58.0,0.058,0.003364,trk,0,Standby,Shading detection waits for a locked tracker and positive power.,normal,,,55.0,0.0,0.0,idle,27.5,50.0,track-pan,78.0,90.0,45.323,64.927,41.187,1,,,,,,,,,,,,CRC/QPSK/OFDM,1,0,129,133,1064,532,12,44,960,192,48,"p1br,seq=00004,frame_b=00133,bits=01064,qpsk=00532,ofdm=012,pad_q=00044,gap=0,ok=1","ldrtrk,seq=00004,pan=078.00,tilt=090.00,sun_pan=045.32,sun_tilt=064.93,err=41.19,state=track-pan",Orin final real four-LDR solar tracker
2026-08-10T07:56:05.947759+00:00,1,,0,5,41,62.0,0.062,0.003844,trk,0,Standby,Shading detection waits for a locked tracker and positive power.,normal,,,55.0,0.0,0.0,idle,27.5,50.0,track-pan,75.0,90.0,45.219,64.45,39.239,1,,,,,,,,,,,,CRC/QPSK/OFDM,1,0,129,133,1064,532,12,44,960,192,48,"p1br,seq=00005,frame_b=00133,bits=01064,qpsk=00532,ofdm=012,pad_q=00044,gap=0,ok=1","ldrtrk,seq=00005,pan=075.00,tilt=090.00,sun_pan=045.22,sun_tilt=064.45,err=39.24,state=track-pan",Orin final real four-LDR solar tracker
2026-08-10T07:56:06.443873+00:00,1,,0,6,39,58.0,0.058,0.003364,trk,0,Standby,Shading detection waits for a locked tracker and positive power.,normal,,,55.0,0.0,0.0,idle,27.5,50.0,track-pan,72.0,90.0,44.759,64.189,37.527,1,,,,,,,,,,,,CRC/QPSK/OFDM,1,0,129,133,1064,532,12,44,960,192,48,"p1br,seq=00006,frame_b=00133,bits=01064,qpsk=00532,ofdm=012,pad_q=00044,gap=0,ok=1","ldrtrk,seq=00006,pan=072.00,tilt=090.00,sun_pan=044.76,sun_tilt=064.19,err=37.53,state=track-pan",Orin final real four-LDR solar tracker
2026-08-10T07:56:06.956343+00:00,1,,0,7,37,62.0,0.062,0.003844,trk,0,Standby,Shading detection waits for a locked tracker and positive power.,normal,,,55.0,0.0,0.0,idle,27.5,50.0,track-pan,69.0,90.0,45.641,63.923,35.009,1,,,,,,,,,,,,CRC/QPSK/OFDM,1,0,129,133,1064,532,12,44,960,192,48,"p1br,seq=00007,frame_b=00133,bits=01064,qpsk=00532,ofdm=012,pad_q=00044,gap=0,ok=1","ldrtrk,seq=00007,pan=069.00,tilt=090.00,sun_pan=045.64,sun_tilt=063.92,err=35.01,state=track-pan",Orin final real four-LDR solar tracker
2026-08-10T07:56:07.450949+00:00,1,,0,8,35,62.0,0.062,0.003844,trk,0,Standby,Shading detection waits for a locked tracker and positive power.,normal,,,55.0,0.0,0.0,idle,27.5,50.0,track-pan,66.0,90.0,45.387,63.768,33.362,1,,,,,,,,,,,,CRC/QPSK/OFDM,1,0,129,133,1064,532,12,44,960,192,48,"p1br,seq=00008,frame_b=00133,bits=01064,qpsk=00532,ofdm=012,pad_q=00044,gap=0,ok=1","ldrtrk,seq=00008,pan=066.00,tilt=090.00,sun_pan=045.39,sun_tilt=063.77,err=33.36,state=track-pan",Orin final real four-LDR solar tracker
2026-08-10T07:56:07.961329+00:00,1,,0,9,33,62.0,0.062,0.003844,trk,0,Standby,Shading detection waits for a locked tracker and positive power.,normal,,,55.0,0.0,0.0,idle,27.5,50.0,track-pan,63.0,90.0,45.547,63.839,31.449,1,,,,,,,,,,,,CRC/QPSK/OFDM,1,0,129,133,1064,532,12,44,960,192,48,"p1br,seq=00009,frame_b=00133,bits=01064,qpsk=00532,ofdm=012,pad_q=00044,gap=0,ok=1","ldrtrk,seq=00009,pan=063.00,tilt=090.00,sun_pan=045.55,sun_tilt=063.84,err=31.45,state=track-pan",Orin final real four-LDR solar tracker
2026-08-10T07:56:08.473464+00:00,1,,0,10,31,62.0,0.062,0.003844,trk,0,Standby,Shading detection waits for a locked tracker and positive power.,normal,,,55.0,0.0,0.0,idle,27.5,50.0,track-pan,60.0,90.0,44.903,63.36,30.621,1,,,,,,,,,,,,CRC/QPSK/OFDM,1,0,129,133,1064,532,12,44,960,192,48,"p1br,seq=00010,frame_b=00133,bits=01064,qpsk=00532,ofdm=012,pad_q=00044,gap=0,ok=1","ldrtrk,seq=00010,pan=060.00,tilt=090.00,sun_pan=044.90,sun_tilt=063.36,err=30.62,state=track-pan",Orin final real four-LDR solar tracker
2026-08-10T07:56:08.970898+00:00,1,,0,11,29,62.0,0.062,0.003844,trk,0,Standby,Shading detection waits for a locked tracker and positive power.,normal,,,55.0,0.0,0.0,idle,27.5,50.0,track-pan,57.0,90.0,48.529,64.108,27.243,1,,,,,,,,,,,,CRC/QPSK/OFDM,1,0,129,133,1064,532,12,44,960,192,48,"p1br,seq=00011,frame_b=00133,bits=01064,qpsk=00532,ofdm=012,pad_q=00044,gap=0,ok=1","ldrtrk,seq=00011,pan=057.00,tilt=090.00,sun_pan=048.53,sun_tilt=064.11,err=27.24,state=track-pan",Orin final real four-LDR solar tracker
2026-08-10T07:56:09.481070+00:00,1,,0,12,28,62.0,0.062,0.003844,trk,0,Standby,Shading detection waits for a locked tracker and positive power.,normal,,,55.0,0.0,0.0,idle,27.5,50.0,track-pan,54.0,90.0,52.763,63.054,26.975,1,,,,,,,,,,,,CRC/QPSK/OFDM,1,0,129,133,1064,532,12,44,960,192,48,"p1br,seq=00012,frame_b=00133,bits=01064,qpsk=00532,ofdm=012,pad_q=00044,gap=0,ok=1","ldrtrk,seq=00012,pan=054.00,tilt=090.00,sun_pan=052.76,sun_tilt=063.05,err=26.97,state=track-pan",Orin final real four-LDR solar tracker
2026-08-10T07:56:09.974795+00:00,1,,0,13,28,58.0,0.058,0.003364,trk,0,Standby,Shading detection waits for a locked tracker and positive power.,normal,,,55.0,0.0,0.0,idle,27.5,50.0,track-tilt,54.0,90.0,53.133,62.713,27.301,1,,,,,,,,,,,,CRC/QPSK/OFDM,1,0,129,133,1064,532,12,44,960,192,48,"p1br,seq=00013,frame_b=00133,bits=01064,qpsk=00532,ofdm=012,pad_q=00044,gap=0,ok=1","ldrtrk,seq=00013,pan=054.00,tilt=090.00,sun_pan=053.13,sun_tilt=062.71,err=27.30,state=track-tilt",Orin final real four-LDR solar tracker
2026-08-10T07:56:10.486917+00:00,1,,0,14,28,62.0,0.062,0.003844,trk,0,Standby,Shading detection waits for a locked tracker and positive power.,normal,,,55.0,0.0,0.0,idle,27.5,50.0,track-tilt,54.0,87.0,53.107,62.709,24.307,1,,,,,,,,,,,,CRC/QPSK/OFDM,1,0,129,133,1064,532,12,44,960,192,48,"p1br,seq=00014,frame_b=00133,bits=01064,qpsk=00532,ofdm=012,pad_q=00044,gap=0,ok=1","ldrtrk,seq=00014,pan=054.00,tilt=087.00,sun_pan=053.11,sun_tilt=062.71,err=24.31,state=track-tilt",Orin final real four-LDR solar tracker
2026-08-10T07:56:10.998672+00:00,1,,0,15,28,62.0,0.062,0.003844,trk,0,Standby,Shading detection waits for a locked tracker and positive power.,normal,,,55.0,0.0,0.0,idle,27.5,50.0,track-tilt,54.0,84.0,53.257,62.643,21.37,1,,,,,,,,,,,,CRC/QPSK/OFDM,1,0,129,133,1064,532,12,44,960,192,48,"p1br,seq=00015,frame_b=00133,bits=01064,qpsk=00532,ofdm=012,pad_q=00044,gap=0,ok=1","ldrtrk,seq=00015,pan=054.00,tilt=084.00,sun_pan=053.26,sun_tilt=062.64,err=21.37,state=track-tilt",Orin final real four-LDR solar tracker
2026-08-10T07:56:11.493923+00:00,1,,0,16,28,62.0,0.062,0.003844,trk,0,Standby,Shading detection waits for a locked tracker and positive power.,normal,,,55.0,0.0,0.0,idle,27.5,50.0,track-tilt,54.0,81.0,52.46,62.725,18.34,1,,,,,,,,,,,,CRC/QPSK/OFDM,1,0,129,133,1064,532,12,44,960,192,48,"p1br,seq=00016,frame_b=00133,bits=01064,qpsk=00532,ofdm=012,pad_q=00044,gap=0,ok=1","ldrtrk,seq=00016,pan=054.00,tilt=081.00,sun_pan=052.46,sun_tilt=062.72,err=18.34,state=track-tilt",Orin final real four-LDR solar tracker
2026-08-10T07:56:12.005521+00:00,1,,0,17,28,67.0,0.067,0.004489,trk,0,Standby,Shading detection waits for a locked tracker and positive power.,normal,,,55.0,0.0,0.0,idle,27.5,50.0,track-tilt,54.0,78.0,49.624,63.148,15.483,1,,,,,,,,,,,,CRC/QPSK/OFDM,1,0,129,133,1064,532,12,44,960,192,48,"p1br,seq=00017,frame_b=00133,bits=01064,qpsk=00532,ofdm=012,pad_q=00044,gap=0,ok=1","ldrtrk,seq=00017,pan=054.00,tilt=078.00,sun_pan=049.62,sun_tilt=063.15,err=15.48,state=track-tilt",Orin final real four-LDR solar tracker
2026-08-10T07:56:12.500930+00:00,1,,0,18,28,71.0,0.071,0.005041,trk,0,Standby,Shading detection waits for a locked tracker and positive power.,normal,,,55.0,0.0,0.0,idle,27.5,50.0,track-tilt,54.0,75.0,45.262,62.468,15.278,1,,,,,,,,,,,,CRC/QPSK/OFDM,1,0,129,133,1064,532,12,44,960,192,48,"p1br,seq=00018,frame_b=00133,bits=01064,qpsk=00532,ofdm=012,pad_q=00044,gap=0,ok=1","ldrtrk,seq=00018,pan=054.00,tilt=075.00,sun_pan=045.26,sun_tilt=062.47,err=15.28,state=track-tilt",Orin final real four-LDR solar tracker
2026-08-10T07:56:13.012256+00:00,1,,0,19,28,67.0,0.067,0.004489,trk,0,Standby,Shading detection waits for a locked tracker and positive power.,normal,,,55.0,0.0,0.0,idle,27.5,50.0,track-tilt,54.0,72.0,44.089,61.879,14.166,1,,,,,,,,,,,,CRC/QPSK/OFDM,1,0,129,133,1064,532,12,44,960,192,48,"p1br,seq=00019,frame_b=00133,bits=01064,qpsk=00532,ofdm=012,pad_q=00044,gap=0,ok=1","ldrtrk,seq=00019,pan=054.00,tilt=072.00,sun_pan=044.09,sun_tilt=061.88,err=14.17,state=track-tilt",Orin final real four-LDR solar tracker
2026-08-10T07:56:13.524931+00:00,1,,0,20,28,67.0,0.067,0.004489,trk,0,Standby,Shading detection waits for a locked tracker and positive power.,normal,,,55.0,0.0,0.0,idle,27.5,50.0,track-tilt,54.0,69.0,44.462,62.235,11.693,1,,,,,,,,,,,,CRC/QPSK/OFDM,1,0,129,133,1064,532,12,44,960,192,48,"p1br,seq=00020,frame_b=00133,bits=01064,qpsk=00532,ofdm=012,pad_q=00044,gap=0,ok=1","ldrtrk,seq=00020,pan=054.00,tilt=069.00,sun_pan=044.46,sun_tilt=062.24,err=11.69,state=track-tilt",Orin final real four-LDR solar tracker
2026-08-10T07:56:14.020392+00:00,1,,0,21,28,67.0,0.067,0.004489,trk,0,Standby,Shading detection waits for a locked tracker and positive power.,normal,,,55.0,0.0,0.0,idle,27.5,50.0,track-tilt,54.0,66.0,45.329,62.416,9.382,1,,,,,,,,,,,,CRC/QPSK/OFDM,1,0,129,133,1064,532,12,44,960,192,48,"p1br,seq=00021,frame_b=00133,bits=01064,qpsk=00532,ofdm=012,pad_q=00044,gap=0,ok=1","ldrtrk,seq=00021,pan=054.00,tilt=066.00,sun_pan=045.33,sun_tilt=062.42,err=09.38,state=track-tilt",Orin final real four-LDR solar tracker
2026-08-10T07:56:14.532199+00:00,1,,0,22,28,67.0,0.067,0.004489,trk,0,Standby,Shading detection waits for a locked tracker and positive power.,normal,,,55.0,0.0,0.0,idle,27.5,50.0,track-tilt,54.0,63.0,45.465,62.257,8.567,1,,,,,,,,,,,,CRC/QPSK/OFDM,1,0,129,133,1064,532,12,44,960,192,48,"p1br,seq=00022,frame_b=00133,bits=01064,qpsk=00532,ofdm=012,pad_q=00044,gap=0,ok=1","ldrtrk,seq=00022,pan=054.00,tilt=063.00,sun_pan=045.47,sun_tilt=062.26,err=08.57,state=track-tilt",Orin final real four-LDR solar tracker
2026-08-10T07:56:15.027851+00:00,1,,0,23,28,67.0,0.067,0.004489,trk,0,Standby,Shading detection waits for a locked tracker and positive power.,normal,,,55.0,0.0,0.0,idle,27.5,50.0,track-pan,54.0,63.0,45.326,62.387,8.696,1,,,,,,,,,,,,CRC/QPSK/OFDM,1,0,129,133,1064,532,12,44,960,192,48,"p1br,seq=00023,frame_b=00133,bits=01064,qpsk=00532,ofdm=012,pad_q=00044,gap=0,ok=1","ldrtrk,seq=00023,pan=054.00,tilt=063.00,sun_pan=045.33,sun_tilt=062.39,err=08.70,state=track-pan",Orin final real four-LDR solar tracker
2026-08-10T07:56:15.539004+00:00,1,,0,24,26,67.0,0.067,0.004489,trk,0,Standby,Shading detection waits for a locked tracker and positive power.,normal,,,55.0,0.0,0.0,idle,27.5,50.0,track-pan,51.0,63.0,45.249,62.393,5.783,1,,,,,,,,,,,,CRC/QPSK/OFDM,1,0,129,133,1064,532,12,44,960,192,48,"p1br,seq=00024,frame_b=00133,bits=01064,qpsk=00532,ofdm=012,pad_q=00044,gap=0,ok=1","ldrtrk,seq=00024,pan=051.00,tilt=063.00,sun_pan=045.25,sun_tilt=062.39,err=05.78,state=track-pan",Orin final real four-LDR solar tracker
2026-08-10T07:56:16.035189+00:00,1,,0,25,24,67.0,0.067,0.004489,trk,0,Standby,Shading detection waits for a locked tracker and positive power.,normal,,,55.0,0.0,0.0,idle,27.5,50.0,track-pan,48.0,63.0,45.323,62.358,2.753,1,,,,,,,,,,,,CRC/QPSK/OFDM,1,0,129,133,1064,532,12,44,960,192,48,"p1br,seq=00025,frame_b=00133,bits=01064,qpsk=00532,ofdm=012,pad_q=00044,gap=0,ok=1","ldrtrk,seq=00025,pan=048.00,tilt=063.00,sun_pan=045.32,sun_tilt=062.36,err=02.75,state=track-pan",Orin final real four-LDR solar tracker
2026-08-10T07:56:16.546092+00:00,1,,0,26,22,67.0,0.067,0.004489,trk,0,Standby,Shading detection waits for a locked tracker and positive power.,normal,,,55.0,0.0,0.0,idle,27.5,50.0,track-pan,45.153,63.0,45.153,62.224,0.776,1,,,,,,,,,,,,CRC/QPSK/OFDM,1,0,129,133,1064,532,12,44,960,192,48,"p1br,seq=00026,frame_b=00133,bits=01064,qpsk=00532,ofdm=012,pad_q=00044,gap=0,ok=1","ldrtrk,seq=00026,pan=045.15,tilt=063.00,sun_pan=045.15,sun_tilt=062.22,err=00.78,state=track-pan",Orin final real four-LDR solar tracker
2026-08-10T07:56:17.057078+00:00,1,,0,27,22,71.0,0.071,0.005041,trk,0,Standby,Shading detection waits for a locked tracker and positive power.,normal,,,55.0,0.0,0.0,idle,27.5,50.0,track-tilt,45.153,63.0,44.272,61.638,1.621,1,,,,,,,,,,,,CRC/QPSK/OFDM,1,0,129,133,1064,532,12,44,960,192,48,"p1br,seq=00027,frame_b=00133,bits=01064,qpsk=00532,ofdm=012,pad_q=00044,gap=0,ok=1","ldrtrk,seq=00027,pan=045.15,tilt=063.00,sun_pan=044.27,sun_tilt=061.64,err=01.62,state=track-tilt",Orin final real four-LDR solar tracker
2026-08-10T07:56:17.554100+00:00,1,,0,28,22,71.0,0.071,0.005041,trk,0,Standby,Shading detection waits for a locked tracker and positive power.,normal,,,55.0,0.0,0.0,idle,27.5,50.0,track-tilt,45.153,61.759,44.062,61.759,1.09,1,,,,,,,,,,,,CRC/QPSK/OFDM,1,0,129,133,1064,532,12,44,960,192,48,"p1br,seq=00028,frame_b=00133,bits=01064,qpsk=00532,ofdm=012,pad_q=00044,gap=0,ok=1","ldrtrk,seq=00028,pan=045.15,tilt=061.76,sun_pan=044.06,sun_tilt=061.76,err=01.09,state=track-tilt",Orin final real four-LDR solar tracker
2026-08-10T07:56:18.063458+00:00,1,,0,29,22,71.0,0.071,0.005041,trk,0,Learning,Learning locked-state shading baseline (1/8).,normal,,,55.0,0.0,0.0,idle,27.5,50.0,locked,45.153,61.759,44.285,61.812,0.87,1,,,,,,,,,,,,CRC/QPSK/OFDM,1,0,129,133,1064,532,12,44,960,192,48,"p1br,seq=00029,frame_b=00133,bits=01064,qpsk=00532,ofdm=012,pad_q=00044,gap=0,ok=1","ldrtrk,seq=00029,pan=045.15,tilt=061.76,sun_pan=044.28,sun_tilt=061.81,err=00.87,state=locked",Orin final real four-LDR solar tracker
2026-08-10T07:56:18.558748+00:00,1,,0,30,22,71.0,0.071,0.005041,trk,0,Learning,Learning locked-state shading baseline (2/8).,normal,,,55.0,0.0,0.0,idle,27.5,50.0,locked,45.153,61.759,44.206,61.86,0.952,1,,,,,,,,,,,,CRC/QPSK/OFDM,1,0,129,133,1064,532,12,44,960,192,48,"p1br,seq=00030,frame_b=00133,bits=01064,qpsk=00532,ofdm=012,pad_q=00044,gap=0,ok=1","ldrtrk,seq=00030,pan=045.15,tilt=061.76,sun_pan=044.21,sun_tilt=061.86,err=00.95,state=locked",Orin final real four-LDR solar tracker
2026-08-10T07:56:19.069636+00:00,1,,0,31,22,71.0,0.071,0.005041,trk,0,Standby,Shading detection waits for a locked tracker and positive power.,normal,,,55.0,0.0,0.0,idle,27.5,50.0,track-pan,45.153,61.759,43.984,61.935,1.182,1,,,,,,,,,,,,CRC/QPSK/OFDM,1,0,129,133,1064,532,12,44,960,192,48,"p1br,seq=00031,frame_b=00133,bits=01064,qpsk=00532,ofdm=012,pad_q=00044,gap=0,ok=1","ldrtrk,seq=00031,pan=045.15,tilt=061.76,sun_pan=043.98,sun_tilt=061.94,err=01.18,state=track-pan",Orin final real four-LDR solar tracker
2026-08-10T07:56:19.580931+00:00,1,,0,32,22,71.0,0.071,0.005041,trk,0,Learning,Learning locked-state shading baseline (3/8).,normal,,,55.0,0.0,0.0,idle,27.5,50.0,locked,45.153,61.759,44.281,61.954,0.893,1,,,,,,,,,,,,CRC/QPSK/OFDM,1,0,129,133,1064,532,12,44,960,192,48,"p1br,seq=00032,frame_b=00133,bits=01064,qpsk=00532,ofdm=012,pad_q=00044,gap=0,ok=1","ldrtrk,seq=00032,pan=045.15,tilt=061.76,sun_pan=044.28,sun_tilt=061.95,err=00.89,state=locked",Orin final real four-LDR solar tracker
2026-08-10T07:56:20.077418+00:00,1,,0,33,22,71.0,0.071,0.005041,trk,0,Standby,Shading detection waits for a locked tracker and positive power.,normal,,,55.0,0.0,0.0,idle,27.5,50.0,track-pan,45.153,61.759,44.006,61.856,1.15,1,,,,,,,,,,,,CRC/QPSK/OFDM,1,0,129,133,1064,532,12,44,960,192,48,"p1br,seq=00033,frame_b=00133,bits=01064,qpsk=00532,ofdm=012,pad_q=00044,gap=0,ok=1","ldrtrk,seq=00033,pan=045.15,tilt=061.76,sun_pan=044.01,sun_tilt=061.86,err=01.15,state=track-pan",Orin final real four-LDR solar tracker
2026-08-10T07:56:20.588883+00:00,1,,0,34,22,71.0,0.071,0.005041,trk,0,Learning,Learning locked-state shading baseline (4/8).,normal,,,55.0,0.0,0.0,idle,27.5,50.0,locked,45.153,61.759,44.58,61.901,0.59,1,,,,,,,,,,,,CRC/QPSK/OFDM,1,0,129,133,1064,532,12,44,960,192,48,"p1br,seq=00034,frame_b=00133,bits=01064,qpsk=00532,ofdm=012,pad_q=00044,gap=0,ok=1","ldrtrk,seq=00034,pan=045.15,tilt=061.76,sun_pan=044.58,sun_tilt=061.90,err=00.59,state=locked",Orin final real four-LDR solar tracker
2026-08-10T07:56:21.084485+00:00,1,,0,35,22,71.0,0.071,0.005041,trk,0,Learning,Learning locked-state shading baseline (5/8).,normal,,,55.0,0.0,0.0,idle,27.5,50.0,locked,45.153,61.759,44.381,62.098,0.842,1,,,,,,,,,,,,CRC/QPSK/OFDM,1,0,129,133,1064,532,12,44,960,192,48,"p1br,seq=00035,frame_b=00133,bits=01064,qpsk=00532,ofdm=012,pad_q=00044,gap=0,ok=1","ldrtrk,seq=00035,pan=045.15,tilt=061.76,sun_pan=044.38,sun_tilt=062.10,err=00.84,state=locked",Orin final real four-LDR solar tracker
2026-08-10T07:56:21.595162+00:00,1,,0,36,22,71.0,0.071,0.005041,trk,0,Learning,Learning locked-state shading baseline (6/8).,normal,,,55.0,0.0,0.0,idle,27.5,50.0,locked,45.153,61.759,44.803,62.364,0.699,1,,,,,,,,,,,,CRC/QPSK/OFDM,1,0,129,133,1064,532,12,44,960,192,48,"p1br,seq=00036,frame_b=00133,bits=01064,qpsk=00532,ofdm=012,pad_q=00044,gap=0,ok=1","ldrtrk,seq=00036,pan=045.15,tilt=061.76,sun_pan=044.80,sun_tilt=062.36,err=00.70,state=locked",Orin final real four-LDR solar tracker
2026-08-10T07:56:22.091242+00:00,1,,0,37,22,71.0,0.071,0.005041,trk,0,Learning,Learning locked-state shading baseline (7/8).,normal,,,55.0,0.0,0.0,idle,27.5,50.0,locked,45.153,61.759,44.855,62.479,0.779,1,,,,,,,,,,,,CRC/QPSK/OFDM,1,0,129,133,1064,532,12,44,960,192,48,"p1br,seq=00037,frame_b=00133,bits=01064,qpsk=00532,ofdm=012,pad_q=00044,gap=0,ok=1","ldrtrk,seq=00037,pan=045.15,tilt=061.76,sun_pan=044.85,sun_tilt=062.48,err=00.78,state=locked",Orin final real four-LDR solar tracker
2026-08-10T07:56:22.603119+00:00,1,,0,38,22,67.0,0.067,0.004489,trk,0,Learning,Learning locked-state shading baseline (8/8).,normal,,,55.0,0.0,0.0,idle,27.5,50.0,locked,45.153,61.759,44.702,62.349,0.742,1,,,,,,,,,,,,CRC/QPSK/OFDM,1,0,129,133,1064,532,12,44,960,192,48,"p1br,seq=00038,frame_b=00133,bits=01064,qpsk=00532,ofdm=012,pad_q=00044,gap=0,ok=1","ldrtrk,seq=00038,pan=045.15,tilt=061.76,sun_pan=044.70,sun_tilt=062.35,err=00.74,state=locked",Orin final real four-LDR solar tracker
2026-08-10T07:56:23.114422+00:00,1,,0,39,22,71.0,0.071,0.005041,trk,0,OK,Panel response is 100.5% of the learned baseline.,normal,,,55.0,0.0,0.0,idle,27.5,50.0,locked,45.153,61.759,44.781,62.515,0.842,1,,,,,,,,,,,,CRC/QPSK/OFDM,1,0,129,133,1064,532,12,44,960,192,48,"p1br,seq=00039,frame_b=00133,bits=01064,qpsk=00532,ofdm=012,pad_q=00044,gap=0,ok=1","ldrtrk,seq=00039,pan=045.15,tilt=061.76,sun_pan=044.78,sun_tilt=062.51,err=00.84,state=locked",Orin final real four-LDR solar tracker
2026-08-10T07:56:23.609981+00:00,1,,0,40,22,71.0,0.071,0.005041,trk,0,OK,Panel response is 100.7% of the learned baseline.,normal,,,55.0,0.0,0.0,idle,27.5,50.0,locked,45.153,61.759,44.962,62.696,0.956,1,,,,,,,,,,,,CRC/QPSK/OFDM,1,0,129,133,1064,532,12,44,960,192,48,"p1br,seq=00040,frame_b=00133,bits=01064,qpsk=00532,ofdm=012,pad_q=00044,gap=0,ok=1","ldrtrk,seq=00040,pan=045.15,tilt=061.76,sun_pan=044.96,sun_tilt=062.70,err=00.96,state=locked",Orin final real four-LDR solar tracker
2026-08-10T07:56:24.120909+00:00,1,,0,41,22,71.0,0.071,0.005041,trk,0,Standby,Shading detection waits for a locked tracker and positive power.,normal,,,55.0,0.0,0.0,idle,27.5,50.0,track-tilt,45.153,61.759,45.144,62.919,1.16,1,,,,,,,,,,,,CRC/QPSK/OFDM,1,0,129,133,1064,532,12,44,960,192,48,"p1br,seq=00041,frame_b=00133,bits=01064,qpsk=00532,ofdm=012,pad_q=00044,gap=0,ok=1","ldrtrk,seq=00041,pan=045.15,tilt=061.76,sun_pan=045.14,sun_tilt=062.92,err=01.16,state=track-tilt",Orin final real four-LDR solar tracker
2026-08-10T07:56:24.617688+00:00,1,,0,42,22,71.0,0.071,0.005041,trk,0,Standby,Shading detection waits for a locked tracker and positive power.,normal,,,55.0,0.0,0.0,idle,27.5,50.0,track-tilt,45.153,63.618,45.544,63.618,0.391,1,,,,,,,,,,,,CRC/QPSK/OFDM,1,0,129,133,1064,532,12,44,960,192,48,"p1br,seq=00042,frame_b=00133,bits=01064,qpsk=00532,ofdm=012,pad_q=00044,gap=0,ok=1","ldrtrk,seq=00042,pan=045.15,tilt=063.62,sun_pan=045.54,sun_tilt=063.62,err=00.39,state=track-tilt",Orin final real four-LDR solar tracker
2026-08-10T07:56:25.133051+00:00,1,,0,43,22,62.0,0.062,0.003844,trk,0,Standby,Shading detection waits for a locked tracker and positive power.,normal,,,55.0,0.0,0.0,idle,27.5,50.0,track-tilt,45.153,65.058,46.104,65.058,0.952,1,,,,,,,,,,,,CRC/QPSK/OFDM,1,0,129,133,1064,532,12,44,960,192,48,"p1br,seq=00043,frame_b=00133,bits=01064,qpsk=00532,ofdm=012,pad_q=00044,gap=0,ok=1","ldrtrk,seq=00043,pan=045.15,tilt=065.06,sun_pan=046.10,sun_tilt=065.06,err=00.95,state=track-tilt",Orin final real four-LDR solar tracker
2026-08-10T07:56:25.640760+00:00,1,,0,44,22,67.0,0.067,0.004489,trk,0,OK,Panel response is 91.2% of the learned baseline.,normal,,,55.0,0.0,0.0,idle,27.5,50.0,locked,45.153,65.058,45.393,64.987,0.251,1,,,,,,,,,,,,CRC/QPSK/OFDM,1,0,129,133,1064,532,12,44,960,192,48,"p1br,seq=00044,frame_b=00133,bits=01064,qpsk=00532,ofdm=012,pad_q=00044,gap=0,ok=1","ldrtrk,seq=00044,pan=045.15,tilt=065.06,sun_pan=045.39,sun_tilt=064.99,err=00.25,state=locked",Orin final real four-LDR solar tracker
2026-08-10T07:56:26.135678+00:00,1,,0,45,22,71.0,0.071,0.005041,trk,0,OK,Panel response is 102.0% of the learned baseline.,normal,,,55.0,0.0,0.0,idle,27.5,50.0,locked,45.153,65.058,44.242,64.8,0.947,1,,,,,,,,,,,,CRC/QPSK/OFDM,1,0,129,133,1064,532,12,44,960,192,48,"p1br,seq=00045,frame_b=00133,bits=01064,qpsk=00532,ofdm=012,pad_q=00044,gap=0,ok=1","ldrtrk,seq=00045,pan=045.15,tilt=065.06,sun_pan=044.24,sun_tilt=064.80,err=00.95,state=locked",Orin final real four-LDR solar tracker
2026-08-10T07:56:26.646821+00:00,1,,0,46,22,67.0,0.067,0.004489,trk,0,OK,Panel response is 90.9% of the learned baseline.,normal,,,55.0,0.0,0.0,idle,27.5,50.0,locked,45.153,65.058,44.413,64.891,0.758,1,,,,,,,,,,,,CRC/QPSK/OFDM,1,0,129,133,1064,532,12,44,960,192,48,"p1br,seq=00046,frame_b=00133,bits=01064,qpsk=00532,ofdm=012,pad_q=00044,gap=0,ok=1","ldrtrk,seq=00046,pan=045.15,tilt=065.06,sun_pan=044.41,sun_tilt=064.89,err=00.76,state=locked",Orin final real four-LDR solar tracker
2026-08-10T07:56:27.142711+00:00,1,,0,47,22,67.0,0.067,0.004489,trk,0,Standby,Shading detection waits for a locked tracker and positive power.,normal,,,55.0,0.0,0.0,idle,27.5,50.0,track-pan,45.153,65.058,42.927,64.901,2.231,1,,,,,,,,,,,,CRC/QPSK/OFDM,1,0,129,133,1064,532,12,44,960,192,48,"p1br,seq=00047,frame_b=00133,bits=01064,qpsk=00532,ofdm=012,pad_q=00044,gap=0,ok=1","ldrtrk,seq=00047,pan=045.15,tilt=065.06,sun_pan=042.93,sun_tilt=064.90,err=02.23,state=track-pan",Orin final real four-LDR solar tracker
2026-08-10T07:56:27.654453+00:00,1,,0,48,21,67.0,0.067,0.004489,trk,0,Standby,Shading detection waits for a locked tracker and positive power.,normal,,,55.0,0.0,0.0,idle,27.5,50.0,track-pan,43.155,65.058,43.155,64.621,0.437,1,,,,,,,,,,,,CRC/QPSK/OFDM,1,0,129,133,1064,532,12,44,960,192,48,"p1br,seq=00048,frame_b=00133,bits=01064,qpsk=00532,ofdm=012,pad_q=00044,gap=0,ok=1","ldrtrk,seq=00048,pan=043.15,tilt=065.06,sun_pan=043.15,sun_tilt=064.62,err=00.44,state=track-pan",Orin final real four-LDR solar tracker
2026-08-10T07:56:28.149887+00:00,1,,0,49,21,71.0,0.071,0.005041,trk,0,Standby,Shading detection waits for a locked tracker and positive power.,normal,,,55.0,0.0,0.0,idle,27.5,50.0,track-tilt,43.155,65.058,43.675,63.882,1.286,1,,,,,,,,,,,,CRC/QPSK/OFDM,1,0,129,133,1064,532,12,44,960,192,48,"p1br,seq=00049,frame_b=00133,bits=01064,qpsk=00532,ofdm=012,pad_q=00044,gap=0,ok=1","ldrtrk,seq=00049,pan=043.15,tilt=065.06,sun_pan=043.67,sun_tilt=063.88,err=01.29,state=track-tilt",Orin final real four-LDR solar tracker
2026-08-10T07:56:28.661144+00:00,1,,0,50,21,71.0,0.071,0.005041,trk,0,OK,Panel response is 101.3% of the learned baseline.,normal,,,55.0,0.0,0.0,idle,27.5,50.0,locked,43.155,65.058,43.107,64.066,0.993,1,,,,,,,,,,,,CRC/QPSK/OFDM,1,0,129,133,1064,532,12,44,960,192,48,"p1br,seq=00050,frame_b=00133,bits=01064,qpsk=00532,ofdm=012,pad_q=00044,gap=0,ok=1","ldrtrk,seq=00050,pan=043.15,tilt=065.06,sun_pan=043.11,sun_tilt=064.07,err=00.99,state=locked",Orin final real four-LDR solar tracker
2026-08-10T07:56:29.170696+00:00,1,,0,51,21,71.0,0.071,0.005041,trk,0,Standby,Shading detection waits for a locked tracker and positive power.,normal,,,55.0,0.0,0.0,idle,27.5,50.0,track-tilt,43.155,65.058,42.127,63.851,1.585,1,,,,,,,,,,,,CRC/QPSK/OFDM,1,0,129,133,1064,532,12,44,960,192,48,"p1br,seq=00051,frame_b=00133,bits=01064,qpsk=00532,ofdm=012,pad_q=00044,gap=0,ok=1","ldrtrk,seq=00051,pan=043.15,tilt=065.06,sun_pan=042.13,sun_tilt=063.85,err=01.59,state=track-tilt",Orin final real four-LDR solar tracker
2026-08-10T07:56:29.720342+00:00,1,,0,52,21,67.0,0.067,0.004489,trk,0,Standby,Shading detection waits for a locked tracker and positive power.,normal,,,55.0,0.0,0.0,idle,27.5,50.0,track-tilt,43.155,63.919,41.963,63.919,1.192,1,,,,,,,,,,,,CRC/QPSK/OFDM,1,0,129,133,1064,532,12,44,960,192,48,"p1br,seq=00052,frame_b=00133,bits=01064,qpsk=00532,ofdm=012,pad_q=00044,gap=0,ok=1","ldrtrk,seq=00052,pan=043.15,tilt=063.92,sun_pan=041.96,sun_tilt=063.92,err=01.19,state=track-tilt",Orin final real four-LDR solar tracker
2026-08-10T07:56:30.179987+00:00,1,,0,53,21,71.0,0.071,0.005041,trk,0,Standby,Shading detection waits for a locked tracker and positive power.,normal,,,55.0,0.0,0.0,idle,27.5,50.0,track-pan,43.155,63.919,41.959,63.617,1.233,1,,,,,,,,,,,,CRC/QPSK/OFDM,1,0,129,133,1064,532,12,44,960,192,48,"p1br,seq=00053,frame_b=00133,bits=01064,qpsk=00532,ofdm=012,pad_q=00044,gap=0,ok=1","ldrtrk,seq=00053,pan=043.15,tilt=063.92,sun_pan=041.96,sun_tilt=063.62,err=01.23,state=track-pan",Orin final real four-LDR solar tracker
2026-08-10T07:56:30.676526+00:00,1,,0,54,20,71.0,0.071,0.005041,trk,0,Standby,Shading detection waits for a locked tracker and positive power.,normal,,,55.0,0.0,0.0,idle,27.5,50.0,track-pan,42.048,63.919,42.048,63.766,0.152,1,,,,,,,,,,,,CRC/QPSK/OFDM,1,0,129,133,1064,532,12,44,960,192,48,"p1br,seq=00054,frame_b=00133,bits=01064,qpsk=00532,ofdm=012,pad_q=00044,gap=0,ok=1","ldrtrk,seq=00054,pan=042.05,tilt=063.92,sun_pan=042.05,sun_tilt=063.77,err=00.15,state=track-pan",Orin final real four-LDR solar tracker
2026-08-10T07:56:31.189811+00:00,1,,0,55,20,71.0,0.071,0.005041,trk,0,OK,Panel response is 100.7% of the learned baseline.,normal,,,55.0,0.0,0.0,idle,27.5,50.0,locked,42.048,63.919,43.037,63.976,0.991,1,,,,,,,,,,,,CRC/QPSK/OFDM,1,0,129,133,1064,532,12,44,960,192,48,"p1br,seq=00055,frame_b=00133,bits=01064,qpsk=00532,ofdm=012,pad_q=00044,gap=0,ok=1","ldrtrk,seq=00055,pan=042.05,tilt=063.92,sun_pan=043.04,sun_tilt=063.98,err=00.99,state=locked",Orin final real four-LDR solar tracker
2026-08-10T07:56:31.778797+00:00,1,,0,56,20,67.0,0.067,0.004489,trk,0,Standby,Shading detection waits for a locked tracker and positive power.,normal,,,55.0,0.0,0.0,idle,27.5,50.0,track-pan,42.048,63.919,43.055,64.219,1.052,1,,,,,,,,,,,,CRC/QPSK/OFDM,1,0,129,133,1064,532,12,44,960,192,48,"p1br,seq=00056,frame_b=00133,bits=01064,qpsk=00532,ofdm=012,pad_q=00044,gap=0,ok=1","ldrtrk,seq=00056,pan=042.05,tilt=063.92,sun_pan=043.06,sun_tilt=064.22,err=01.05,state=track-pan",Orin final real four-LDR solar tracker
2026-08-10T07:56:32.194601+00:00,1,,0,57,21,71.0,0.071,0.005041,trk,0,Standby,Shading detection waits for a locked tracker and positive power.,normal,,,55.0,0.0,0.0,idle,27.5,50.0,track-pan,43.796,63.919,43.796,63.623,0.296,1,,,,,,,,,,,,CRC/QPSK/OFDM,1,0,129,133,1064,532,12,44,960,192,48,"p1br,seq=00057,frame_b=00133,bits=01064,qpsk=00532,ofdm=012,pad_q=00044,gap=0,ok=1","ldrtrk,seq=00057,pan=043.80,tilt=063.92,sun_pan=043.80,sun_tilt=063.62,err=00.30,state=track-pan",Orin final real four-LDR solar tracker
2026-08-10T07:56:32.788695+00:00,1,,0,58,21,67.0,0.067,0.004489,trk,0,OK,Panel response is 89.8% of the learned baseline.,normal,,,55.0,0.0,0.0,idle,27.5,50.0,locked,43.796,63.919,43.857,63.523,0.4,1,,,,,,,,,,,,CRC/QPSK/OFDM,1,0,129,133,1064,532,12,44,960,192,48,"p1br,seq=00058,frame_b=00133,bits=01064,qpsk=00532,ofdm=012,pad_q=00044,gap=0,ok=1","ldrtrk,seq=00058,pan=043.80,tilt=063.92,sun_pan=043.86,sun_tilt=063.52,err=00.40,state=locked",Orin final real four-LDR solar tracker
2026-08-10T07:56:33.203430+00:00,1,,0,59,21,71.0,0.071,0.005041,trk,0,OK,Panel response is 101.2% of the learned baseline.,normal,,,55.0,0.0,0.0,idle,27.5,50.0,locked,43.796,63.919,43.72,63.848,0.105,1,,,,,,,,,,,,CRC/QPSK/OFDM,1,0,129,133,1064,532,12,44,960,192,48,"p1br,seq=00059,frame_b=00133,bits=01064,qpsk=00532,ofdm=012,pad_q=00044,gap=0,ok=1","ldrtrk,seq=00059,pan=043.80,tilt=063.92,sun_pan=043.72,sun_tilt=063.85,err=00.10,state=locked",Orin final real four-LDR solar tracker
2026-08-10T07:56:33.813378+00:00,1,,0,60,21,67.0,0.067,0.004489,trk,0,OK,Panel response is 90.2% of the learned baseline.,normal,,,55.0,0.0,0.0,idle,27.5,50.0,locked,43.796,63.919,43.972,63.85,0.189,1,,,,,,,,,,,,CRC/QPSK/OFDM,1,0,129,133,1064,532,12,44,960,192,48,"p1br,seq=00060,frame_b=00133,bits=01064,qpsk=00532,ofdm=012,pad_q=00044,gap=0,ok=1","ldrtrk,seq=00060,pan=043.80,tilt=063.92,sun_pan=043.97,sun_tilt=063.85,err=00.19,state=locked",Orin final real four-LDR solar tracker
2026-08-10T07:56:34.224349+00:00,1,,0,61,21,71.0,0.071,0.005041,trk,0,OK,Panel response is 101.8% of the learned baseline.,normal,,,55.0,0.0,0.0,idle,27.5,50.0,locked,43.796,63.919,43.984,64.392,0.51,1,,,,,,,,,,,,CRC/QPSK/OFDM,1,0,129,133,1064,532,12,44,960,192,48,"p1br,seq=00061,frame_b=00133,bits=01064,qpsk=00532,ofdm=012,pad_q=00044,gap=0,ok=1","ldrtrk,seq=00061,pan=043.80,tilt=063.92,sun_pan=043.98,sun_tilt=064.39,err=00.51,state=locked",Orin final real four-LDR solar tracker
2026-08-10T07:56:34.719654+00:00,1,,0,62,21,67.0,0.067,0.004489,trk,0,OK,Panel response is 90.7% of the learned baseline.,normal,,,55.0,0.0,0.0,idle,27.5,50.0,locked,43.796,63.919,43.171,64.718,1.015,1,,,,,,,,,,,,CRC/QPSK/OFDM,1,0,129,133,1064,532,12,44,960,192,48,"p1br,seq=00062,frame_b=00133,bits=01064,qpsk=00532,ofdm=012,pad_q=00044,gap=0,ok=1","ldrtrk,seq=00062,pan=043.80,tilt=063.92,sun_pan=043.17,sun_tilt=064.72,err=01.02,state=locked",Orin final real four-LDR solar tracker
2026-08-10T07:56:35.248803+00:00,1,,0,63,21,53.0,0.053,0.002809,trk,0,OK,Panel response is 56.8% of the learned baseline.,normal,,,55.0,0.0,0.0,idle,27.5,50.0,locked,43.796,63.919,42.904,64.755,1.223,1,,,,,,,,,,,,CRC/QPSK/OFDM,1,0,129,133,1064,532,12,44,960,192,48,"p1br,seq=00063,frame_b=00133,bits=01064,qpsk=00532,ofdm=012,pad_q=00044,gap=0,ok=1","ldrtrk,seq=00063,pan=043.80,tilt=063.92,sun_pan=042.90,sun_tilt=064.75,err=01.22,state=locked",Orin final real four-LDR solar tracker
2026-08-10T07:56:35.724966+00:00,1,,0,64,21,71.0,0.071,0.005041,trk,0,OK,Panel response is 101.9% of the learned baseline.,normal,,,55.0,0.0,0.0,idle,27.5,50.0,locked,43.796,63.919,43.09,64.561,0.955,1,,,,,,,,,,,,CRC/QPSK/OFDM,1,0,129,133,1064,532,12,44,960,192,48,"p1br,seq=00064,frame_b=00133,bits=01064,qpsk=00532,ofdm=012,pad_q=00044,gap=0,ok=1","ldrtrk,seq=00064,pan=043.80,tilt=063.92,sun_pan=043.09,sun_tilt=064.56,err=00.95,state=locked",Orin final real four-LDR solar tracker
2026-08-10T07:56:36.270009+00:00,1,,0,65,21,71.0,0.071,0.005041,trk,0,OK,Panel response is 101.9% of the learned baseline.,normal,,,55.0,0.0,0.0,idle,27.5,50.0,locked,43.796,63.919,43.659,64.593,0.688,1,,,,,,,,,,,,CRC/QPSK/OFDM,1,0,129,133,1064,532,12,44,960,192,48,"p1br,seq=00065,frame_b=00133,bits=01064,qpsk=00532,ofdm=012,pad_q=00044,gap=0,ok=1","ldrtrk,seq=00065,pan=043.80,tilt=063.92,sun_pan=043.66,sun_tilt=064.59,err=00.69,state=locked",Orin final real four-LDR solar tracker
2026-08-10T07:56:36.732612+00:00,1,,0,66,21,71.0,0.071,0.005041,trk,0,OK,Panel response is 101.9% of the learned baseline.,normal,,,55.0,0.0,0.0,idle,27.5,50.0,locked,43.796,63.919,43.335,64.559,0.789,1,,,,,,,,,,,,CRC/QPSK/OFDM,1,0,129,133,1064,532,12,44,960,192,48,"p1br,seq=00066,frame_b=00133,bits=01064,qpsk=00532,ofdm=012,pad_q=00044,gap=0,ok=1","ldrtrk,seq=00066,pan=043.80,tilt=063.92,sun_pan=043.34,sun_tilt=064.56,err=00.79,state=locked",Orin final real four-LDR solar tracker
2026-08-10T07:56:37.295821+00:00,1,,0,67,21,67.0,0.067,0.004489,trk,0,OK,Panel response is 91.0% of the learned baseline.,normal,,,55.0,0.0,0.0,idle,27.5,50.0,locked,43.796,63.919,43.853,64.902,0.985,1,,,,,,,,,,,,CRC/QPSK/OFDM,1,0,129,133,1064,532,12,44,960,192,48,"p1br,seq=00067,frame_b=00133,bits=01064,qpsk=00532,ofdm=012,pad_q=00044,gap=0,ok=1","ldrtrk,seq=00067,pan=043.80,tilt=063.92,sun_pan=043.85,sun_tilt=064.90,err=00.98,state=locked",Orin final real four-LDR solar tracker
2026-08-10T07:56:37.755273+00:00,1,,0,68,21,71.0,0.071,0.005041,trk,0,Standby,Shading detection waits for a locked tracker and positive power.,normal,,,55.0,0.0,0.0,idle,27.5,50.0,track-tilt,43.796,63.919,44.21,64.99,1.149,1,,,,,,,,,,,,CRC/QPSK/OFDM,1,0,129,133,1064,532,12,44,960,192,48,"p1br,seq=00068,frame_b=00133,bits=01064,qpsk=00532,ofdm=012,pad_q=00044,gap=0,ok=1","ldrtrk,seq=00068,pan=043.80,tilt=063.92,sun_pan=044.21,sun_tilt=064.99,err=01.15,state=track-tilt",Orin final real four-LDR solar tracker
2026-08-10T07:56:38.251107+00:00,1,,0,69,21,71.0,0.071,0.005041,trk,0,OK,Panel response is 102.5% of the learned baseline.,normal,,,55.0,0.0,0.0,idle,27.5,50.0,locked,43.796,63.919,44.536,64.86,1.197,1,,,,,,,,,,,,CRC/QPSK/OFDM,1,0,129,133,1064,532,12,44,960,192,48,"p1br,seq=00069,frame_b=00133,bits=01064,qpsk=00532,ofdm=012,pad_q=00044,gap=0,ok=1","ldrtrk,seq=00069,pan=043.80,tilt=063.92,sun_pan=044.54,sun_tilt=064.86,err=01.20,state=locked",Orin final real four-LDR solar tracker
2026-08-10T07:56:38.763377+00:00,1,,0,70,21,71.0,0.071,0.005041,trk,0,OK,Panel response is 102.3% of the learned baseline.,normal,,,55.0,0.0,0.0,idle,27.5,50.0,locked,43.796,63.919,44.265,64.593,0.822,1,,,,,,,,,,,,CRC/QPSK/OFDM,1,0,129,133,1064,532,12,44,960,192,48,"p1br,seq=00070,frame_b=00133,bits=01064,qpsk=00532,ofdm=012,pad_q=00044,gap=0,ok=1","ldrtrk,seq=00070,pan=043.80,tilt=063.92,sun_pan=044.27,sun_tilt=064.59,err=00.82,state=locked",Orin final real four-LDR solar tracker
2026-08-10T07:56:39.259345+00:00,1,,0,71,21,67.0,0.067,0.004489,trk,0,OK,Panel response is 90.9% of the learned baseline.,normal,,,55.0,0.0,0.0,idle,27.5,50.0,locked,43.796,63.919,44.499,64.438,0.874,1,,,,,,,,,,,,CRC/QPSK/OFDM,1,0,129,133,1064,532,12,44,960,192,48,"p1br,seq=00071,frame_b=00133,bits=01064,qpsk=00532,ofdm=012,pad_q=00044,gap=0,ok=1","ldrtrk,seq=00071,pan=043.80,tilt=063.92,sun_pan=044.50,sun_tilt=064.44,err=00.87,state=locked",Orin final real four-LDR solar tracker
2026-08-10T07:56:39.770590+00:00,1,,0,72,21,71.0,0.071,0.005041,trk,0,OK,Panel response is 102.3% of the learned baseline.,normal,,,55.0,0.0,0.0,idle,27.5,50.0,locked,43.796,63.919,44.5,64.366,0.834,1,,,,,,,,,,,,CRC/QPSK/OFDM,1,0,129,133,1064,532,12,44,960,192,48,"p1br,seq=00072,frame_b=00133,bits=01064,qpsk=00532,ofdm=012,pad_q=00044,gap=0,ok=1","ldrtrk,seq=00072,pan=043.80,tilt=063.92,sun_pan=044.50,sun_tilt=064.37,err=00.83,state=locked",Orin final real four-LDR solar tracker
2026-08-10T07:56:40.281211+00:00,1,,0,73,21,71.0,0.071,0.005041,trk,0,Standby,Shading detection waits for a locked tracker and positive power.,normal,,,55.0,0.0,0.0,idle,27.5,50.0,track-pan,43.796,63.919,44.846,64.464,1.183,1,,,,,,,,,,,,CRC/QPSK/OFDM,1,0,129,133,1064,532,12,44,960,192,48,"p1br,seq=00073,frame_b=00133,bits=01064,qpsk=00532,ofdm=012,pad_q=00044,gap=0,ok=1","ldrtrk,seq=00073,pan=043.80,tilt=063.92,sun_pan=044.85,sun_tilt=064.46,err=01.18,state=track-pan",Orin final real four-LDR solar tracker
2026-08-10T07:56:40.778738+00:00,1,,0,74,21,67.0,0.067,0.004489,trk,0,OK,Panel response is 91.6% of the learned baseline.,normal,,,55.0,0.0,0.0,idle,27.5,50.0,locked,43.796,63.919,44.74,64.79,1.285,1,,,,,,,,,,,,CRC/QPSK/OFDM,1,0,129,133,1064,532,12,44,960,192,48,"p1br,seq=00074,frame_b=00133,bits=01064,qpsk=00532,ofdm=012,pad_q=00044,gap=0,ok=1","ldrtrk,seq=00074,pan=043.80,tilt=063.92,sun_pan=044.74,sun_tilt=064.79,err=01.28,state=locked",Orin final real four-LDR solar tracker
2026-08-10T07:56:41.289354+00:00,1,,0,75,21,67.0,0.067,0.004489,trk,0,Standby,Shading detection waits for a locked tracker and positive power.,normal,,,55.0,0.0,0.0,idle,27.5,50.0,track-pan,43.796,63.919,45.051,64.784,1.524,1,,,,,,,,,,,,CRC/QPSK/OFDM,1,0,129,133,1064,532,12,44,960,192,48,"p1br,seq=00075,frame_b=00133,bits=01064,qpsk=00532,ofdm=012,pad_q=00044,gap=0,ok=1","ldrtrk,seq=00075,pan=043.80,tilt=063.92,sun_pan=045.05,sun_tilt=064.78,err=01.52,state=track-pan",Orin final real four-LDR solar tracker
2026-08-10T07:56:41.785543+00:00,1,,0,76,22,71.0,0.071,0.005041,trk,0,Standby,Shading detection waits for a locked tracker and positive power.,normal,,,55.0,0.0,0.0,idle,27.5,50.0,track-pan,44.953,63.919,44.953,64.741,0.822,1,,,,,,,,,,,,CRC/QPSK/OFDM,1,0,129,133,1064,532,12,44,960,192,48,"p1br,seq=00076,frame_b=00133,bits=01064,qpsk=00532,ofdm=012,pad_q=00044,gap=0,ok=1","ldrtrk,seq=00076,pan=044.95,tilt=063.92,sun_pan=044.95,sun_tilt=064.74,err=00.82,state=track-pan",Orin final real four-LDR solar tracker
2026-08-10T07:56:42.295922+00:00,1,,0,77,22,75.0,0.075,0.005625,trk,0,OK,Panel response is 114.7% of the learned baseline.,normal,,,55.0,0.0,0.0,idle,27.5,50.0,locked,44.953,63.919,44.877,64.837,0.922,1,,,,,,,,,,,,CRC/QPSK/OFDM,1,0,129,133,1064,532,12,44,960,192,48,"p1br,seq=00077,frame_b=00133,bits=01064,qpsk=00532,ofdm=012,pad_q=00044,gap=0,ok=1","ldrtrk,seq=00077,pan=044.95,tilt=063.92,sun_pan=044.88,sun_tilt=064.84,err=00.92,state=locked",Orin final real four-LDR solar tracker
2026-08-10T07:56:42.791249+00:00,1,,0,78,22,67.0,0.067,0.004489,trk,0,Standby,Shading detection waits for a locked tracker and positive power.,normal,,,55.0,0.0,0.0,idle,27.5,50.0,track-tilt,44.953,63.919,44.801,64.933,1.026,1,,,,,,,,,,,,CRC/QPSK/OFDM,1,0,129,133,1064,532,12,44,960,192,48,"p1br,seq=00078,frame_b=00133,bits=01064,qpsk=00532,ofdm=012,pad_q=00044,gap=0,ok=1","ldrtrk,seq=00078,pan=044.95,tilt=063.92,sun_pan=044.80,sun_tilt=064.93,err=01.03,state=track-tilt",Orin final real four-LDR solar tracker
2026-08-10T07:56:43.302730+00:00,1,,0,79,22,71.0,0.071,0.005041,trk,0,Standby,Shading detection waits for a locked tracker and positive power.,normal,,,55.0,0.0,0.0,idle,27.5,50.0,track-tilt,44.953,64.94,44.653,64.94,0.3,1,,,,,,,,,,,,CRC/QPSK/OFDM,1,0,129,133,1064,532,12,44,960,192,48,"p1br,seq=00079,frame_b=00133,bits=01064,qpsk=00532,ofdm=012,pad_q=00044,gap=0,ok=1","ldrtrk,seq=00079,pan=044.95,tilt=064.94,sun_pan=044.65,sun_tilt=064.94,err=00.30,state=track-tilt",Orin final real four-LDR solar tracker
2026-08-10T07:56:43.813986+00:00,1,,0,80,22,67.0,0.067,0.004489,trk,0,OK,Panel response is 91.4% of the learned baseline.,normal,,,55.0,0.0,0.0,idle,27.5,50.0,locked,44.953,64.94,44.811,65.024,0.165,1,,,,,,,,,,,,CRC/QPSK/OFDM,1,0,129,133,1064,532,12,44,960,192,48,"p1br,seq=00080,frame_b=00133,bits=01064,qpsk=00532,ofdm=012,pad_q=00044,gap=0,ok=1","ldrtrk,seq=00080,pan=044.95,tilt=064.94,sun_pan=044.81,sun_tilt=065.02,err=00.17,state=locked",Orin final real four-LDR solar tracker
2026-08-10T07:56:44.309736+00:00,1,,0,81,22,67.0,0.067,0.004489,trk,0,OK,Panel response is 91.6% of the learned baseline.,normal,,,55.0,0.0,0.0,idle,27.5,50.0,locked,44.953,64.94,44.9,65.049,0.121,1,,,,,,,,,,,,CRC/QPSK/OFDM,1,0,129,133,1064,532,12,44,960,192,48,"p1br,seq=00081,frame_b=00133,bits=01064,qpsk=00532,ofdm=012,pad_q=00044,gap=0,ok=1","ldrtrk,seq=00081,pan=044.95,tilt=064.94,sun_pan=044.90,sun_tilt=065.05,err=00.12,state=locked",Orin final real four-LDR solar tracker
2026-08-10T07:56:44.820649+00:00,1,,0,82,22,67.0,0.067,0.004489,trk,0,OK,Panel response is 91.8% of the learned baseline.,normal,,,55.0,0.0,0.0,idle,27.5,50.0,locked,44.953,64.94,44.827,65.031,0.155,1,,,,,,,,,,,,CRC/QPSK/OFDM,1,0,129,133,1064,532,12,44,960,192,48,"p1br,seq=00082,frame_b=00133,bits=01064,qpsk=00532,ofdm=012,pad_q=00044,gap=0,ok=1","ldrtrk,seq=00082,pan=044.95,tilt=064.94,sun_pan=044.83,sun_tilt=065.03,err=00.16,state=locked",Orin final real four-LDR solar tracker
2026-08-10T07:56:45.315245+00:00,1,,0,83,22,71.0,0.071,0.005041,trk,0,OK,Panel response is 103.5% of the learned baseline.,normal,,,55.0,0.0,0.0,idle,27.5,50.0,locked,44.953,64.94,45.192,64.901,0.242,1,,,,,,,,,,,,CRC/QPSK/OFDM,1,0,129,133,1064,532,12,44,960,192,48,"p1br,seq=00083,frame_b=00133,bits=01064,qpsk=00532,ofdm=012,pad_q=00044,gap=0,ok=1","ldrtrk,seq=00083,pan=044.95,tilt=064.94,sun_pan=045.19,sun_tilt=064.90,err=00.24,state=locked",Orin final real four-LDR solar tracker
2026-08-10T07:56:45.827898+00:00,1,,0,84,22,67.0,0.067,0.004489,trk,0,OK,Panel response is 92.2% of the learned baseline.,normal,,,55.0,0.0,0.0,idle,27.5,50.0,locked,44.953,64.94,45.379,65.197,0.498,1,,,,,,,,,,,,CRC/QPSK/OFDM,1,0,129,133,1064,532,12,44,960,192,48,"p1br,seq=00084,frame_b=00133,bits=01064,qpsk=00532,ofdm=012,pad_q=00044,gap=0,ok=1","ldrtrk,seq=00084,pan=044.95,tilt=064.94,sun_pan=045.38,sun_tilt=065.20,err=00.50,state=locked",Orin final real four-LDR solar tracker
2026-08-10T07:56:46.338978+00:00,1,,0,85,22,67.0,0.067,0.004489,trk,0,Standby,Shading detection waits for a locked tracker and positive power.,normal,,,55.0,0.0,0.0,idle,27.5,50.0,track-pan,44.953,64.94,46.145,65.616,1.37,1,,,,,,,,,,,,CRC/QPSK/OFDM,1,0,129,133,1064,532,12,44,960,192,48,"p1br,seq=00085,frame_b=00133,bits=01064,qpsk=00532,ofdm=012,pad_q=00044,gap=0,ok=1","ldrtrk,seq=00085,pan=044.95,tilt=064.94,sun_pan=046.14,sun_tilt=065.62,err=01.37,state=track-pan",Orin final real four-LDR solar tracker
2026-08-10T07:56:46.834569+00:00,1,,0,86,22,71.0,0.071,0.005041,trk,0,OK,Panel response is 104.2% of the learned baseline.,normal,,,55.0,0.0,0.0,idle,27.5,50.0,locked,44.953,64.94,45.641,65.681,1.011,1,,,,,,,,,,,,CRC/QPSK/OFDM,1,0,129,133,1064,532,12,44,960,192,48,"p1br,seq=00086,frame_b=00133,bits=01064,qpsk=00532,ofdm=012,pad_q=00044,gap=0,ok=1","ldrtrk,seq=00086,pan=044.95,tilt=064.94,sun_pan=045.64,sun_tilt=065.68,err=01.01,state=locked",Orin final real four-LDR solar tracker
2026-08-10T07:56:47.346655+00:00,1,,0,87,22,71.0,0.071,0.005041,trk,0,OK,Panel response is 103.4% of the learned baseline.,normal,,,55.0,0.0,0.0,idle,27.5,50.0,locked,44.953,64.94,45.171,64.864,0.231,1,,,,,,,,,,,,CRC/QPSK/OFDM,1,0,129,133,1064,532,12,44,960,192,48,"p1br,seq=00087,frame_b=00133,bits=01064,qpsk=00532,ofdm=012,pad_q=00044,gap=0,ok=1","ldrtrk,seq=00087,pan=044.95,tilt=064.94,sun_pan=045.17,sun_tilt=064.86,err=00.23,state=locked",Orin final real four-LDR solar tracker
2026-08-10T07:56:47.842651+00:00,1,,0,88,22,67.0,0.067,0.004489,trk,0,OK,Panel response is 92.1% of the learned baseline.,normal,,,55.0,0.0,0.0,idle,27.5,50.0,locked,44.953,64.94,45.848,64.753,0.914,1,,,,,,,,,,,,CRC/QPSK/OFDM,1,0,129,133,1064,532,12,44,960,192,48,"p1br,seq=00088,frame_b=00133,bits=01064,qpsk=00532,ofdm=012,pad_q=00044,gap=0,ok=1","ldrtrk,seq=00088,pan=044.95,tilt=064.94,sun_pan=045.85,sun_tilt=064.75,err=00.91,state=locked",Orin final real four-LDR solar tracker
2026-08-10T07:56:48.354872+00:00,1,,0,89,22,67.0,0.067,0.004489,trk,0,Standby,Shading detection waits for a locked tracker and positive power.,normal,,,55.0,0.0,0.0,idle,27.5,50.0,track-pan,44.953,64.94,46.107,64.806,1.162,1,,,,,,,,,,,,CRC/QPSK/OFDM,1,0,129,133,1064,532,12,44,960,192,48,"p1br,seq=00089,frame_b=00133,bits=01064,qpsk=00532,ofdm=012,pad_q=00044,gap=0,ok=1","ldrtrk,seq=00089,pan=044.95,tilt=064.94,sun_pan=046.11,sun_tilt=064.81,err=01.16,state=track-pan",Orin final real four-LDR solar tracker
2026-08-10T07:56:48.850711+00:00,1,,0,90,23,67.0,0.067,0.004489,trk,0,Standby,Shading detection waits for a locked tracker and positive power.,normal,,,55.0,0.0,0.0,idle,27.5,50.0,track-pan,46.132,64.94,46.132,64.801,0.139,1,,,,,,,,,,,,CRC/QPSK/OFDM,1,0,129,133,1064,532,12,44,960,192,48,"p1br,seq=00090,frame_b=00133,bits=01064,qpsk=00532,ofdm=012,pad_q=00044,gap=0,ok=1","ldrtrk,seq=00090,pan=046.13,tilt=064.94,sun_pan=046.13,sun_tilt=064.80,err=00.14,state=track-pan",Orin final real four-LDR solar tracker
2026-08-10T07:56:49.362424+00:00,1,,0,91,23,71.0,0.071,0.005041,trk,0,OK,Panel response is 103.7% of the learned baseline.,normal,,,55.0,0.0,0.0,idle,27.5,50.0,locked,46.132,64.94,46.369,64.817,0.267,1,,,,,,,,,,,,CRC/QPSK/OFDM,1,0,129,133,1064,532,12,44,960,192,48,"p1br,seq=00091,frame_b=00133,bits=01064,qpsk=00532,ofdm=012,pad_q=00044,gap=0,ok=1","ldrtrk,seq=00091,pan=046.13,tilt=064.94,sun_pan=046.37,sun_tilt=064.82,err=00.27,state=locked",Orin final real four-LDR solar tracker
2026-08-10T07:56:49.872681+00:00,1,,0,92,23,67.0,0.067,0.004489,trk,0,OK,Panel response is 92.3% of the learned baseline.,normal,,,55.0,0.0,0.0,idle,27.5,50.0,locked,46.132,64.94,46.36,64.714,0.321,1,,,,,,,,,,,,CRC/QPSK/OFDM,1,0,129,133,1064,532,12,44,960,192,48,"p1br,seq=00092,frame_b=00133,bits=01064,qpsk=00532,ofdm=012,pad_q=00044,gap=0,ok=1","ldrtrk,seq=00092,pan=046.13,tilt=064.94,sun_pan=046.36,sun_tilt=064.71,err=00.32,state=locked",Orin final real four-LDR solar tracker
2026-08-10T07:56:50.368985+00:00,1,,0,93,23,67.0,0.067,0.004489,trk,0,OK,Panel response is 92.3% of the learned baseline.,normal,,,55.0,0.0,0.0,idle,27.5,50.0,locked,46.132,64.94,46.336,64.677,0.333,1,,,,,,,,,,,,CRC/QPSK/OFDM,1,0,129,133,1064,532,12,44,960,192,48,"p1br,seq=00093,frame_b=00133,bits=01064,qpsk=00532,ofdm=012,pad_q=00044,gap=0,ok=1","ldrtrk,seq=00093,pan=046.13,tilt=064.94,sun_pan=046.34,sun_tilt=064.68,err=00.33,state=locked",Orin final real four-LDR solar tracker
2026-08-10T07:56:50.878898+00:00,1,,0,94,23,67.0,0.067,0.004489,trk,0,OK,Panel response is 92.5% of the learned baseline.,normal,,,55.0,0.0,0.0,idle,27.5,50.0,locked,46.132,64.94,46.421,64.67,0.395,1,,,,,,,,,,,,CRC/QPSK/OFDM,1,0,129,133,1064,532,12,44,960,192,48,"p1br,seq=00094,frame_b=00133,bits=01064,qpsk=00532,ofdm=012,pad_q=00044,gap=0,ok=1","ldrtrk,seq=00094,pan=046.13,tilt=064.94,sun_pan=046.42,sun_tilt=064.67,err=00.40,state=locked",Orin final real four-LDR solar tracker
2026-08-10T07:56:51.374142+00:00,1,,0,95,23,67.0,0.067,0.004489,trk,0,OK,Panel response is 92.7% of the learned baseline.,normal,,,55.0,0.0,0.0,idle,27.5,50.0,locked,46.132,64.94,46.186,64.655,0.29,1,,,,,,,,,,,,CRC/QPSK/OFDM,1,0,129,133,1064,532,12,44,960,192,48,"p1br,seq=00095,frame_b=00133,bits=01064,qpsk=00532,ofdm=012,pad_q=00044,gap=0,ok=1","ldrtrk,seq=00095,pan=046.13,tilt=064.94,sun_pan=046.19,sun_tilt=064.65,err=00.29,state=locked",Orin final real four-LDR solar tracker
2026-08-10T07:56:51.885701+00:00,1,,0,96,23,67.0,0.067,0.004489,trk,0,OK,Panel response is 92.8% of the learned baseline.,normal,,,55.0,0.0,0.0,idle,27.5,50.0,locked,46.132,64.94,46.174,64.637,0.306,1,,,,,,,,,,,,CRC/QPSK/OFDM,1,0,129,133,1064,532,12,44,960,192,48,"p1br,seq=00096,frame_b=00133,bits=01064,qpsk=00532,ofdm=012,pad_q=00044,gap=0,ok=1","ldrtrk,seq=00096,pan=046.13,tilt=064.94,sun_pan=046.17,sun_tilt=064.64,err=00.31,state=locked",Orin final real four-LDR solar tracker
2026-08-10T07:56:52.397264+00:00,1,,0,97,23,62.0,0.062,0.003844,trk,0,OK,Panel response is 79.5% of the learned baseline.,normal,,,55.0,0.0,0.0,idle,27.5,50.0,locked,46.132,64.94,46.241,64.623,0.335,1,,,,,,,,,,,,CRC/QPSK/OFDM,1,0,129,133,1064,532,12,44,960,192,48,"p1br,seq=00097,frame_b=00133,bits=01064,qpsk=00532,ofdm=012,pad_q=00044,gap=0,ok=1","ldrtrk,seq=00097,pan=046.13,tilt=064.94,sun_pan=046.24,sun_tilt=064.62,err=00.33,state=locked",Orin final real four-LDR solar tracker
2026-08-10T07:56:52.893434+00:00,1,,0,98,23,71.0,0.071,0.005041,trk,0,OK,Panel response is 104.3% of the learned baseline.,normal,,,55.0,0.0,0.0,idle,27.5,50.0,locked,46.132,64.94,46.483,64.386,0.656,1,,,,,,,,,,,,CRC/QPSK/OFDM,1,0,129,133,1064,532,12,44,960,192,48,"p1br,seq=00098,frame_b=00133,bits=01064,qpsk=00532,ofdm=012,pad_q=00044,gap=0,ok=1","ldrtrk,seq=00098,pan=046.13,tilt=064.94,sun_pan=046.48,sun_tilt=064.39,err=00.66,state=locked",Orin final real four-LDR solar tracker
2026-08-10T07:56:53.404234+00:00,1,,0,99,23,67.0,0.067,0.004489,trk,0,OK,Panel response is 92.6% of the learned baseline.,normal,,,55.0,0.0,0.0,idle,27.5,50.0,locked,46.132,64.94,45.894,64.547,0.459,1,,,,,,,,,,,,CRC/QPSK/OFDM,1,0,129,133,1064,532,12,44,960,192,48,"p1br,seq=00099,frame_b=00133,bits=01064,qpsk=00532,ofdm=012,pad_q=00044,gap=0,ok=1","ldrtrk,seq=00099,pan=046.13,tilt=064.94,sun_pan=045.89,sun_tilt=064.55,err=00.46,state=locked",Orin final real four-LDR solar tracker
2026-08-10T07:56:53.898849+00:00,1,,0,100,23,67.0,0.067,0.004489,trk,0,OK,Panel response is 92.9% of the learned baseline.,normal,,,55.0,0.0,0.0,idle,27.5,50.0,locked,46.132,64.94,45.992,64.517,0.446,1,,,,,,,,,,,,CRC/QPSK/OFDM,1,0,129,133,1064,532,12,44,960,192,48,"p1br,seq=00100,frame_b=00133,bits=01064,qpsk=00532,ofdm=012,pad_q=00044,gap=0,ok=1","ldrtrk,seq=00100,pan=046.13,tilt=064.94,sun_pan=045.99,sun_tilt=064.52,err=00.45,state=locked",Orin final real four-LDR solar tracker
2026-08-10T07:56:54.411134+00:00,1,,0,101,23,67.0,0.067,0.004489,trk,0,OK,Panel response is 92.9% of the learned baseline.,normal,,,55.0,0.0,0.0,idle,27.5,50.0,locked,46.132,64.94,46.226,64.533,0.418,1,,,,,,,,,,,,CRC/QPSK/OFDM,1,0,129,133,1064,532,12,44,960,192,48,"p1br,seq=00101,frame_b=00133,bits=01064,qpsk=00532,ofdm=012,pad_q=00044,gap=0,ok=1","ldrtrk,seq=00101,pan=046.13,tilt=064.94,sun_pan=046.23,sun_tilt=064.53,err=00.42,state=locked",Orin final real four-LDR solar tracker
2026-08-10T07:56:54.922450+00:00,1,,0,102,23,67.0,0.067,0.004489,trk,0,OK,Panel response is 93.0% of the learned baseline.,normal,,,55.0,0.0,0.0,idle,27.5,50.0,locked,46.132,64.94,46.138,64.623,0.317,1,,,,,,,,,,,,CRC/QPSK/OFDM,1,0,129,133,1064,532,12,44,960,192,48,"p1br,seq=00102,frame_b=00133,bits=01064,qpsk=00532,ofdm=012,pad_q=00044,gap=0,ok=1","ldrtrk,seq=00102,pan=046.13,tilt=064.94,sun_pan=046.14,sun_tilt=064.62,err=00.32,state=locked",Orin final real four-LDR solar tracker
2026-08-10T07:56:55.419869+00:00,1,,0,103,23,67.0,0.067,0.004489,trk,0,OK,Panel response is 93.2% of the learned baseline.,normal,,,55.0,0.0,0.0,idle,27.5,50.0,locked,46.132,64.94,46.136,64.509,0.431,1,,,,,,,,,,,,CRC/QPSK/OFDM,1,0,129,133,1064,532,12,44,960,192,48,"p1br,seq=00103,frame_b=00133,bits=01064,qpsk=00532,ofdm=012,pad_q=00044,gap=0,ok=1","ldrtrk,seq=00103,pan=046.13,tilt=064.94,sun_pan=046.14,sun_tilt=064.51,err=00.43,state=locked",Orin final real four-LDR solar tracker
2026-08-10T07:56:55.931123+00:00,1,,0,104,23,67.0,0.067,0.004489,trk,0,OK,Panel response is 93.1% of the learned baseline.,normal,,,55.0,0.0,0.0,idle,27.5,50.0,locked,46.132,64.94,46.25,64.321,0.63,1,,,,,,,,,,,,CRC/QPSK/OFDM,1,0,129,133,1064,532,12,44,960,192,48,"p1br,seq=00104,frame_b=00133,bits=01064,qpsk=00532,ofdm=012,pad_q=00044,gap=0,ok=1","ldrtrk,seq=00104,pan=046.13,tilt=064.94,sun_pan=046.25,sun_tilt=064.32,err=00.63,state=locked",Orin final real four-LDR solar tracker
2026-08-10T07:56:56.426693+00:00,1,,0,105,23,67.0,0.067,0.004489,trk,0,OK,Panel response is 93.2% of the learned baseline.,normal,,,55.0,0.0,0.0,idle,27.5,50.0,locked,46.132,64.94,46.016,64.347,0.604,1,,,,,,,,,,,,CRC/QPSK/OFDM,1,0,129,133,1064,532,12,44,960,192,48,"p1br,seq=00105,frame_b=00133,bits=01064,qpsk=00532,ofdm=012,pad_q=00044,gap=0,ok=1","ldrtrk,seq=00105,pan=046.13,tilt=064.94,sun_pan=046.02,sun_tilt=064.35,err=00.60,state=locked",Orin final real four-LDR solar tracker
2026-08-10T07:56:56.940670+00:00,1,,0,106,23,67.0,0.067,0.004489,trk,0,OK,Panel response is 93.4% of the learned baseline.,normal,,,55.0,0.0,0.0,idle,27.5,50.0,locked,46.132,64.94,45.948,64.402,0.569,1,,,,,,,,,,,,CRC/QPSK/OFDM,1,0,129,133,1064,532,12,44,960,192,48,"p1br,seq=00106,frame_b=00133,bits=01064,qpsk=00532,ofdm=012,pad_q=00044,gap=0,ok=1","ldrtrk,seq=00106,pan=046.13,tilt=064.94,sun_pan=045.95,sun_tilt=064.40,err=00.57,state=locked",Orin final real four-LDR solar tracker
2026-08-10T07:56:57.432287+00:00,1,,0,107,23,67.0,0.067,0.004489,trk,0,OK,Panel response is 93.5% of the learned baseline.,normal,,,55.0,0.0,0.0,idle,27.5,50.0,locked,46.132,64.94,45.856,64.462,0.552,1,,,,,,,,,,,,CRC/QPSK/OFDM,1,0,129,133,1064,532,12,44,960,192,48,"p1br,seq=00107,frame_b=00133,bits=01064,qpsk=00532,ofdm=012,pad_q=00044,gap=0,ok=1","ldrtrk,seq=00107,pan=046.13,tilt=064.94,sun_pan=045.86,sun_tilt=064.46,err=00.55,state=locked",Orin final real four-LDR solar tracker
2026-08-10T07:56:57.944238+00:00,1,,0,108,23,71.0,0.071,0.005041,trk,0,OK,Panel response is 105.1% of the learned baseline.,normal,,,55.0,0.0,0.0,idle,27.5,50.0,locked,46.132,64.94,46.172,64.316,0.626,1,,,,,,,,,,,,CRC/QPSK/OFDM,1,0,129,133,1064,532,12,44,960,192,48,"p1br,seq=00108,frame_b=00133,bits=01064,qpsk=00532,ofdm=012,pad_q=00044,gap=0,ok=1","ldrtrk,seq=00108,pan=046.13,tilt=064.94,sun_pan=046.17,sun_tilt=064.32,err=00.63,state=locked",Orin final real four-LDR solar tracker
2026-08-10T07:56:58.456428+00:00,1,,0,109,23,67.0,0.067,0.004489,trk,0,OK,Panel response is 93.6% of the learned baseline.,normal,,,55.0,0.0,0.0,idle,27.5,50.0,locked,46.132,64.94,46.022,64.221,0.727,1,,,,,,,,,,,,CRC/QPSK/OFDM,1,0,129,133,1064,532,12,44,960,192,48,"p1br,seq=00109,frame_b=00133,bits=01064,qpsk=00532,ofdm=012,pad_q=00044,gap=0,ok=1","ldrtrk,seq=00109,pan=046.13,tilt=064.94,sun_pan=046.02,sun_tilt=064.22,err=00.73,state=locked",Orin final real four-LDR solar tracker
2026-08-10T07:56:58.950527+00:00,1,,0,110,23,67.0,0.067,0.004489,trk,0,OK,Panel response is 93.6% of the learned baseline.,normal,,,55.0,0.0,0.0,idle,27.5,50.0,locked,46.132,64.94,46.004,64.215,0.736,1,,,,,,,,,,,,CRC/QPSK/OFDM,1,0,129,133,1064,532,12,44,960,192,48,"p1br,seq=00110,frame_b=00133,bits=01064,qpsk=00532,ofdm=012,pad_q=00044,gap=0,ok=1","ldrtrk,seq=00110,pan=046.13,tilt=064.94,sun_pan=046.00,sun_tilt=064.21,err=00.74,state=locked",Orin final real four-LDR solar tracker
2026-08-10T07:56:59.461257+00:00,1,,0,111,23,67.0,0.067,0.004489,trk,0,OK,Panel response is 93.7% of the learned baseline.,normal,,,55.0,0.0,0.0,idle,27.5,50.0,locked,46.132,64.94,45.922,64.449,0.534,1,,,,,,,,,,,,CRC/QPSK/OFDM,1,0,129,133,1064,532,12,44,960,192,48,"p1br,seq=00111,frame_b=00133,bits=01064,qpsk=00532,ofdm=012,pad_q=00044,gap=0,ok=1","ldrtrk,seq=00111,pan=046.13,tilt=064.94,sun_pan=045.92,sun_tilt=064.45,err=00.53,state=locked",Orin final real four-LDR solar tracker
2026-08-10T07:56:59.958565+00:00,1,,0,112,23,67.0,0.067,0.004489,trk,0,OK,Panel response is 93.9% of the learned baseline.,normal,,,55.0,0.0,0.0,idle,27.5,50.0,locked,46.132,64.94,46.174,64.274,0.668,1,,,,,,,,,,,,CRC/QPSK/OFDM,1,0,129,133,1064,532,12,44,960,192,48,"p1br,seq=00112,frame_b=00133,bits=01064,qpsk=00532,ofdm=012,pad_q=00044,gap=0,ok=1","ldrtrk,seq=00112,pan=046.13,tilt=064.94,sun_pan=046.17,sun_tilt=064.27,err=00.67,state=locked",Orin final real four-LDR solar tracker
2026-08-10T07:57:00.469844+00:00,1,,0,113,23,67.0,0.067,0.004489,trk,0,OK,Panel response is 93.9% of the learned baseline.,normal,,,55.0,0.0,0.0,idle,27.5,50.0,locked,46.132,64.94,45.987,64.209,0.746,1,,,,,,,,,,,,CRC/QPSK/OFDM,1,0,129,133,1064,532,12,44,960,192,48,"p1br,seq=00113,frame_b=00133,bits=01064,qpsk=00532,ofdm=012,pad_q=00044,gap=0,ok=1","ldrtrk,seq=00113,pan=046.13,tilt=064.94,sun_pan=045.99,sun_tilt=064.21,err=00.75,state=locked",Orin final real four-LDR solar tracker
2026-08-10T07:57:00.980721+00:00,1,,0,114,23,67.0,0.067,0.004489,trk,0,OK,Panel response is 93.9% of the learned baseline.,normal,,,55.0,0.0,0.0,idle,27.5,50.0,locked,46.132,64.94,46.057,64.226,0.718,1,,,,,,,,,,,,CRC/QPSK/OFDM,1,0,129,133,1064,532,12,44,960,192,48,"p1br,seq=00114,frame_b=00133,bits=01064,qpsk=00532,ofdm=012,pad_q=00044,gap=0,ok=1","ldrtrk,seq=00114,pan=046.13,tilt=064.94,sun_pan=046.06,sun_tilt=064.23,err=00.72,state=locked",Orin final real four-LDR solar tracker
2026-08-10T07:57:01.477269+00:00,1,,0,115,23,71.0,0.071,0.005041,trk,0,OK,Panel response is 105.6% of the learned baseline.,normal,,,55.0,0.0,0.0,idle,27.5,50.0,locked,46.132,64.94,46.051,64.082,0.862,1,,,,,,,,,,,,CRC/QPSK/OFDM,1,0,129,133,1064,532,12,44,960,192,48,"p1br,seq=00115,frame_b=00133,bits=01064,qpsk=00532,ofdm=012,pad_q=00044,gap=0,ok=1","ldrtrk,seq=00115,pan=046.13,tilt=064.94,sun_pan=046.05,sun_tilt=064.08,err=00.86,state=locked",Orin final real four-LDR solar tracker
2026-08-10T07:57:01.987197+00:00,1,,0,116,23,67.0,0.067,0.004489,trk,0,OK,Panel response is 93.7% of the learned baseline.,normal,,,55.0,0.0,0.0,idle,27.5,50.0,locked,46.132,64.94,45.535,64.342,0.845,1,,,,,,,,,,,,CRC/QPSK/OFDM,1,0,129,133,1064,532,12,44,960,192,48,"p1br,seq=00116,frame_b=00133,bits=01064,qpsk=00532,ofdm=012,pad_q=00044,gap=0,ok=1","ldrtrk,seq=00116,pan=046.13,tilt=064.94,sun_pan=045.54,sun_tilt=064.34,err=00.84,state=locked",Orin final real four-LDR solar tracker
2026-08-10T07:57:02.483634+00:00,1,,0,117,23,67.0,0.067,0.004489,trk,0,Standby,Shading detection waits for a locked tracker and positive power.,normal,,,55.0,0.0,0.0,idle,27.5,50.0,track-pan,46.132,64.94,44.427,64.222,1.85,1,,,,,,,,,,,,CRC/QPSK/OFDM,1,0,129,133,1064,532,12,44,960,192,48,"p1br,seq=00117,frame_b=00133,bits=01064,qpsk=00532,ofdm=012,pad_q=00044,gap=0,ok=1","ldrtrk,seq=00117,pan=046.13,tilt=064.94,sun_pan=044.43,sun_tilt=064.22,err=01.85,state=track-pan",Orin final real four-LDR solar tracker
2026-08-10T07:57:02.997154+00:00,1,,0,118,21,67.0,0.067,0.004489,trk,0,Standby,Shading detection waits for a locked tracker and positive power.,normal,,,55.0,0.0,0.0,idle,27.5,50.0,track-pan,44.188,64.94,44.188,64.357,0.583,1,,,,,,,,,,,,CRC/QPSK/OFDM,1,0,129,133,1064,532,12,44,960,192,48,"p1br,seq=00118,frame_b=00133,bits=01064,qpsk=00532,ofdm=012,pad_q=00044,gap=0,ok=1","ldrtrk,seq=00118,pan=044.19,tilt=064.94,sun_pan=044.19,sun_tilt=064.36,err=00.58,state=track-pan",Orin final real four-LDR solar tracker
2026-08-10T07:57:03.491196+00:00,1,,0,119,21,71.0,0.071,0.005041,trk,0,Standby,Shading detection waits for a locked tracker and positive power.,normal,,,55.0,0.0,0.0,idle,27.5,50.0,track-pan,43.149,64.94,43.149,64.679,0.261,1,,,,,,,,,,,,CRC/QPSK/OFDM,1,0,129,133,1064,532,12,44,960,192,48,"p1br,seq=00119,frame_b=00133,bits=01064,qpsk=00532,ofdm=012,pad_q=00044,gap=0,ok=1","ldrtrk,seq=00119,pan=043.15,tilt=064.94,sun_pan=043.15,sun_tilt=064.68,err=00.26,state=track-pan",Orin final real four-LDR solar tracker
2026-08-10T07:57:04.003208+00:00,1,,0,120,21,67.0,0.067,0.004489,trk,0,Standby,Shading detection waits for a locked tracker and positive power.,normal,,,55.0,0.0,0.0,idle,27.5,50.0,track-pan,43.149,64.94,44.377,64.919,1.228,1,,,,,,,,,,,,CRC/QPSK/OFDM,1,0,129,133,1064,532,12,44,960,192,48,"p1br,seq=00120,frame_b=00133,bits=01064,qpsk=00532,ofdm=012,pad_q=00044,gap=0,ok=1","ldrtrk,seq=00120,pan=043.15,tilt=064.94,sun_pan=044.38,sun_tilt=064.92,err=01.23,state=track-pan",Orin final real four-LDR solar tracker
2026-08-10T07:57:04.514731+00:00,1,,0,121,22,67.0,0.067,0.004489,trk,0,Standby,Shading detection waits for a locked tracker and positive power.,normal,,,55.0,0.0,0.0,idle,27.5,50.0,track-pan,44.899,64.94,44.899,65.193,0.253,1,,,,,,,,,,,,CRC/QPSK/OFDM,1,0,129,133,1064,532,12,44,960,192,48,"p1br,seq=00121,frame_b=00133,bits=01064,qpsk=00532,ofdm=012,pad_q=00044,gap=0,ok=1","ldrtrk,seq=00121,pan=044.90,tilt=064.94,sun_pan=044.90,sun_tilt=065.19,err=00.25,state=track-pan",Orin final real four-LDR solar tracker
2026-08-10T07:57:05.010779+00:00,1,,0,122,22,71.0,0.071,0.005041,trk,0,OK,Panel response is 105.8% of the learned baseline.,normal,,,55.0,0.0,0.0,idle,27.5,50.0,locked,44.899,64.94,44.556,64.999,0.348,1,,,,,,,,,,,,CRC/QPSK/OFDM,1,0,129,133,1064,532,12,44,960,192,48,"p1br,seq=00122,frame_b=00133,bits=01064,qpsk=00532,ofdm=012,pad_q=00044,gap=0,ok=1","ldrtrk,seq=00122,pan=044.90,tilt=064.94,sun_pan=044.56,sun_tilt=065.00,err=00.35,state=locked",Orin final real four-LDR solar tracker
2026-08-10T07:57:05.520547+00:00,1,,0,123,22,71.0,0.071,0.005041,trk,0,OK,Panel response is 105.4% of the learned baseline.,normal,,,55.0,0.0,0.0,idle,27.5,50.0,locked,44.899,64.94,44.517,64.649,0.481,1,,,,,,,,,,,,CRC/QPSK/OFDM,1,0,129,133,1064,532,12,44,960,192,48,"p1br,seq=00123,frame_b=00133,bits=01064,qpsk=00532,ofdm=012,pad_q=00044,gap=0,ok=1","ldrtrk,seq=00123,pan=044.90,tilt=064.94,sun_pan=044.52,sun_tilt=064.65,err=00.48,state=locked",Orin final real four-LDR solar tracker
2026-08-10T07:57:06.017095+00:00,1,,0,124,22,71.0,0.071,0.005041,trk,0,OK,Panel response is 105.3% of the learned baseline.,normal,,,55.0,0.0,0.0,idle,27.5,50.0,locked,44.899,64.94,44.851,64.278,0.664,1,,,,,,,,,,,,CRC/QPSK/OFDM,1,0,129,133,1064,532,12,44,960,192,48,"p1br,seq=00124,frame_b=00133,bits=01064,qpsk=00532,ofdm=012,pad_q=00044,gap=0,ok=1","ldrtrk,seq=00124,pan=044.90,tilt=064.94,sun_pan=044.85,sun_tilt=064.28,err=00.66,state=locked",Orin final real four-LDR solar tracker
2026-08-10T07:57:06.528813+00:00,1,,0,125,22,67.0,0.067,0.004489,trk,0,OK,Panel response is 93.8% of the learned baseline.,normal,,,55.0,0.0,0.0,idle,27.5,50.0,locked,44.899,64.94,44.702,64.716,0.299,1,,,,,,,,,,,,CRC/QPSK/OFDM,1,0,129,133,1064,532,12,44,960,192,48,"p1br,seq=00125,frame_b=00133,bits=01064,qpsk=00532,ofdm=012,pad_q=00044,gap=0,ok=1","ldrtrk,seq=00125,pan=044.90,tilt=064.94,sun_pan=044.70,sun_tilt=064.72,err=00.30,state=locked",Orin final real four-LDR solar tracker
2026-08-10T07:57:07.038526+00:00,1,,0,126,22,71.0,0.071,0.005041,trk,0,OK,Panel response is 105.5% of the learned baseline.,normal,,,55.0,0.0,0.0,idle,27.5,50.0,locked,44.899,64.94,44.877,64.909,0.038,1,,,,,,,,,,,,CRC/QPSK/OFDM,1,0,129,133,1064,532,12,44,960,192,48,"p1br,seq=00126,frame_b=00133,bits=01064,qpsk=00532,ofdm=012,pad_q=00044,gap=0,ok=1","ldrtrk,seq=00126,pan=044.90,tilt=064.94,sun_pan=044.88,sun_tilt=064.91,err=00.04,state=locked",Orin final real four-LDR solar tracker
2026-08-10T07:57:07.534225+00:00,1,,0,127,22,71.0,0.071,0.005041,trk,0,OK,Panel response is 105.7% of the learned baseline.,normal,,,55.0,0.0,0.0,idle,27.5,50.0,locked,44.899,64.94,45.166,65.092,0.307,1,,,,,,,,,,,,CRC/QPSK/OFDM,1,0,129,133,1064,532,12,44,960,192,48,"p1br,seq=00127,frame_b=00133,bits=01064,qpsk=00532,ofdm=012,pad_q=00044,gap=0,ok=1","ldrtrk,seq=00127,pan=044.90,tilt=064.94,sun_pan=045.17,sun_tilt=065.09,err=00.31,state=locked",Orin final real four-LDR solar tracker
2026-08-10T07:57:08.044730+00:00,1,,0,128,22,67.0,0.067,0.004489,trk,0,OK,Panel response is 94.0% of the learned baseline.,normal,,,55.0,0.0,0.0,idle,27.5,50.0,locked,44.899,64.94,45.173,65.08,0.307,1,,,,,,,,,,,,CRC/QPSK/OFDM,1,0,129,133,1064,532,12,44,960,192,48,"p1br,seq=00128,frame_b=00133,bits=01064,qpsk=00532,ofdm=012,pad_q=00044,gap=0,ok=1","ldrtrk,seq=00128,pan=044.90,tilt=064.94,sun_pan=045.17,sun_tilt=065.08,err=00.31,state=locked",Orin final real four-LDR solar tracker
2026-08-10T07:57:08.540984+00:00,1,,0,129,22,67.0,0.067,0.004489,trk,0,OK,Panel response is 94.0% of the learned baseline.,normal,,,55.0,0.0,0.0,idle,27.5,50.0,locked,44.899,64.94,44.732,64.946,0.167,1,,,,,,,,,,,,CRC/QPSK/OFDM,1,0,129,133,1064,532,12,44,960,192,48,"p1br,seq=00129,frame_b=00133,bits=01064,qpsk=00532,ofdm=012,pad_q=00044,gap=0,ok=1","ldrtrk,seq=00129,pan=044.90,tilt=064.94,sun_pan=044.73,sun_tilt=064.95,err=00.17,state=locked",Orin final real four-LDR solar tracker
2026-08-10T07:57:09.052980+00:00,1,,0,130,22,67.0,0.067,0.004489,trk,0,OK,Panel response is 93.9% of the learned baseline.,normal,,,55.0,0.0,0.0,idle,27.5,50.0,locked,44.899,64.94,44.702,64.644,0.356,1,,,,,,,,,,,,CRC/QPSK/OFDM,1,0,129,133,1064,532,12,44,960,192,48,"p1br,seq=00130,frame_b=00133,bits=01064,qpsk=00532,ofdm=012,pad_q=00044,gap=0,ok=1","ldrtrk,seq=00130,pan=044.90,tilt=064.94,sun_pan=044.70,sun_tilt=064.64,err=00.36,state=locked",Orin final real four-LDR solar tracker
2026-08-10T07:57:09.563439+00:00,1,,0,131,22,71.0,0.071,0.005041,trk,0,OK,Panel response is 105.5% of the learned baseline.,normal,,,55.0,0.0,0.0,idle,27.5,50.0,locked,44.899,64.94,44.767,64.673,0.298,1,,,,,,,,,,,,CRC/QPSK/OFDM,1,0,129,133,1064,532,12,44,960,192,48,"p1br,seq=00131,frame_b=00133,bits=01064,qpsk=00532,ofdm=012,pad_q=00044,gap=0,ok=1","ldrtrk,seq=00131,pan=044.90,tilt=064.94,sun_pan=044.77,sun_tilt=064.67,err=00.30,state=locked",Orin final real four-LDR solar tracker
2026-08-10T07:57:10.059036+00:00,1,,0,132,22,67.0,0.067,0.004489,trk,0,OK,Panel response is 93.7% of the learned baseline.,normal,,,55.0,0.0,0.0,idle,27.5,50.0,locked,44.899,64.94,44.664,64.325,0.658,1,,,,,,,,,,,,CRC/QPSK/OFDM,1,0,129,133,1064,532,12,44,960,192,48,"p1br,seq=00132,frame_b=00133,bits=01064,qpsk=00532,ofdm=012,pad_q=00044,gap=0,ok=1","ldrtrk,seq=00132,pan=044.90,tilt=064.94,sun_pan=044.66,sun_tilt=064.33,err=00.66,state=locked",Orin final real four-LDR solar tracker
2026-08-10T07:57:10.570586+00:00,1,,0,133,22,71.0,0.071,0.005041,trk,0,OK,Panel response is 106.0% of the learned baseline.,normal,,,55.0,0.0,0.0,idle,27.5,50.0,locked,44.899,64.94,44.579,65.416,0.574,1,,,,,,,,,,,,CRC/QPSK/OFDM,1,0,129,133,1064,532,12,44,960,192,48,"p1br,seq=00133,frame_b=00133,bits=01064,qpsk=00532,ofdm=012,pad_q=00044,gap=0,ok=1","ldrtrk,seq=00133,pan=044.90,tilt=064.94,sun_pan=044.58,sun_tilt=065.42,err=00.57,state=locked",Orin final real four-LDR solar tracker
2026-08-10T07:57:11.067246+00:00,1,,0,134,22,71.0,0.071,0.005041,trk,0,Standby,Shading detection waits for a locked tracker and positive power.,normal,,,55.0,0.0,0.0,idle,27.5,50.0,track-tilt,44.899,64.94,41.202,59.872,6.273,1,,,,,,,,,,,,CRC/QPSK/OFDM,1,0,129,133,1064,532,12,44,960,192,48,"p1br,seq=00134,frame_b=00133,bits=01064,qpsk=00532,ofdm=012,pad_q=00044,gap=0,ok=1","ldrtrk,seq=00134,pan=044.90,tilt=064.94,sun_pan=041.20,sun_tilt=059.87,err=06.27,state=track-tilt",Orin final real four-LDR solar tracker
2026-08-10T07:57:11.580102+00:00,1,,0,135,22,75.0,0.075,0.005625,trk,0,Standby,Shading detection waits for a locked tracker and positive power.,normal,,,55.0,0.0,0.0,idle,27.5,50.0,track-tilt,44.899,61.94,41.297,59.176,4.54,1,,,,,,,,,,,,CRC/QPSK/OFDM,1,0,129,133,1064,532,12,44,960,192,48,"p1br,seq=00135,frame_b=00133,bits=01064,qpsk=00532,ofdm=012,pad_q=00044,gap=0,ok=1","ldrtrk,seq=00135,pan=044.90,tilt=061.94,sun_pan=041.30,sun_tilt=059.18,err=04.54,state=track-tilt",Orin final real four-LDR solar tracker
2026-08-10T07:57:12.075623+00:00,1,,0,136,22,75.0,0.075,0.005625,trk,0,Standby,Shading detection waits for a locked tracker and positive power.,normal,,,55.0,0.0,0.0,idle,27.5,50.0,track-tilt,44.899,59.219,41.216,59.219,3.684,1,,,,,,,,,,,,CRC/QPSK/OFDM,1,0,129,133,1064,532,12,44,960,192,48,"p1br,seq=00136,frame_b=00133,bits=01064,qpsk=00532,ofdm=012,pad_q=00044,gap=0,ok=1","ldrtrk,seq=00136,pan=044.90,tilt=059.22,sun_pan=041.22,sun_tilt=059.22,err=03.68,state=track-tilt",Orin final real four-LDR solar tracker
2026-08-10T07:57:12.585369+00:00,1,,0,137,22,75.0,0.075,0.005625,trk,0,Standby,Shading detection waits for a locked tracker and positive power.,normal,,,55.0,0.0,0.0,idle,27.5,50.0,track-pan,44.899,59.219,41.108,60.081,3.889,1,,,,,,,,,,,,CRC/QPSK/OFDM,1,0,129,133,1064,532,12,44,960,192,48,"p1br,seq=00137,frame_b=00133,bits=01064,qpsk=00532,ofdm=012,pad_q=00044,gap=0,ok=1","ldrtrk,seq=00137,pan=044.90,tilt=059.22,sun_pan=041.11,sun_tilt=060.08,err=03.89,state=track-pan",Orin final real four-LDR solar tracker
2026-08-10T08:00:32.093672+00:00,1,,0,0,50,58.0,0.058,0.003364,trk,0,Standby,Shading detection waits for a locked tracker and positive power.,normal,,,55.0,0.0,0.0,idle,27.5,50.0,track-pan,90.0,90.0,41.701,58.844,57.476,1,,,,,,,,,,,,CRC/QPSK/OFDM,1,0,129,133,1064,532,12,44,960,192,48,"p1br,seq=00000,frame_b=00133,bits=01064,qpsk=00532,ofdm=012,pad_q=00044,gap=0,ok=1","ldrtrk,seq=00000,pan=090.00,tilt=090.00,sun_pan=041.70,sun_tilt=058.84,err=57.48,state=track-pan",Orin final real four-LDR solar tracker
2026-08-10T08:00:32.524469+00:00,1,,0,1,48,58.0,0.058,0.003364,trk,0,Standby,Shading detection waits for a locked tracker and positive power.,normal,,,55.0,0.0,0.0,idle,27.5,50.0,track-pan,87.0,90.0,44.856,63.877,49.584,1,,,,,,,,,,,,CRC/QPSK/OFDM,1,0,129,133,1064,532,12,44,960,192,48,"p1br,seq=00001,frame_b=00133,bits=01064,qpsk=00532,ofdm=012,pad_q=00044,gap=0,ok=1","ldrtrk,seq=00001,pan=087.00,tilt=090.00,sun_pan=044.86,sun_tilt=063.88,err=49.58,state=track-pan",Orin final real four-LDR solar tracker
2026-08-10T08:00:33.015083+00:00,1,,0,2,46,62.0,0.062,0.003844,trk,0,Standby,Shading detection waits for a locked tracker and positive power.,normal,,,55.0,0.0,0.0,idle,27.5,50.0,track-pan,84.0,90.0,45.257,61.986,47.81,1,,,,,,,,,,,,CRC/QPSK/OFDM,1,0,129,133,1064,532,12,44,960,192,48,"p1br,seq=00002,frame_b=00133,bits=01064,qpsk=00532,ofdm=012,pad_q=00044,gap=0,ok=1","ldrtrk,seq=00002,pan=084.00,tilt=090.00,sun_pan=045.26,sun_tilt=061.99,err=47.81,state=track-pan",Orin final real four-LDR solar tracker
2026-08-10T08:00:33.525246+00:00,1,,0,3,44,62.0,0.062,0.003844,trk,0,Standby,Shading detection waits for a locked tracker and positive power.,normal,,,55.0,0.0,0.0,idle,27.5,50.0,track-pan,81.0,90.0,44.842,61.4,46.102,1,,,,,,,,,,,,CRC/QPSK/OFDM,1,0,129,133,1064,532,12,44,960,192,48,"p1br,seq=00003,frame_b=00133,bits=01064,qpsk=00532,ofdm=012,pad_q=00044,gap=0,ok=1","ldrtrk,seq=00003,pan=081.00,tilt=090.00,sun_pan=044.84,sun_tilt=061.40,err=46.10,state=track-pan",Orin final real four-LDR solar tracker
2026-08-10T08:00:34.037625+00:00,1,,0,4,42,53.0,0.053,0.002809,trk,0,Standby,Shading detection waits for a locked tracker and positive power.,normal,,,55.0,0.0,0.0,idle,27.5,50.0,track-pan,78.0,90.0,44.538,61.309,44.078,1,,,,,,,,,,,,CRC/QPSK/OFDM,1,0,129,133,1064,532,12,44,960,192,48,"p1br,seq=00004,frame_b=00133,bits=01064,qpsk=00532,ofdm=012,pad_q=00044,gap=0,ok=1","ldrtrk,seq=00004,pan=078.00,tilt=090.00,sun_pan=044.54,sun_tilt=061.31,err=44.08,state=track-pan",Orin final real four-LDR solar tracker
2026-08-10T08:00:34.531782+00:00,1,,0,5,41,62.0,0.062,0.003844,trk,0,Standby,Shading detection waits for a locked tracker and positive power.,normal,,,55.0,0.0,0.0,idle,27.5,50.0,track-pan,75.0,90.0,44.24,60.879,42.358,1,,,,,,,,,,,,CRC/QPSK/OFDM,1,0,129,133,1064,532,12,44,960,192,48,"p1br,seq=00005,frame_b=00133,bits=01064,qpsk=00532,ofdm=012,pad_q=00044,gap=0,ok=1","ldrtrk,seq=00005,pan=075.00,tilt=090.00,sun_pan=044.24,sun_tilt=060.88,err=42.36,state=track-pan",Orin final real four-LDR solar tracker
2026-08-10T08:00:35.042694+00:00,1,,0,6,39,67.0,0.067,0.004489,trk,0,Standby,Shading detection waits for a locked tracker and positive power.,normal,,,55.0,0.0,0.0,idle,27.5,50.0,track-pan,72.0,90.0,43.881,60.17,40.994,1,,,,,,,,,,,,CRC/QPSK/OFDM,1,0,129,133,1064,532,12,44,960,192,48,"p1br,seq=00006,frame_b=00133,bits=01064,qpsk=00532,ofdm=012,pad_q=00044,gap=0,ok=1","ldrtrk,seq=00006,pan=072.00,tilt=090.00,sun_pan=043.88,sun_tilt=060.17,err=40.99,state=track-pan",Orin final real four-LDR solar tracker
2026-08-10T08:00:35.538853+00:00,1,,0,7,37,62.0,0.062,0.003844,trk,0,Standby,Shading detection waits for a locked tracker and positive power.,normal,,,55.0,0.0,0.0,idle,27.5,50.0,track-pan,69.0,90.0,45.036,63.799,35.507,1,,,,,,,,,,,,CRC/QPSK/OFDM,1,0,129,133,1064,532,12,44,960,192,48,"p1br,seq=00007,frame_b=00133,bits=01064,qpsk=00532,ofdm=012,pad_q=00044,gap=0,ok=1","ldrtrk,seq=00007,pan=069.00,tilt=090.00,sun_pan=045.04,sun_tilt=063.80,err=35.51,state=track-pan",Orin final real four-LDR solar tracker
2026-08-10T08:00:36.050154+00:00,1,,0,8,35,62.0,0.062,0.003844,trk,0,Standby,Shading detection waits for a locked tracker and positive power.,normal,,,55.0,0.0,0.0,idle,27.5,50.0,track-pan,66.0,90.0,44.932,64.527,33.057,1,,,,,,,,,,,,CRC/QPSK/OFDM,1,0,129,133,1064,532,12,44,960,192,48,"p1br,seq=00008,frame_b=00133,bits=01064,qpsk=00532,ofdm=012,pad_q=00044,gap=0,ok=1","ldrtrk,seq=00008,pan=066.00,tilt=090.00,sun_pan=044.93,sun_tilt=064.53,err=33.06,state=track-pan",Orin final real four-LDR solar tracker
2026-08-10T08:00:36.561173+00:00,1,,0,9,33,62.0,0.062,0.003844,trk,0,Standby,Shading detection waits for a locked tracker and positive power.,normal,,,55.0,0.0,0.0,idle,27.5,50.0,track-pan,63.0,90.0,44.832,65.061,30.855,1,,,,,,,,,,,,CRC/QPSK/OFDM,1,0,129,133,1064,532,12,44,960,192,48,"p1br,seq=00009,frame_b=00133,bits=01064,qpsk=00532,ofdm=012,pad_q=00044,gap=0,ok=1","ldrtrk,seq=00009,pan=063.00,tilt=090.00,sun_pan=044.83,sun_tilt=065.06,err=30.85,state=track-pan",Orin final real four-LDR solar tracker
2026-08-10T08:00:37.055481+00:00,1,,0,10,31,67.0,0.067,0.004489,trk,0,Standby,Shading detection waits for a locked tracker and positive power.,normal,,,55.0,0.0,0.0,idle,27.5,50.0,track-pan,60.0,90.0,44.667,64.916,29.399,1,,,,,,,,,,,,CRC/QPSK/OFDM,1,0,129,133,1064,532,12,44,960,192,48,"p1br,seq=00010,frame_b=00133,bits=01064,qpsk=00532,ofdm=012,pad_q=00044,gap=0,ok=1","ldrtrk,seq=00010,pan=060.00,tilt=090.00,sun_pan=044.67,sun_tilt=064.92,err=29.40,state=track-pan",Orin final real four-LDR solar tracker
2026-08-10T08:00:37.569249+00:00,1,,0,11,29,58.0,0.058,0.003364,trk,0,Standby,Shading detection waits for a locked tracker and positive power.,normal,,,55.0,0.0,0.0,idle,27.5,50.0,track-pan,57.0,90.0,43.551,64.079,29.202,1,,,,,,,,,,,,CRC/QPSK/OFDM,1,0,129,133,1064,532,12,44,960,192,48,"p1br,seq=00011,frame_b=00133,bits=01064,qpsk=00532,ofdm=012,pad_q=00044,gap=0,ok=1","ldrtrk,seq=00011,pan=057.00,tilt=090.00,sun_pan=043.55,sun_tilt=064.08,err=29.20,state=track-pan",Orin final real four-LDR solar tracker
2026-08-10T08:00:38.064192+00:00,1,,0,12,28,67.0,0.067,0.004489,trk,0,Standby,Shading detection waits for a locked tracker and positive power.,normal,,,55.0,0.0,0.0,idle,27.5,50.0,track-pan,54.0,90.0,44.1,63.836,27.974,1,,,,,,,,,,,,CRC/QPSK/OFDM,1,0,129,133,1064,532,12,44,960,192,48,"p1br,seq=00012,frame_b=00133,bits=01064,qpsk=00532,ofdm=012,pad_q=00044,gap=0,ok=1","ldrtrk,seq=00012,pan=054.00,tilt=090.00,sun_pan=044.10,sun_tilt=063.84,err=27.97,state=track-pan",Orin final real four-LDR solar tracker
2026-08-10T08:00:38.577595+00:00,1,,0,13,26,62.0,0.062,0.003844,trk,0,Standby,Shading detection waits for a locked tracker and positive power.,normal,,,55.0,0.0,0.0,idle,27.5,50.0,track-pan,51.0,90.0,44.765,64.322,26.425,1,,,,,,,,,,,,CRC/QPSK/OFDM,1,0,129,133,1064,532,12,44,960,192,48,"p1br,seq=00013,frame_b=00133,bits=01064,qpsk=00532,ofdm=012,pad_q=00044,gap=0,ok=1","ldrtrk,seq=00013,pan=051.00,tilt=090.00,sun_pan=044.76,sun_tilt=064.32,err=26.42,state=track-pan",Orin final real four-LDR solar tracker
2026-08-10T08:00:39.071590+00:00,1,,0,14,24,62.0,0.062,0.003844,trk,0,Standby,Shading detection waits for a locked tracker and positive power.,normal,,,55.0,0.0,0.0,idle,27.5,50.0,track-pan,48.0,90.0,44.671,64.062,26.15,1,,,,,,,,,,,,CRC/QPSK/OFDM,1,0,129,133,1064,532,12,44,960,192,48,"p1br,seq=00014,frame_b=00133,bits=01064,qpsk=00532,ofdm=012,pad_q=00044,gap=0,ok=1","ldrtrk,seq=00014,pan=048.00,tilt=090.00,sun_pan=044.67,sun_tilt=064.06,err=26.15,state=track-pan",Orin final real four-LDR solar tracker
2026-08-10T08:00:39.583425+00:00,1,,0,15,22,62.0,0.062,0.003844,trk,0,Standby,Shading detection waits for a locked tracker and positive power.,normal,,,55.0,0.0,0.0,idle,27.5,50.0,track-pan,45.0,90.0,44.87,64.527,25.473,1,,,,,,,,,,,,CRC/QPSK/OFDM,1,0,129,133,1064,532,12,44,960,192,48,"p1br,seq=00015,frame_b=00133,bits=01064,qpsk=00532,ofdm=012,pad_q=00044,gap=0,ok=1","ldrtrk,seq=00015,pan=045.00,tilt=090.00,sun_pan=044.87,sun_tilt=064.53,err=25.47,state=track-pan",Orin final real four-LDR solar tracker
2026-08-10T08:00:40.093499+00:00,1,,0,16,21,58.0,0.058,0.003364,trk,0,Standby,Shading detection waits for a locked tracker and positive power.,normal,,,55.0,0.0,0.0,idle,27.5,50.0,track-pan,43.897,90.0,43.897,64.028,25.972,1,,,,,,,,,,,,CRC/QPSK/OFDM,1,0,129,133,1064,532,12,44,960,192,48,"p1br,seq=00016,frame_b=00133,bits=01064,qpsk=00532,ofdm=012,pad_q=00044,gap=0,ok=1","ldrtrk,seq=00016,pan=043.90,tilt=090.00,sun_pan=043.90,sun_tilt=064.03,err=25.97,state=track-pan",Orin final real four-LDR solar tracker
2026-08-10T08:00:40.588823+00:00,1,,0,17,21,62.0,0.062,0.003844,trk,0,Standby,Shading detection waits for a locked tracker and positive power.,normal,,,55.0,0.0,0.0,idle,27.5,50.0,track-tilt,43.897,90.0,43.961,63.592,26.408,1,,,,,,,,,,,,CRC/QPSK/OFDM,1,0,129,133,1064,532,12,44,960,192,48,"p1br,seq=00017,frame_b=00133,bits=01064,qpsk=00532,ofdm=012,pad_q=00044,gap=0,ok=1","ldrtrk,seq=00017,pan=043.90,tilt=090.00,sun_pan=043.96,sun_tilt=063.59,err=26.41,state=track-tilt",Orin final real four-LDR solar tracker
2026-08-10T08:00:41.101211+00:00,1,,0,18,21,62.0,0.062,0.003844,trk,0,Standby,Shading detection waits for a locked tracker and positive power.,normal,,,55.0,0.0,0.0,idle,27.5,50.0,track-tilt,43.897,87.0,44.208,63.839,23.163,1,,,,,,,,,,,,CRC/QPSK/OFDM,1,0,129,133,1064,532,12,44,960,192,48,"p1br,seq=00018,frame_b=00133,bits=01064,qpsk=00532,ofdm=012,pad_q=00044,gap=0,ok=1","ldrtrk,seq=00018,pan=043.90,tilt=087.00,sun_pan=044.21,sun_tilt=063.84,err=23.16,state=track-tilt",Orin final real four-LDR solar tracker
2026-08-10T08:00:41.596418+00:00,1,,0,19,21,62.0,0.062,0.003844,trk,0,Standby,Shading detection waits for a locked tracker and positive power.,normal,,,55.0,0.0,0.0,idle,27.5,50.0,track-tilt,43.897,84.0,44.533,64.134,19.877,1,,,,,,,,,,,,CRC/QPSK/OFDM,1,0,129,133,1064,532,12,44,960,192,48,"p1br,seq=00019,frame_b=00133,bits=01064,qpsk=00532,ofdm=012,pad_q=00044,gap=0,ok=1","ldrtrk,seq=00019,pan=043.90,tilt=084.00,sun_pan=044.53,sun_tilt=064.13,err=19.88,state=track-tilt",Orin final real four-LDR solar tracker
2026-08-10T08:00:42.107263+00:00,1,,0,20,21,67.0,0.067,0.004489,trk,0,Standby,Shading detection waits for a locked tracker and positive power.,normal,,,55.0,0.0,0.0,idle,27.5,50.0,track-tilt,43.897,81.0,44.324,64.079,16.926,1,,,,,,,,,,,,CRC/QPSK/OFDM,1,0,129,133,1064,532,12,44,960,192,48,"p1br,seq=00020,frame_b=00133,bits=01064,qpsk=00532,ofdm=012,pad_q=00044,gap=0,ok=1","ldrtrk,seq=00020,pan=043.90,tilt=081.00,sun_pan=044.32,sun_tilt=064.08,err=16.93,state=track-tilt",Orin final real four-LDR solar tracker
2026-08-10T08:00:42.618348+00:00,1,,0,21,21,67.0,0.067,0.004489,trk,0,Standby,Shading detection waits for a locked tracker and positive power.,normal,,,55.0,0.0,0.0,idle,27.5,50.0,track-tilt,43.897,78.0,44.305,63.941,14.065,1,,,,,,,,,,,,CRC/QPSK/OFDM,1,0,129,133,1064,532,12,44,960,192,48,"p1br,seq=00021,frame_b=00133,bits=01064,qpsk=00532,ofdm=012,pad_q=00044,gap=0,ok=1","ldrtrk,seq=00021,pan=043.90,tilt=078.00,sun_pan=044.31,sun_tilt=063.94,err=14.07,state=track-tilt",Orin final real four-LDR solar tracker
2026-08-10T08:00:43.115228+00:00,1,,0,22,21,67.0,0.067,0.004489,trk,0,Standby,Shading detection waits for a locked tracker and positive power.,normal,,,55.0,0.0,0.0,idle,27.5,50.0,track-tilt,43.897,75.0,44.517,63.607,11.41,1,,,,,,,,,,,,CRC/QPSK/OFDM,1,0,129,133,1064,532,12,44,960,192,48,"p1br,seq=00022,frame_b=00133,bits=01064,qpsk=00532,ofdm=012,pad_q=00044,gap=0,ok=1","ldrtrk,seq=00022,pan=043.90,tilt=075.00,sun_pan=044.52,sun_tilt=063.61,err=11.41,state=track-tilt",Orin final real four-LDR solar tracker
2026-08-10T08:00:43.626317+00:00,1,,0,23,21,67.0,0.067,0.004489,trk,0,Standby,Shading detection waits for a locked tracker and positive power.,normal,,,55.0,0.0,0.0,idle,27.5,50.0,track-tilt,43.897,72.0,44.481,63.079,8.94,1,,,,,,,,,,,,CRC/QPSK/OFDM,1,0,129,133,1064,532,12,44,960,192,48,"p1br,seq=00023,frame_b=00133,bits=01064,qpsk=00532,ofdm=012,pad_q=00044,gap=0,ok=1","ldrtrk,seq=00023,pan=043.90,tilt=072.00,sun_pan=044.48,sun_tilt=063.08,err=08.94,state=track-tilt",Orin final real four-LDR solar tracker
2026-08-10T08:00:44.122488+00:00,1,,0,24,21,67.0,0.067,0.004489,trk,0,Standby,Shading detection waits for a locked tracker and positive power.,normal,,,55.0,0.0,0.0,idle,27.5,50.0,track-tilt,43.897,69.0,44.465,63.247,5.781,1,,,,,,,,,,,,CRC/QPSK/OFDM,1,0,129,133,1064,532,12,44,960,192,48,"p1br,seq=00024,frame_b=00133,bits=01064,qpsk=00532,ofdm=012,pad_q=00044,gap=0,ok=1","ldrtrk,seq=00024,pan=043.90,tilt=069.00,sun_pan=044.47,sun_tilt=063.25,err=05.78,state=track-tilt",Orin final real four-LDR solar tracker
2026-08-10T08:00:44.632533+00:00,1,,0,25,21,71.0,0.071,0.005041,trk,0,Standby,Shading detection waits for a locked tracker and positive power.,normal,,,55.0,0.0,0.0,idle,27.5,50.0,track-tilt,43.897,66.0,44.148,63.533,2.48,1,,,,,,,,,,,,CRC/QPSK/OFDM,1,0,129,133,1064,532,12,44,960,192,48,"p1br,seq=00025,frame_b=00133,bits=01064,qpsk=00532,ofdm=012,pad_q=00044,gap=0,ok=1","ldrtrk,seq=00025,pan=043.90,tilt=066.00,sun_pan=044.15,sun_tilt=063.53,err=02.48,state=track-tilt",Orin final real four-LDR solar tracker
2026-08-10T08:00:45.143772+00:00,1,,0,26,21,67.0,0.067,0.004489,trk,0,Standby,Shading detection waits for a locked tracker and positive power.,normal,,,55.0,0.0,0.0,idle,27.5,50.0,track-tilt,43.897,63.604,44.086,63.604,0.189,1,,,,,,,,,,,,CRC/QPSK/OFDM,1,0,129,133,1064,532,12,44,960,192,48,"p1br,seq=00026,frame_b=00133,bits=01064,qpsk=00532,ofdm=012,pad_q=00044,gap=0,ok=1","ldrtrk,seq=00026,pan=043.90,tilt=063.60,sun_pan=044.09,sun_tilt=063.60,err=00.19,state=track-tilt",Orin final real four-LDR solar tracker
2026-08-10T08:00:45.639412+00:00,1,,0,27,21,71.0,0.071,0.005041,trk,0,Learning,Learning locked-state shading baseline (1/8).,normal,,,55.0,0.0,0.0,idle,27.5,50.0,locked,43.897,63.604,43.629,63.383,0.347,1,,,,,,,,,,,,CRC/QPSK/OFDM,1,0,129,133,1064,532,12,44,960,192,48,"p1br,seq=00027,frame_b=00133,bits=01064,qpsk=00532,ofdm=012,pad_q=00044,gap=0,ok=1","ldrtrk,seq=00027,pan=043.90,tilt=063.60,sun_pan=043.63,sun_tilt=063.38,err=00.35,state=locked",Orin final real four-LDR solar tracker
2026-08-10T08:00:46.151791+00:00,1,,0,28,21,67.0,0.067,0.004489,trk,0,Learning,Learning locked-state shading baseline (2/8).,normal,,,55.0,0.0,0.0,idle,27.5,50.0,locked,43.897,63.604,44.012,64.222,0.629,1,,,,,,,,,,,,CRC/QPSK/OFDM,1,0,129,133,1064,532,12,44,960,192,48,"p1br,seq=00028,frame_b=00133,bits=01064,qpsk=00532,ofdm=012,pad_q=00044,gap=0,ok=1","ldrtrk,seq=00028,pan=043.90,tilt=063.60,sun_pan=044.01,sun_tilt=064.22,err=00.63,state=locked",Orin final real four-LDR solar tracker
2026-08-10T08:00:46.647242+00:00,1,,0,29,21,67.0,0.067,0.004489,trk,0,Learning,Learning locked-state shading baseline (3/8).,normal,,,55.0,0.0,0.0,idle,27.5,50.0,locked,43.897,63.604,44.345,64.17,0.722,1,,,,,,,,,,,,CRC/QPSK/OFDM,1,0,129,133,1064,532,12,44,960,192,48,"p1br,seq=00029,frame_b=00133,bits=01064,qpsk=00532,ofdm=012,pad_q=00044,gap=0,ok=1","ldrtrk,seq=00029,pan=043.90,tilt=063.60,sun_pan=044.35,sun_tilt=064.17,err=00.72,state=locked",Orin final real four-LDR solar tracker
2026-08-10T08:00:47.159455+00:00,1,,0,30,21,71.0,0.071,0.005041,trk,0,Standby,Shading detection waits for a locked tracker and positive power.,normal,,,55.0,0.0,0.0,idle,27.5,50.0,track-tilt,43.897,63.604,44.831,64.884,1.585,1,,,,,,,,,,,,CRC/QPSK/OFDM,1,0,129,133,1064,532,12,44,960,192,48,"p1br,seq=00030,frame_b=00133,bits=01064,qpsk=00532,ofdm=012,pad_q=00044,gap=0,ok=1","ldrtrk,seq=00030,pan=043.90,tilt=063.60,sun_pan=044.83,sun_tilt=064.88,err=01.58,state=track-tilt",Orin final real four-LDR solar tracker
2026-08-10T08:00:47.655058+00:00,1,,0,31,21,67.0,0.067,0.004489,trk,0,Standby,Shading detection waits for a locked tracker and positive power.,normal,,,55.0,0.0,0.0,idle,27.5,50.0,track-tilt,43.897,64.749,45.053,64.749,1.155,1,,,,,,,,,,,,CRC/QPSK/OFDM,1,0,129,133,1064,532,12,44,960,192,48,"p1br,seq=00031,frame_b=00133,bits=01064,qpsk=00532,ofdm=012,pad_q=00044,gap=0,ok=1","ldrtrk,seq=00031,pan=043.90,tilt=064.75,sun_pan=045.05,sun_tilt=064.75,err=01.16,state=track-tilt",Orin final real four-LDR solar tracker
2026-08-10T08:00:48.164922+00:00,1,,0,32,21,71.0,0.071,0.005041,trk,0,Standby,Shading detection waits for a locked tracker and positive power.,normal,,,55.0,0.0,0.0,idle,27.5,50.0,track-pan,43.897,64.749,45.019,64.59,1.133,1,,,,,,,,,,,,CRC/QPSK/OFDM,1,0,129,133,1064,532,12,44,960,192,48,"p1br,seq=00032,frame_b=00133,bits=01064,qpsk=00532,ofdm=012,pad_q=00044,gap=0,ok=1","ldrtrk,seq=00032,pan=043.90,tilt=064.75,sun_pan=045.02,sun_tilt=064.59,err=01.13,state=track-pan",Orin final real four-LDR solar tracker
2026-08-10T08:00:48.677321+00:00,1,,0,33,21,67.0,0.067,0.004489,trk,0,Learning,Learning locked-state shading baseline (4/8).,normal,,,55.0,0.0,0.0,idle,27.5,50.0,locked,43.897,64.749,44.789,64.706,0.892,1,,,,,,,,,,,,CRC/QPSK/OFDM,1,0,129,133,1064,532,12,44,960,192,48,"p1br,seq=00033,frame_b=00133,bits=01064,qpsk=00532,ofdm=012,pad_q=00044,gap=0,ok=1","ldrtrk,seq=00033,pan=043.90,tilt=064.75,sun_pan=044.79,sun_tilt=064.71,err=00.89,state=locked",Orin final real four-LDR solar tracker
2026-08-10T08:00:49.172511+00:00,1,,0,34,21,67.0,0.067,0.004489,trk,0,Standby,Shading detection waits for a locked tracker and positive power.,normal,,,55.0,0.0,0.0,idle,27.5,50.0,track-pan,43.897,64.749,45.172,65.69,1.584,1,,,,,,,,,,,,CRC/QPSK/OFDM,1,0,129,133,1064,532,12,44,960,192,48,"p1br,seq=00034,frame_b=00133,bits=01064,qpsk=00532,ofdm=012,pad_q=00044,gap=0,ok=1","ldrtrk,seq=00034,pan=043.90,tilt=064.75,sun_pan=045.17,sun_tilt=065.69,err=01.58,state=track-pan",Orin final real four-LDR solar tracker
2026-08-10T08:00:49.685382+00:00,1,,0,35,21,67.0,0.067,0.004489,trk,0,Learning,Learning locked-state shading baseline (5/8).,normal,,,55.0,0.0,0.0,idle,27.5,50.0,locked,43.897,64.749,44.447,64.935,0.581,1,,,,,,,,,,,,CRC/QPSK/OFDM,1,0,129,133,1064,532,12,44,960,192,48,"p1br,seq=00035,frame_b=00133,bits=01064,qpsk=00532,ofdm=012,pad_q=00044,gap=0,ok=1","ldrtrk,seq=00035,pan=043.90,tilt=064.75,sun_pan=044.45,sun_tilt=064.93,err=00.58,state=locked",Orin final real four-LDR solar tracker
2026-08-10T08:00:50.179738+00:00,1,,0,36,21,71.0,0.071,0.005041,trk,0,Standby,Shading detection waits for a locked tracker and positive power.,normal,,,55.0,0.0,0.0,idle,27.5,50.0,track-tilt,43.897,64.749,40.493,56.031,9.359,1,,,,,,,,,,,,CRC/QPSK/OFDM,1,0,129,133,1064,532,12,44,960,192,48,"p1br,seq=00036,frame_b=00133,bits=01064,qpsk=00532,ofdm=012,pad_q=00044,gap=0,ok=1","ldrtrk,seq=00036,pan=043.90,tilt=064.75,sun_pan=040.49,sun_tilt=056.03,err=09.36,state=track-tilt",Orin final real four-LDR solar tracker
2026-08-10T08:00:50.691292+00:00,1,,0,37,21,67.0,0.067,0.004489,trk,0,Standby,Shading detection waits for a locked tracker and positive power.,normal,,,55.0,0.0,0.0,idle,27.5,50.0,track-tilt,43.897,61.749,40.76,57.854,5.001,1,,,,,,,,,,,,CRC/QPSK/OFDM,1,0,129,133,1064,532,12,44,960,192,48,"p1br,seq=00037,frame_b=00133,bits=01064,qpsk=00532,ofdm=012,pad_q=00044,gap=0,ok=1","ldrtrk,seq=00037,pan=043.90,tilt=061.75,sun_pan=040.76,sun_tilt=057.85,err=05.00,state=track-tilt",Orin final real four-LDR solar tracker
2026-08-10T08:00:51.203731+00:00,1,,0,38,21,75.0,0.075,0.005625,trk,0,Standby,Shading detection waits for a locked tracker and positive power.,normal,,,55.0,0.0,0.0,idle,27.5,50.0,track-tilt,43.897,58.749,39.062,55.297,5.941,1,,,,,,,,,,,,CRC/QPSK/OFDM,1,0,129,133,1064,532,12,44,960,192,48,"p1br,seq=00038,frame_b=00133,bits=01064,qpsk=00532,ofdm=012,pad_q=00044,gap=0,ok=1","ldrtrk,seq=00038,pan=043.90,tilt=058.75,sun_pan=039.06,sun_tilt=055.30,err=05.94,state=track-tilt",Orin final real four-LDR solar tracker
2026-08-10T08:00:51.697683+00:00,1,,0,39,21,75.0,0.075,0.005625,trk,0,Standby,Shading detection waits for a locked tracker and positive power.,normal,,,55.0,0.0,0.0,idle,27.5,50.0,track-tilt,43.897,55.749,39.265,54.155,4.899,1,,,,,,,,,,,,CRC/QPSK/OFDM,1,0,129,133,1064,532,12,44,960,192,48,"p1br,seq=00039,frame_b=00133,bits=01064,qpsk=00532,ofdm=012,pad_q=00044,gap=0,ok=1","ldrtrk,seq=00039,pan=043.90,tilt=055.75,sun_pan=039.26,sun_tilt=054.16,err=04.90,state=track-tilt",Orin final real four-LDR solar tracker
2026-08-10T08:00:52.210726+00:00,1,,0,40,21,75.0,0.075,0.005625,trk,0,Standby,Shading detection waits for a locked tracker and positive power.,normal,,,55.0,0.0,0.0,idle,27.5,50.0,track-tilt,43.897,54.722,39.571,54.722,4.326,1,,,,,,,,,,,,CRC/QPSK/OFDM,1,0,129,133,1064,532,12,44,960,192,48,"p1br,seq=00040,frame_b=00133,bits=01064,qpsk=00532,ofdm=012,pad_q=00044,gap=0,ok=1","ldrtrk,seq=00040,pan=043.90,tilt=054.72,sun_pan=039.57,sun_tilt=054.72,err=04.33,state=track-tilt",Orin final real four-LDR solar tracker
2026-08-10T08:00:52.704651+00:00,1,,0,41,21,80.0,0.08,0.0064,trk,0,Standby,Shading detection waits for a locked tracker and positive power.,normal,,,55.0,0.0,0.0,idle,27.5,50.0,track-pan,43.897,54.722,39.624,54.744,4.274,1,,,,,,,,,,,,CRC/QPSK/OFDM,1,0,129,133,1064,532,12,44,960,192,48,"p1br,seq=00041,frame_b=00133,bits=01064,qpsk=00532,ofdm=012,pad_q=00044,gap=0,ok=1","ldrtrk,seq=00041,pan=043.90,tilt=054.72,sun_pan=039.62,sun_tilt=054.74,err=04.27,state=track-pan",Orin final real four-LDR solar tracker
2026-08-10T08:00:53.216241+00:00,1,,0,42,19,75.0,0.075,0.005625,trk,0,Standby,Shading detection waits for a locked tracker and positive power.,normal,,,55.0,0.0,0.0,idle,27.5,50.0,track-pan,40.897,54.722,40.66,55.736,1.041,1,,,,,,,,,,,,CRC/QPSK/OFDM,1,0,129,133,1064,532,12,44,960,192,48,"p1br,seq=00042,frame_b=00133,bits=01064,qpsk=00532,ofdm=012,pad_q=00044,gap=0,ok=1","ldrtrk,seq=00042,pan=040.90,tilt=054.72,sun_pan=040.66,sun_tilt=055.74,err=01.04,state=track-pan",Orin final real four-LDR solar tracker
2026-08-10T08:00:53.727991+00:00,1,,0,43,19,80.0,0.08,0.0064,trk,0,Standby,Shading detection waits for a locked tracker and positive power.,normal,,,55.0,0.0,0.0,idle,27.5,50.0,track-pan,39.714,54.722,39.714,53.258,1.465,1,,,,,,,,,,,,CRC/QPSK/OFDM,1,0,129,133,1064,532,12,44,960,192,48,"p1br,seq=00043,frame_b=00133,bits=01064,qpsk=00532,ofdm=012,pad_q=00044,gap=0,ok=1","ldrtrk,seq=00043,pan=039.71,tilt=054.72,sun_pan=039.71,sun_tilt=053.26,err=01.46,state=track-pan",Orin final real four-LDR solar tracker
2026-08-10T08:00:54.222390+00:00,1,,0,44,19,89.0,0.089,0.007921,trk,0,Standby,Shading detection waits for a locked tracker and positive power.,normal,,,55.0,0.0,0.0,idle,27.5,50.0,track-tilt,39.714,54.722,40.013,47.433,7.295,1,,,,,,,,,,,,CRC/QPSK/OFDM,1,0,129,133,1064,532,12,44,960,192,48,"p1br,seq=00044,frame_b=00133,bits=01064,qpsk=00532,ofdm=012,pad_q=00044,gap=0,ok=1","ldrtrk,seq=00044,pan=039.71,tilt=054.72,sun_pan=040.01,sun_tilt=047.43,err=07.30,state=track-tilt",Orin final real four-LDR solar tracker
2026-08-10T08:00:54.735602+00:00,1,,0,45,19,89.0,0.089,0.007921,trk,0,Standby,Shading detection waits for a locked tracker and positive power.,normal,,,55.0,0.0,0.0,idle,27.5,50.0,track-tilt,39.714,51.722,39.947,47.767,3.962,1,,,,,,,,,,,,CRC/QPSK/OFDM,1,0,129,133,1064,532,12,44,960,192,48,"p1br,seq=00045,frame_b=00133,bits=01064,qpsk=00532,ofdm=012,pad_q=00044,gap=0,ok=1","ldrtrk,seq=00045,pan=039.71,tilt=051.72,sun_pan=039.95,sun_tilt=047.77,err=03.96,state=track-tilt",Orin final real four-LDR solar tracker
2026-08-10T08:00:55.231272+00:00,1,,0,46,19,89.0,0.089,0.007921,trk,0,Standby,Shading detection waits for a locked tracker and positive power.,normal,,,55.0,0.0,0.0,idle,27.5,50.0,track-tilt,39.714,48.722,39.909,47.858,0.886,1,,,,,,,,,,,,CRC/QPSK/OFDM,1,0,129,133,1064,532,12,44,960,192,48,"p1br,seq=00046,frame_b=00133,bits=01064,qpsk=00532,ofdm=012,pad_q=00044,gap=0,ok=1","ldrtrk,seq=00046,pan=039.71,tilt=048.72,sun_pan=039.91,sun_tilt=047.86,err=00.89,state=track-tilt",Orin final real four-LDR solar tracker
2026-08-10T08:00:55.740889+00:00,1,,0,47,19,89.0,0.089,0.007921,trk,0,Standby,Shading detection waits for a locked tracker and positive power.,normal,,,55.0,0.0,0.0,idle,27.5,50.0,track-pan,39.714,48.722,41.552,48.923,1.849,1,,,,,,,,,,,,CRC/QPSK/OFDM,1,0,129,133,1064,532,12,44,960,192,48,"p1br,seq=00047,frame_b=00133,bits=01064,qpsk=00532,ofdm=012,pad_q=00044,gap=0,ok=1","ldrtrk,seq=00047,pan=039.71,tilt=048.72,sun_pan=041.55,sun_tilt=048.92,err=01.85,state=track-pan",Orin final real four-LDR solar tracker
2026-08-10T08:00:56.238971+00:00,1,,0,48,20,89.0,0.089,0.007921,trk,0,Standby,Shading detection waits for a locked tracker and positive power.,normal,,,55.0,0.0,0.0,idle,27.5,50.0,track-pan,41.685,48.722,41.685,48.618,0.104,1,,,,,,,,,,,,CRC/QPSK/OFDM,1,0,129,133,1064,532,12,44,960,192,48,"p1br,seq=00048,frame_b=00133,bits=01064,qpsk=00532,ofdm=012,pad_q=00044,gap=0,ok=1","ldrtrk,seq=00048,pan=041.68,tilt=048.72,sun_pan=041.68,sun_tilt=048.62,err=00.10,state=track-pan",Orin final real four-LDR solar tracker
2026-08-10T08:00:56.749272+00:00,1,,0,49,20,93.0,0.093,0.008649,trk,0,Learning,Learning locked-state shading baseline (6/8).,normal,,,55.0,0.0,0.0,idle,27.5,50.0,locked,41.685,48.722,41.582,49.284,0.572,1,,,,,,,,,,,,CRC/QPSK/OFDM,1,0,129,133,1064,532,12,44,960,192,48,"p1br,seq=00049,frame_b=00133,bits=01064,qpsk=00532,ofdm=012,pad_q=00044,gap=0,ok=1","ldrtrk,seq=00049,pan=041.68,tilt=048.72,sun_pan=041.58,sun_tilt=049.28,err=00.57,state=locked",Orin final real four-LDR solar tracker
2026-08-10T08:00:57.260641+00:00,1,,0,50,20,98.0,0.098,0.009604,trk,0,Standby,Shading detection waits for a locked tracker and positive power.,normal,,,55.0,0.0,0.0,idle,27.5,50.0,track-tilt,41.685,48.722,40.708,46.954,2.02,1,,,,,,,,,,,,CRC/QPSK/OFDM,1,0,129,133,1064,532,12,44,960,192,48,"p1br,seq=00050,frame_b=00133,bits=01064,qpsk=00532,ofdm=012,pad_q=00044,gap=0,ok=1","ldrtrk,seq=00050,pan=041.68,tilt=048.72,sun_pan=040.71,sun_tilt=046.95,err=02.02,state=track-tilt",Orin final real four-LDR solar tracker
2026-08-10T08:00:57.756762+00:00,1,,0,51,20,98.0,0.098,0.009604,trk,0,Standby,Shading detection waits for a locked tracker and positive power.,normal,,,55.0,0.0,0.0,idle,27.5,50.0,track-tilt,41.685,47.241,40.989,47.241,0.695,1,,,,,,,,,,,,CRC/QPSK/OFDM,1,0,129,133,1064,532,12,44,960,192,48,"p1br,seq=00051,frame_b=00133,bits=01064,qpsk=00532,ofdm=012,pad_q=00044,gap=0,ok=1","ldrtrk,seq=00051,pan=041.68,tilt=047.24,sun_pan=040.99,sun_tilt=047.24,err=00.70,state=track-tilt",Orin final real four-LDR solar tracker
2026-08-10T08:00:58.267707+00:00,1,,0,52,20,98.0,0.098,0.009604,trk,0,Learning,Learning locked-state shading baseline (7/8).,normal,,,55.0,0.0,0.0,idle,27.5,50.0,locked,41.685,47.241,40.948,47.225,0.736,1,,,,,,,,,,,,CRC/QPSK/OFDM,1,0,129,133,1064,532,12,44,960,192,48,"p1br,seq=00052,frame_b=00133,bits=01064,qpsk=00532,ofdm=012,pad_q=00044,gap=0,ok=1","ldrtrk,seq=00052,pan=041.68,tilt=047.24,sun_pan=040.95,sun_tilt=047.22,err=00.74,state=locked",Orin final real four-LDR solar tracker
2026-08-10T08:00:58.761107+00:00,1,,0,53,20,98.0,0.098,0.009604,trk,0,Learning,Learning locked-state shading baseline (8/8).,normal,,,55.0,0.0,0.0,idle,27.5,50.0,locked,41.685,47.241,40.877,47.144,0.813,1,,,,,,,,,,,,CRC/QPSK/OFDM,1,0,129,133,1064,532,12,44,960,192,48,"p1br,seq=00053,frame_b=00133,bits=01064,qpsk=00532,ofdm=012,pad_q=00044,gap=0,ok=1","ldrtrk,seq=00053,pan=041.68,tilt=047.24,sun_pan=040.88,sun_tilt=047.14,err=00.81,state=locked",Orin final real four-LDR solar tracker
2026-08-10T08:00:59.273812+00:00,1,,0,54,20,93.0,0.093,0.008649,trk,0,OK,Panel response is 151.2% of the learned baseline.,normal,,,55.0,0.0,0.0,idle,27.5,50.0,locked,41.685,47.241,40.792,47.178,0.895,1,,,,,,,,,,,,CRC/QPSK/OFDM,1,0,129,133,1064,532,12,44,960,192,48,"p1br,seq=00054,frame_b=00133,bits=01064,qpsk=00532,ofdm=012,pad_q=00044,gap=0,ok=1","ldrtrk,seq=00054,pan=041.68,tilt=047.24,sun_pan=040.79,sun_tilt=047.18,err=00.89,state=locked",Orin final real four-LDR solar tracker
2026-08-10T08:00:59.783768+00:00,1,,0,55,20,98.0,0.098,0.009604,trk,0,OK,Panel response is 166.2% of the learned baseline.,normal,,,55.0,0.0,0.0,idle,27.5,50.0,locked,41.685,47.241,40.863,47.258,0.821,1,,,,,,,,,,,,CRC/QPSK/OFDM,1,0,129,133,1064,532,12,44,960,192,48,"p1br,seq=00055,frame_b=00133,bits=01064,qpsk=00532,ofdm=012,pad_q=00044,gap=0,ok=1","ldrtrk,seq=00055,pan=041.68,tilt=047.24,sun_pan=040.86,sun_tilt=047.26,err=00.82,state=locked",Orin final real four-LDR solar tracker
2026-08-10T08:01:00.281249+00:00,1,,0,56,20,98.0,0.098,0.009604,trk,0,OK,Panel response is 164.0% of the learned baseline.,normal,,,55.0,0.0,0.0,idle,27.5,50.0,locked,41.685,47.241,40.905,47.252,0.779,1,,,,,,,,,,,,CRC/QPSK/OFDM,1,0,129,133,1064,532,12,44,960,192,48,"p1br,seq=00056,frame_b=00133,bits=01064,qpsk=00532,ofdm=012,pad_q=00044,gap=0,ok=1","ldrtrk,seq=00056,pan=041.68,tilt=047.24,sun_pan=040.91,sun_tilt=047.25,err=00.78,state=locked",Orin final real four-LDR solar tracker
2026-08-10T08:01:00.790957+00:00,1,,0,57,20,98.0,0.098,0.009604,trk,0,OK,Panel response is 161.9% of the learned baseline.,normal,,,55.0,0.0,0.0,idle,27.5,50.0,locked,41.685,47.241,40.905,47.252,0.779,1,,,,,,,,,,,,CRC/QPSK/OFDM,1,0,129,133,1064,532,12,44,960,192,48,"p1br,seq=00057,frame_b=00133,bits=01064,qpsk=00532,ofdm=012,pad_q=00044,gap=0,ok=1","ldrtrk,seq=00057,pan=041.68,tilt=047.24,sun_pan=040.91,sun_tilt=047.25,err=00.78,state=locked",Orin final real four-LDR solar tracker
2026-08-10T08:01:01.287191+00:00,1,,0,58,20,98.0,0.098,0.009604,trk,0,OK,Panel response is 159.6% of the learned baseline.,normal,,,55.0,0.0,0.0,idle,27.5,50.0,locked,41.685,47.241,41.326,47.4,0.392,1,,,,,,,,,,,,CRC/QPSK/OFDM,1,0,129,133,1064,532,12,44,960,192,48,"p1br,seq=00058,frame_b=00133,bits=01064,qpsk=00532,ofdm=012,pad_q=00044,gap=0,ok=1","ldrtrk,seq=00058,pan=041.68,tilt=047.24,sun_pan=041.33,sun_tilt=047.40,err=00.39,state=locked",Orin final real four-LDR solar tracker
2026-08-10T08:01:01.801676+00:00,1,,0,59,20,93.0,0.093,0.008649,trk,0,OK,Panel response is 141.7% of the learned baseline.,normal,,,55.0,0.0,0.0,idle,27.5,50.0,locked,41.685,47.241,41.786,47.553,0.328,1,,,,,,,,,,,,CRC/QPSK/OFDM,1,0,129,133,1064,532,12,44,960,192,48,"p1br,seq=00059,frame_b=00133,bits=01064,qpsk=00532,ofdm=012,pad_q=00044,gap=0,ok=1","ldrtrk,seq=00059,pan=041.68,tilt=047.24,sun_pan=041.79,sun_tilt=047.55,err=00.33,state=locked",Orin final real four-LDR solar tracker
2026-08-10T08:01:02.293804+00:00,1,,0,60,20,98.0,0.098,0.009604,trk,0,OK,Panel response is 155.4% of the learned baseline.,normal,,,55.0,0.0,0.0,idle,27.5,50.0,locked,41.685,47.241,42.396,47.705,0.85,1,,,,,,,,,,,,CRC/QPSK/OFDM,1,0,129,133,1064,532,12,44,960,192,48,"p1br,seq=00060,frame_b=00133,bits=01064,qpsk=00532,ofdm=012,pad_q=00044,gap=0,ok=1","ldrtrk,seq=00060,pan=041.68,tilt=047.24,sun_pan=042.40,sun_tilt=047.71,err=00.85,state=locked",Orin final real four-LDR solar tracker
2026-08-10T08:01:02.806010+00:00,1,,0,61,20,40.0,0.04,0.0016,trk,0,Standby,Shading detection waits for a locked tracker and positive power.,normal,,,55.0,0.0,0.0,idle,27.5,50.0,track-pan,41.685,47.241,42.822,48.197,1.486,1,,,,,,,,,,,,CRC/QPSK/OFDM,1,0,129,133,1064,532,12,44,960,192,48,"p1br,seq=00061,frame_b=00133,bits=01064,qpsk=00532,ofdm=012,pad_q=00044,gap=0,ok=1","ldrtrk,seq=00061,pan=041.68,tilt=047.24,sun_pan=042.82,sun_tilt=048.20,err=01.49,state=track-pan",Orin final real four-LDR solar tracker
2026-08-10T08:01:03.319565+00:00,1,,0,62,21,35.0,0.035,0.001225,trk,0,Standby,Shading detection waits for a locked tracker and positive power.,normal,,,55.0,0.0,0.0,idle,27.5,50.0,track-pan,43.162,47.241,43.162,48.938,1.697,1,,,,,,,,,,,,CRC/QPSK/OFDM,1,0,129,133,1064,532,12,44,960,192,48,"p1br,seq=00062,frame_b=00133,bits=01064,qpsk=00532,ofdm=012,pad_q=00044,gap=0,ok=1","ldrtrk,seq=00062,pan=043.16,tilt=047.24,sun_pan=043.16,sun_tilt=048.94,err=01.70,state=track-pan",Orin final real four-LDR solar tracker
2026-08-10T08:01:03.813645+00:00,1,,0,63,21,35.0,0.035,0.001225,trk,0,Standby,Shading detection waits for a locked tracker and positive power.,normal,,,55.0,0.0,0.0,idle,27.5,50.0,track-tilt,43.162,47.241,43.232,49.066,1.827,1,,,,,,,,,,,,CRC/QPSK/OFDM,1,0,129,133,1064,532,12,44,960,192,48,"p1br,seq=00063,frame_b=00133,bits=01064,qpsk=00532,ofdm=012,pad_q=00044,gap=0,ok=1","ldrtrk,seq=00063,pan=043.16,tilt=047.24,sun_pan=043.23,sun_tilt=049.07,err=01.83,state=track-tilt",Orin final real four-LDR solar tracker
2026-08-10T08:01:04.352524+00:00,1,,0,64,21,35.0,0.035,0.001225,trk,0,Standby,Shading detection waits for a locked tracker and positive power.,normal,,,55.0,0.0,0.0,idle,27.5,50.0,track-tilt,43.162,49.051,43.236,49.051,0.074,1,,,,,,,,,,,,CRC/QPSK/OFDM,1,0,129,133,1064,532,12,44,960,192,48,"p1br,seq=00064,frame_b=00133,bits=01064,qpsk=00532,ofdm=012,pad_q=00044,gap=0,ok=1","ldrtrk,seq=00064,pan=043.16,tilt=049.05,sun_pan=043.24,sun_tilt=049.05,err=00.07,state=track-tilt",Orin final real four-LDR solar tracker
2026-08-10T08:01:04.820657+00:00,1,,0,65,21,35.0,0.035,0.001225,trk,0,OK,Panel response is 19.4% of the learned baseline.,normal,,,55.0,0.0,0.0,idle,27.5,50.0,locked,43.162,49.051,43.236,49.051,0.074,1,,,,,,,,,,,,CRC/QPSK/OFDM,1,0,129,133,1064,532,12,44,960,192,48,"p1br,seq=00065,frame_b=00133,bits=01064,qpsk=00532,ofdm=012,pad_q=00044,gap=0,ok=1","ldrtrk,seq=00065,pan=043.16,tilt=049.05,sun_pan=043.24,sun_tilt=049.05,err=00.07,state=locked",Orin final real four-LDR solar tracker
2026-08-10T08:01:05.332562+00:00,1,,0,66,21,35.0,0.035,0.001225,trk,0,OK,Panel response is 19.4% of the learned baseline.,normal,,,55.0,0.0,0.0,idle,27.5,50.0,locked,43.162,49.051,43.187,49.132,0.084,1,,,,,,,,,,,,CRC/QPSK/OFDM,1,0,129,133,1064,532,12,44,960,192,48,"p1br,seq=00066,frame_b=00133,bits=01064,qpsk=00532,ofdm=012,pad_q=00044,gap=0,ok=1","ldrtrk,seq=00066,pan=043.16,tilt=049.05,sun_pan=043.19,sun_tilt=049.13,err=00.08,state=locked",Orin final real four-LDR solar tracker
2026-08-10T08:01:05.842694+00:00,1,,0,67,21,35.0,0.035,0.001225,trk,1,Shading,Panel power per LDR count fell to 19.4% of baseline.,warning,,,55.0,0.0,0.0,idle,27.5,50.0,locked,43.162,49.051,43.26,49.223,0.197,1,,,,,,,,,,,,CRC/QPSK/OFDM,1,0,129,133,1064,532,12,44,960,192,48,"p1br,seq=00067,frame_b=00133,bits=01064,qpsk=00532,ofdm=012,pad_q=00044,gap=0,ok=1","ldrtrk,seq=00067,pan=043.16,tilt=049.05,sun_pan=043.26,sun_tilt=049.22,err=00.20,state=locked",Orin final real four-LDR solar tracker
2026-08-10T08:01:06.405221+00:00,1,,0,68,21,31.0,0.031,0.000961,trk,1,Shading,Panel power per LDR count fell to 15.2% of baseline.,warning,,,55.0,0.0,0.0,idle,27.5,50.0,locked,43.162,49.051,43.294,49.305,0.286,1,,,,,,,,,,,,CRC/QPSK/OFDM,1,0,129,133,1064,532,12,44,960,192,48,"p1br,seq=00068,frame_b=00133,bits=01064,qpsk=00532,ofdm=012,pad_q=00044,gap=0,ok=1","ldrtrk,seq=00068,pan=043.16,tilt=049.05,sun_pan=043.29,sun_tilt=049.31,err=00.29,state=locked",Orin final real four-LDR solar tracker
2026-08-10T08:01:06.849585+00:00,1,,0,69,21,35.0,0.035,0.001225,trk,1,Shading,Panel power per LDR count fell to 19.4% of baseline.,warning,,,55.0,0.0,0.0,idle,27.5,50.0,locked,43.162,49.051,43.325,49.446,0.427,1,,,,,,,,,,,,CRC/QPSK/OFDM,1,0,129,133,1064,532,12,44,960,192,48,"p1br,seq=00069,frame_b=00133,bits=01064,qpsk=00532,ofdm=012,pad_q=00044,gap=0,ok=1","ldrtrk,seq=00069,pan=043.16,tilt=049.05,sun_pan=043.33,sun_tilt=049.45,err=00.43,state=locked",Orin final real four-LDR solar tracker
2026-08-10T08:01:07.436376+00:00,1,,0,70,21,35.0,0.035,0.001225,trk,1,Shading,Panel power per LDR count fell to 19.4% of baseline.,warning,,,55.0,0.0,0.0,idle,27.5,50.0,locked,43.162,49.051,43.246,49.452,0.409,1,,,,,,,,,,,,CRC/QPSK/OFDM,1,0,129,133,1064,532,12,44,960,192,48,"p1br,seq=00070,frame_b=00133,bits=01064,qpsk=00532,ofdm=012,pad_q=00044,gap=0,ok=1","ldrtrk,seq=00070,pan=043.16,tilt=049.05,sun_pan=043.25,sun_tilt=049.45,err=00.41,state=locked",Orin final real four-LDR solar tracker
2026-08-10T08:01:07.856941+00:00,1,,0,71,21,31.0,0.031,0.000961,trk,1,Shading,Panel power per LDR count fell to 15.2% of baseline.,warning,,,55.0,0.0,0.0,idle,27.5,50.0,locked,43.162,49.051,43.208,49.34,0.292,1,,,,,,,,,,,,CRC/QPSK/OFDM,1,0,129,133,1064,532,12,44,960,192,48,"p1br,seq=00071,frame_b=00133,bits=01064,qpsk=00532,ofdm=012,pad_q=00044,gap=0,ok=1","ldrtrk,seq=00071,pan=043.16,tilt=049.05,sun_pan=043.21,sun_tilt=049.34,err=00.29,state=locked",Orin final real four-LDR solar tracker
2026-08-10T08:01:08.454079+00:00,1,,0,72,21,31.0,0.031,0.000961,trk,1,Shading,Panel power per LDR count fell to 15.2% of baseline.,warning,,,55.0,0.0,0.0,idle,27.5,50.0,locked,43.162,49.051,43.282,49.453,0.419,1,,,,,,,,,,,,CRC/QPSK/OFDM,1,0,129,133,1064,532,12,44,960,192,48,"p1br,seq=00072,frame_b=00133,bits=01064,qpsk=00532,ofdm=012,pad_q=00044,gap=0,ok=1","ldrtrk,seq=00072,pan=043.16,tilt=049.05,sun_pan=043.28,sun_tilt=049.45,err=00.42,state=locked",Orin final real four-LDR solar tracker
2026-08-10T08:01:08.884288+00:00,1,,0,73,21,35.0,0.035,0.001225,trk,1,Shading,Panel power per LDR count fell to 19.4% of baseline.,warning,,,55.0,0.0,0.0,idle,27.5,50.0,locked,43.162,49.051,43.286,49.46,0.427,1,,,,,,,,,,,,CRC/QPSK/OFDM,1,0,129,133,1064,532,12,44,960,192,48,"p1br,seq=00073,frame_b=00133,bits=01064,qpsk=00532,ofdm=012,pad_q=00044,gap=0,ok=1","ldrtrk,seq=00073,pan=043.16,tilt=049.05,sun_pan=043.29,sun_tilt=049.46,err=00.43,state=locked",Orin final real four-LDR solar tracker
2026-08-10T08:01:09.480202+00:00,1,,0,74,21,35.0,0.035,0.001225,trk,1,Shading,Panel power per LDR count fell to 19.4% of baseline.,warning,,,55.0,0.0,0.0,idle,27.5,50.0,locked,43.162,49.051,43.266,49.149,0.142,1,,,,,,,,,,,,CRC/QPSK/OFDM,1,0,129,133,1064,532,12,44,960,192,48,"p1br,seq=00074,frame_b=00133,bits=01064,qpsk=00532,ofdm=012,pad_q=00044,gap=0,ok=1","ldrtrk,seq=00074,pan=043.16,tilt=049.05,sun_pan=043.27,sun_tilt=049.15,err=00.14,state=locked",Orin final real four-LDR solar tracker
2026-08-10T08:01:09.888395+00:00,1,,0,75,21,93.0,0.093,0.008649,trk,0,Standby,Shading detection waits for a locked tracker and positive power.,normal,,,55.0,0.0,0.0,idle,27.5,50.0,track-pan,43.162,49.051,41.251,47.714,2.332,1,,,,,,,,,,,,CRC/QPSK/OFDM,1,0,129,133,1064,532,12,44,960,192,48,"p1br,seq=00075,frame_b=00133,bits=01064,qpsk=00532,ofdm=012,pad_q=00044,gap=0,ok=1","ldrtrk,seq=00075,pan=043.16,tilt=049.05,sun_pan=041.25,sun_tilt=047.71,err=02.33,state=track-pan",Orin final real four-LDR solar tracker
2026-08-10T08:01:10.384644+00:00,1,,0,76,19,93.0,0.093,0.008649,trk,0,Standby,Shading detection waits for a locked tracker and positive power.,normal,,,55.0,0.0,0.0,idle,27.5,50.0,track-pan,41.144,49.051,41.144,47.609,1.442,1,,,,,,,,,,,,CRC/QPSK/OFDM,1,0,129,133,1064,532,12,44,960,192,48,"p1br,seq=00076,frame_b=00133,bits=01064,qpsk=00532,ofdm=012,pad_q=00044,gap=0,ok=1","ldrtrk,seq=00076,pan=041.14,tilt=049.05,sun_pan=041.14,sun_tilt=047.61,err=01.44,state=track-pan",Orin final real four-LDR solar tracker
2026-08-10T08:01:10.914598+00:00,1,,0,77,19,93.0,0.093,0.008649,trk,0,Standby,Shading detection waits for a locked tracker and positive power.,normal,,,55.0,0.0,0.0,idle,27.5,50.0,track-tilt,41.144,49.051,41.033,47.52,1.536,1,,,,,,,,,,,,CRC/QPSK/OFDM,1,0,129,133,1064,532,12,44,960,192,48,"p1br,seq=00077,frame_b=00133,bits=01064,qpsk=00532,ofdm=012,pad_q=00044,gap=0,ok=1","ldrtrk,seq=00077,pan=041.14,tilt=049.05,sun_pan=041.03,sun_tilt=047.52,err=01.54,state=track-tilt",Orin final real four-LDR solar tracker
2026-08-10T08:01:11.392664+00:00,1,,0,78,19,98.0,0.098,0.009604,trk,0,Standby,Shading detection waits for a locked tracker and positive power.,normal,,,55.0,0.0,0.0,idle,27.5,50.0,track-tilt,41.144,47.472,40.999,47.472,0.145,1,,,,,,,,,,,,CRC/QPSK/OFDM,1,0,129,133,1064,532,12,44,960,192,48,"p1br,seq=00078,frame_b=00133,bits=01064,qpsk=00532,ofdm=012,pad_q=00044,gap=0,ok=1","ldrtrk,seq=00078,pan=041.14,tilt=047.47,sun_pan=041.00,sun_tilt=047.47,err=00.15,state=track-tilt",Orin final real four-LDR solar tracker
2026-08-10T08:01:11.936361+00:00,1,,0,79,19,93.0,0.093,0.008649,trk,1,Shading,Panel power per LDR count fell to 139.5% of baseline.,warning,,,55.0,0.0,0.0,idle,27.5,50.0,locked,41.144,47.472,41.124,47.477,0.02,1,,,,,,,,,,,,CRC/QPSK/OFDM,1,0,129,133,1064,532,12,44,960,192,48,"p1br,seq=00079,frame_b=00133,bits=01064,qpsk=00532,ofdm=012,pad_q=00044,gap=0,ok=1","ldrtrk,seq=00079,pan=041.14,tilt=047.47,sun_pan=041.12,sun_tilt=047.48,err=00.02,state=locked",Orin final real four-LDR solar tracker
2026-08-10T08:01:12.395857+00:00,1,,0,80,19,102.0,0.102,0.010404,trk,1,Shading,Panel power per LDR count fell to 166.3% of baseline.,warning,,,55.0,0.0,0.0,idle,27.5,50.0,locked,41.144,47.472,41.23,47.553,0.119,1,,,,,,,,,,,,CRC/QPSK/OFDM,1,0,129,133,1064,532,12,44,960,192,48,"p1br,seq=00080,frame_b=00133,bits=01064,qpsk=00532,ofdm=012,pad_q=00044,gap=0,ok=1","ldrtrk,seq=00080,pan=041.14,tilt=047.47,sun_pan=041.23,sun_tilt=047.55,err=00.12,state=locked",Orin final real four-LDR solar tracker
2026-08-10T08:01:12.909710+00:00,1,,0,81,19,98.0,0.098,0.009604,trk,0,OK,Panel response is 151.4% of the learned baseline.,normal,,,55.0,0.0,0.0,idle,27.5,50.0,locked,41.144,47.472,41.226,47.591,0.145,1,,,,,,,,,,,,CRC/QPSK/OFDM,1,0,129,133,1064,532,12,44,960,192,48,"p1br,seq=00081,frame_b=00133,bits=01064,qpsk=00532,ofdm=012,pad_q=00044,gap=0,ok=1","ldrtrk,seq=00081,pan=041.14,tilt=047.47,sun_pan=041.23,sun_tilt=047.59,err=00.14,state=locked",Orin final real four-LDR solar tracker
2026-08-10T08:01:13.404812+00:00,1,,0,82,19,93.0,0.093,0.008649,trk,0,OK,Panel response is 135.1% of the learned baseline.,normal,,,55.0,0.0,0.0,idle,27.5,50.0,locked,41.144,47.472,41.07,47.552,0.108,1,,,,,,,,,,,,CRC/QPSK/OFDM,1,0,129,133,1064,532,12,44,960,192,48,"p1br,seq=00082,frame_b=00133,bits=01064,qpsk=00532,ofdm=012,pad_q=00044,gap=0,ok=1","ldrtrk,seq=00082,pan=041.14,tilt=047.47,sun_pan=041.07,sun_tilt=047.55,err=00.11,state=locked",Orin final real four-LDR solar tracker
2026-08-10T08:01:13.916178+00:00,1,,0,83,19,93.0,0.093,0.008649,trk,0,OK,Panel response is 134.2% of the learned baseline.,normal,,,55.0,0.0,0.0,idle,27.5,50.0,locked,41.144,47.472,41.157,47.496,0.027,1,,,,,,,,,,,,CRC/QPSK/OFDM,1,0,129,133,1064,532,12,44,960,192,48,"p1br,seq=00083,frame_b=00133,bits=01064,qpsk=00532,ofdm=012,pad_q=00044,gap=0,ok=1","ldrtrk,seq=00083,pan=041.14,tilt=047.47,sun_pan=041.16,sun_tilt=047.50,err=00.03,state=locked",Orin final real four-LDR solar tracker
2026-08-10T08:01:14.427347+00:00,1,,0,84,19,98.0,0.098,0.009604,trk,0,OK,Panel response is 147.9% of the learned baseline.,normal,,,55.0,0.0,0.0,idle,27.5,50.0,locked,41.144,47.472,41.066,47.59,0.141,1,,,,,,,,,,,,CRC/QPSK/OFDM,1,0,129,133,1064,532,12,44,960,192,48,"p1br,seq=00084,frame_b=00133,bits=01064,qpsk=00532,ofdm=012,pad_q=00044,gap=0,ok=1","ldrtrk,seq=00084,pan=041.14,tilt=047.47,sun_pan=041.07,sun_tilt=047.59,err=00.14,state=locked",Orin final real four-LDR solar tracker
2026-08-10T08:01:14.922671+00:00,1,,0,85,19,98.0,0.098,0.009604,trk,0,OK,Panel response is 146.6% of the learned baseline.,normal,,,55.0,0.0,0.0,idle,27.5,50.0,locked,41.144,47.472,41.155,47.54,0.069,1,,,,,,,,,,,,CRC/QPSK/OFDM,1,0,129,133,1064,532,12,44,960,192,48,"p1br,seq=00085,frame_b=00133,bits=01064,qpsk=00532,ofdm=012,pad_q=00044,gap=0,ok=1","ldrtrk,seq=00085,pan=041.14,tilt=047.47,sun_pan=041.15,sun_tilt=047.54,err=00.07,state=locked",Orin final real four-LDR solar tracker
2026-08-10T08:01:15.433358+00:00,1,,0,86,19,93.0,0.093,0.008649,trk,0,OK,Panel response is 130.9% of the learned baseline.,normal,,,55.0,0.0,0.0,idle,27.5,50.0,locked,41.144,47.472,40.914,47.534,0.238,1,,,,,,,,,,,,CRC/QPSK/OFDM,1,0,129,133,1064,532,12,44,960,192,48,"p1br,seq=00086,frame_b=00133,bits=01064,qpsk=00532,ofdm=012,pad_q=00044,gap=0,ok=1","ldrtrk,seq=00086,pan=041.14,tilt=047.47,sun_pan=040.91,sun_tilt=047.53,err=00.24,state=locked",Orin final real four-LDR solar tracker
2026-08-10T08:01:15.931024+00:00,1,,0,87,19,98.0,0.098,0.009604,trk,0,OK,Panel response is 144.4% of the learned baseline.,normal,,,55.0,0.0,0.0,idle,27.5,50.0,locked,41.144,47.472,40.91,47.572,0.255,1,,,,,,,,,,,,CRC/QPSK/OFDM,1,0,129,133,1064,532,12,44,960,192,48,"p1br,seq=00087,frame_b=00133,bits=01064,qpsk=00532,ofdm=012,pad_q=00044,gap=0,ok=1","ldrtrk,seq=00087,pan=041.14,tilt=047.47,sun_pan=040.91,sun_tilt=047.57,err=00.25,state=locked",Orin final real four-LDR solar tracker
2026-08-10T08:01:16.439468+00:00,1,,0,88,19,98.0,0.098,0.009604,trk,0,OK,Panel response is 143.2% of the learned baseline.,normal,,,55.0,0.0,0.0,idle,27.5,50.0,locked,41.144,47.472,40.873,47.569,0.287,1,,,,,,,,,,,,CRC/QPSK/OFDM,1,0,129,133,1064,532,12,44,960,192,48,"p1br,seq=00088,frame_b=00133,bits=01064,qpsk=00532,ofdm=012,pad_q=00044,gap=0,ok=1","ldrtrk,seq=00088,pan=041.14,tilt=047.47,sun_pan=040.87,sun_tilt=047.57,err=00.29,state=locked",Orin final real four-LDR solar tracker
2026-08-10T08:01:16.937040+00:00,1,,0,89,19,98.0,0.098,0.009604,trk,0,OK,Panel response is 142.2% of the learned baseline.,normal,,,55.0,0.0,0.0,idle,27.5,50.0,locked,41.144,47.472,40.796,47.577,0.363,1,,,,,,,,,,,,CRC/QPSK/OFDM,1,0,129,133,1064,532,12,44,960,192,48,"p1br,seq=00089,frame_b=00133,bits=01064,qpsk=00532,ofdm=012,pad_q=00044,gap=0,ok=1","ldrtrk,seq=00089,pan=041.14,tilt=047.47,sun_pan=040.80,sun_tilt=047.58,err=00.36,state=locked",Orin final real four-LDR solar tracker
2026-08-10T08:01:17.447342+00:00,1,,0,90,19,93.0,0.093,0.008649,trk,0,OK,Panel response is 127.0% of the learned baseline.,normal,,,55.0,0.0,0.0,idle,27.5,50.0,locked,41.144,47.472,40.843,47.534,0.307,1,,,,,,,,,,,,CRC/QPSK/OFDM,1,0,129,133,1064,532,12,44,960,192,48,"p1br,seq=00090,frame_b=00133,bits=01064,qpsk=00532,ofdm=012,pad_q=00044,gap=0,ok=1","ldrtrk,seq=00090,pan=041.14,tilt=047.47,sun_pan=040.84,sun_tilt=047.53,err=00.31,state=locked",Orin final real four-LDR solar tracker
2026-08-10T08:01:17.958992+00:00,1,,0,91,19,98.0,0.098,0.009604,trk,0,OK,Panel response is 140.2% of the learned baseline.,normal,,,55.0,0.0,0.0,idle,27.5,50.0,locked,41.144,47.472,40.795,47.599,0.371,1,,,,,,,,,,,,CRC/QPSK/OFDM,1,0,129,133,1064,532,12,44,960,192,48,"p1br,seq=00091,frame_b=00133,bits=01064,qpsk=00532,ofdm=012,pad_q=00044,gap=0,ok=1","ldrtrk,seq=00091,pan=041.14,tilt=047.47,sun_pan=040.79,sun_tilt=047.60,err=00.37,state=locked",Orin final real four-LDR solar tracker
2026-08-10T08:01:18.455430+00:00,1,,0,92,19,98.0,0.098,0.009604,trk,0,OK,Panel response is 139.0% of the learned baseline.,normal,,,55.0,0.0,0.0,idle,27.5,50.0,locked,41.144,47.472,40.875,47.575,0.288,1,,,,,,,,,,,,CRC/QPSK/OFDM,1,0,129,133,1064,532,12,44,960,192,48,"p1br,seq=00092,frame_b=00133,bits=01064,qpsk=00532,ofdm=012,pad_q=00044,gap=0,ok=1","ldrtrk,seq=00092,pan=041.14,tilt=047.47,sun_pan=040.88,sun_tilt=047.58,err=00.29,state=locked",Orin final real four-LDR solar tracker
2026-08-10T08:01:18.967551+00:00,1,,0,93,19,98.0,0.098,0.009604,trk,0,OK,Panel response is 138.0% of the learned baseline.,normal,,,55.0,0.0,0.0,idle,27.5,50.0,locked,41.144,47.472,40.874,47.597,0.297,1,,,,,,,,,,,,CRC/QPSK/OFDM,1,0,129,133,1064,532,12,44,960,192,48,"p1br,seq=00093,frame_b=00133,bits=01064,qpsk=00532,ofdm=012,pad_q=00044,gap=0,ok=1","ldrtrk,seq=00093,pan=041.14,tilt=047.47,sun_pan=040.87,sun_tilt=047.60,err=00.30,state=locked",Orin final real four-LDR solar tracker
2026-08-10T08:01:19.462500+00:00,1,,0,94,19,93.0,0.093,0.008649,trk,0,OK,Panel response is 123.4% of the learned baseline.,normal,,,55.0,0.0,0.0,idle,27.5,50.0,locked,41.144,47.472,40.685,47.487,0.458,1,,,,,,,,,,,,CRC/QPSK/OFDM,1,0,129,133,1064,532,12,44,960,192,48,"p1br,seq=00094,frame_b=00133,bits=01064,qpsk=00532,ofdm=012,pad_q=00044,gap=0,ok=1","ldrtrk,seq=00094,pan=041.14,tilt=047.47,sun_pan=040.69,sun_tilt=047.49,err=00.46,state=locked",Orin final real four-LDR solar tracker
2026-08-10T08:01:19.973588+00:00,1,,0,95,19,98.0,0.098,0.009604,trk,0,OK,Panel response is 136.4% of the learned baseline.,normal,,,55.0,0.0,0.0,idle,27.5,50.0,locked,41.144,47.472,40.728,47.481,0.416,1,,,,,,,,,,,,CRC/QPSK/OFDM,1,0,129,133,1064,532,12,44,960,192,48,"p1br,seq=00095,frame_b=00133,bits=01064,qpsk=00532,ofdm=012,pad_q=00044,gap=0,ok=1","ldrtrk,seq=00095,pan=041.14,tilt=047.47,sun_pan=040.73,sun_tilt=047.48,err=00.42,state=locked",Orin final real four-LDR solar tracker
2026-08-10T08:01:20.487242+00:00,1,,0,96,19,98.0,0.098,0.009604,trk,0,OK,Panel response is 135.4% of the learned baseline.,normal,,,55.0,0.0,0.0,idle,27.5,50.0,locked,41.144,47.472,40.675,47.585,0.482,1,,,,,,,,,,,,CRC/QPSK/OFDM,1,0,129,133,1064,532,12,44,960,192,48,"p1br,seq=00096,frame_b=00133,bits=01064,qpsk=00532,ofdm=012,pad_q=00044,gap=0,ok=1","ldrtrk,seq=00096,pan=041.14,tilt=047.47,sun_pan=040.67,sun_tilt=047.58,err=00.48,state=locked",Orin final real four-LDR solar tracker
2026-08-10T08:01:20.980762+00:00,1,,0,97,19,93.0,0.093,0.008649,trk,0,OK,Panel response is 121.0% of the learned baseline.,normal,,,55.0,0.0,0.0,idle,27.5,50.0,locked,41.144,47.472,40.8,47.511,0.346,1,,,,,,,,,,,,CRC/QPSK/OFDM,1,0,129,133,1064,532,12,44,960,192,48,"p1br,seq=00097,frame_b=00133,bits=01064,qpsk=00532,ofdm=012,pad_q=00044,gap=0,ok=1","ldrtrk,seq=00097,pan=041.14,tilt=047.47,sun_pan=040.80,sun_tilt=047.51,err=00.35,state=locked",Orin final real four-LDR solar tracker
2026-08-10T08:01:21.491080+00:00,1,,0,98,19,98.0,0.098,0.009604,trk,0,OK,Panel response is 133.8% of the learned baseline.,normal,,,55.0,0.0,0.0,idle,27.5,50.0,locked,41.144,47.472,40.916,47.592,0.257,1,,,,,,,,,,,,CRC/QPSK/OFDM,1,0,129,133,1064,532,12,44,960,192,48,"p1br,seq=00098,frame_b=00133,bits=01064,qpsk=00532,ofdm=012,pad_q=00044,gap=0,ok=1","ldrtrk,seq=00098,pan=041.14,tilt=047.47,sun_pan=040.92,sun_tilt=047.59,err=00.26,state=locked",Orin final real four-LDR solar tracker
2026-08-10T08:01:21.989076+00:00,1,,0,99,19,93.0,0.093,0.008649,trk,0,OK,Panel response is 119.7% of the learned baseline.,normal,,,55.0,0.0,0.0,idle,27.5,50.0,locked,41.144,47.472,40.71,47.611,0.455,1,,,,,,,,,,,,CRC/QPSK/OFDM,1,0,129,133,1064,532,12,44,960,192,48,"p1br,seq=00099,frame_b=00133,bits=01064,qpsk=00532,ofdm=012,pad_q=00044,gap=0,ok=1","ldrtrk,seq=00099,pan=041.14,tilt=047.47,sun_pan=040.71,sun_tilt=047.61,err=00.46,state=locked",Orin final real four-LDR solar tracker
2026-08-10T08:01:22.502855+00:00,1,,0,100,19,93.0,0.093,0.008649,trk,0,OK,Panel response is 119.2% of the learned baseline.,normal,,,55.0,0.0,0.0,idle,27.5,50.0,locked,41.144,47.472,40.83,47.625,0.349,1,,,,,,,,,,,,CRC/QPSK/OFDM,1,0,129,133,1064,532,12,44,960,192,48,"p1br,seq=00100,frame_b=00133,bits=01064,qpsk=00532,ofdm=012,pad_q=00044,gap=0,ok=1","ldrtrk,seq=00100,pan=041.14,tilt=047.47,sun_pan=040.83,sun_tilt=047.63,err=00.35,state=locked",Orin final real four-LDR solar tracker
2026-08-10T08:01:23.009826+00:00,1,,0,101,19,98.0,0.098,0.009604,trk,0,OK,Panel response is 131.9% of the learned baseline.,normal,,,55.0,0.0,0.0,idle,27.5,50.0,locked,41.144,47.472,40.835,47.587,0.33,1,,,,,,,,,,,,CRC/QPSK/OFDM,1,0,129,133,1064,532,12,44,960,192,48,"p1br,seq=00101,frame_b=00133,bits=01064,qpsk=00532,ofdm=012,pad_q=00044,gap=0,ok=1","ldrtrk,seq=00101,pan=041.14,tilt=047.47,sun_pan=040.83,sun_tilt=047.59,err=00.33,state=locked",Orin final real four-LDR solar tracker
2026-08-10T08:01:23.506575+00:00,1,,0,102,19,93.0,0.093,0.008649,trk,0,OK,Panel response is 118.1% of the learned baseline.,normal,,,55.0,0.0,0.0,idle,27.5,50.0,locked,41.144,47.472,40.723,47.519,0.423,1,,,,,,,,,,,,CRC/QPSK/OFDM,1,0,129,133,1064,532,12,44,960,192,48,"p1br,seq=00102,frame_b=00133,bits=01064,qpsk=00532,ofdm=012,pad_q=00044,gap=0,ok=1","ldrtrk,seq=00102,pan=041.14,tilt=047.47,sun_pan=040.72,sun_tilt=047.52,err=00.42,state=locked",Orin final real four-LDR solar tracker
2026-08-10T08:01:24.015798+00:00,1,,0,103,19,98.0,0.098,0.009604,trk,0,OK,Panel response is 130.6% of the learned baseline.,normal,,,55.0,0.0,0.0,idle,27.5,50.0,locked,41.144,47.472,40.67,47.623,0.497,1,,,,,,,,,,,,CRC/QPSK/OFDM,1,0,129,133,1064,532,12,44,960,192,48,"p1br,seq=00103,frame_b=00133,bits=01064,qpsk=00532,ofdm=012,pad_q=00044,gap=0,ok=1","ldrtrk,seq=00103,pan=041.14,tilt=047.47,sun_pan=040.67,sun_tilt=047.62,err=00.50,state=locked",Orin final real four-LDR solar tracker
2026-08-10T08:01:24.512557+00:00,1,,0,104,19,98.0,0.098,0.009604,trk,0,OK,Panel response is 129.9% of the learned baseline.,normal,,,55.0,0.0,0.0,idle,27.5,50.0,locked,41.144,47.472,40.762,47.529,0.386,1,,,,,,,,,,,,CRC/QPSK/OFDM,1,0,129,133,1064,532,12,44,960,192,48,"p1br,seq=00104,frame_b=00133,bits=01064,qpsk=00532,ofdm=012,pad_q=00044,gap=0,ok=1","ldrtrk,seq=00104,pan=041.14,tilt=047.47,sun_pan=040.76,sun_tilt=047.53,err=00.39,state=locked",Orin final real four-LDR solar tracker
2026-08-10T08:01:25.024745+00:00,1,,0,105,19,98.0,0.098,0.009604,trk,0,OK,Panel response is 129.1% of the learned baseline.,normal,,,55.0,0.0,0.0,idle,27.5,50.0,locked,41.144,47.472,40.759,47.574,0.398,1,,,,,,,,,,,,CRC/QPSK/OFDM,1,0,129,133,1064,532,12,44,960,192,48,"p1br,seq=00105,frame_b=00133,bits=01064,qpsk=00532,ofdm=012,pad_q=00044,gap=0,ok=1","ldrtrk,seq=00105,pan=041.14,tilt=047.47,sun_pan=040.76,sun_tilt=047.57,err=00.40,state=locked",Orin final real four-LDR solar tracker
2026-08-10T08:01:25.517448+00:00,1,,0,106,19,98.0,0.098,0.009604,trk,0,OK,Panel response is 128.3% of the learned baseline.,normal,,,55.0,0.0,0.0,idle,27.5,50.0,locked,41.144,47.472,40.791,47.615,0.38,1,,,,,,,,,,,,CRC/QPSK/OFDM,1,0,129,133,1064,532,12,44,960,192,48,"p1br,seq=00106,frame_b=00133,bits=01064,qpsk=00532,ofdm=012,pad_q=00044,gap=0,ok=1","ldrtrk,seq=00106,pan=041.14,tilt=047.47,sun_pan=040.79,sun_tilt=047.62,err=00.38,state=locked",Orin final real four-LDR solar tracker
2026-08-10T08:01:26.030277+00:00,1,,0,107,19,93.0,0.093,0.008649,trk,0,OK,Panel response is 115.0% of the learned baseline.,normal,,,55.0,0.0,0.0,idle,27.5,50.0,locked,41.144,47.472,40.602,47.527,0.545,1,,,,,,,,,,,,CRC/QPSK/OFDM,1,0,129,133,1064,532,12,44,960,192,48,"p1br,seq=00107,frame_b=00133,bits=01064,qpsk=00532,ofdm=012,pad_q=00044,gap=0,ok=1","ldrtrk,seq=00107,pan=041.14,tilt=047.47,sun_pan=040.60,sun_tilt=047.53,err=00.54,state=locked",Orin final real four-LDR solar tracker
2026-08-10T08:01:26.542432+00:00,1,,0,108,19,98.0,0.098,0.009604,trk,0,OK,Panel response is 127.2% of the learned baseline.,normal,,,55.0,0.0,0.0,idle,27.5,50.0,locked,41.144,47.472,40.762,47.529,0.386,1,,,,,,,,,,,,CRC/QPSK/OFDM,1,0,129,133,1064,532,12,44,960,192,48,"p1br,seq=00108,frame_b=00133,bits=01064,qpsk=00532,ofdm=012,pad_q=00044,gap=0,ok=1","ldrtrk,seq=00108,pan=041.14,tilt=047.47,sun_pan=040.76,sun_tilt=047.53,err=00.39,state=locked",Orin final real four-LDR solar tracker
2026-08-10T08:01:27.038975+00:00,1,,0,109,19,98.0,0.098,0.009604,trk,0,OK,Panel response is 126.5% of the learned baseline.,normal,,,55.0,0.0,0.0,idle,27.5,50.0,locked,41.144,47.472,40.752,47.605,0.413,1,,,,,,,,,,,,CRC/QPSK/OFDM,1,0,129,133,1064,532,12,44,960,192,48,"p1br,seq=00109,frame_b=00133,bits=01064,qpsk=00532,ofdm=012,pad_q=00044,gap=0,ok=1","ldrtrk,seq=00109,pan=041.14,tilt=047.47,sun_pan=040.75,sun_tilt=047.61,err=00.41,state=locked",Orin final real four-LDR solar tracker
2026-08-10T08:01:27.550211+00:00,1,,0,110,19,93.0,0.093,0.008649,trk,0,OK,Panel response is 113.4% of the learned baseline.,normal,,,55.0,0.0,0.0,idle,27.5,50.0,locked,41.144,47.472,40.756,47.589,0.405,1,,,,,,,,,,,,CRC/QPSK/OFDM,1,0,129,133,1064,532,12,44,960,192,48,"p1br,seq=00110,frame_b=00133,bits=01064,qpsk=00532,ofdm=012,pad_q=00044,gap=0,ok=1","ldrtrk,seq=00110,pan=041.14,tilt=047.47,sun_pan=040.76,sun_tilt=047.59,err=00.41,state=locked",Orin final real four-LDR solar tracker
2026-08-10T08:01:28.046418+00:00,1,,0,111,19,98.0,0.098,0.009604,trk,0,OK,Panel response is 125.6% of the learned baseline.,normal,,,55.0,0.0,0.0,idle,27.5,50.0,locked,41.144,47.472,40.684,47.509,0.461,1,,,,,,,,,,,,CRC/QPSK/OFDM,1,0,129,133,1064,532,12,44,960,192,48,"p1br,seq=00111,frame_b=00133,bits=01064,qpsk=00532,ofdm=012,pad_q=00044,gap=0,ok=1","ldrtrk,seq=00111,pan=041.14,tilt=047.47,sun_pan=040.68,sun_tilt=047.51,err=00.46,state=locked",Orin final real four-LDR solar tracker
2026-08-10T08:01:28.556948+00:00,1,,0,112,19,98.0,0.098,0.009604,trk,0,OK,Panel response is 125.0% of the learned baseline.,normal,,,55.0,0.0,0.0,idle,27.5,50.0,locked,41.144,47.472,40.651,47.439,0.493,1,,,,,,,,,,,,CRC/QPSK/OFDM,1,0,129,133,1064,532,12,44,960,192,48,"p1br,seq=00112,frame_b=00133,bits=01064,qpsk=00532,ofdm=012,pad_q=00044,gap=0,ok=1","ldrtrk,seq=00112,pan=041.14,tilt=047.47,sun_pan=040.65,sun_tilt=047.44,err=00.49,state=locked",Orin final real four-LDR solar tracker
2026-08-10T08:01:29.067790+00:00,1,,0,113,19,98.0,0.098,0.009604,trk,0,OK,Panel response is 124.3% of the learned baseline.,normal,,,55.0,0.0,0.0,idle,27.5,50.0,locked,41.144,47.472,40.756,47.589,0.405,1,,,,,,,,,,,,CRC/QPSK/OFDM,1,0,129,133,1064,532,12,44,960,192,48,"p1br,seq=00113,frame_b=00133,bits=01064,qpsk=00532,ofdm=012,pad_q=00044,gap=0,ok=1","ldrtrk,seq=00113,pan=041.14,tilt=047.47,sun_pan=040.76,sun_tilt=047.59,err=00.41,state=locked",Orin final real four-LDR solar tracker
2026-08-10T08:01:29.566352+00:00,1,,0,114,19,98.0,0.098,0.009604,trk,0,OK,Panel response is 123.7% of the learned baseline.,normal,,,55.0,0.0,0.0,idle,27.5,50.0,locked,41.144,47.472,40.679,47.547,0.47,1,,,,,,,,,,,,CRC/QPSK/OFDM,1,0,129,133,1064,532,12,44,960,192,48,"p1br,seq=00114,frame_b=00133,bits=01064,qpsk=00532,ofdm=012,pad_q=00044,gap=0,ok=1","ldrtrk,seq=00114,pan=041.14,tilt=047.47,sun_pan=040.68,sun_tilt=047.55,err=00.47,state=locked",Orin final real four-LDR solar tracker
2026-08-10T08:01:30.075410+00:00,1,,0,115,19,98.0,0.098,0.009604,trk,0,OK,Panel response is 123.1% of the learned baseline.,normal,,,55.0,0.0,0.0,idle,27.5,50.0,locked,41.144,47.472,40.722,47.541,0.428,1,,,,,,,,,,,,CRC/QPSK/OFDM,1,0,129,133,1064,532,12,44,960,192,48,"p1br,seq=00115,frame_b=00133,bits=01064,qpsk=00532,ofdm=012,pad_q=00044,gap=0,ok=1","ldrtrk,seq=00115,pan=041.14,tilt=047.47,sun_pan=040.72,sun_tilt=047.54,err=00.43,state=locked",Orin final real four-LDR solar tracker
2026-08-10T08:01:30.570854+00:00,1,,0,116,19,98.0,0.098,0.009604,trk,0,OK,Panel response is 122.6% of the learned baseline.,normal,,,55.0,0.0,0.0,idle,27.5,50.0,locked,41.144,47.472,40.737,47.405,0.412,1,,,,,,,,,,,,CRC/QPSK/OFDM,1,0,129,133,1064,532,12,44,960,192,48,"p1br,seq=00116,frame_b=00133,bits=01064,qpsk=00532,ofdm=012,pad_q=00044,gap=0,ok=1","ldrtrk,seq=00116,pan=041.14,tilt=047.47,sun_pan=040.74,sun_tilt=047.41,err=00.41,state=locked",Orin final real four-LDR solar tracker
2026-08-10T08:01:31.083725+00:00,1,,0,117,19,98.0,0.098,0.009604,trk,0,OK,Panel response is 122.0% of the learned baseline.,normal,,,55.0,0.0,0.0,idle,27.5,50.0,locked,41.144,47.472,40.647,47.477,0.497,1,,,,,,,,,,,,CRC/QPSK/OFDM,1,0,129,133,1064,532,12,44,960,192,48,"p1br,seq=00117,frame_b=00133,bits=01064,qpsk=00532,ofdm=012,pad_q=00044,gap=0,ok=1","ldrtrk,seq=00117,pan=041.14,tilt=047.47,sun_pan=040.65,sun_tilt=047.48,err=00.50,state=locked",Orin final real four-LDR solar tracker
2026-08-10T08:01:31.577110+00:00,1,,0,118,19,98.0,0.098,0.009604,trk,0,OK,Panel response is 121.5% of the learned baseline.,normal,,,55.0,0.0,0.0,idle,27.5,50.0,locked,41.144,47.472,40.77,47.476,0.374,1,,,,,,,,,,,,CRC/QPSK/OFDM,1,0,129,133,1064,532,12,44,960,192,48,"p1br,seq=00118,frame_b=00133,bits=01064,qpsk=00532,ofdm=012,pad_q=00044,gap=0,ok=1","ldrtrk,seq=00118,pan=041.14,tilt=047.47,sun_pan=040.77,sun_tilt=047.48,err=00.37,state=locked",Orin final real four-LDR solar tracker
2026-08-10T08:01:32.088687+00:00,1,,0,119,19,98.0,0.098,0.009604,trk,0,OK,Panel response is 121.0% of the learned baseline.,normal,,,55.0,0.0,0.0,idle,27.5,50.0,locked,41.144,47.472,40.605,47.511,0.54,1,,,,,,,,,,,,CRC/QPSK/OFDM,1,0,129,133,1064,532,12,44,960,192,48,"p1br,seq=00119,frame_b=00133,bits=01064,qpsk=00532,ofdm=012,pad_q=00044,gap=0,ok=1","ldrtrk,seq=00119,pan=041.14,tilt=047.47,sun_pan=040.61,sun_tilt=047.51,err=00.54,state=locked",Orin final real four-LDR solar tracker
2026-08-10T08:01:32.601172+00:00,1,,0,120,19,98.0,0.098,0.009604,trk,0,OK,Panel response is 120.5% of the learned baseline.,normal,,,55.0,0.0,0.0,idle,27.5,50.0,locked,41.144,47.472,40.73,47.488,0.414,1,,,,,,,,,,,,CRC/QPSK/OFDM,1,0,129,133,1064,532,12,44,960,192,48,"p1br,seq=00120,frame_b=00133,bits=01064,qpsk=00532,ofdm=012,pad_q=00044,gap=0,ok=1","ldrtrk,seq=00120,pan=041.14,tilt=047.47,sun_pan=040.73,sun_tilt=047.49,err=00.41,state=locked",Orin final real four-LDR solar tracker
2026-08-10T08:01:33.096400+00:00,1,,0,121,19,102.0,0.102,0.010404,trk,0,OK,Panel response is 130.0% of the learned baseline.,normal,,,55.0,0.0,0.0,idle,27.5,50.0,locked,41.144,47.472,40.564,47.494,0.58,1,,,,,,,,,,,,CRC/QPSK/OFDM,1,0,129,133,1064,532,12,44,960,192,48,"p1br,seq=00121,frame_b=00133,bits=01064,qpsk=00532,ofdm=012,pad_q=00044,gap=0,ok=1","ldrtrk,seq=00121,pan=041.14,tilt=047.47,sun_pan=040.56,sun_tilt=047.49,err=00.58,state=locked",Orin final real four-LDR solar tracker
2026-08-10T08:01:33.607226+00:00,1,,0,122,19,98.0,0.098,0.009604,trk,0,OK,Panel response is 119.2% of the learned baseline.,normal,,,55.0,0.0,0.0,idle,27.5,50.0,locked,41.144,47.472,40.718,47.557,0.434,1,,,,,,,,,,,,CRC/QPSK/OFDM,1,0,129,133,1064,532,12,44,960,192,48,"p1br,seq=00122,frame_b=00133,bits=01064,qpsk=00532,ofdm=012,pad_q=00044,gap=0,ok=1","ldrtrk,seq=00122,pan=041.14,tilt=047.47,sun_pan=040.72,sun_tilt=047.56,err=00.43,state=locked",Orin final real four-LDR solar tracker
2026-08-10T08:01:34.103985+00:00,1,,0,123,19,98.0,0.098,0.009604,trk,0,OK,Panel response is 118.8% of the learned baseline.,normal,,,55.0,0.0,0.0,idle,27.5,50.0,locked,41.144,47.472,40.718,47.557,0.434,1,,,,,,,,,,,,CRC/QPSK/OFDM,1,0,129,133,1064,532,12,44,960,192,48,"p1br,seq=00123,frame_b=00133,bits=01064,qpsk=00532,ofdm=012,pad_q=00044,gap=0,ok=1","ldrtrk,seq=00123,pan=041.14,tilt=047.47,sun_pan=040.72,sun_tilt=047.56,err=00.43,state=locked",Orin final real four-LDR solar tracker
2026-08-10T08:01:34.614894+00:00,1,,0,124,19,98.0,0.098,0.009604,trk,0,OK,Panel response is 118.3% of the learned baseline.,normal,,,55.0,0.0,0.0,idle,27.5,50.0,locked,41.144,47.472,40.643,47.492,0.501,1,,,,,,,,,,,,CRC/QPSK/OFDM,1,0,129,133,1064,532,12,44,960,192,48,"p1br,seq=00124,frame_b=00133,bits=01064,qpsk=00532,ofdm=012,pad_q=00044,gap=0,ok=1","ldrtrk,seq=00124,pan=041.14,tilt=047.47,sun_pan=040.64,sun_tilt=047.49,err=00.50,state=locked",Orin final real four-LDR solar tracker
2026-08-10T08:01:35.126349+00:00,1,,0,125,19,98.0,0.098,0.009604,trk,0,OK,Panel response is 117.9% of the learned baseline.,normal,,,55.0,0.0,0.0,idle,27.5,50.0,locked,41.144,47.472,40.682,47.503,0.463,1,,,,,,,,,,,,CRC/QPSK/OFDM,1,0,129,133,1064,532,12,44,960,192,48,"p1br,seq=00125,frame_b=00133,bits=01064,qpsk=00532,ofdm=012,pad_q=00044,gap=0,ok=1","ldrtrk,seq=00125,pan=041.14,tilt=047.47,sun_pan=040.68,sun_tilt=047.50,err=00.46,state=locked",Orin final real four-LDR solar tracker
2026-08-10T08:01:35.624197+00:00,1,,0,126,19,98.0,0.098,0.009604,trk,0,OK,Panel response is 117.4% of the learned baseline.,normal,,,55.0,0.0,0.0,idle,27.5,50.0,locked,41.144,47.472,40.758,47.545,0.392,1,,,,,,,,,,,,CRC/QPSK/OFDM,1,0,129,133,1064,532,12,44,960,192,48,"p1br,seq=00126,frame_b=00133,bits=01064,qpsk=00532,ofdm=012,pad_q=00044,gap=0,ok=1","ldrtrk,seq=00126,pan=041.14,tilt=047.47,sun_pan=040.76,sun_tilt=047.54,err=00.39,state=locked",Orin final real four-LDR solar tracker
2026-08-10T08:01:36.133503+00:00,1,,0,127,19,93.0,0.093,0.008649,trk,0,OK,Panel response is 105.4% of the learned baseline.,normal,,,55.0,0.0,0.0,idle,27.5,50.0,locked,41.144,47.472,40.795,47.599,0.371,1,,,,,,,,,,,,CRC/QPSK/OFDM,1,0,129,133,1064,532,12,44,960,192,48,"p1br,seq=00127,frame_b=00133,bits=01064,qpsk=00532,ofdm=012,pad_q=00044,gap=0,ok=1","ldrtrk,seq=00127,pan=041.14,tilt=047.47,sun_pan=040.79,sun_tilt=047.60,err=00.37,state=locked",Orin final real four-LDR solar tracker
2026-08-10T08:01:36.630678+00:00,1,,0,128,19,93.0,0.093,0.008649,trk,0,OK,Panel response is 105.2% of the learned baseline.,normal,,,55.0,0.0,0.0,idle,27.5,50.0,locked,41.144,47.472,40.785,47.647,0.399,1,,,,,,,,,,,,CRC/QPSK/OFDM,1,0,129,133,1064,532,12,44,960,192,48,"p1br,seq=00128,frame_b=00133,bits=01064,qpsk=00532,ofdm=012,pad_q=00044,gap=0,ok=1","ldrtrk,seq=00128,pan=041.14,tilt=047.47,sun_pan=040.78,sun_tilt=047.65,err=00.40,state=locked",Orin final real four-LDR solar tracker
2026-08-10T08:01:37.141072+00:00,1,,0,129,19,98.0,0.098,0.009604,trk,0,OK,Panel response is 116.7% of the learned baseline.,normal,,,55.0,0.0,0.0,idle,27.5,50.0,locked,41.144,47.472,40.797,47.555,0.356,1,,,,,,,,,,,,CRC/QPSK/OFDM,1,0,129,133,1064,532,12,44,960,192,48,"p1br,seq=00129,frame_b=00133,bits=01064,qpsk=00532,ofdm=012,pad_q=00044,gap=0,ok=1","ldrtrk,seq=00129,pan=041.14,tilt=047.47,sun_pan=040.80,sun_tilt=047.56,err=00.36,state=locked",Orin final real four-LDR solar tracker
2026-08-10T08:01:37.638883+00:00,1,,0,130,19,102.0,0.102,0.010404,trk,0,OK,Panel response is 126.0% of the learned baseline.,normal,,,55.0,0.0,0.0,idle,27.5,50.0,locked,41.144,47.472,40.836,47.565,0.321,1,,,,,,,,,,,,CRC/QPSK/OFDM,1,0,129,133,1064,532,12,44,960,192,48,"p1br,seq=00130,frame_b=00133,bits=01064,qpsk=00532,ofdm=012,pad_q=00044,gap=0,ok=1","ldrtrk,seq=00130,pan=041.14,tilt=047.47,sun_pan=040.84,sun_tilt=047.57,err=00.32,state=locked",Orin final real four-LDR solar tracker
2026-08-10T08:01:38.148733+00:00,1,,0,131,19,93.0,0.093,0.008649,trk,0,OK,Panel response is 104.3% of the learned baseline.,normal,,,55.0,0.0,0.0,idle,27.5,50.0,locked,41.144,47.472,40.757,47.567,0.398,1,,,,,,,,,,,,CRC/QPSK/OFDM,1,0,129,133,1064,532,12,44,960,192,48,"p1br,seq=00131,frame_b=00133,bits=01064,qpsk=00532,ofdm=012,pad_q=00044,gap=0,ok=1","ldrtrk,seq=00131,pan=041.14,tilt=047.47,sun_pan=040.76,sun_tilt=047.57,err=00.40,state=locked",Orin final real four-LDR solar tracker
2026-08-10T08:01:38.658703+00:00,1,,0,132,19,98.0,0.098,0.009604,trk,0,OK,Panel response is 115.7% of the learned baseline.,normal,,,55.0,0.0,0.0,idle,27.5,50.0,locked,41.144,47.472,40.79,47.637,0.39,1,,,,,,,,,,,,CRC/QPSK/OFDM,1,0,129,133,1064,532,12,44,960,192,48,"p1br,seq=00132,frame_b=00133,bits=01064,qpsk=00532,ofdm=012,pad_q=00044,gap=0,ok=1","ldrtrk,seq=00132,pan=041.14,tilt=047.47,sun_pan=040.79,sun_tilt=047.64,err=00.39,state=locked",Orin final real four-LDR solar tracker
2026-08-10T08:01:39.155943+00:00,1,,0,133,19,98.0,0.098,0.009604,trk,0,OK,Panel response is 115.4% of the learned baseline.,normal,,,55.0,0.0,0.0,idle,27.5,50.0,locked,41.144,47.472,40.678,47.569,0.476,1,,,,,,,,,,,,CRC/QPSK/OFDM,1,0,129,133,1064,532,12,44,960,192,48,"p1br,seq=00133,frame_b=00133,bits=01064,qpsk=00532,ofdm=012,pad_q=00044,gap=0,ok=1","ldrtrk,seq=00133,pan=041.14,tilt=047.47,sun_pan=040.68,sun_tilt=047.57,err=00.48,state=locked",Orin final real four-LDR solar tracker
2026-08-10T08:01:39.665759+00:00,1,,0,134,19,98.0,0.098,0.009604,trk,0,OK,Panel response is 114.9% of the learned baseline.,normal,,,55.0,0.0,0.0,idle,27.5,50.0,locked,41.144,47.472,40.787,47.653,0.4,1,,,,,,,,,,,,CRC/QPSK/OFDM,1,0,129,133,1064,532,12,44,960,192,48,"p1br,seq=00134,frame_b=00133,bits=01064,qpsk=00532,ofdm=012,pad_q=00044,gap=0,ok=1","ldrtrk,seq=00134,pan=041.14,tilt=047.47,sun_pan=040.79,sun_tilt=047.65,err=00.40,state=locked",Orin final real four-LDR solar tracker
2026-08-10T08:01:40.160860+00:00,1,,0,135,19,98.0,0.098,0.009604,trk,0,OK,Panel response is 114.6% of the learned baseline.,normal,,,55.0,0.0,0.0,idle,27.5,50.0,locked,41.144,47.472,40.829,47.647,0.36,1,,,,,,,,,,,,CRC/QPSK/OFDM,1,0,129,133,1064,532,12,44,960,192,48,"p1br,seq=00135,frame_b=00133,bits=01064,qpsk=00532,ofdm=012,pad_q=00044,gap=0,ok=1","ldrtrk,seq=00135,pan=041.14,tilt=047.47,sun_pan=040.83,sun_tilt=047.65,err=00.36,state=locked",Orin final real four-LDR solar tracker
2026-08-10T08:01:40.674111+00:00,1,,0,136,19,98.0,0.098,0.009604,trk,0,OK,Panel response is 114.5% of the learned baseline.,normal,,,55.0,0.0,0.0,idle,27.5,50.0,locked,41.144,47.472,40.537,47.415,0.609,1,,,,,,,,,,,,CRC/QPSK/OFDM,1,0,129,133,1064,532,12,44,960,192,48,"p1br,seq=00136,frame_b=00133,bits=01064,qpsk=00532,ofdm=012,pad_q=00044,gap=0,ok=1","ldrtrk,seq=00136,pan=041.14,tilt=047.47,sun_pan=040.54,sun_tilt=047.41,err=00.61,state=locked",Orin final real four-LDR solar tracker
2026-08-10T08:01:41.182884+00:00,1,,0,137,19,98.0,0.098,0.009604,trk,0,OK,Panel response is 114.2% of the learned baseline.,normal,,,55.0,0.0,0.0,idle,27.5,50.0,locked,41.144,47.472,40.538,47.392,0.61,1,,,,,,,,,,,,CRC/QPSK/OFDM,1,0,129,133,1064,532,12,44,960,192,48,"p1br,seq=00137,frame_b=00133,bits=01064,qpsk=00532,ofdm=012,pad_q=00044,gap=0,ok=1","ldrtrk,seq=00137,pan=041.14,tilt=047.47,sun_pan=040.54,sun_tilt=047.39,err=00.61,state=locked",Orin final real four-LDR solar tracker
2026-08-10T08:01:41.680166+00:00,1,,0,138,19,98.0,0.098,0.009604,trk,0,OK,Panel response is 113.8% of the learned baseline.,normal,,,55.0,0.0,0.0,idle,27.5,50.0,locked,41.144,47.472,40.565,47.523,0.581,1,,,,,,,,,,,,CRC/QPSK/OFDM,1,0,129,133,1064,532,12,44,960,192,48,"p1br,seq=00138,frame_b=00133,bits=01064,qpsk=00532,ofdm=012,pad_q=00044,gap=0,ok=1","ldrtrk,seq=00138,pan=041.14,tilt=047.47,sun_pan=040.56,sun_tilt=047.52,err=00.58,state=locked",Orin final real four-LDR solar tracker
2026-08-10T08:01:42.190875+00:00,1,,0,139,19,98.0,0.098,0.009604,trk,0,OK,Panel response is 113.4% of the learned baseline.,normal,,,55.0,0.0,0.0,idle,27.5,50.0,locked,41.144,47.472,40.606,47.489,0.537,1,,,,,,,,,,,,CRC/QPSK/OFDM,1,0,129,133,1064,532,12,44,960,192,48,"p1br,seq=00139,frame_b=00133,bits=01064,qpsk=00532,ofdm=012,pad_q=00044,gap=0,ok=1","ldrtrk,seq=00139,pan=041.14,tilt=047.47,sun_pan=040.61,sun_tilt=047.49,err=00.54,state=locked",Orin final real four-LDR solar tracker
2026-08-10T08:01:42.686222+00:00,1,,0,140,19,98.0,0.098,0.009604,trk,0,OK,Panel response is 113.2% of the learned baseline.,normal,,,55.0,0.0,0.0,idle,27.5,50.0,locked,41.144,47.472,40.5,47.382,0.65,1,,,,,,,,,,,,CRC/QPSK/OFDM,1,0,129,133,1064,532,12,44,960,192,48,"p1br,seq=00140,frame_b=00133,bits=01064,qpsk=00532,ofdm=012,pad_q=00044,gap=0,ok=1","ldrtrk,seq=00140,pan=041.14,tilt=047.47,sun_pan=040.50,sun_tilt=047.38,err=00.65,state=locked",Orin final real four-LDR solar tracker
2026-08-10T08:01:43.198874+00:00,1,,0,141,19,93.0,0.093,0.008649,trk,0,OK,Panel response is 101.9% of the learned baseline.,normal,,,55.0,0.0,0.0,idle,27.5,50.0,locked,41.144,47.472,40.472,47.353,0.683,1,,,,,,,,,,,,CRC/QPSK/OFDM,1,0,129,133,1064,532,12,44,960,192,48,"p1br,seq=00141,frame_b=00133,bits=01064,qpsk=00532,ofdm=012,pad_q=00044,gap=0,ok=1","ldrtrk,seq=00141,pan=041.14,tilt=047.47,sun_pan=040.47,sun_tilt=047.35,err=00.68,state=locked",Orin final real four-LDR solar tracker
2026-08-10T08:01:43.694505+00:00,1,,0,142,19,89.0,0.089,0.007921,trk,0,Standby,Shading detection waits for a locked tracker and positive power.,normal,,,55.0,0.0,0.0,idle,27.5,50.0,track-tilt,41.144,47.472,40.807,50.143,2.692,1,,,,,,,,,,,,CRC/QPSK/OFDM,1,0,129,133,1064,532,12,44,960,192,48,"p1br,seq=00142,frame_b=00133,bits=01064,qpsk=00532,ofdm=012,pad_q=00044,gap=0,ok=1","ldrtrk,seq=00142,pan=041.14,tilt=047.47,sun_pan=040.81,sun_tilt=050.14,err=02.69,state=track-tilt",Orin final real four-LDR solar tracker
2026-08-10T08:01:44.207110+00:00,1,,0,143,19,93.0,0.093,0.008649,trk,0,Standby,Shading detection waits for a locked tracker and positive power.,normal,,,55.0,0.0,0.0,idle,27.5,50.0,track-tilt,41.144,50.377,41.446,50.377,0.302,1,,,,,,,,,,,,CRC/QPSK/OFDM,1,0,129,133,1064,532,12,44,960,192,48,"p1br,seq=00143,frame_b=00133,bits=01064,qpsk=00532,ofdm=012,pad_q=00044,gap=0,ok=1","ldrtrk,seq=00143,pan=041.14,tilt=050.38,sun_pan=041.45,sun_tilt=050.38,err=00.30,state=track-tilt",Orin final real four-LDR solar tracker
2026-08-10T08:01:44.716852+00:00,1,,0,144,19,89.0,0.089,0.007921,trk,0,OK,Panel response is 96.3% of the learned baseline.,normal,,,55.0,0.0,0.0,idle,27.5,50.0,locked,41.144,50.377,41.566,50.847,0.631,1,,,,,,,,,,,,CRC/QPSK/OFDM,1,0,129,133,1064,532,12,44,960,192,48,"p1br,seq=00144,frame_b=00133,bits=01064,qpsk=00532,ofdm=012,pad_q=00044,gap=0,ok=1","ldrtrk,seq=00144,pan=041.14,tilt=050.38,sun_pan=041.57,sun_tilt=050.85,err=00.63,state=locked",Orin final real four-LDR solar tracker
2026-08-10T08:01:45.212402+00:00,1,,0,145,19,89.0,0.089,0.007921,trk,0,OK,Panel response is 95.8% of the learned baseline.,normal,,,55.0,0.0,0.0,idle,27.5,50.0,locked,41.144,50.377,40.724,50.272,0.433,1,,,,,,,,,,,,CRC/QPSK/OFDM,1,0,129,133,1064,532,12,44,960,192,48,"p1br,seq=00145,frame_b=00133,bits=01064,qpsk=00532,ofdm=012,pad_q=00044,gap=0,ok=1","ldrtrk,seq=00145,pan=041.14,tilt=050.38,sun_pan=040.72,sun_tilt=050.27,err=00.43,state=locked",Orin final real four-LDR solar tracker
2026-08-10T08:01:45.725452+00:00,1,,0,146,19,93.0,0.093,0.008649,trk,0,Standby,Shading detection waits for a locked tracker and positive power.,normal,,,55.0,0.0,0.0,idle,27.5,50.0,track-tilt,41.144,50.377,40.35,48.683,1.871,1,,,,,,,,,,,,CRC/QPSK/OFDM,1,0,129,133,1064,532,12,44,960,192,48,"p1br,seq=00146,frame_b=00133,bits=01064,qpsk=00532,ofdm=012,pad_q=00044,gap=0,ok=1","ldrtrk,seq=00146,pan=041.14,tilt=050.38,sun_pan=040.35,sun_tilt=048.68,err=01.87,state=track-tilt",Orin final real four-LDR solar tracker
2026-08-10T08:01:46.221013+00:00,1,,0,147,19,89.0,0.089,0.007921,trk,0,Standby,Shading detection waits for a locked tracker and positive power.,normal,,,55.0,0.0,0.0,idle,27.5,50.0,track-tilt,41.144,47.888,40.117,47.888,1.026,1,,,,,,,,,,,,CRC/QPSK/OFDM,1,0,129,133,1064,532,12,44,960,192,48,"p1br,seq=00147,frame_b=00133,bits=01064,qpsk=00532,ofdm=012,pad_q=00044,gap=0,ok=1","ldrtrk,seq=00147,pan=041.14,tilt=047.89,sun_pan=040.12,sun_tilt=047.89,err=01.03,state=track-tilt",Orin final real four-LDR solar tracker
2026-08-10T08:01:46.731044+00:00,1,,0,148,19,93.0,0.093,0.008649,trk,0,Standby,Shading detection waits for a locked tracker and positive power.,normal,,,55.0,0.0,0.0,idle,27.5,50.0,track-pan,41.144,47.888,39.947,47.133,1.414,1,,,,,,,,,,,,CRC/QPSK/OFDM,1,0,129,133,1064,532,12,44,960,192,48,"p1br,seq=00148,frame_b=00133,bits=01064,qpsk=00532,ofdm=012,pad_q=00044,gap=0,ok=1","ldrtrk,seq=00148,pan=041.14,tilt=047.89,sun_pan=039.95,sun_tilt=047.13,err=01.41,state=track-pan",Orin final real four-LDR solar tracker
2026-08-10T08:01:47.245608+00:00,1,,0,149,19,98.0,0.098,0.009604,trk,0,Standby,Shading detection waits for a locked tracker and positive power.,normal,,,55.0,0.0,0.0,idle,27.5,50.0,track-pan,39.881,47.888,39.881,47.007,0.881,1,,,,,,,,,,,,CRC/QPSK/OFDM,1,0,129,133,1064,532,12,44,960,192,48,"p1br,seq=00149,frame_b=00133,bits=01064,qpsk=00532,ofdm=012,pad_q=00044,gap=0,ok=1","ldrtrk,seq=00149,pan=039.88,tilt=047.89,sun_pan=039.88,sun_tilt=047.01,err=00.88,state=track-pan",Orin final real four-LDR solar tracker
2026-08-10T08:01:47.736967+00:00,1,,0,150,19,98.0,0.098,0.009604,trk,0,OK,Panel response is 113.8% of the learned baseline.,normal,,,55.0,0.0,0.0,idle,27.5,50.0,locked,39.881,47.888,39.965,46.968,0.924,1,,,,,,,,,,,,CRC/QPSK/OFDM,1,0,129,133,1064,532,12,44,960,192,48,"p1br,seq=00150,frame_b=00133,bits=01064,qpsk=00532,ofdm=012,pad_q=00044,gap=0,ok=1","ldrtrk,seq=00150,pan=039.88,tilt=047.89,sun_pan=039.97,sun_tilt=046.97,err=00.92,state=locked",Orin final real four-LDR solar tracker
2026-08-10T08:01:48.249201+00:00,1,,0,151,19,98.0,0.098,0.009604,trk,0,OK,Panel response is 113.4% of the learned baseline.,normal,,,55.0,0.0,0.0,idle,27.5,50.0,locked,39.881,47.888,40.123,46.994,0.926,1,,,,,,,,,,,,CRC/QPSK/OFDM,1,0,129,133,1064,532,12,44,960,192,48,"p1br,seq=00151,frame_b=00133,bits=01064,qpsk=00532,ofdm=012,pad_q=00044,gap=0,ok=1","ldrtrk,seq=00151,pan=039.88,tilt=047.89,sun_pan=040.12,sun_tilt=046.99,err=00.93,state=locked",Orin final real four-LDR solar tracker
2026-08-10T08:01:48.744782+00:00,1,,0,152,19,93.0,0.093,0.008649,trk,0,OK,Panel response is 101.9% of the learned baseline.,normal,,,55.0,0.0,0.0,idle,27.5,50.0,locked,39.881,47.888,40.088,46.967,0.943,1,,,,,,,,,,,,CRC/QPSK/OFDM,1,0,129,133,1064,532,12,44,960,192,48,"p1br,seq=00152,frame_b=00133,bits=01064,qpsk=00532,ofdm=012,pad_q=00044,gap=0,ok=1","ldrtrk,seq=00152,pan=039.88,tilt=047.89,sun_pan=040.09,sun_tilt=046.97,err=00.94,state=locked",Orin final real four-LDR solar tracker
2026-08-10T08:01:49.256521+00:00,1,,0,153,19,93.0,0.093,0.008649,trk,0,OK,Panel response is 101.9% of the learned baseline.,normal,,,55.0,0.0,0.0,idle,27.5,50.0,locked,39.881,47.888,40.197,47.06,0.886,1,,,,,,,,,,,,CRC/QPSK/OFDM,1,0,129,133,1064,532,12,44,960,192,48,"p1br,seq=00153,frame_b=00133,bits=01064,qpsk=00532,ofdm=012,pad_q=00044,gap=0,ok=1","ldrtrk,seq=00153,pan=039.88,tilt=047.89,sun_pan=040.20,sun_tilt=047.06,err=00.89,state=locked",Orin final real four-LDR solar tracker
2026-08-10T08:01:49.766747+00:00,1,,0,154,19,93.0,0.093,0.008649,trk,0,OK,Panel response is 101.8% of the learned baseline.,normal,,,55.0,0.0,0.0,idle,27.5,50.0,locked,39.881,47.888,40.121,47.016,0.904,1,,,,,,,,,,,,CRC/QPSK/OFDM,1,0,129,133,1064,532,12,44,960,192,48,"p1br,seq=00154,frame_b=00133,bits=01064,qpsk=00532,ofdm=012,pad_q=00044,gap=0,ok=1","ldrtrk,seq=00154,pan=039.88,tilt=047.89,sun_pan=040.12,sun_tilt=047.02,err=00.90,state=locked",Orin final real four-LDR solar tracker
2026-08-10T08:01:50.261094+00:00,1,,0,155,19,93.0,0.093,0.008649,trk,0,OK,Panel response is 102.3% of the learned baseline.,normal,,,55.0,0.0,0.0,idle,27.5,50.0,locked,39.881,47.888,40.005,47.494,0.413,1,,,,,,,,,,,,CRC/QPSK/OFDM,1,0,129,133,1064,532,12,44,960,192,48,"p1br,seq=00155,frame_b=00133,bits=01064,qpsk=00532,ofdm=012,pad_q=00044,gap=0,ok=1","ldrtrk,seq=00155,pan=039.88,tilt=047.89,sun_pan=040.01,sun_tilt=047.49,err=00.41,state=locked",Orin final real four-LDR solar tracker
2026-08-10T08:01:50.774001+00:00,1,,0,156,19,93.0,0.093,0.008649,trk,0,OK,Panel response is 102.9% of the learned baseline.,normal,,,55.0,0.0,0.0,idle,27.5,50.0,locked,39.881,47.888,39.906,48.214,0.327,1,,,,,,,,,,,,CRC/QPSK/OFDM,1,0,129,133,1064,532,12,44,960,192,48,"p1br,seq=00156,frame_b=00133,bits=01064,qpsk=00532,ofdm=012,pad_q=00044,gap=0,ok=1","ldrtrk,seq=00156,pan=039.88,tilt=047.89,sun_pan=039.91,sun_tilt=048.21,err=00.33,state=locked",Orin final real four-LDR solar tracker
2026-08-10T08:01:51.270101+00:00,1,,0,157,19,89.0,0.089,0.007921,trk,0,Standby,Shading detection waits for a locked tracker and positive power.,normal,,,55.0,0.0,0.0,idle,27.5,50.0,track-tilt,39.881,47.888,39.809,49.354,1.468,1,,,,,,,,,,,,CRC/QPSK/OFDM,1,0,129,133,1064,532,12,44,960,192,48,"p1br,seq=00157,frame_b=00133,bits=01064,qpsk=00532,ofdm=012,pad_q=00044,gap=0,ok=1","ldrtrk,seq=00157,pan=039.88,tilt=047.89,sun_pan=039.81,sun_tilt=049.35,err=01.47,state=track-tilt",Orin final real four-LDR solar tracker
2026-08-10T08:01:51.784347+00:00,1,,0,158,19,89.0,0.089,0.007921,trk,0,Standby,Shading detection waits for a locked tracker and positive power.,normal,,,55.0,0.0,0.0,idle,27.5,50.0,track-tilt,39.881,49.6,39.871,49.6,0.01,1,,,,,,,,,,,,CRC/QPSK/OFDM,1,0,129,133,1064,532,12,44,960,192,48,"p1br,seq=00158,frame_b=00133,bits=01064,qpsk=00532,ofdm=012,pad_q=00044,gap=0,ok=1","ldrtrk,seq=00158,pan=039.88,tilt=049.60,sun_pan=039.87,sun_tilt=049.60,err=00.01,state=track-tilt",Orin final real four-LDR solar tracker
2026-08-10T08:01:52.277388+00:00,1,,0,159,19,93.0,0.093,0.008649,trk,0,Standby,Shading detection waits for a locked tracker and positive power.,normal,,,55.0,0.0,0.0,idle,27.5,50.0,track-tilt,39.881,49.6,40.195,48.256,1.38,1,,,,,,,,,,,,CRC/QPSK/OFDM,1,0,129,133,1064,532,12,44,960,192,48,"p1br,seq=00159,frame_b=00133,bits=01064,qpsk=00532,ofdm=012,pad_q=00044,gap=0,ok=1","ldrtrk,seq=00159,pan=039.88,tilt=049.60,sun_pan=040.19,sun_tilt=048.26,err=01.38,state=track-tilt",Orin final real four-LDR solar tracker
2026-08-10T08:01:52.790491+00:00,1,,0,160,19,93.0,0.093,0.008649,trk,0,Standby,Shading detection waits for a locked tracker and positive power.,normal,,,55.0,0.0,0.0,idle,27.5,50.0,track-tilt,39.881,47.914,40.05,47.914,0.169,1,,,,,,,,,,,,CRC/QPSK/OFDM,1,0,129,133,1064,532,12,44,960,192,48,"p1br,seq=00160,frame_b=00133,bits=01064,qpsk=00532,ofdm=012,pad_q=00044,gap=0,ok=1","ldrtrk,seq=00160,pan=039.88,tilt=047.91,sun_pan=040.05,sun_tilt=047.91,err=00.17,state=track-tilt",Orin final real four-LDR solar tracker
2026-08-10T08:01:53.301039+00:00,1,,0,161,19,89.0,0.089,0.007921,trk,0,OK,Panel response is 94.0% of the learned baseline.,normal,,,55.0,0.0,0.0,idle,27.5,50.0,locked,39.881,47.914,40.089,48.375,0.506,1,,,,,,,,,,,,CRC/QPSK/OFDM,1,0,129,133,1064,532,12,44,960,192,48,"p1br,seq=00161,frame_b=00133,bits=01064,qpsk=00532,ofdm=012,pad_q=00044,gap=0,ok=1","ldrtrk,seq=00161,pan=039.88,tilt=047.91,sun_pan=040.09,sun_tilt=048.37,err=00.51,state=locked",Orin final real four-LDR solar tracker
2026-08-10T08:01:53.797953+00:00,1,,0,162,19,84.0,0.084,0.007056,trk,0,Standby,Shading detection waits for a locked tracker and positive power.,normal,,,55.0,0.0,0.0,idle,27.5,50.0,track-tilt,39.881,47.914,40.225,49.297,1.425,1,,,,,,,,,,,,CRC/QPSK/OFDM,1,0,129,133,1064,532,12,44,960,192,48,"p1br,seq=00162,frame_b=00133,bits=01064,qpsk=00532,ofdm=012,pad_q=00044,gap=0,ok=1","ldrtrk,seq=00162,pan=039.88,tilt=047.91,sun_pan=040.22,sun_tilt=049.30,err=01.42,state=track-tilt",Orin final real four-LDR solar tracker
2026-08-10T08:01:54.309409+00:00,1,,0,163,19,89.0,0.089,0.007921,trk,0,Standby,Shading detection waits for a locked tracker and positive power.,normal,,,55.0,0.0,0.0,idle,27.5,50.0,track-tilt,39.881,49.307,40.274,49.307,0.393,1,,,,,,,,,,,,CRC/QPSK/OFDM,1,0,129,133,1064,532,12,44,960,192,48,"p1br,seq=00163,frame_b=00133,bits=01064,qpsk=00532,ofdm=012,pad_q=00044,gap=0,ok=1","ldrtrk,seq=00163,pan=039.88,tilt=049.31,sun_pan=040.27,sun_tilt=049.31,err=00.39,state=track-tilt",Orin final real four-LDR solar tracker
2026-08-10T08:01:54.805299+00:00,1,,0,164,19,89.0,0.089,0.007921,trk,0,OK,Panel response is 94.4% of the learned baseline.,normal,,,55.0,0.0,0.0,idle,27.5,50.0,locked,39.881,49.307,40.112,48.318,1.016,1,,,,,,,,,,,,CRC/QPSK/OFDM,1,0,129,133,1064,532,12,44,960,192,48,"p1br,seq=00164,frame_b=00133,bits=01064,qpsk=00532,ofdm=012,pad_q=00044,gap=0,ok=1","ldrtrk,seq=00164,pan=039.88,tilt=049.31,sun_pan=040.11,sun_tilt=048.32,err=01.02,state=locked",Orin final real four-LDR solar tracker
2026-08-10T08:01:55.314283+00:00,1,,0,165,19,93.0,0.093,0.008649,trk,0,Standby,Shading detection waits for a locked tracker and positive power.,normal,,,55.0,0.0,0.0,idle,27.5,50.0,track-tilt,39.881,49.307,39.868,47.349,1.958,1,,,,,,,,,,,,CRC/QPSK/OFDM,1,0,129,133,1064,532,12,44,960,192,48,"p1br,seq=00165,frame_b=00133,bits=01064,qpsk=00532,ofdm=012,pad_q=00044,gap=0,ok=1","ldrtrk,seq=00165,pan=039.88,tilt=049.31,sun_pan=039.87,sun_tilt=047.35,err=01.96,state=track-tilt",Orin final real four-LDR solar tracker
2026-08-10T08:01:55.826245+00:00,1,,0,166,19,93.0,0.093,0.008649,trk,0,Standby,Shading detection waits for a locked tracker and positive power.,normal,,,55.0,0.0,0.0,idle,27.5,50.0,track-tilt,39.881,47.89,39.618,47.89,0.263,1,,,,,,,,,,,,CRC/QPSK/OFDM,1,0,129,133,1064,532,12,44,960,192,48,"p1br,seq=00166,frame_b=00133,bits=01064,qpsk=00532,ofdm=012,pad_q=00044,gap=0,ok=1","ldrtrk,seq=00166,pan=039.88,tilt=047.89,sun_pan=039.62,sun_tilt=047.89,err=00.26,state=track-tilt",Orin final real four-LDR solar tracker
2026-08-10T08:01:56.319685+00:00,1,,0,167,19,89.0,0.089,0.007921,trk,0,OK,Panel response is 95.3% of the learned baseline.,normal,,,55.0,0.0,0.0,idle,27.5,50.0,locked,39.881,47.89,39.553,48.62,0.801,1,,,,,,,,,,,,CRC/QPSK/OFDM,1,0,129,133,1064,532,12,44,960,192,48,"p1br,seq=00167,frame_b=00133,bits=01064,qpsk=00532,ofdm=012,pad_q=00044,gap=0,ok=1","ldrtrk,seq=00167,pan=039.88,tilt=047.89,sun_pan=039.55,sun_tilt=048.62,err=00.80,state=locked",Orin final real four-LDR solar tracker
2026-08-10T08:01:56.832774+00:00,1,,0,168,19,89.0,0.089,0.007921,trk,0,Standby,Shading detection waits for a locked tracker and positive power.,normal,,,55.0,0.0,0.0,idle,27.5,50.0,track-tilt,39.881,47.89,39.487,48.902,1.086,1,,,,,,,,,,,,CRC/QPSK/OFDM,1,0,129,133,1064,532,12,44,960,192,48,"p1br,seq=00168,frame_b=00133,bits=01064,qpsk=00532,ofdm=012,pad_q=00044,gap=0,ok=1","ldrtrk,seq=00168,pan=039.88,tilt=047.89,sun_pan=039.49,sun_tilt=048.90,err=01.09,state=track-tilt",Orin final real four-LDR solar tracker
2026-08-10T08:01:57.330417+00:00,1,,0,169,19,89.0,0.089,0.007921,trk,0,Standby,Shading detection waits for a locked tracker and positive power.,normal,,,55.0,0.0,0.0,idle,27.5,50.0,track-tilt,39.881,49.09,39.508,49.09,0.372,1,,,,,,,,,,,,CRC/QPSK/OFDM,1,0,129,133,1064,532,12,44,960,192,48,"p1br,seq=00169,frame_b=00133,bits=01064,qpsk=00532,ofdm=012,pad_q=00044,gap=0,ok=1","ldrtrk,seq=00169,pan=039.88,tilt=049.09,sun_pan=039.51,sun_tilt=049.09,err=00.37,state=track-tilt",Orin final real four-LDR solar tracker
2026-08-10T08:01:57.839044+00:00,1,,0,170,19,84.0,0.084,0.007056,trk,0,OK,Panel response is 86.0% of the learned baseline.,normal,,,55.0,0.0,0.0,idle,27.5,50.0,locked,39.881,49.09,39.866,49.669,0.579,1,,,,,,,,,,,,CRC/QPSK/OFDM,1,0,129,133,1064,532,12,44,960,192,48,"p1br,seq=00170,frame_b=00133,bits=01064,qpsk=00532,ofdm=012,pad_q=00044,gap=0,ok=1","ldrtrk,seq=00170,pan=039.88,tilt=049.09,sun_pan=039.87,sun_tilt=049.67,err=00.58,state=locked",Orin final real four-LDR solar tracker
2026-08-10T08:01:58.350629+00:00,1,,0,171,19,89.0,0.089,0.007921,trk,0,OK,Panel response is 96.5% of the learned baseline.,normal,,,55.0,0.0,0.0,idle,27.5,50.0,locked,39.881,49.09,40.01,49.482,0.412,1,,,,,,,,,,,,CRC/QPSK/OFDM,1,0,129,133,1064,532,12,44,960,192,48,"p1br,seq=00171,frame_b=00133,bits=01064,qpsk=00532,ofdm=012,pad_q=00044,gap=0,ok=1","ldrtrk,seq=00171,pan=039.88,tilt=049.09,sun_pan=040.01,sun_tilt=049.48,err=00.41,state=locked",Orin final real four-LDR solar tracker
2026-08-10T08:01:58.846289+00:00,1,,0,172,19,93.0,0.093,0.008649,trk,0,OK,Panel response is 105.0% of the learned baseline.,normal,,,55.0,0.0,0.0,idle,27.5,50.0,locked,39.881,49.09,39.979,49.199,0.147,1,,,,,,,,,,,,CRC/QPSK/OFDM,1,0,129,133,1064,532,12,44,960,192,48,"p1br,seq=00172,frame_b=00133,bits=01064,qpsk=00532,ofdm=012,pad_q=00044,gap=0,ok=1","ldrtrk,seq=00172,pan=039.88,tilt=049.09,sun_pan=039.98,sun_tilt=049.20,err=00.15,state=locked",Orin final real four-LDR solar tracker
2026-08-10T08:01:59.357369+00:00,1,,0,173,19,89.0,0.089,0.007921,trk,0,OK,Panel response is 96.0% of the learned baseline.,normal,,,55.0,0.0,0.0,idle,27.5,50.0,locked,39.881,49.09,39.935,49.181,0.106,1,,,,,,,,,,,,CRC/QPSK/OFDM,1,0,129,133,1064,532,12,44,960,192,48,"p1br,seq=00173,frame_b=00133,bits=01064,qpsk=00532,ofdm=012,pad_q=00044,gap=0,ok=1","ldrtrk,seq=00173,pan=039.88,tilt=049.09,sun_pan=039.94,sun_tilt=049.18,err=00.11,state=locked",Orin final real four-LDR solar tracker
2026-08-10T08:01:59.853330+00:00,1,,0,174,19,93.0,0.093,0.008649,trk,0,OK,Panel response is 104.8% of the learned baseline.,normal,,,55.0,0.0,0.0,idle,27.5,50.0,locked,39.881,49.09,39.91,48.985,0.11,1,,,,,,,,,,,,CRC/QPSK/OFDM,1,0,129,133,1064,532,12,44,960,192,48,"p1br,seq=00174,frame_b=00133,bits=01064,qpsk=00532,ofdm=012,pad_q=00044,gap=0,ok=1","ldrtrk,seq=00174,pan=039.88,tilt=049.09,sun_pan=039.91,sun_tilt=048.98,err=00.11,state=locked",Orin final real four-LDR solar tracker
2026-08-10T08:02:00.364352+00:00,1,,0,175,19,93.0,0.093,0.008649,trk,0,OK,Panel response is 104.7% of the learned baseline.,normal,,,55.0,0.0,0.0,idle,27.5,50.0,locked,39.881,49.09,39.866,48.997,0.094,1,,,,,,,,,,,,CRC/QPSK/OFDM,1,0,129,133,1064,532,12,44,960,192,48,"p1br,seq=00175,frame_b=00133,bits=01064,qpsk=00532,ofdm=012,pad_q=00044,gap=0,ok=1","ldrtrk,seq=00175,pan=039.88,tilt=049.09,sun_pan=039.87,sun_tilt=049.00,err=00.09,state=locked",Orin final real four-LDR solar tracker
2026-08-10T08:02:00.861204+00:00,1,,0,176,19,89.0,0.089,0.007921,trk,0,OK,Panel response is 95.8% of the learned baseline.,normal,,,55.0,0.0,0.0,idle,27.5,50.0,locked,39.881,49.09,39.867,48.967,0.124,1,,,,,,,,,,,,CRC/QPSK/OFDM,1,0,129,133,1064,532,12,44,960,192,48,"p1br,seq=00176,frame_b=00133,bits=01064,qpsk=00532,ofdm=012,pad_q=00044,gap=0,ok=1","ldrtrk,seq=00176,pan=039.88,tilt=049.09,sun_pan=039.87,sun_tilt=048.97,err=00.12,state=locked",Orin final real four-LDR solar tracker
2026-08-10T08:02:01.372230+00:00,1,,0,177,19,93.0,0.093,0.008649,trk,0,OK,Panel response is 104.6% of the learned baseline.,normal,,,55.0,0.0,0.0,idle,27.5,50.0,locked,39.881,49.09,39.871,48.92,0.17,1,,,,,,,,,,,,CRC/QPSK/OFDM,1,0,129,133,1064,532,12,44,960,192,48,"p1br,seq=00177,frame_b=00133,bits=01064,qpsk=00532,ofdm=012,pad_q=00044,gap=0,ok=1","ldrtrk,seq=00177,pan=039.88,tilt=049.09,sun_pan=039.87,sun_tilt=048.92,err=00.17,state=locked",Orin final real four-LDR solar tracker
2026-08-10T08:02:01.884040+00:00,1,,0,178,19,98.0,0.098,0.009604,trk,0,OK,Panel response is 116.1% of the learned baseline.,normal,,,55.0,0.0,0.0,idle,27.5,50.0,locked,39.881,49.09,39.824,48.949,0.153,1,,,,,,,,,,,,CRC/QPSK/OFDM,1,0,129,133,1064,532,12,44,960,192,48,"p1br,seq=00178,frame_b=00133,bits=01064,qpsk=00532,ofdm=012,pad_q=00044,gap=0,ok=1","ldrtrk,seq=00178,pan=039.88,tilt=049.09,sun_pan=039.82,sun_tilt=048.95,err=00.15,state=locked",Orin final real four-LDR solar tracker
2026-08-10T08:02:02.379136+00:00,1,,0,179,19,93.0,0.093,0.008649,trk,0,OK,Panel response is 104.1% of the learned baseline.,normal,,,55.0,0.0,0.0,idle,27.5,50.0,locked,39.881,49.09,39.903,48.985,0.107,1,,,,,,,,,,,,CRC/QPSK/OFDM,1,0,129,133,1064,532,12,44,960,192,48,"p1br,seq=00179,frame_b=00133,bits=01064,qpsk=00532,ofdm=012,pad_q=00044,gap=0,ok=1","ldrtrk,seq=00179,pan=039.88,tilt=049.09,sun_pan=039.90,sun_tilt=048.99,err=00.11,state=locked",Orin final real four-LDR solar tracker
