received_utc,valid,error,seq_gap,seq,d_pct,v_mv,i_ma,p_mw,mppt,fault,chk,computed_chk,raw_line
2026-07-12T18:29:16.071833+00:00,1,,,28,0,12000,500,6000,hd,0,40,40,"p3,seq=00028,d_pct=00000,v_mv=12000,i_ma=00500,p_mw=06000,mppt=hd,f=0,chk=40,raw=00"
2026-07-12T18:29:17.078288+00:00,1,,0,29,0,12000,500,6000,hd,0,41,41,"p3,seq=00029,d_pct=00000,v_mv=12000,i_ma=00500,p_mw=06000,mppt=hd,f=0,chk=41,raw=00"
2026-07-12T18:29:18.084272+00:00,1,,0,30,0,12000,500,6000,hd,0,42,42,"p3,seq=00030,d_pct=00000,v_mv=12000,i_ma=00500,p_mw=06000,mppt=hd,f=0,chk=42,raw=00"
2026-07-12T18:29:19.090504+00:00,1,,0,31,0,12000,500,6000,hd,0,43,43,"p3,seq=00031,d_pct=00000,v_mv=12000,i_ma=00500,p_mw=06000,mppt=hd,f=0,chk=43,raw=00"
2026-07-12T18:29:20.102617+00:00,1,,0,32,0,12000,500,6000,hd,0,7C,7C,"p3,seq=00032,d_pct=00000,v_mv=12000,i_ma=00500,p_mw=06000,mppt=hd,f=0,chk=7C,raw=00"
2026-07-12T18:29:21.107876+00:00,1,,0,33,0,12000,500,6000,hd,0,7D,7D,"p3,seq=00033,d_pct=00000,v_mv=12000,i_ma=00500,p_mw=06000,mppt=hd,f=0,chk=7D,raw=00"
2026-07-12T18:29:22.115042+00:00,1,,0,34,0,12020,506,6082,up,0,D6,D6,"p3,seq=00034,d_pct=00000,v_mv=12020,i_ma=00506,p_mw=06082,mppt=up,f=0,chk=D6,raw=01"
2026-07-12T18:29:23.121670+00:00,1,,0,35,0,12020,506,6082,hd,0,D6,D6,"p3,seq=00035,d_pct=00000,v_mv=12020,i_ma=00506,p_mw=06082,mppt=hd,f=0,chk=D6,raw=01"
2026-07-12T18:29:24.128070+00:00,1,,0,36,0,12020,506,6082,hd,0,D1,D1,"p3,seq=00036,d_pct=00000,v_mv=12020,i_ma=00506,p_mw=06082,mppt=hd,f=0,chk=D1,raw=01"
2026-07-12T18:29:25.136685+00:00,1,,0,37,0,12020,506,6082,hd,0,D0,D0,"p3,seq=00037,d_pct=00000,v_mv=12020,i_ma=00506,p_mw=06082,mppt=hd,f=0,chk=D0,raw=01"
2026-07-12T18:29:26.143513+00:00,1,,0,38,1,12060,518,6247,up,0,6D,6D,"p3,seq=00038,d_pct=00001,v_mv=12060,i_ma=00518,p_mw=06247,mppt=up,f=0,chk=6D,raw=03"
2026-07-12T18:29:27.153384+00:00,1,,0,39,1,12060,518,6247,hd,0,6D,6D,"p3,seq=00039,d_pct=00001,v_mv=12060,i_ma=00518,p_mw=06247,mppt=hd,f=0,chk=6D,raw=03"
2026-07-12T18:29:28.161794+00:00,1,,0,40,2,12140,542,6579,up,0,D9,D9,"p3,seq=00040,d_pct=00002,v_mv=12140,i_ma=00542,p_mw=06579,mppt=up,f=0,chk=D9,raw=07"
2026-07-12T18:29:29.166287+00:00,1,,0,41,5,12300,590,7257,up,0,17,17,"p3,seq=00041,d_pct=00005,v_mv=12300,i_ma=00590,p_mw=07257,mppt=up,f=0,chk=17,raw=0F"
2026-07-12T18:29:30.174637+00:00,1,,0,42,5,12300,590,7257,hd,0,15,15,"p3,seq=00042,d_pct=00005,v_mv=12300,i_ma=00590,p_mw=07257,mppt=hd,f=0,chk=15,raw=0F"
2026-07-12T18:29:31.181036+00:00,1,,0,43,12,12620,686,8657,up,0,18,18,"p3,seq=00043,d_pct=00012,v_mv=12620,i_ma=00686,p_mw=08657,mppt=up,f=0,chk=18,raw=1F"
2026-07-12T18:29:32.187427+00:00,1,,0,44,24,13260,878,11642,up,0,CF,CF,"p3,seq=00044,d_pct=00024,v_mv=13260,i_ma=00878,p_mw=11642,mppt=up,f=0,chk=CF,raw=3F"
2026-07-12T18:29:33.195958+00:00,1,,0,45,49,14540,1262,18349,up,0,96,96,"p3,seq=00045,d_pct=00049,v_mv=14540,i_ma=01262,p_mw=18349,mppt=up,f=0,chk=96,raw=7F"
2026-07-12T18:29:34.202747+00:00,1,,0,46,46,14380,1214,17457,dn,0,AE,AE,"p3,seq=00046,d_pct=00046,v_mv=14380,i_ma=01214,p_mw=17457,mppt=dn,f=0,chk=AE,raw=77"
2026-07-12T18:29:35.213689+00:00,1,,0,47,96,16940,1982,33575,up,1,CB,CB,"p3,seq=00047,d_pct=00096,v_mv=16940,i_ma=01982,p_mw=33575,mppt=up,f=1,chk=CB,raw=F7"
2026-07-12T18:29:36.219764+00:00,1,,0,48,96,16940,1982,33575,hd,1,D5,D5,"p3,seq=00048,d_pct=00096,v_mv=16940,i_ma=01982,p_mw=33575,mppt=hd,f=1,chk=D5,raw=F7"
2026-07-12T18:29:37.225803+00:00,1,,0,49,71,15660,1598,25024,dn,0,4B,4B,"p3,seq=00049,d_pct=00071,v_mv=15660,i_ma=01598,p_mw=25024,mppt=dn,f=0,chk=4B,raw=B7"
2026-07-12T18:29:38.231722+00:00,1,,0,50,71,15660,1598,25024,hd,0,4A,4A,"p3,seq=00050,d_pct=00071,v_mv=15660,i_ma=01598,p_mw=25024,mppt=hd,f=0,chk=4A,raw=B7"
2026-07-12T18:29:39.240628+00:00,1,,0,51,71,15640,1592,24898,dn,0,F8,F8,"p3,seq=00051,d_pct=00071,v_mv=15640,i_ma=01592,p_mw=24898,mppt=dn,f=0,chk=F8,raw=B6"
2026-07-12T18:29:40.246241+00:00,1,,0,52,71,15640,1592,24898,hd,0,FD,FD,"p3,seq=00052,d_pct=00071,v_mv=15640,i_ma=01592,p_mw=24898,mppt=hd,f=0,chk=FD,raw=B6"
2026-07-12T18:29:41.254367+00:00,1,,0,53,69,15560,1568,24398,dn,0,03,03,"p3,seq=00053,d_pct=00069,v_mv=15560,i_ma=01568,p_mw=24398,mppt=dn,f=0,chk=03,raw=B2"
2026-07-12T18:29:42.266273+00:00,1,,0,54,69,15560,1568,24398,hd,0,02,02,"p3,seq=00054,d_pct=00069,v_mv=15560,i_ma=01568,p_mw=24398,mppt=hd,f=0,chk=02,raw=B2"
2026-07-12T18:29:43.270645+00:00,1,,0,55,63,15240,1472,22433,dn,0,28,28,"p3,seq=00055,d_pct=00063,v_mv=15240,i_ma=01472,p_mw=22433,mppt=dn,f=0,chk=28,raw=A2"
2026-07-12T18:29:44.278448+00:00,1,,0,56,63,15240,1472,22433,hd,0,25,25,"p3,seq=00056,d_pct=00063,v_mv=15240,i_ma=01472,p_mw=22433,mppt=hd,f=0,chk=25,raw=A2"
2026-07-12T18:29:45.285200+00:00,1,,0,57,63,15240,1472,22433,hd,0,24,24,"p3,seq=00057,d_pct=00063,v_mv=15240,i_ma=01472,p_mw=22433,mppt=hd,f=0,chk=24,raw=A2"
2026-07-12T18:29:46.290876+00:00,1,,0,58,88,16520,1856,30661,up,0,BC,BC,"p3,seq=00058,d_pct=00088,v_mv=16520,i_ma=01856,p_mw=30661,mppt=up,f=0,chk=BC,raw=E2"
2026-07-12T18:29:47.298169+00:00,1,,0,59,38,13960,1088,15188,dn,0,E8,E8,"p3,seq=00059,d_pct=00038,v_mv=13960,i_ma=01088,p_mw=15188,mppt=dn,f=0,chk=E8,raw=62"
2026-07-12T18:29:48.304973+00:00,1,,0,60,38,13960,1088,15188,hd,0,ED,ED,"p3,seq=00060,d_pct=00038,v_mv=13960,i_ma=01088,p_mw=15188,mppt=hd,f=0,chk=ED,raw=62"
2026-07-12T18:29:49.318085+00:00,1,,0,61,38,13960,1088,15188,hd,0,EC,EC,"p3,seq=00061,d_pct=00038,v_mv=13960,i_ma=01088,p_mw=15188,mppt=hd,f=0,chk=EC,raw=62"
2026-07-12T18:29:50.322969+00:00,1,,0,62,38,13960,1088,15188,hd,0,EF,EF,"p3,seq=00062,d_pct=00038,v_mv=13960,i_ma=01088,p_mw=15188,mppt=hd,f=0,chk=EF,raw=62"
2026-07-12T18:29:51.328016+00:00,1,,0,63,37,13920,1076,14977,dn,0,A5,A5,"p3,seq=00063,d_pct=00037,v_mv=13920,i_ma=01076,p_mw=14977,mppt=dn,f=0,chk=A5,raw=60"
2026-07-12T18:29:52.336068+00:00,1,,0,64,37,13920,1076,14977,hd,0,D8,D8,"p3,seq=00064,d_pct=00037,v_mv=13920,i_ma=01076,p_mw=14977,mppt=hd,f=0,chk=D8,raw=60"
2026-07-12T18:29:53.342658+00:00,1,,0,65,87,16480,1844,30389,up,0,27,27,"p3,seq=00065,d_pct=00087,v_mv=16480,i_ma=01844,p_mw=30389,mppt=up,f=0,chk=27,raw=E0"
2026-07-12T18:29:54.349911+00:00,1,,0,66,87,16480,1844,30389,hd,0,25,25,"p3,seq=00066,d_pct=00087,v_mv=16480,i_ma=01844,p_mw=30389,mppt=hd,f=0,chk=25,raw=E0"
2026-07-12T18:29:55.357551+00:00,1,,0,67,87,16480,1844,30389,hd,0,24,24,"p3,seq=00067,d_pct=00087,v_mv=16480,i_ma=01844,p_mw=30389,mppt=hd,f=0,chk=24,raw=E0"
2026-07-12T18:29:56.368753+00:00,1,,0,68,87,16480,1844,30389,hd,0,23,23,"p3,seq=00068,d_pct=00087,v_mv=16480,i_ma=01844,p_mw=30389,mppt=hd,f=0,chk=23,raw=E0"
2026-07-12T18:29:57.374987+00:00,1,,0,69,94,16800,1940,32592,up,1,B6,B6,"p3,seq=00069,d_pct=00094,v_mv=16800,i_ma=01940,p_mw=32592,mppt=up,f=1,chk=B6,raw=F0"
2026-07-12T18:29:58.382185+00:00,1,,0,70,97,16960,1988,33716,up,1,29,29,"p3,seq=00070,d_pct=00097,v_mv=16960,i_ma=01988,p_mw=33716,mppt=up,f=1,chk=29,raw=F8"
2026-07-12T18:29:59.388101+00:00,1,,0,71,98,17040,2012,34284,up,1,B9,B9,"p3,seq=00071,d_pct=00098,v_mv=17040,i_ma=02012,p_mw=34284,mppt=up,f=1,chk=B9,raw=FC"
2026-07-12T18:30:00.395796+00:00,1,,0,72,99,17080,2024,34569,up,1,4E,4E,"p3,seq=00072,d_pct=00099,v_mv=17080,i_ma=02024,p_mw=34569,mppt=up,f=1,chk=4E,raw=FE"
2026-07-12T18:30:01.402931+00:00,1,,0,73,100,17100,2030,34713,up,1,AB,AB,"p3,seq=00073,d_pct=00100,v_mv=17100,i_ma=02030,p_mw=34713,mppt=up,f=1,chk=AB,raw=FF"
2026-07-12T18:30:02.408780+00:00,1,,0,74,100,17100,2030,34713,hd,1,A9,A9,"p3,seq=00074,d_pct=00100,v_mv=17100,i_ma=02030,p_mw=34713,mppt=hd,f=1,chk=A9,raw=FF"
2026-07-12T18:30:03.416108+00:00,1,,0,75,100,17100,2030,34713,hd,1,A8,A8,"p3,seq=00075,d_pct=00100,v_mv=17100,i_ma=02030,p_mw=34713,mppt=hd,f=1,chk=A8,raw=FF"
2026-07-12T18:30:04.428117+00:00,1,,0,76,100,17100,2030,34713,hd,1,AF,AF,"p3,seq=00076,d_pct=00100,v_mv=17100,i_ma=02030,p_mw=34713,mppt=hd,f=1,chk=AF,raw=FF"
2026-07-12T18:30:05.434203+00:00,1,,0,77,100,17100,2030,34713,hd,1,AE,AE,"p3,seq=00077,d_pct=00100,v_mv=17100,i_ma=02030,p_mw=34713,mppt=hd,f=1,chk=AE,raw=FF"
2026-07-12T18:30:06.440130+00:00,1,,0,78,100,17100,2030,34713,hd,1,AD,AD,"p3,seq=00078,d_pct=00100,v_mv=17100,i_ma=02030,p_mw=34713,mppt=hd,f=1,chk=AD,raw=FF"
2026-07-12T18:30:07.447222+00:00,1,,0,79,100,17100,2030,34713,hd,1,AC,AC,"p3,seq=00079,d_pct=00100,v_mv=17100,i_ma=02030,p_mw=34713,mppt=hd,f=1,chk=AC,raw=FF"
2026-07-12T18:30:08.454396+00:00,1,,0,80,100,17100,2030,34713,hd,1,B3,B3,"p3,seq=00080,d_pct=00100,v_mv=17100,i_ma=02030,p_mw=34713,mppt=hd,f=1,chk=B3,raw=FF"
2026-07-12T18:30:09.461199+00:00,1,,0,81,100,17100,2030,34713,hd,1,B2,B2,"p3,seq=00081,d_pct=00100,v_mv=17100,i_ma=02030,p_mw=34713,mppt=hd,f=1,chk=B2,raw=FF"
2026-07-12T18:30:10.468201+00:00,1,,0,82,100,17100,2030,34713,hd,1,B1,B1,"p3,seq=00082,d_pct=00100,v_mv=17100,i_ma=02030,p_mw=34713,mppt=hd,f=1,chk=B1,raw=FF"
2026-07-12T18:30:11.479886+00:00,1,,0,83,100,17100,2030,34713,hd,1,B0,B0,"p3,seq=00083,d_pct=00100,v_mv=17100,i_ma=02030,p_mw=34713,mppt=hd,f=1,chk=B0,raw=FF"
2026-07-12T18:30:12.485190+00:00,1,,0,84,100,17100,2030,34713,hd,1,B7,B7,"p3,seq=00084,d_pct=00100,v_mv=17100,i_ma=02030,p_mw=34713,mppt=hd,f=1,chk=B7,raw=FF"
2026-07-12T18:30:13.491377+00:00,1,,0,85,100,17100,2030,34713,hd,1,B6,B6,"p3,seq=00085,d_pct=00100,v_mv=17100,i_ma=02030,p_mw=34713,mppt=hd,f=1,chk=B6,raw=FF"
2026-07-12T18:30:14.498529+00:00,1,,0,86,100,17100,2030,34713,hd,1,B5,B5,"p3,seq=00086,d_pct=00100,v_mv=17100,i_ma=02030,p_mw=34713,mppt=hd,f=1,chk=B5,raw=FF"
2026-07-12T18:30:15.505859+00:00,1,,0,87,100,17100,2030,34713,hd,1,B4,B4,"p3,seq=00087,d_pct=00100,v_mv=17100,i_ma=02030,p_mw=34713,mppt=hd,f=1,chk=B4,raw=FF"
2026-07-12T18:30:16.512575+00:00,1,,0,88,100,17100,2030,34713,hd,1,BB,BB,"p3,seq=00088,d_pct=00100,v_mv=17100,i_ma=02030,p_mw=34713,mppt=hd,f=1,chk=BB,raw=FF"
2026-07-12T18:30:17.527009+00:00,1,,0,89,100,17100,2030,34713,hd,1,BA,BA,"p3,seq=00089,d_pct=00100,v_mv=17100,i_ma=02030,p_mw=34713,mppt=hd,f=1,chk=BA,raw=FF"
2026-07-12T18:30:18.529819+00:00,1,,0,90,48,14480,1244,18013,dn,0,7F,7F,"p3,seq=00090,d_pct=00048,v_mv=14480,i_ma=01244,p_mw=18013,mppt=dn,f=0,chk=7F,raw=7C"
2026-07-12T18:30:19.536439+00:00,1,,0,91,6,12320,596,7342,dn,0,BB,BB,"p3,seq=00091,d_pct=00006,v_mv=12320,i_ma=00596,p_mw=07342,mppt=dn,f=0,chk=BB,raw=10"
2026-07-12T18:30:20.542941+00:00,1,,0,92,0,12000,500,6000,dn,0,02,02,"p3,seq=00092,d_pct=00000,v_mv=12000,i_ma=00500,p_mw=06000,mppt=dn,f=0,chk=02,raw=00"
2026-07-12T18:30:21.549868+00:00,1,,0,93,0,12000,500,6000,hd,0,01,01,"p3,seq=00093,d_pct=00000,v_mv=12000,i_ma=00500,p_mw=06000,mppt=hd,f=0,chk=01,raw=00"
2026-07-12T18:30:22.556553+00:00,1,,0,94,0,12000,500,6000,hd,0,02,02,"p3,seq=00094,d_pct=00000,v_mv=12000,i_ma=00500,p_mw=06000,mppt=hd,f=0,chk=02,raw=00"
2026-07-12T18:30:23.568293+00:00,1,,0,95,0,12000,500,6000,hd,0,03,03,"p3,seq=00095,d_pct=00000,v_mv=12000,i_ma=00500,p_mw=06000,mppt=hd,f=0,chk=03,raw=00"
2026-07-12T18:30:24.573858+00:00,1,,0,96,0,12000,500,6000,hd,0,3C,3C,"p3,seq=00096,d_pct=00000,v_mv=12000,i_ma=00500,p_mw=06000,mppt=hd,f=0,chk=3C,raw=00"
2026-07-12T18:30:25.581115+00:00,1,,0,97,0,12000,500,6000,hd,0,3D,3D,"p3,seq=00097,d_pct=00000,v_mv=12000,i_ma=00500,p_mw=06000,mppt=hd,f=0,chk=3D,raw=00"
2026-07-12T18:30:26.587768+00:00,1,,0,98,0,12000,500,6000,hd,0,3E,3E,"p3,seq=00098,d_pct=00000,v_mv=12000,i_ma=00500,p_mw=06000,mppt=hd,f=0,chk=3E,raw=00"
2026-07-12T18:30:27.594062+00:00,1,,0,99,0,12000,500,6000,hd,0,3F,3F,"p3,seq=00099,d_pct=00000,v_mv=12000,i_ma=00500,p_mw=06000,mppt=hd,f=0,chk=3F,raw=00"
2026-07-12T18:30:28.601901+00:00,1,,0,100,0,12000,500,6000,hd,0,38,38,"p3,seq=00100,d_pct=00000,v_mv=12000,i_ma=00500,p_mw=06000,mppt=hd,f=0,chk=38,raw=00"
2026-07-12T18:30:29.607815+00:00,1,,0,101,0,12000,500,6000,hd,0,39,39,"p3,seq=00101,d_pct=00000,v_mv=12000,i_ma=00500,p_mw=06000,mppt=hd,f=0,chk=39,raw=00"
2026-07-12T18:30:30.622486+00:00,1,,0,102,0,12000,500,6000,hd,0,3A,3A,"p3,seq=00102,d_pct=00000,v_mv=12000,i_ma=00500,p_mw=06000,mppt=hd,f=0,chk=3A,raw=00"
2026-07-12T18:30:31.625747+00:00,1,,0,103,0,12000,500,6000,hd,0,3B,3B,"p3,seq=00103,d_pct=00000,v_mv=12000,i_ma=00500,p_mw=06000,mppt=hd,f=0,chk=3B,raw=00"
2026-07-12T18:30:32.632729+00:00,1,,0,104,0,12000,500,6000,hd,0,34,34,"p3,seq=00104,d_pct=00000,v_mv=12000,i_ma=00500,p_mw=06000,mppt=hd,f=0,chk=34,raw=00"
2026-07-12T18:30:33.639617+00:00,1,,0,105,0,12000,500,6000,hd,0,35,35,"p3,seq=00105,d_pct=00000,v_mv=12000,i_ma=00500,p_mw=06000,mppt=hd,f=0,chk=35,raw=00"
2026-07-12T18:30:34.646571+00:00,1,,0,106,0,12000,500,6000,hd,0,36,36,"p3,seq=00106,d_pct=00000,v_mv=12000,i_ma=00500,p_mw=06000,mppt=hd,f=0,chk=36,raw=00"
2026-07-12T18:30:35.653015+00:00,1,,0,107,0,12000,500,6000,hd,0,37,37,"p3,seq=00107,d_pct=00000,v_mv=12000,i_ma=00500,p_mw=06000,mppt=hd,f=0,chk=37,raw=00"
2026-07-12T18:30:36.663658+00:00,1,,0,108,0,12000,500,6000,hd,0,30,30,"p3,seq=00108,d_pct=00000,v_mv=12000,i_ma=00500,p_mw=06000,mppt=hd,f=0,chk=30,raw=00"
2026-07-12T18:30:37.670602+00:00,1,,0,109,0,12000,500,6000,hd,0,31,31,"p3,seq=00109,d_pct=00000,v_mv=12000,i_ma=00500,p_mw=06000,mppt=hd,f=0,chk=31,raw=00"
2026-07-12T18:30:38.678062+00:00,1,,0,110,0,12000,500,6000,hd,0,32,32,"p3,seq=00110,d_pct=00000,v_mv=12000,i_ma=00500,p_mw=06000,mppt=hd,f=0,chk=32,raw=00"
2026-07-12T18:30:39.684069+00:00,1,,0,111,0,12000,500,6000,hd,0,33,33,"p3,seq=00111,d_pct=00000,v_mv=12000,i_ma=00500,p_mw=06000,mppt=hd,f=0,chk=33,raw=00"
2026-07-12T18:30:40.691565+00:00,1,,0,112,0,12000,500,6000,hd,0,2C,2C,"p3,seq=00112,d_pct=00000,v_mv=12000,i_ma=00500,p_mw=06000,mppt=hd,f=0,chk=2C,raw=00"
2026-07-12T18:30:41.698242+00:00,1,,0,113,0,12000,500,6000,hd,0,2D,2D,"p3,seq=00113,d_pct=00000,v_mv=12000,i_ma=00500,p_mw=06000,mppt=hd,f=0,chk=2D,raw=00"
2026-07-12T18:30:42.704899+00:00,1,,0,114,0,12000,500,6000,hd,0,2E,2E,"p3,seq=00114,d_pct=00000,v_mv=12000,i_ma=00500,p_mw=06000,mppt=hd,f=0,chk=2E,raw=00"
2026-07-12T18:30:43.712260+00:00,1,,0,115,0,12000,500,6000,hd,0,2F,2F,"p3,seq=00115,d_pct=00000,v_mv=12000,i_ma=00500,p_mw=06000,mppt=hd,f=0,chk=2F,raw=00"
2026-07-12T18:30:44.724714+00:00,1,,0,116,0,12000,500,6000,hd,0,28,28,"p3,seq=00116,d_pct=00000,v_mv=12000,i_ma=00500,p_mw=06000,mppt=hd,f=0,chk=28,raw=00"
2026-07-12T18:30:45.729856+00:00,1,,0,117,0,12000,500,6000,hd,0,29,29,"p3,seq=00117,d_pct=00000,v_mv=12000,i_ma=00500,p_mw=06000,mppt=hd,f=0,chk=29,raw=00"
2026-07-12T18:30:46.735809+00:00,1,,0,118,0,12000,500,6000,hd,0,2A,2A,"p3,seq=00118,d_pct=00000,v_mv=12000,i_ma=00500,p_mw=06000,mppt=hd,f=0,chk=2A,raw=00"
2026-07-12T18:30:47.744145+00:00,1,,0,119,0,12000,500,6000,hd,0,2B,2B,"p3,seq=00119,d_pct=00000,v_mv=12000,i_ma=00500,p_mw=06000,mppt=hd,f=0,chk=2B,raw=00"
2026-07-12T18:30:48.749495+00:00,1,,0,120,0,12000,500,6000,hd,0,24,24,"p3,seq=00120,d_pct=00000,v_mv=12000,i_ma=00500,p_mw=06000,mppt=hd,f=0,chk=24,raw=00"
2026-07-12T18:30:49.756572+00:00,1,,0,121,0,12000,500,6000,hd,0,25,25,"p3,seq=00121,d_pct=00000,v_mv=12000,i_ma=00500,p_mw=06000,mppt=hd,f=0,chk=25,raw=00"
2026-07-12T18:30:50.763546+00:00,1,,0,122,0,12000,500,6000,hd,0,26,26,"p3,seq=00122,d_pct=00000,v_mv=12000,i_ma=00500,p_mw=06000,mppt=hd,f=0,chk=26,raw=00"
2026-07-12T18:30:51.774788+00:00,1,,0,123,0,12000,500,6000,hd,0,27,27,"p3,seq=00123,d_pct=00000,v_mv=12000,i_ma=00500,p_mw=06000,mppt=hd,f=0,chk=27,raw=00"
2026-07-12T18:30:52.781593+00:00,1,,0,124,0,12000,500,6000,hd,0,20,20,"p3,seq=00124,d_pct=00000,v_mv=12000,i_ma=00500,p_mw=06000,mppt=hd,f=0,chk=20,raw=00"
2026-07-12T18:30:53.787306+00:00,1,,0,125,0,12000,500,6000,hd,0,21,21,"p3,seq=00125,d_pct=00000,v_mv=12000,i_ma=00500,p_mw=06000,mppt=hd,f=0,chk=21,raw=00"
2026-07-12T18:30:54.794873+00:00,1,,0,126,0,12000,500,6000,hd,0,22,22,"p3,seq=00126,d_pct=00000,v_mv=12000,i_ma=00500,p_mw=06000,mppt=hd,f=0,chk=22,raw=00"
2026-07-12T18:30:55.802581+00:00,1,,0,127,0,12000,500,6000,hd,0,23,23,"p3,seq=00127,d_pct=00000,v_mv=12000,i_ma=00500,p_mw=06000,mppt=hd,f=0,chk=23,raw=00"
2026-07-12T18:30:56.808600+00:00,1,,0,128,0,12000,500,6000,hd,0,DC,DC,"p3,seq=00128,d_pct=00000,v_mv=12000,i_ma=00500,p_mw=06000,mppt=hd,f=0,chk=DC,raw=00"
2026-07-12T18:30:57.815068+00:00,1,,0,129,0,12000,500,6000,hd,0,DD,DD,"p3,seq=00129,d_pct=00000,v_mv=12000,i_ma=00500,p_mw=06000,mppt=hd,f=0,chk=DD,raw=00"
2026-07-12T18:30:58.822993+00:00,1,,0,130,0,12000,500,6000,hd,0,DE,DE,"p3,seq=00130,d_pct=00000,v_mv=12000,i_ma=00500,p_mw=06000,mppt=hd,f=0,chk=DE,raw=00"
2026-07-12T18:30:59.834083+00:00,1,,0,131,0,12000,500,6000,hd,0,DF,DF,"p3,seq=00131,d_pct=00000,v_mv=12000,i_ma=00500,p_mw=06000,mppt=hd,f=0,chk=DF,raw=00"
2026-07-12T18:31:00.839906+00:00,1,,0,132,50,14560,1268,18462,up,0,49,49,"p3,seq=00132,d_pct=00050,v_mv=14560,i_ma=01268,p_mw=18462,mppt=up,f=0,chk=49,raw=80"
2026-07-12T18:31:01.847635+00:00,1,,0,133,50,14560,1268,18462,hd,0,49,49,"p3,seq=00133,d_pct=00050,v_mv=14560,i_ma=01268,p_mw=18462,mppt=hd,f=0,chk=49,raw=80"
2026-07-12T18:31:02.853911+00:00,1,,0,134,50,14560,1268,18462,hd,0,4A,4A,"p3,seq=00134,d_pct=00050,v_mv=14560,i_ma=01268,p_mw=18462,mppt=hd,f=0,chk=4A,raw=80"
2026-07-12T18:31:03.862342+00:00,1,,0,135,50,14560,1268,18462,hd,0,4B,4B,"p3,seq=00135,d_pct=00050,v_mv=14560,i_ma=01268,p_mw=18462,mppt=hd,f=0,chk=4B,raw=80"
2026-07-12T18:31:04.868025+00:00,1,,0,136,50,14560,1268,18462,hd,0,44,44,"p3,seq=00136,d_pct=00050,v_mv=14560,i_ma=01268,p_mw=18462,mppt=hd,f=0,chk=44,raw=80"
2026-07-12T18:31:05.875088+00:00,1,,0,137,50,14560,1268,18462,hd,0,45,45,"p3,seq=00137,d_pct=00050,v_mv=14560,i_ma=01268,p_mw=18462,mppt=hd,f=0,chk=45,raw=80"
2026-07-12T18:31:06.883057+00:00,1,,0,138,50,14560,1268,18462,hd,0,46,46,"p3,seq=00138,d_pct=00050,v_mv=14560,i_ma=01268,p_mw=18462,mppt=hd,f=0,chk=46,raw=80"
2026-07-12T18:31:07.889531+00:00,1,,0,139,0,12000,500,6000,dn,0,D5,D5,"p3,seq=00139,d_pct=00000,v_mv=12000,i_ma=00500,p_mw=06000,mppt=dn,f=0,chk=D5,raw=00"
2026-07-12T18:31:08.902204+00:00,1,,0,140,0,12000,500,6000,hd,0,D0,D0,"p3,seq=00140,d_pct=00000,v_mv=12000,i_ma=00500,p_mw=06000,mppt=hd,f=0,chk=D0,raw=00"
2026-07-12T18:31:09.907680+00:00,1,,0,141,0,12000,500,6000,hd,0,D1,D1,"p3,seq=00141,d_pct=00000,v_mv=12000,i_ma=00500,p_mw=06000,mppt=hd,f=0,chk=D1,raw=00"
2026-07-12T18:31:10.913792+00:00,1,,0,142,50,14560,1268,18462,up,0,43,43,"p3,seq=00142,d_pct=00050,v_mv=14560,i_ma=01268,p_mw=18462,mppt=up,f=0,chk=43,raw=80"
2026-07-12T18:31:11.920824+00:00,1,,0,143,75,15840,1652,26167,up,0,FB,FB,"p3,seq=00143,d_pct=00075,v_mv=15840,i_ma=01652,p_mw=26167,mppt=up,f=0,chk=FB,raw=C0"
2026-07-12T18:31:12.928066+00:00,1,,0,144,75,15840,1652,26167,hd,0,E5,E5,"p3,seq=00144,d_pct=00075,v_mv=15840,i_ma=01652,p_mw=26167,mppt=hd,f=0,chk=E5,raw=C0"
2026-07-12T18:31:13.935459+00:00,1,,0,145,75,15840,1652,26167,hd,0,E4,E4,"p3,seq=00145,d_pct=00075,v_mv=15840,i_ma=01652,p_mw=26167,mppt=hd,f=0,chk=E4,raw=C0"
2026-07-12T18:31:14.942922+00:00,1,,0,146,87,16480,1844,30389,up,0,F4,F4,"p3,seq=00146,d_pct=00087,v_mv=16480,i_ma=01844,p_mw=30389,mppt=up,f=0,chk=F4,raw=E0"
2026-07-12T18:31:15.948266+00:00,1,,0,147,87,16480,1844,30389,hd,0,F4,F4,"p3,seq=00147,d_pct=00087,v_mv=16480,i_ma=01844,p_mw=30389,mppt=hd,f=0,chk=F4,raw=E0"
2026-07-12T18:31:16.959825+00:00,1,,0,148,94,16800,1940,32592,up,1,67,67,"p3,seq=00148,d_pct=00094,v_mv=16800,i_ma=01940,p_mw=32592,mppt=up,f=1,chk=67,raw=F0"
2026-07-12T18:31:17.970220+00:00,1,,0,149,94,16800,1940,32592,hd,1,67,67,"p3,seq=00149,d_pct=00094,v_mv=16800,i_ma=01940,p_mw=32592,mppt=hd,f=1,chk=67,raw=F0"
2026-07-12T18:31:18.972508+00:00,1,,0,150,94,16800,1940,32592,hd,1,64,64,"p3,seq=00150,d_pct=00094,v_mv=16800,i_ma=01940,p_mw=32592,mppt=hd,f=1,chk=64,raw=F0"
2026-07-12T18:31:19.981525+00:00,1,,0,151,87,16480,1844,30389,dn,0,F2,F2,"p3,seq=00151,d_pct=00087,v_mv=16480,i_ma=01844,p_mw=30389,mppt=dn,f=0,chk=F2,raw=E0"
2026-07-12T18:31:20.986803+00:00,1,,0,152,87,16480,1844,30389,hd,0,FF,FF,"p3,seq=00152,d_pct=00087,v_mv=16480,i_ma=01844,p_mw=30389,mppt=hd,f=0,chk=FF,raw=E0"
2026-07-12T18:31:21.994492+00:00,1,,0,153,90,16640,1892,31482,up,0,88,88,"p3,seq=00153,d_pct=00090,v_mv=16640,i_ma=01892,p_mw=31482,mppt=up,f=0,chk=88,raw=E8"
2026-07-12T18:31:23.001055+00:00,1,,0,154,90,16640,1892,31482,hd,0,8A,8A,"p3,seq=00154,d_pct=00090,v_mv=16640,i_ma=01892,p_mw=31482,mppt=hd,f=0,chk=8A,raw=E8"
2026-07-12T18:31:24.008116+00:00,1,,0,155,91,16660,1898,31620,up,0,EF,EF,"p3,seq=00155,d_pct=00091,v_mv=16660,i_ma=01898,p_mw=31620,mppt=up,f=0,chk=EF,raw=E9"
2026-07-12T18:31:25.014830+00:00,1,,0,156,91,16660,1898,31620,hd,0,E9,E9,"p3,seq=00156,d_pct=00091,v_mv=16660,i_ma=01898,p_mw=31620,mppt=hd,f=0,chk=E9,raw=E9"
2026-07-12T18:31:26.027335+00:00,1,,0,157,92,16700,1910,31897,up,0,C2,C2,"p3,seq=00157,d_pct=00092,v_mv=16700,i_ma=01910,p_mw=31897,mppt=up,f=0,chk=C2,raw=EB"
2026-07-12T18:31:27.033866+00:00,1,,0,158,92,16700,1910,31897,hd,0,C0,C0,"p3,seq=00158,d_pct=00092,v_mv=16700,i_ma=01910,p_mw=31897,mppt=hd,f=0,chk=C0,raw=EB"
2026-07-12T18:31:28.040110+00:00,1,,0,159,93,16780,1934,32452,up,0,D2,D2,"p3,seq=00159,d_pct=00093,v_mv=16780,i_ma=01934,p_mw=32452,mppt=up,f=0,chk=D2,raw=EF"
2026-07-12T18:31:29.047882+00:00,1,,0,160,93,16780,1934,32452,hd,0,EC,EC,"p3,seq=00160,d_pct=00093,v_mv=16780,i_ma=01934,p_mw=32452,mppt=hd,f=0,chk=EC,raw=EF"
2026-07-12T18:31:30.053715+00:00,1,,0,161,93,16780,1934,32452,hd,0,ED,ED,"p3,seq=00161,d_pct=00093,v_mv=16780,i_ma=01934,p_mw=32452,mppt=hd,f=0,chk=ED,raw=EF"
2026-07-12T18:31:31.062515+00:00,1,,0,162,100,17100,2030,34713,up,1,40,40,"p3,seq=00162,d_pct=00100,v_mv=17100,i_ma=02030,p_mw=34713,mppt=up,f=1,chk=40,raw=FF"
2026-07-12T18:31:32.067945+00:00,1,,0,163,96,16940,1982,33575,dn,1,44,44,"p3,seq=00163,d_pct=00096,v_mv=16940,i_ma=01982,p_mw=33575,mppt=dn,f=1,chk=44,raw=F7"
2026-07-12T18:31:33.074533+00:00,1,,0,164,96,16940,1982,33575,hd,1,41,41,"p3,seq=00164,d_pct=00096,v_mv=16940,i_ma=01982,p_mw=33575,mppt=hd,f=1,chk=41,raw=F7"
2026-07-12T18:31:34.083518+00:00,1,,0,165,96,16900,1970,33293,dn,1,4F,4F,"p3,seq=00165,d_pct=00096,v_mv=16900,i_ma=01970,p_mw=33293,mppt=dn,f=1,chk=4F,raw=F5"
2026-07-12T18:31:35.094962+00:00,1,,0,166,96,16900,1970,33293,hd,1,4E,4E,"p3,seq=00166,d_pct=00096,v_mv=16900,i_ma=01970,p_mw=33293,mppt=hd,f=1,chk=4E,raw=F5"
2026-07-12T18:31:36.097888+00:00,1,,0,167,95,16880,1964,33152,dn,1,14,14,"p3,seq=00167,d_pct=00095,v_mv=16880,i_ma=01964,p_mw=33152,mppt=dn,f=1,chk=14,raw=F4"
2026-07-12T18:31:37.106401+00:00,1,,0,168,95,16880,1964,33152,hd,1,19,19,"p3,seq=00168,d_pct=00095,v_mv=16880,i_ma=01964,p_mw=33152,mppt=hd,f=1,chk=19,raw=F4"
2026-07-12T18:31:38.111812+00:00,1,,0,169,94,16800,1940,32592,dn,1,59,59,"p3,seq=00169,d_pct=00094,v_mv=16800,i_ma=01940,p_mw=32592,mppt=dn,f=1,chk=59,raw=F0"
2026-07-12T18:31:39.119660+00:00,1,,0,170,94,16800,1940,32592,hd,1,58,58,"p3,seq=00170,d_pct=00094,v_mv=16800,i_ma=01940,p_mw=32592,mppt=hd,f=1,chk=58,raw=F0"
2026-07-12T18:31:40.127956+00:00,1,,0,171,94,16800,1940,32592,hd,1,59,59,"p3,seq=00171,d_pct=00094,v_mv=16800,i_ma=01940,p_mw=32592,mppt=hd,f=1,chk=59,raw=F0"
2026-07-12T18:31:41.133025+00:00,1,,0,172,94,16800,1940,32592,hd,1,5E,5E,"p3,seq=00172,d_pct=00094,v_mv=16800,i_ma=01940,p_mw=32592,mppt=hd,f=1,chk=5E,raw=F0"
2026-07-12T18:31:42.145922+00:00,1,,0,173,87,16480,1844,30389,dn,0,C8,C8,"p3,seq=00173,d_pct=00087,v_mv=16480,i_ma=01844,p_mw=30389,mppt=dn,f=0,chk=C8,raw=E0"
2026-07-12T18:31:43.151834+00:00,1,,0,174,92,16720,1916,32035,up,0,2B,2B,"p3,seq=00174,d_pct=00092,v_mv=16720,i_ma=01916,p_mw=32035,mppt=up,f=0,chk=2B,raw=EC"
2026-07-12T18:31:44.157987+00:00,1,,0,175,93,16780,1934,32452,up,0,E2,E2,"p3,seq=00175,d_pct=00093,v_mv=16780,i_ma=01934,p_mw=32452,mppt=up,f=0,chk=E2,raw=EF"
2026-07-12T18:31:45.166158+00:00,1,,0,176,93,16780,1934,32452,hd,0,FC,FC,"p3,seq=00176,d_pct=00093,v_mv=16780,i_ma=01934,p_mw=32452,mppt=hd,f=0,chk=FC,raw=EF"
2026-07-12T18:31:46.171914+00:00,1,,0,177,93,16780,1934,32452,hd,0,FD,FD,"p3,seq=00177,d_pct=00093,v_mv=16780,i_ma=01934,p_mw=32452,mppt=hd,f=0,chk=FD,raw=EF"
2026-07-12T18:31:47.178151+00:00,1,,0,178,93,16780,1934,32452,hd,0,FE,FE,"p3,seq=00178,d_pct=00093,v_mv=16780,i_ma=01934,p_mw=32452,mppt=hd,f=0,chk=FE,raw=EF"
2026-07-12T18:31:48.185531+00:00,1,,0,179,93,16780,1934,32452,hd,0,FF,FF,"p3,seq=00179,d_pct=00093,v_mv=16780,i_ma=01934,p_mw=32452,mppt=hd,f=0,chk=FF,raw=EF"
2026-07-12T18:31:49.192359+00:00,1,,0,180,100,17100,2030,34713,up,1,56,56,"p3,seq=00180,d_pct=00100,v_mv=17100,i_ma=02030,p_mw=34713,mppt=up,f=1,chk=56,raw=FF"
2026-07-12T18:31:50.204280+00:00,1,,0,181,95,16860,1958,33011,dn,1,55,55,"p3,seq=00181,d_pct=00095,v_mv=16860,i_ma=01958,p_mw=33011,mppt=dn,f=1,chk=55,raw=F3"
2026-07-12T18:31:51.210639+00:00,1,,0,182,94,16800,1940,32592,dn,1,46,46,"p3,seq=00182,d_pct=00094,v_mv=16800,i_ma=01940,p_mw=32592,mppt=dn,f=1,chk=46,raw=F0"
2026-07-12T18:31:52.216581+00:00,1,,0,183,94,16800,1940,32592,hd,1,45,45,"p3,seq=00183,d_pct=00094,v_mv=16800,i_ma=01940,p_mw=32592,mppt=hd,f=1,chk=45,raw=F0"
2026-07-12T18:31:53.223660+00:00,1,,0,184,94,16800,1940,32592,hd,1,4A,4A,"p3,seq=00184,d_pct=00094,v_mv=16800,i_ma=01940,p_mw=32592,mppt=hd,f=1,chk=4A,raw=F0"
2026-07-12T18:31:54.230596+00:00,1,,0,185,94,16800,1940,32592,hd,1,4B,4B,"p3,seq=00185,d_pct=00094,v_mv=16800,i_ma=01940,p_mw=32592,mppt=hd,f=1,chk=4B,raw=F0"
2026-07-12T18:31:55.237215+00:00,1,,0,186,94,16800,1940,32592,hd,1,48,48,"p3,seq=00186,d_pct=00094,v_mv=16800,i_ma=01940,p_mw=32592,mppt=hd,f=1,chk=48,raw=F0"
2026-07-12T18:31:56.244202+00:00,1,,0,187,94,16800,1940,32592,hd,1,49,49,"p3,seq=00187,d_pct=00094,v_mv=16800,i_ma=01940,p_mw=32592,mppt=hd,f=1,chk=49,raw=F0"
2026-07-12T18:31:57.253255+00:00,1,,0,188,94,16800,1940,32592,hd,1,4E,4E,"p3,seq=00188,d_pct=00094,v_mv=16800,i_ma=01940,p_mw=32592,mppt=hd,f=1,chk=4E,raw=F0"
2026-07-12T18:31:58.264021+00:00,1,,0,189,94,16800,1940,32592,hd,1,4F,4F,"p3,seq=00189,d_pct=00094,v_mv=16800,i_ma=01940,p_mw=32592,mppt=hd,f=1,chk=4F,raw=F0"
2026-07-12T18:31:59.269499+00:00,1,,0,190,94,16800,1940,32592,hd,1,4C,4C,"p3,seq=00190,d_pct=00094,v_mv=16800,i_ma=01940,p_mw=32592,mppt=hd,f=1,chk=4C,raw=F0"
2026-07-12T18:32:00.276091+00:00,1,,0,191,94,16800,1940,32592,hd,1,4D,4D,"p3,seq=00191,d_pct=00094,v_mv=16800,i_ma=01940,p_mw=32592,mppt=hd,f=1,chk=4D,raw=F0"
2026-07-12T18:32:01.283141+00:00,1,,0,192,94,16800,1940,32592,hd,1,32,32,"p3,seq=00192,d_pct=00094,v_mv=16800,i_ma=01940,p_mw=32592,mppt=hd,f=1,chk=32,raw=F0"
2026-07-12T18:32:02.289706+00:00,1,,0,193,94,16800,1940,32592,hd,1,33,33,"p3,seq=00193,d_pct=00094,v_mv=16800,i_ma=01940,p_mw=32592,mppt=hd,f=1,chk=33,raw=F0"
2026-07-12T18:32:03.296845+00:00,1,,0,194,94,16800,1940,32592,hd,1,30,30,"p3,seq=00194,d_pct=00094,v_mv=16800,i_ma=01940,p_mw=32592,mppt=hd,f=1,chk=30,raw=F0"
2026-07-12T18:32:04.304764+00:00,1,,0,195,94,16800,1940,32592,hd,1,31,31,"p3,seq=00195,d_pct=00094,v_mv=16800,i_ma=01940,p_mw=32592,mppt=hd,f=1,chk=31,raw=F0"
2026-07-12T18:32:05.311429+00:00,1,,0,196,6,12320,596,7342,dn,0,24,24,"p3,seq=00196,d_pct=00006,v_mv=12320,i_ma=00596,p_mw=07342,mppt=dn,f=0,chk=24,raw=10"
2026-07-12T18:32:06.323125+00:00,1,,0,197,0,12000,500,6000,dn,0,9B,9B,"p3,seq=00197,d_pct=00000,v_mv=12000,i_ma=00500,p_mw=06000,mppt=dn,f=0,chk=9B,raw=00"
2026-07-12T18:32:07.328395+00:00,1,,0,198,0,12000,500,6000,hd,0,9A,9A,"p3,seq=00198,d_pct=00000,v_mv=12000,i_ma=00500,p_mw=06000,mppt=hd,f=0,chk=9A,raw=00"
2026-07-12T18:32:08.335447+00:00,1,,0,199,0,12000,500,6000,hd,0,9B,9B,"p3,seq=00199,d_pct=00000,v_mv=12000,i_ma=00500,p_mw=06000,mppt=hd,f=0,chk=9B,raw=00"
2026-07-12T18:32:09.342438+00:00,1,,0,200,0,12000,500,6000,hd,0,94,94,"p3,seq=00200,d_pct=00000,v_mv=12000,i_ma=00500,p_mw=06000,mppt=hd,f=0,chk=94,raw=00"
2026-07-12T18:32:10.350484+00:00,1,,0,201,0,12000,500,6000,hd,0,95,95,"p3,seq=00201,d_pct=00000,v_mv=12000,i_ma=00500,p_mw=06000,mppt=hd,f=0,chk=95,raw=00"
2026-07-12T18:32:11.356365+00:00,1,,0,202,0,12000,500,6000,hd,0,96,96,"p3,seq=00202,d_pct=00000,v_mv=12000,i_ma=00500,p_mw=06000,mppt=hd,f=0,chk=96,raw=00"
2026-07-12T18:32:12.363713+00:00,1,,0,203,0,12000,500,6000,hd,0,97,97,"p3,seq=00203,d_pct=00000,v_mv=12000,i_ma=00500,p_mw=06000,mppt=hd,f=0,chk=97,raw=00"
2026-07-12T18:32:13.371440+00:00,1,,0,204,0,12000,500,6000,hd,0,90,90,"p3,seq=00204,d_pct=00000,v_mv=12000,i_ma=00500,p_mw=06000,mppt=hd,f=0,chk=90,raw=00"
2026-07-12T18:32:14.377572+00:00,1,,0,205,0,12000,500,6000,hd,0,91,91,"p3,seq=00205,d_pct=00000,v_mv=12000,i_ma=00500,p_mw=06000,mppt=hd,f=0,chk=91,raw=00"
2026-07-12T18:32:15.389650+00:00,1,,0,206,0,12000,500,6000,hd,0,92,92,"p3,seq=00206,d_pct=00000,v_mv=12000,i_ma=00500,p_mw=06000,mppt=hd,f=0,chk=92,raw=00"
2026-07-12T18:32:16.400081+00:00,1,,0,207,0,12000,500,6000,hd,0,93,93,"p3,seq=00207,d_pct=00000,v_mv=12000,i_ma=00500,p_mw=06000,mppt=hd,f=0,chk=93,raw=00"
2026-07-12T18:32:17.401638+00:00,1,,0,208,0,12000,500,6000,hd,0,8C,8C,"p3,seq=00208,d_pct=00000,v_mv=12000,i_ma=00500,p_mw=06000,mppt=hd,f=0,chk=8C,raw=00"
2026-07-12T18:32:18.410550+00:00,1,,0,209,0,12000,500,6000,hd,0,8D,8D,"p3,seq=00209,d_pct=00000,v_mv=12000,i_ma=00500,p_mw=06000,mppt=hd,f=0,chk=8D,raw=00"
2026-07-12T18:32:19.416474+00:00,1,,0,210,0,12000,500,6000,hd,0,8E,8E,"p3,seq=00210,d_pct=00000,v_mv=12000,i_ma=00500,p_mw=06000,mppt=hd,f=0,chk=8E,raw=00"
2026-07-12T18:32:20.423080+00:00,1,,0,211,0,12000,500,6000,hd,0,8F,8F,"p3,seq=00211,d_pct=00000,v_mv=12000,i_ma=00500,p_mw=06000,mppt=hd,f=0,chk=8F,raw=00"
2026-07-12T18:32:21.430152+00:00,1,,0,212,0,12000,500,6000,hd,0,88,88,"p3,seq=00212,d_pct=00000,v_mv=12000,i_ma=00500,p_mw=06000,mppt=hd,f=0,chk=88,raw=00"
2026-07-12T18:32:22.437599+00:00,1,,0,213,0,12000,500,6000,hd,0,89,89,"p3,seq=00213,d_pct=00000,v_mv=12000,i_ma=00500,p_mw=06000,mppt=hd,f=0,chk=89,raw=00"
2026-07-12T18:32:23.443772+00:00,1,,0,214,0,12000,500,6000,hd,0,8A,8A,"p3,seq=00214,d_pct=00000,v_mv=12000,i_ma=00500,p_mw=06000,mppt=hd,f=0,chk=8A,raw=00"
2026-07-12T18:32:24.456778+00:00,1,,0,215,0,12000,500,6000,hd,0,8B,8B,"p3,seq=00215,d_pct=00000,v_mv=12000,i_ma=00500,p_mw=06000,mppt=hd,f=0,chk=8B,raw=00"
2026-07-12T18:32:25.462325+00:00,1,,0,216,0,12000,500,6000,hd,0,84,84,"p3,seq=00216,d_pct=00000,v_mv=12000,i_ma=00500,p_mw=06000,mppt=hd,f=0,chk=84,raw=00"
2026-07-12T18:32:26.468256+00:00,1,,0,217,0,12000,500,6000,hd,0,85,85,"p3,seq=00217,d_pct=00000,v_mv=12000,i_ma=00500,p_mw=06000,mppt=hd,f=0,chk=85,raw=00"
2026-07-12T18:32:27.475751+00:00,1,,0,218,0,12000,500,6000,hd,0,86,86,"p3,seq=00218,d_pct=00000,v_mv=12000,i_ma=00500,p_mw=06000,mppt=hd,f=0,chk=86,raw=00"
2026-07-12T18:32:28.483276+00:00,1,,0,219,0,12000,500,6000,hd,0,87,87,"p3,seq=00219,d_pct=00000,v_mv=12000,i_ma=00500,p_mw=06000,mppt=hd,f=0,chk=87,raw=00"
2026-07-12T18:32:29.489895+00:00,1,,0,220,0,12000,500,6000,hd,0,80,80,"p3,seq=00220,d_pct=00000,v_mv=12000,i_ma=00500,p_mw=06000,mppt=hd,f=0,chk=80,raw=00"
2026-07-12T18:32:30.496426+00:00,1,,0,221,0,12000,500,6000,hd,0,81,81,"p3,seq=00221,d_pct=00000,v_mv=12000,i_ma=00500,p_mw=06000,mppt=hd,f=0,chk=81,raw=00"
2026-07-12T18:32:31.503621+00:00,1,,0,222,0,12000,500,6000,hd,0,82,82,"p3,seq=00222,d_pct=00000,v_mv=12000,i_ma=00500,p_mw=06000,mppt=hd,f=0,chk=82,raw=00"
2026-07-12T18:32:32.511642+00:00,1,,0,223,0,12000,500,6000,hd,0,83,83,"p3,seq=00223,d_pct=00000,v_mv=12000,i_ma=00500,p_mw=06000,mppt=hd,f=0,chk=83,raw=00"
2026-07-12T18:32:33.523131+00:00,1,,0,224,0,12000,500,6000,hd,0,BC,BC,"p3,seq=00224,d_pct=00000,v_mv=12000,i_ma=00500,p_mw=06000,mppt=hd,f=0,chk=BC,raw=00"
2026-07-12T18:32:34.528785+00:00,1,,0,225,0,12000,500,6000,hd,0,BD,BD,"p3,seq=00225,d_pct=00000,v_mv=12000,i_ma=00500,p_mw=06000,mppt=hd,f=0,chk=BD,raw=00"
2026-07-12T18:32:35.535357+00:00,1,,0,226,0,12000,500,6000,hd,0,BE,BE,"p3,seq=00226,d_pct=00000,v_mv=12000,i_ma=00500,p_mw=06000,mppt=hd,f=0,chk=BE,raw=00"
2026-07-12T18:32:36.542077+00:00,1,,0,227,0,12000,500,6000,hd,0,BF,BF,"p3,seq=00227,d_pct=00000,v_mv=12000,i_ma=00500,p_mw=06000,mppt=hd,f=0,chk=BF,raw=00"
2026-07-12T18:32:37.547992+00:00,1,,0,228,25,13280,884,11739,up,0,EE,EE,"p3,seq=00228,d_pct=00025,v_mv=13280,i_ma=00884,p_mw=11739,mppt=up,f=0,chk=EE,raw=40"
2026-07-12T18:32:38.556438+00:00,1,,0,229,25,13280,884,11739,hd,0,EE,EE,"p3,seq=00229,d_pct=00025,v_mv=13280,i_ma=00884,p_mw=11739,mppt=hd,f=0,chk=EE,raw=40"
2026-07-12T18:32:39.562991+00:00,1,,0,230,25,13280,884,11739,hd,0,ED,ED,"p3,seq=00230,d_pct=00025,v_mv=13280,i_ma=00884,p_mw=11739,mppt=hd,f=0,chk=ED,raw=40"
2026-07-12T18:32:40.570439+00:00,1,,0,231,75,15840,1652,26167,up,0,93,93,"p3,seq=00231,d_pct=00075,v_mv=15840,i_ma=01652,p_mw=26167,mppt=up,f=0,chk=93,raw=C0"
2026-07-12T18:32:41.577829+00:00,1,,0,232,75,15840,1652,26167,hd,0,9D,9D,"p3,seq=00232,d_pct=00075,v_mv=15840,i_ma=01652,p_mw=26167,mppt=hd,f=0,chk=9D,raw=C0"
2026-07-12T18:32:42.588211+00:00,1,,0,233,87,16480,1844,30389,up,0,8F,8F,"p3,seq=00233,d_pct=00087,v_mv=16480,i_ma=01844,p_mw=30389,mppt=up,f=0,chk=8F,raw=E0"
2026-07-12T18:32:43.596224+00:00,1,,0,234,0,12000,500,6000,dn,0,B4,B4,"p3,seq=00234,d_pct=00000,v_mv=12000,i_ma=00500,p_mw=06000,mppt=dn,f=0,chk=B4,raw=00"
2026-07-12T18:32:44.600992+00:00,1,,0,235,0,12000,500,6000,hd,0,B7,B7,"p3,seq=00235,d_pct=00000,v_mv=12000,i_ma=00500,p_mw=06000,mppt=hd,f=0,chk=B7,raw=00"
2026-07-12T18:32:45.608709+00:00,1,,0,236,0,12000,500,6000,hd,0,B0,B0,"p3,seq=00236,d_pct=00000,v_mv=12000,i_ma=00500,p_mw=06000,mppt=hd,f=0,chk=B0,raw=00"
2026-07-12T18:32:46.615424+00:00,1,,0,237,0,12000,500,6000,hd,0,B1,B1,"p3,seq=00237,d_pct=00000,v_mv=12000,i_ma=00500,p_mw=06000,mppt=hd,f=0,chk=B1,raw=00"
2026-07-12T18:32:47.622419+00:00,1,,0,238,0,12000,500,6000,hd,0,B2,B2,"p3,seq=00238,d_pct=00000,v_mv=12000,i_ma=00500,p_mw=06000,mppt=hd,f=0,chk=B2,raw=00"
2026-07-12T18:32:48.629454+00:00,1,,0,239,0,12000,500,6000,hd,0,B3,B3,"p3,seq=00239,d_pct=00000,v_mv=12000,i_ma=00500,p_mw=06000,mppt=hd,f=0,chk=B3,raw=00"
2026-07-12T18:32:49.636699+00:00,1,,0,240,0,12000,500,6000,hd,0,AC,AC,"p3,seq=00240,d_pct=00000,v_mv=12000,i_ma=00500,p_mw=06000,mppt=hd,f=0,chk=AC,raw=00"
2026-07-12T18:32:50.648285+00:00,1,,0,241,0,12000,500,6000,hd,0,AD,AD,"p3,seq=00241,d_pct=00000,v_mv=12000,i_ma=00500,p_mw=06000,mppt=hd,f=0,chk=AD,raw=00"
2026-07-12T18:32:51.653412+00:00,1,,0,242,0,12000,500,6000,hd,0,AE,AE,"p3,seq=00242,d_pct=00000,v_mv=12000,i_ma=00500,p_mw=06000,mppt=hd,f=0,chk=AE,raw=00"
2026-07-12T18:32:52.659877+00:00,1,,0,243,0,12000,500,6000,hd,0,AF,AF,"p3,seq=00243,d_pct=00000,v_mv=12000,i_ma=00500,p_mw=06000,mppt=hd,f=0,chk=AF,raw=00"
2026-07-12T18:32:53.666906+00:00,1,,0,244,0,12000,500,6000,hd,0,A8,A8,"p3,seq=00244,d_pct=00000,v_mv=12000,i_ma=00500,p_mw=06000,mppt=hd,f=0,chk=A8,raw=00"
2026-07-12T18:32:54.674381+00:00,1,,0,245,0,12000,500,6000,hd,0,A9,A9,"p3,seq=00245,d_pct=00000,v_mv=12000,i_ma=00500,p_mw=06000,mppt=hd,f=0,chk=A9,raw=00"
2026-07-12T18:32:55.679450+00:00,1,,0,246,0,12000,500,6000,hd,0,AA,AA,"p3,seq=00246,d_pct=00000,v_mv=12000,i_ma=00500,p_mw=06000,mppt=hd,f=0,chk=AA,raw=00"
2026-07-12T18:32:56.692810+00:00,1,,0,247,0,12000,500,6000,hd,0,AB,AB,"p3,seq=00247,d_pct=00000,v_mv=12000,i_ma=00500,p_mw=06000,mppt=hd,f=0,chk=AB,raw=00"
2026-07-12T18:32:57.697471+00:00,1,,0,248,0,12000,500,6000,hd,0,A4,A4,"p3,seq=00248,d_pct=00000,v_mv=12000,i_ma=00500,p_mw=06000,mppt=hd,f=0,chk=A4,raw=00"
2026-07-12T18:32:58.704748+00:00,1,,0,249,0,12000,500,6000,hd,0,A5,A5,"p3,seq=00249,d_pct=00000,v_mv=12000,i_ma=00500,p_mw=06000,mppt=hd,f=0,chk=A5,raw=00"
2026-07-12T18:32:59.711160+00:00,1,,0,250,0,12000,500,6000,hd,0,A6,A6,"p3,seq=00250,d_pct=00000,v_mv=12000,i_ma=00500,p_mw=06000,mppt=hd,f=0,chk=A6,raw=00"
2026-07-12T18:33:00.718524+00:00,1,,0,251,0,12000,500,6000,hd,0,A7,A7,"p3,seq=00251,d_pct=00000,v_mv=12000,i_ma=00500,p_mw=06000,mppt=hd,f=0,chk=A7,raw=00"
2026-07-12T18:33:01.725178+00:00,1,,0,252,0,12000,500,6000,hd,0,A0,A0,"p3,seq=00252,d_pct=00000,v_mv=12000,i_ma=00500,p_mw=06000,mppt=hd,f=0,chk=A0,raw=00"
2026-07-12T18:33:02.732753+00:00,1,,0,253,0,12000,500,6000,hd,0,A1,A1,"p3,seq=00253,d_pct=00000,v_mv=12000,i_ma=00500,p_mw=06000,mppt=hd,f=0,chk=A1,raw=00"
2026-07-12T18:33:03.744176+00:00,1,,0,254,0,12000,500,6000,hd,0,A2,A2,"p3,seq=00254,d_pct=00000,v_mv=12000,i_ma=00500,p_mw=06000,mppt=hd,f=0,chk=A2,raw=00"
2026-07-12T18:33:04.750545+00:00,1,,0,255,0,12000,500,6000,hd,0,A3,A3,"p3,seq=00255,d_pct=00000,v_mv=12000,i_ma=00500,p_mw=06000,mppt=hd,f=0,chk=A3,raw=00"
2026-07-12T18:33:05.757185+00:00,1,,0,256,0,12000,500,6000,hd,0,5D,5D,"p3,seq=00256,d_pct=00000,v_mv=12000,i_ma=00500,p_mw=06000,mppt=hd,f=0,chk=5D,raw=00"
2026-07-12T18:33:06.763249+00:00,1,,0,257,0,12000,500,6000,hd,0,5C,5C,"p3,seq=00257,d_pct=00000,v_mv=12000,i_ma=00500,p_mw=06000,mppt=hd,f=0,chk=5C,raw=00"
2026-07-12T18:33:07.771145+00:00,1,,0,258,0,12000,500,6000,hd,0,5F,5F,"p3,seq=00258,d_pct=00000,v_mv=12000,i_ma=00500,p_mw=06000,mppt=hd,f=0,chk=5F,raw=00"
2026-07-12T18:33:08.778125+00:00,1,,0,259,0,12000,500,6000,hd,0,5E,5E,"p3,seq=00259,d_pct=00000,v_mv=12000,i_ma=00500,p_mw=06000,mppt=hd,f=0,chk=5E,raw=00"
2026-07-12T18:33:09.783106+00:00,1,,0,260,0,12000,500,6000,hd,0,59,59,"p3,seq=00260,d_pct=00000,v_mv=12000,i_ma=00500,p_mw=06000,mppt=hd,f=0,chk=59,raw=00"
2026-07-12T18:33:10.798136+00:00,1,,0,261,0,12000,500,6000,hd,0,58,58,"p3,seq=00261,d_pct=00000,v_mv=12000,i_ma=00500,p_mw=06000,mppt=hd,f=0,chk=58,raw=00"
2026-07-12T18:33:11.801831+00:00,1,,0,262,0,12040,512,6164,up,0,2D,2D,"p3,seq=00262,d_pct=00000,v_mv=12040,i_ma=00512,p_mw=06164,mppt=up,f=0,chk=2D,raw=02"
2026-07-12T18:33:12.808764+00:00,1,,0,263,7,12360,608,7514,up,0,4F,4F,"p3,seq=00263,d_pct=00007,v_mv=12360,i_ma=00608,p_mw=07514,mppt=up,f=0,chk=4F,raw=12"
2026-07-12T18:33:13.815417+00:00,1,,0,264,7,12360,608,7514,hd,0,41,41,"p3,seq=00264,d_pct=00007,v_mv=12360,i_ma=00608,p_mw=07514,mppt=hd,f=0,chk=41,raw=12"
2026-07-12T18:33:14.822619+00:00,1,,0,265,7,12360,608,7514,hd,0,40,40,"p3,seq=00265,d_pct=00007,v_mv=12360,i_ma=00608,p_mw=07514,mppt=hd,f=0,chk=40,raw=12"
2026-07-12T18:33:15.831005+00:00,1,,0,266,7,12360,608,7514,hd,0,43,43,"p3,seq=00266,d_pct=00007,v_mv=12360,i_ma=00608,p_mw=07514,mppt=hd,f=0,chk=43,raw=12"
2026-07-12T18:33:16.836268+00:00,1,,0,267,7,12360,608,7514,hd,0,42,42,"p3,seq=00267,d_pct=00007,v_mv=12360,i_ma=00608,p_mw=07514,mppt=hd,f=0,chk=42,raw=12"
2026-07-12T18:33:17.843071+00:00,1,,0,268,6,12320,596,7342,dn,0,ED,ED,"p3,seq=00268,d_pct=00006,v_mv=12320,i_ma=00596,p_mw=07342,mppt=dn,f=0,chk=ED,raw=10"
2026-07-12T18:33:18.854983+00:00,1,,0,269,0,12000,500,6000,dn,0,52,52,"p3,seq=00269,d_pct=00000,v_mv=12000,i_ma=00500,p_mw=06000,mppt=dn,f=0,chk=52,raw=00"
2026-07-12T18:33:19.860719+00:00,1,,0,270,0,12000,500,6000,hd,0,53,53,"p3,seq=00270,d_pct=00000,v_mv=12000,i_ma=00500,p_mw=06000,mppt=hd,f=0,chk=53,raw=00"
2026-07-12T18:33:20.868412+00:00,1,,0,271,0,12000,500,6000,hd,0,52,52,"p3,seq=00271,d_pct=00000,v_mv=12000,i_ma=00500,p_mw=06000,mppt=hd,f=0,chk=52,raw=00"
2026-07-12T18:33:21.873702+00:00,1,,0,272,0,12000,500,6000,hd,0,4D,4D,"p3,seq=00272,d_pct=00000,v_mv=12000,i_ma=00500,p_mw=06000,mppt=hd,f=0,chk=4D,raw=00"
2026-07-12T18:33:22.880814+00:00,1,,0,273,0,12000,500,6000,hd,0,4C,4C,"p3,seq=00273,d_pct=00000,v_mv=12000,i_ma=00500,p_mw=06000,mppt=hd,f=0,chk=4C,raw=00"
2026-07-12T18:33:23.888106+00:00,1,,0,274,0,12000,500,6000,hd,0,4F,4F,"p3,seq=00274,d_pct=00000,v_mv=12000,i_ma=00500,p_mw=06000,mppt=hd,f=0,chk=4F,raw=00"
2026-07-12T18:33:24.895866+00:00,1,,0,275,0,12000,500,6000,hd,0,4E,4E,"p3,seq=00275,d_pct=00000,v_mv=12000,i_ma=00500,p_mw=06000,mppt=hd,f=0,chk=4E,raw=00"
2026-07-12T18:33:25.906290+00:00,1,,0,276,0,12000,500,6000,hd,0,49,49,"p3,seq=00276,d_pct=00000,v_mv=12000,i_ma=00500,p_mw=06000,mppt=hd,f=0,chk=49,raw=00"
2026-07-12T18:33:26.914946+00:00,1,,0,277,0,12000,500,6000,hd,0,48,48,"p3,seq=00277,d_pct=00000,v_mv=12000,i_ma=00500,p_mw=06000,mppt=hd,f=0,chk=48,raw=00"
2026-07-12T18:33:27.920317+00:00,1,,0,278,0,12000,500,6000,hd,0,4B,4B,"p3,seq=00278,d_pct=00000,v_mv=12000,i_ma=00500,p_mw=06000,mppt=hd,f=0,chk=4B,raw=00"
2026-07-12T18:33:28.926946+00:00,1,,0,279,50,14560,1268,18462,up,0,DB,DB,"p3,seq=00279,d_pct=00050,v_mv=14560,i_ma=01268,p_mw=18462,mppt=up,f=0,chk=DB,raw=80"
2026-07-12T18:33:29.933930+00:00,1,,0,280,50,14560,1268,18462,hd,0,D5,D5,"p3,seq=00280,d_pct=00050,v_mv=14560,i_ma=01268,p_mw=18462,mppt=hd,f=0,chk=D5,raw=80"
2026-07-12T18:33:30.939716+00:00,1,,0,281,75,15840,1652,26167,up,0,6C,6C,"p3,seq=00281,d_pct=00075,v_mv=15840,i_ma=01652,p_mw=26167,mppt=up,f=0,chk=6C,raw=C0"
2026-07-12T18:33:31.947291+00:00,1,,0,282,25,13280,884,11739,dn,0,12,12,"p3,seq=00282,d_pct=00025,v_mv=13280,i_ma=00884,p_mw=11739,mppt=dn,f=0,chk=12,raw=40"
2026-07-12T18:33:32.953660+00:00,1,,0,283,25,13280,884,11739,hd,0,11,11,"p3,seq=00283,d_pct=00025,v_mv=13280,i_ma=00884,p_mw=11739,mppt=hd,f=0,chk=11,raw=40"
2026-07-12T18:33:33.961468+00:00,1,,0,284,0,12000,500,6000,dn,0,43,43,"p3,seq=00284,d_pct=00000,v_mv=12000,i_ma=00500,p_mw=06000,mppt=dn,f=0,chk=43,raw=00"
2026-07-12T18:33:34.974385+00:00,1,,0,285,0,12000,500,6000,hd,0,40,40,"p3,seq=00285,d_pct=00000,v_mv=12000,i_ma=00500,p_mw=06000,mppt=hd,f=0,chk=40,raw=00"
2026-07-12T18:33:35.981173+00:00,1,,0,286,0,12000,500,6000,hd,0,43,43,"p3,seq=00286,d_pct=00000,v_mv=12000,i_ma=00500,p_mw=06000,mppt=hd,f=0,chk=43,raw=00"
2026-07-12T18:33:36.987434+00:00,1,,0,287,0,12000,500,6000,hd,0,42,42,"p3,seq=00287,d_pct=00000,v_mv=12000,i_ma=00500,p_mw=06000,mppt=hd,f=0,chk=42,raw=00"
2026-07-12T18:33:37.993365+00:00,1,,0,288,0,12000,500,6000,hd,0,7D,7D,"p3,seq=00288,d_pct=00000,v_mv=12000,i_ma=00500,p_mw=06000,mppt=hd,f=0,chk=7D,raw=00"
2026-07-12T18:33:38.999925+00:00,1,,0,289,0,12000,500,6000,hd,0,7C,7C,"p3,seq=00289,d_pct=00000,v_mv=12000,i_ma=00500,p_mw=06000,mppt=hd,f=0,chk=7C,raw=00"
2026-07-12T18:33:40.007252+00:00,1,,0,290,0,12000,500,6000,hd,0,7F,7F,"p3,seq=00290,d_pct=00000,v_mv=12000,i_ma=00500,p_mw=06000,mppt=hd,f=0,chk=7F,raw=00"
2026-07-12T18:33:41.014769+00:00,1,,0,291,0,12040,512,6164,up,0,08,08,"p3,seq=00291,d_pct=00000,v_mv=12040,i_ma=00512,p_mw=06164,mppt=up,f=0,chk=08,raw=02"
2026-07-12T18:33:42.020410+00:00,1,,0,292,0,12040,512,6164,hd,0,0E,0E,"p3,seq=00292,d_pct=00000,v_mv=12040,i_ma=00512,p_mw=06164,mppt=hd,f=0,chk=0E,raw=02"
2026-07-12T18:33:43.033992+00:00,1,,0,293,0,12040,512,6164,hd,0,0F,0F,"p3,seq=00293,d_pct=00000,v_mv=12040,i_ma=00512,p_mw=06164,mppt=hd,f=0,chk=0F,raw=02"
2026-07-12T18:33:44.038961+00:00,1,,0,294,0,12040,512,6164,hd,0,0C,0C,"p3,seq=00294,d_pct=00000,v_mv=12040,i_ma=00512,p_mw=06164,mppt=hd,f=0,chk=0C,raw=02"
2026-07-12T18:33:45.044437+00:00,1,,0,295,0,12040,512,6164,hd,0,0D,0D,"p3,seq=00295,d_pct=00000,v_mv=12040,i_ma=00512,p_mw=06164,mppt=hd,f=0,chk=0D,raw=02"
2026-07-12T18:33:46.051564+00:00,1,,0,296,1,12080,524,6329,up,0,9D,9D,"p3,seq=00296,d_pct=00001,v_mv=12080,i_ma=00524,p_mw=06329,mppt=up,f=0,chk=9D,raw=04"
2026-07-12T18:33:47.059752+00:00,1,,0,297,1,12080,524,6329,hd,0,9D,9D,"p3,seq=00297,d_pct=00001,v_mv=12080,i_ma=00524,p_mw=06329,mppt=hd,f=0,chk=9D,raw=04"
2026-07-12T18:33:48.065686+00:00,1,,0,298,1,12080,524,6329,hd,0,9E,9E,"p3,seq=00298,d_pct=00001,v_mv=12080,i_ma=00524,p_mw=06329,mppt=hd,f=0,chk=9E,raw=04"
2026-07-12T18:33:49.073536+00:00,1,,0,299,4,12240,572,7001,up,0,A0,A0,"p3,seq=00299,d_pct=00004,v_mv=12240,i_ma=00572,p_mw=07001,mppt=up,f=0,chk=A0,raw=0C"
2026-07-12T18:33:50.088017+00:00,1,,0,300,4,12240,572,7001,hd,0,A6,A6,"p3,seq=00300,d_pct=00004,v_mv=12240,i_ma=00572,p_mw=07001,mppt=hd,f=0,chk=A6,raw=0C"
2026-07-12T18:33:51.089676+00:00,1,,0,301,10,12560,668,8390,up,0,62,62,"p3,seq=00301,d_pct=00010,v_mv=12560,i_ma=00668,p_mw=08390,mppt=up,f=0,chk=62,raw=1C"
2026-07-12T18:33:52.097851+00:00,1,,0,302,23,13200,860,11352,up,0,8D,8D,"p3,seq=00302,d_pct=00023,v_mv=13200,i_ma=00860,p_mw=11352,mppt=up,f=0,chk=8D,raw=3C"
2026-07-12T18:33:53.103617+00:00,1,,0,303,48,14480,1244,18013,up,0,08,08,"p3,seq=00303,d_pct=00048,v_mv=14480,i_ma=01244,p_mw=18013,mppt=up,f=0,chk=08,raw=7C"
2026-07-12T18:33:54.113198+00:00,1,,0,304,48,14480,1244,18013,hd,0,16,16,"p3,seq=00304,d_pct=00048,v_mv=14480,i_ma=01244,p_mw=18013,mppt=hd,f=0,chk=16,raw=7C"
2026-07-12T18:33:55.120217+00:00,1,,0,305,48,14480,1244,18013,hd,0,17,17,"p3,seq=00305,d_pct=00048,v_mv=14480,i_ma=01244,p_mw=18013,mppt=hd,f=0,chk=17,raw=7C"
2026-07-12T18:33:56.124466+00:00,1,,0,306,47,14400,1220,17568,dn,0,3A,3A,"p3,seq=00306,d_pct=00047,v_mv=14400,i_ma=01220,p_mw=17568,mppt=dn,f=0,chk=3A,raw=78"
2026-07-12T18:33:57.136623+00:00,1,,0,307,43,14240,1172,16689,dn,0,1C,1C,"p3,seq=00307,d_pct=00043,v_mv=14240,i_ma=01172,p_mw=16689,mppt=dn,f=0,chk=1C,raw=70"
2026-07-12T18:33:58.142018+00:00,1,,0,308,43,14240,1172,16689,hd,0,19,19,"p3,seq=00308,d_pct=00043,v_mv=14240,i_ma=01172,p_mw=16689,mppt=hd,f=0,chk=19,raw=70"
2026-07-12T18:33:59.149172+00:00,1,,0,309,37,13920,1076,14977,dn,0,AE,AE,"p3,seq=00309,d_pct=00037,v_mv=13920,i_ma=01076,p_mw=14977,mppt=dn,f=0,chk=AE,raw=60"
2026-07-12T18:34:00.156637+00:00,1,,0,310,25,13280,884,11739,dn,0,3E,3E,"p3,seq=00310,d_pct=00025,v_mv=13280,i_ma=00884,p_mw=11739,mppt=dn,f=0,chk=3E,raw=40"
2026-07-12T18:34:01.164270+00:00,1,,0,311,25,13280,884,11739,hd,0,3D,3D,"p3,seq=00311,d_pct=00025,v_mv=13280,i_ma=00884,p_mw=11739,mppt=hd,f=0,chk=3D,raw=40"
2026-07-12T18:34:02.169512+00:00,1,,0,312,25,13280,884,11739,hd,0,32,32,"p3,seq=00312,d_pct=00025,v_mv=13280,i_ma=00884,p_mw=11739,mppt=hd,f=0,chk=32,raw=40"
2026-07-12T18:34:03.177086+00:00,1,,0,313,25,13280,884,11739,hd,0,33,33,"p3,seq=00313,d_pct=00025,v_mv=13280,i_ma=00884,p_mw=11739,mppt=hd,f=0,chk=33,raw=40"
2026-07-12T18:34:04.184412+00:00,1,,0,314,25,13280,884,11739,hd,0,30,30,"p3,seq=00314,d_pct=00025,v_mv=13280,i_ma=00884,p_mw=11739,mppt=hd,f=0,chk=30,raw=40"
2026-07-12T18:34:05.191069+00:00,1,,0,315,25,13280,884,11739,hd,0,31,31,"p3,seq=00315,d_pct=00025,v_mv=13280,i_ma=00884,p_mw=11739,mppt=hd,f=0,chk=31,raw=40"
2026-07-12T18:34:06.202947+00:00,1,,0,316,25,13280,884,11739,hd,0,36,36,"p3,seq=00316,d_pct=00025,v_mv=13280,i_ma=00884,p_mw=11739,mppt=hd,f=0,chk=36,raw=40"
2026-07-12T18:34:07.208732+00:00,1,,0,317,25,13280,884,11739,hd,0,37,37,"p3,seq=00317,d_pct=00025,v_mv=13280,i_ma=00884,p_mw=11739,mppt=hd,f=0,chk=37,raw=40"
2026-07-12T18:34:08.215409+00:00,1,,0,318,25,13280,884,11739,hd,0,34,34,"p3,seq=00318,d_pct=00025,v_mv=13280,i_ma=00884,p_mw=11739,mppt=hd,f=0,chk=34,raw=40"
2026-07-12T18:34:09.222288+00:00,1,,0,319,25,13280,884,11739,hd,0,35,35,"p3,seq=00319,d_pct=00025,v_mv=13280,i_ma=00884,p_mw=11739,mppt=hd,f=0,chk=35,raw=40"
2026-07-12T18:34:10.229395+00:00,1,,0,320,25,13280,884,11739,hd,0,4A,4A,"p3,seq=00320,d_pct=00025,v_mv=13280,i_ma=00884,p_mw=11739,mppt=hd,f=0,chk=4A,raw=40"
2026-07-12T18:34:11.237079+00:00,1,,0,321,25,13280,884,11739,hd,0,4B,4B,"p3,seq=00321,d_pct=00025,v_mv=13280,i_ma=00884,p_mw=11739,mppt=hd,f=0,chk=4B,raw=40"
2026-07-12T18:34:12.243707+00:00,1,,0,322,25,13280,884,11739,hd,0,48,48,"p3,seq=00322,d_pct=00025,v_mv=13280,i_ma=00884,p_mw=11739,mppt=hd,f=0,chk=48,raw=40"
2026-07-12T18:34:13.249541+00:00,1,,0,323,26,13360,908,12130,up,0,DB,DB,"p3,seq=00323,d_pct=00026,v_mv=13360,i_ma=00908,p_mw=12130,mppt=up,f=0,chk=DB,raw=44"
2026-07-12T18:34:14.263917+00:00,1,,0,324,26,13360,908,12130,hd,0,DD,DD,"p3,seq=00324,d_pct=00026,v_mv=13360,i_ma=00908,p_mw=12130,mppt=hd,f=0,chk=DD,raw=44"
2026-07-12T18:34:15.269715+00:00,1,,0,325,26,13360,908,12130,hd,0,DC,DC,"p3,seq=00325,d_pct=00026,v_mv=13360,i_ma=00908,p_mw=12130,mppt=hd,f=0,chk=DC,raw=44"
2026-07-12T18:34:16.274792+00:00,1,,0,326,26,13360,908,12130,hd,0,DF,DF,"p3,seq=00326,d_pct=00026,v_mv=13360,i_ma=00908,p_mw=12130,mppt=hd,f=0,chk=DF,raw=44"
2026-07-12T18:34:17.283131+00:00,1,,0,327,26,13360,908,12130,hd,0,DE,DE,"p3,seq=00327,d_pct=00026,v_mv=13360,i_ma=00908,p_mw=12130,mppt=hd,f=0,chk=DE,raw=44"
2026-07-12T18:34:18.287938+00:00,1,,0,328,26,13360,908,12130,hd,0,D1,D1,"p3,seq=00328,d_pct=00026,v_mv=13360,i_ma=00908,p_mw=12130,mppt=hd,f=0,chk=D1,raw=44"
2026-07-12T18:34:19.295350+00:00,1,,0,329,29,13520,956,12925,up,0,0C,0C,"p3,seq=00329,d_pct=00029,v_mv=13520,i_ma=00956,p_mw=12925,mppt=up,f=0,chk=0C,raw=4C"
2026-07-12T18:34:20.302868+00:00,1,,0,330,29,13520,956,12925,hd,0,0E,0E,"p3,seq=00330,d_pct=00029,v_mv=13520,i_ma=00956,p_mw=12925,mppt=hd,f=0,chk=0E,raw=4C"
2026-07-12T18:34:21.309398+00:00,1,,0,331,29,13520,956,12925,hd,0,0F,0F,"p3,seq=00331,d_pct=00029,v_mv=13520,i_ma=00956,p_mw=12925,mppt=hd,f=0,chk=0F,raw=4C"
2026-07-12T18:34:22.321298+00:00,1,,0,332,29,13520,956,12925,hd,0,08,08,"p3,seq=00332,d_pct=00029,v_mv=13520,i_ma=00956,p_mw=12925,mppt=hd,f=0,chk=08,raw=4C"
2026-07-12T18:34:23.329853+00:00,1,,0,333,29,13520,956,12925,hd,0,09,09,"p3,seq=00333,d_pct=00029,v_mv=13520,i_ma=00956,p_mw=12925,mppt=hd,f=0,chk=09,raw=4C"
2026-07-12T18:34:24.332932+00:00,1,,0,334,29,13520,956,12925,hd,0,0A,0A,"p3,seq=00334,d_pct=00029,v_mv=13520,i_ma=00956,p_mw=12925,mppt=hd,f=0,chk=0A,raw=4C"
2026-07-12T18:34:25.341347+00:00,1,,0,335,29,13520,956,12925,hd,0,0B,0B,"p3,seq=00335,d_pct=00029,v_mv=13520,i_ma=00956,p_mw=12925,mppt=hd,f=0,chk=0B,raw=4C"
2026-07-12T18:34:26.348393+00:00,1,,0,336,29,13520,956,12925,hd,0,14,14,"p3,seq=00336,d_pct=00029,v_mv=13520,i_ma=00956,p_mw=12925,mppt=hd,f=0,chk=14,raw=4C"
2026-07-12T18:34:27.353554+00:00,1,,0,337,36,13840,1052,14559,up,0,F0,F0,"p3,seq=00337,d_pct=00036,v_mv=13840,i_ma=01052,p_mw=14559,mppt=up,f=0,chk=F0,raw=5C"
2026-07-12T18:34:28.361327+00:00,1,,0,338,36,13840,1052,14559,hd,0,F2,F2,"p3,seq=00338,d_pct=00036,v_mv=13840,i_ma=01052,p_mw=14559,mppt=hd,f=0,chk=F2,raw=5C"
2026-07-12T18:34:29.373172+00:00,1,,0,339,36,13840,1052,14559,hd,0,F3,F3,"p3,seq=00339,d_pct=00036,v_mv=13840,i_ma=01052,p_mw=14559,mppt=hd,f=0,chk=F3,raw=5C"
2026-07-12T18:34:30.377673+00:00,1,,0,340,48,14480,1244,18013,up,0,73,73,"p3,seq=00340,d_pct=00048,v_mv=14480,i_ma=01244,p_mw=18013,mppt=up,f=0,chk=73,raw=7C"
2026-07-12T18:34:31.386020+00:00,1,,0,341,48,14480,1244,18013,hd,0,73,73,"p3,seq=00341,d_pct=00048,v_mv=14480,i_ma=01244,p_mw=18013,mppt=hd,f=0,chk=73,raw=7C"
2026-07-12T18:34:32.391470+00:00,1,,0,342,23,13200,860,11352,dn,0,F6,F6,"p3,seq=00342,d_pct=00023,v_mv=13200,i_ma=00860,p_mw=11352,mppt=dn,f=0,chk=F6,raw=3C"
2026-07-12T18:34:33.398419+00:00,1,,0,343,4,12240,572,7001,dn,0,DF,DF,"p3,seq=00343,d_pct=00004,v_mv=12240,i_ma=00572,p_mw=07001,mppt=dn,f=0,chk=DF,raw=0C"
2026-07-12T18:34:34.405817+00:00,1,,0,344,1,12080,524,6329,dn,0,EE,EE,"p3,seq=00344,d_pct=00001,v_mv=12080,i_ma=00524,p_mw=06329,mppt=dn,f=0,chk=EE,raw=04"
2026-07-12T18:34:35.412269+00:00,1,,0,345,0,12000,500,6000,dn,0,06,06,"p3,seq=00345,d_pct=00000,v_mv=12000,i_ma=00500,p_mw=06000,mppt=dn,f=0,chk=06,raw=00"
2026-07-12T18:34:36.424584+00:00,1,,0,346,0,12000,500,6000,hd,0,07,07,"p3,seq=00346,d_pct=00000,v_mv=12000,i_ma=00500,p_mw=06000,mppt=hd,f=0,chk=07,raw=00"
2026-07-12T18:34:37.431663+00:00,1,,0,347,0,12000,500,6000,hd,0,06,06,"p3,seq=00347,d_pct=00000,v_mv=12000,i_ma=00500,p_mw=06000,mppt=hd,f=0,chk=06,raw=00"
2026-07-12T18:34:38.436251+00:00,1,,0,348,0,12000,500,6000,hd,0,01,01,"p3,seq=00348,d_pct=00000,v_mv=12000,i_ma=00500,p_mw=06000,mppt=hd,f=0,chk=01,raw=00"
2026-07-12T18:34:39.443839+00:00,1,,0,349,0,12000,500,6000,hd,0,00,00,"p3,seq=00349,d_pct=00000,v_mv=12000,i_ma=00500,p_mw=06000,mppt=hd,f=0,chk=00,raw=00"
2026-07-12T18:34:40.451543+00:00,1,,0,350,0,12000,500,6000,hd,0,03,03,"p3,seq=00350,d_pct=00000,v_mv=12000,i_ma=00500,p_mw=06000,mppt=hd,f=0,chk=03,raw=00"
2026-07-12T18:34:41.458662+00:00,1,,0,351,0,12000,500,6000,hd,0,02,02,"p3,seq=00351,d_pct=00000,v_mv=12000,i_ma=00500,p_mw=06000,mppt=hd,f=0,chk=02,raw=00"
2026-07-12T18:34:42.465995+00:00,1,,0,352,0,12000,500,6000,hd,0,3D,3D,"p3,seq=00352,d_pct=00000,v_mv=12000,i_ma=00500,p_mw=06000,mppt=hd,f=0,chk=3D,raw=00"
2026-07-12T18:34:43.472843+00:00,1,,0,353,0,12000,500,6000,hd,0,3C,3C,"p3,seq=00353,d_pct=00000,v_mv=12000,i_ma=00500,p_mw=06000,mppt=hd,f=0,chk=3C,raw=00"
2026-07-12T18:34:44.484323+00:00,1,,0,354,0,12000,500,6000,hd,0,3F,3F,"p3,seq=00354,d_pct=00000,v_mv=12000,i_ma=00500,p_mw=06000,mppt=hd,f=0,chk=3F,raw=00"
2026-07-12T18:34:45.488649+00:00,1,,0,355,0,12000,500,6000,hd,0,3E,3E,"p3,seq=00355,d_pct=00000,v_mv=12000,i_ma=00500,p_mw=06000,mppt=hd,f=0,chk=3E,raw=00"
2026-07-12T18:34:46.495297+00:00,1,,0,356,0,12000,500,6000,hd,0,39,39,"p3,seq=00356,d_pct=00000,v_mv=12000,i_ma=00500,p_mw=06000,mppt=hd,f=0,chk=39,raw=00"
2026-07-12T18:34:47.506062+00:00,1,,0,357,0,12000,500,6000,hd,0,38,38,"p3,seq=00357,d_pct=00000,v_mv=12000,i_ma=00500,p_mw=06000,mppt=hd,f=0,chk=38,raw=00"
2026-07-12T18:34:48.509423+00:00,1,,0,358,0,12000,500,6000,hd,0,3B,3B,"p3,seq=00358,d_pct=00000,v_mv=12000,i_ma=00500,p_mw=06000,mppt=hd,f=0,chk=3B,raw=00"
2026-07-12T18:34:49.516505+00:00,1,,0,359,0,12000,500,6000,hd,0,3A,3A,"p3,seq=00359,d_pct=00000,v_mv=12000,i_ma=00500,p_mw=06000,mppt=hd,f=0,chk=3A,raw=00"
2026-07-12T18:34:50.524087+00:00,1,,0,360,0,12000,500,6000,hd,0,35,35,"p3,seq=00360,d_pct=00000,v_mv=12000,i_ma=00500,p_mw=06000,mppt=hd,f=0,chk=35,raw=00"
2026-07-12T18:34:51.535338+00:00,1,,0,361,0,12000,500,6000,hd,0,34,34,"p3,seq=00361,d_pct=00000,v_mv=12000,i_ma=00500,p_mw=06000,mppt=hd,f=0,chk=34,raw=00"
2026-07-12T18:34:52.541304+00:00,1,,0,362,0,12000,500,6000,hd,0,37,37,"p3,seq=00362,d_pct=00000,v_mv=12000,i_ma=00500,p_mw=06000,mppt=hd,f=0,chk=37,raw=00"
2026-07-12T18:34:53.548318+00:00,1,,0,363,0,12000,500,6000,hd,0,36,36,"p3,seq=00363,d_pct=00000,v_mv=12000,i_ma=00500,p_mw=06000,mppt=hd,f=0,chk=36,raw=00"
2026-07-12T18:34:54.555448+00:00,1,,0,364,0,12000,500,6000,hd,0,31,31,"p3,seq=00364,d_pct=00000,v_mv=12000,i_ma=00500,p_mw=06000,mppt=hd,f=0,chk=31,raw=00"
2026-07-12T18:34:55.563227+00:00,1,,0,365,0,12000,500,6000,hd,0,30,30,"p3,seq=00365,d_pct=00000,v_mv=12000,i_ma=00500,p_mw=06000,mppt=hd,f=0,chk=30,raw=00"
2026-07-12T18:34:56.569604+00:00,1,,0,366,0,12000,500,6000,hd,0,33,33,"p3,seq=00366,d_pct=00000,v_mv=12000,i_ma=00500,p_mw=06000,mppt=hd,f=0,chk=33,raw=00"
2026-07-12T18:34:57.576182+00:00,1,,0,367,0,12000,500,6000,hd,0,32,32,"p3,seq=00367,d_pct=00000,v_mv=12000,i_ma=00500,p_mw=06000,mppt=hd,f=0,chk=32,raw=00"
2026-07-12T18:34:58.584344+00:00,1,,0,368,0,12000,500,6000,hd,0,2D,2D,"p3,seq=00368,d_pct=00000,v_mv=12000,i_ma=00500,p_mw=06000,mppt=hd,f=0,chk=2D,raw=00"
2026-07-12T18:34:59.591212+00:00,1,,0,369,0,12000,500,6000,hd,0,2C,2C,"p3,seq=00369,d_pct=00000,v_mv=12000,i_ma=00500,p_mw=06000,mppt=hd,f=0,chk=2C,raw=00"
2026-07-12T18:35:00.603896+00:00,1,,0,370,0,12000,500,6000,hd,0,2F,2F,"p3,seq=00370,d_pct=00000,v_mv=12000,i_ma=00500,p_mw=06000,mppt=hd,f=0,chk=2F,raw=00"
2026-07-12T18:35:01.609692+00:00,1,,0,371,0,12000,500,6000,hd,0,2E,2E,"p3,seq=00371,d_pct=00000,v_mv=12000,i_ma=00500,p_mw=06000,mppt=hd,f=0,chk=2E,raw=00"
2026-07-12T18:35:02.614322+00:00,1,,0,372,0,12000,500,6000,hd,0,29,29,"p3,seq=00372,d_pct=00000,v_mv=12000,i_ma=00500,p_mw=06000,mppt=hd,f=0,chk=29,raw=00"
2026-07-12T18:35:03.621937+00:00,1,,0,373,0,12000,500,6000,hd,0,28,28,"p3,seq=00373,d_pct=00000,v_mv=12000,i_ma=00500,p_mw=06000,mppt=hd,f=0,chk=28,raw=00"
2026-07-12T18:35:04.629603+00:00,1,,0,374,0,12000,500,6000,hd,0,2B,2B,"p3,seq=00374,d_pct=00000,v_mv=12000,i_ma=00500,p_mw=06000,mppt=hd,f=0,chk=2B,raw=00"
2026-07-12T18:35:05.635947+00:00,1,,0,375,0,12000,500,6000,hd,0,2A,2A,"p3,seq=00375,d_pct=00000,v_mv=12000,i_ma=00500,p_mw=06000,mppt=hd,f=0,chk=2A,raw=00"
2026-07-12T18:35:06.643108+00:00,1,,0,376,0,12000,500,6000,hd,0,25,25,"p3,seq=00376,d_pct=00000,v_mv=12000,i_ma=00500,p_mw=06000,mppt=hd,f=0,chk=25,raw=00"
2026-07-12T18:35:07.650582+00:00,1,,0,377,0,12000,500,6000,hd,0,24,24,"p3,seq=00377,d_pct=00000,v_mv=12000,i_ma=00500,p_mw=06000,mppt=hd,f=0,chk=24,raw=00"
2026-07-12T18:35:08.662170+00:00,1,,0,378,0,12000,500,6000,hd,0,27,27,"p3,seq=00378,d_pct=00000,v_mv=12000,i_ma=00500,p_mw=06000,mppt=hd,f=0,chk=27,raw=00"
2026-07-12T18:35:09.668318+00:00,1,,0,379,0,12000,500,6000,hd,0,26,26,"p3,seq=00379,d_pct=00000,v_mv=12000,i_ma=00500,p_mw=06000,mppt=hd,f=0,chk=26,raw=00"
2026-07-12T18:35:10.673596+00:00,1,,0,380,0,12000,500,6000,hd,0,21,21,"p3,seq=00380,d_pct=00000,v_mv=12000,i_ma=00500,p_mw=06000,mppt=hd,f=0,chk=21,raw=00"
2026-07-12T18:35:11.679744+00:00,1,,0,381,0,12000,500,6000,hd,0,20,20,"p3,seq=00381,d_pct=00000,v_mv=12000,i_ma=00500,p_mw=06000,mppt=hd,f=0,chk=20,raw=00"
2026-07-12T18:35:12.688571+00:00,1,,0,382,0,12000,500,6000,hd,0,23,23,"p3,seq=00382,d_pct=00000,v_mv=12000,i_ma=00500,p_mw=06000,mppt=hd,f=0,chk=23,raw=00"
2026-07-12T18:35:13.693806+00:00,1,,0,383,0,12000,500,6000,hd,0,22,22,"p3,seq=00383,d_pct=00000,v_mv=12000,i_ma=00500,p_mw=06000,mppt=hd,f=0,chk=22,raw=00"
2026-07-12T18:35:14.702288+00:00,1,,0,384,0,12000,500,6000,hd,0,DD,DD,"p3,seq=00384,d_pct=00000,v_mv=12000,i_ma=00500,p_mw=06000,mppt=hd,f=0,chk=DD,raw=00"
2026-07-12T18:35:15.713977+00:00,1,,0,385,0,12000,500,6000,hd,0,DC,DC,"p3,seq=00385,d_pct=00000,v_mv=12000,i_ma=00500,p_mw=06000,mppt=hd,f=0,chk=DC,raw=00"
2026-07-12T18:35:16.718625+00:00,1,,0,386,0,12000,500,6000,hd,0,DF,DF,"p3,seq=00386,d_pct=00000,v_mv=12000,i_ma=00500,p_mw=06000,mppt=hd,f=0,chk=DF,raw=00"
2026-07-12T18:35:17.726621+00:00,1,,0,387,0,12000,500,6000,hd,0,DE,DE,"p3,seq=00387,d_pct=00000,v_mv=12000,i_ma=00500,p_mw=06000,mppt=hd,f=0,chk=DE,raw=00"
2026-07-12T18:35:18.732622+00:00,1,,0,388,0,12000,500,6000,hd,0,D9,D9,"p3,seq=00388,d_pct=00000,v_mv=12000,i_ma=00500,p_mw=06000,mppt=hd,f=0,chk=D9,raw=00"
2026-07-12T18:35:19.739546+00:00,1,,0,389,0,12000,500,6000,hd,0,D8,D8,"p3,seq=00389,d_pct=00000,v_mv=12000,i_ma=00500,p_mw=06000,mppt=hd,f=0,chk=D8,raw=00"
2026-07-12T18:35:20.746580+00:00,1,,0,390,0,12000,500,6000,hd,0,DB,DB,"p3,seq=00390,d_pct=00000,v_mv=12000,i_ma=00500,p_mw=06000,mppt=hd,f=0,chk=DB,raw=00"
2026-07-12T18:35:21.753408+00:00,1,,0,391,0,12000,500,6000,hd,0,DA,DA,"p3,seq=00391,d_pct=00000,v_mv=12000,i_ma=00500,p_mw=06000,mppt=hd,f=0,chk=DA,raw=00"
2026-07-12T18:35:22.760391+00:00,1,,0,392,0,12000,500,6000,hd,0,D5,D5,"p3,seq=00392,d_pct=00000,v_mv=12000,i_ma=00500,p_mw=06000,mppt=hd,f=0,chk=D5,raw=00"
2026-07-12T18:35:23.774060+00:00,1,,0,393,0,12000,500,6000,hd,0,D4,D4,"p3,seq=00393,d_pct=00000,v_mv=12000,i_ma=00500,p_mw=06000,mppt=hd,f=0,chk=D4,raw=00"
2026-07-12T18:35:24.776650+00:00,1,,0,394,0,12000,500,6000,hd,0,D7,D7,"p3,seq=00394,d_pct=00000,v_mv=12000,i_ma=00500,p_mw=06000,mppt=hd,f=0,chk=D7,raw=00"
2026-07-12T18:35:25.783325+00:00,1,,0,395,0,12000,500,6000,hd,0,D6,D6,"p3,seq=00395,d_pct=00000,v_mv=12000,i_ma=00500,p_mw=06000,mppt=hd,f=0,chk=D6,raw=00"
2026-07-12T18:35:26.791345+00:00,1,,0,396,0,12000,500,6000,hd,0,D1,D1,"p3,seq=00396,d_pct=00000,v_mv=12000,i_ma=00500,p_mw=06000,mppt=hd,f=0,chk=D1,raw=00"
2026-07-12T18:35:27.797835+00:00,1,,0,397,0,12000,500,6000,hd,0,D0,D0,"p3,seq=00397,d_pct=00000,v_mv=12000,i_ma=00500,p_mw=06000,mppt=hd,f=0,chk=D0,raw=00"
2026-07-12T18:35:28.806357+00:00,1,,0,398,1,12080,524,6329,up,0,3B,3B,"p3,seq=00398,d_pct=00001,v_mv=12080,i_ma=00524,p_mw=06329,mppt=up,f=0,chk=3B,raw=04"
2026-07-12T18:35:29.812578+00:00,1,,0,399,1,12080,524,6329,hd,0,3B,3B,"p3,seq=00399,d_pct=00001,v_mv=12080,i_ma=00524,p_mw=06329,mppt=hd,f=0,chk=3B,raw=04"
2026-07-12T18:35:30.825969+00:00,1,,0,400,1,12080,524,6329,hd,0,24,24,"p3,seq=00400,d_pct=00001,v_mv=12080,i_ma=00524,p_mw=06329,mppt=hd,f=0,chk=24,raw=04"
2026-07-12T18:35:31.831513+00:00,1,,0,401,1,12100,530,6413,up,0,FA,FA,"p3,seq=00401,d_pct=00001,v_mv=12100,i_ma=00530,p_mw=06413,mppt=up,f=0,chk=FA,raw=05"
2026-07-12T18:35:32.836727+00:00,1,,0,402,1,12100,530,6413,hd,0,F8,F8,"p3,seq=00402,d_pct=00001,v_mv=12100,i_ma=00530,p_mw=06413,mppt=hd,f=0,chk=F8,raw=05"
2026-07-12T18:35:33.843610+00:00,1,,0,403,1,12100,530,6413,hd,0,F9,F9,"p3,seq=00403,d_pct=00001,v_mv=12100,i_ma=00530,p_mw=06413,mppt=hd,f=0,chk=F9,raw=05"
2026-07-12T18:35:34.851579+00:00,1,,0,404,14,12740,722,9198,up,0,57,57,"p3,seq=00404,d_pct=00014,v_mv=12740,i_ma=00722,p_mw=09198,mppt=up,f=0,chk=57,raw=25"
2026-07-12T18:35:35.857677+00:00,1,,0,405,12,12660,698,8836,dn,0,E0,E0,"p3,seq=00405,d_pct=00012,v_mv=12660,i_ma=00698,p_mw=08836,mppt=dn,f=0,chk=E0,raw=21"
2026-07-12T18:35:36.864963+00:00,1,,0,406,12,12660,698,8836,hd,0,E1,E1,"p3,seq=00406,d_pct=00012,v_mv=12660,i_ma=00698,p_mw=08836,mppt=hd,f=0,chk=E1,raw=21"
2026-07-12T18:35:37.871726+00:00,1,,0,407,12,12660,698,8836,hd,0,E0,E0,"p3,seq=00407,d_pct=00012,v_mv=12660,i_ma=00698,p_mw=08836,mppt=hd,f=0,chk=E0,raw=21"
2026-07-12T18:35:38.884066+00:00,1,,0,408,25,13300,890,11837,up,0,6D,6D,"p3,seq=00408,d_pct=00025,v_mv=13300,i_ma=00890,p_mw=11837,mppt=up,f=0,chk=6D,raw=41"
2026-07-12T18:35:39.889827+00:00,1,,0,409,25,13300,890,11837,hd,0,6D,6D,"p3,seq=00409,d_pct=00025,v_mv=13300,i_ma=00890,p_mw=11837,mppt=hd,f=0,chk=6D,raw=41"
2026-07-12T18:35:40.894901+00:00,1,,0,410,25,13300,890,11837,hd,0,6E,6E,"p3,seq=00410,d_pct=00025,v_mv=13300,i_ma=00890,p_mw=11837,mppt=hd,f=0,chk=6E,raw=41"
2026-07-12T18:35:41.901919+00:00,1,,0,411,25,13300,890,11837,hd,0,6F,6F,"p3,seq=00411,d_pct=00025,v_mv=13300,i_ma=00890,p_mw=11837,mppt=hd,f=0,chk=6F,raw=41"
2026-07-12T18:35:42.909925+00:00,1,,0,412,30,13540,962,13025,up,0,0D,0D,"p3,seq=00412,d_pct=00030,v_mv=13540,i_ma=00962,p_mw=13025,mppt=up,f=0,chk=0D,raw=4D"
2026-07-12T18:35:43.915976+00:00,1,,0,413,30,13540,962,13025,hd,0,0D,0D,"p3,seq=00413,d_pct=00030,v_mv=13540,i_ma=00962,p_mw=13025,mppt=hd,f=0,chk=0D,raw=4D"
2026-07-12T18:35:44.924206+00:00,1,,0,414,5,12260,578,7086,dn,0,AB,AB,"p3,seq=00414,d_pct=00005,v_mv=12260,i_ma=00578,p_mw=07086,mppt=dn,f=0,chk=AB,raw=0D"
2026-07-12T18:35:45.935270+00:00,1,,0,415,5,12260,578,7086,hd,0,A8,A8,"p3,seq=00415,d_pct=00005,v_mv=12260,i_ma=00578,p_mw=07086,mppt=hd,f=0,chk=A8,raw=0D"
2026-07-12T18:35:46.939608+00:00,1,,0,416,5,12260,578,7086,hd,0,97,97,"p3,seq=00416,d_pct=00005,v_mv=12260,i_ma=00578,p_mw=07086,mppt=hd,f=0,chk=97,raw=0D"
2026-07-12T18:35:47.947694+00:00,1,,0,417,5,12260,578,7086,hd,0,96,96,"p3,seq=00417,d_pct=00005,v_mv=12260,i_ma=00578,p_mw=07086,mppt=hd,f=0,chk=96,raw=0D"
2026-07-12T18:35:48.954758+00:00,1,,0,418,42,14180,1154,16363,up,0,E4,E4,"p3,seq=00418,d_pct=00042,v_mv=14180,i_ma=01154,p_mw=16363,mppt=up,f=0,chk=E4,raw=6D"
2026-07-12T18:35:49.961227+00:00,1,,0,419,37,13920,1076,14977,dn,0,38,38,"p3,seq=00419,d_pct=00037,v_mv=13920,i_ma=01076,p_mw=14977,mppt=dn,f=0,chk=38,raw=60"
2026-07-12T18:35:50.968907+00:00,1,,0,420,37,13920,1076,14977,hd,0,3D,3D,"p3,seq=00420,d_pct=00037,v_mv=13920,i_ma=01076,p_mw=14977,mppt=hd,f=0,chk=3D,raw=60"
2026-07-12T18:35:51.979462+00:00,1,,0,421,87,16480,1844,30389,up,0,C2,C2,"p3,seq=00421,d_pct=00087,v_mv=16480,i_ma=01844,p_mw=30389,mppt=up,f=0,chk=C2,raw=E0"
2026-07-12T18:35:52.985432+00:00,1,,0,422,62,15200,1460,22192,dn,0,37,37,"p3,seq=00422,d_pct=00062,v_mv=15200,i_ma=01460,p_mw=22192,mppt=dn,f=0,chk=37,raw=A0"
2026-07-12T18:35:53.992080+00:00,1,,0,423,62,15200,1460,22192,hd,0,34,34,"p3,seq=00423,d_pct=00062,v_mv=15200,i_ma=01460,p_mw=22192,mppt=hd,f=0,chk=34,raw=A0"
2026-07-12T18:35:54.998288+00:00,1,,0,424,62,15200,1460,22192,hd,0,3B,3B,"p3,seq=00424,d_pct=00062,v_mv=15200,i_ma=01460,p_mw=22192,mppt=hd,f=0,chk=3B,raw=A0"
2026-07-12T18:35:56.005906+00:00,1,,0,425,50,14560,1268,18462,dn,0,66,66,"p3,seq=00425,d_pct=00050,v_mv=14560,i_ma=01268,p_mw=18462,mppt=dn,f=0,chk=66,raw=80"
2026-07-12T18:35:57.012020+00:00,1,,0,426,50,14560,1268,18462,hd,0,67,67,"p3,seq=00426,d_pct=00050,v_mv=14560,i_ma=01268,p_mw=18462,mppt=hd,f=0,chk=67,raw=80"
2026-07-12T18:35:58.018784+00:00,1,,0,427,0,12000,500,6000,dn,0,F4,F4,"p3,seq=00427,d_pct=00000,v_mv=12000,i_ma=00500,p_mw=06000,mppt=dn,f=0,chk=F4,raw=00"
2026-07-12T18:35:59.032383+00:00,1,,0,428,9,12480,644,8037,up,0,B1,B1,"p3,seq=00428,d_pct=00009,v_mv=12480,i_ma=00644,p_mw=08037,mppt=up,f=0,chk=B1,raw=18"
2026-07-12T18:36:00.036936+00:00,1,,0,429,9,12480,644,8037,hd,0,B1,B1,"p3,seq=00429,d_pct=00009,v_mv=12480,i_ma=00644,p_mw=08037,mppt=hd,f=0,chk=B1,raw=18"
2026-07-12T18:36:01.044589+00:00,1,,0,430,3,12160,548,6663,dn,0,32,32,"p3,seq=00430,d_pct=00003,v_mv=12160,i_ma=00548,p_mw=06663,mppt=dn,f=0,chk=32,raw=08"
2026-07-12T18:36:02.050656+00:00,1,,0,431,5,12280,584,7171,up,0,26,26,"p3,seq=00431,d_pct=00005,v_mv=12280,i_ma=00584,p_mw=07171,mppt=up,f=0,chk=26,raw=0E"
2026-07-12T18:36:03.057523+00:00,1,,0,432,2,12140,542,6579,dn,0,43,43,"p3,seq=00432,d_pct=00002,v_mv=12140,i_ma=00542,p_mw=06579,mppt=dn,f=0,chk=43,raw=07"
2026-07-12T18:36:04.064872+00:00,1,,0,433,2,12140,542,6579,hd,0,40,40,"p3,seq=00433,d_pct=00002,v_mv=12140,i_ma=00542,p_mw=06579,mppt=hd,f=0,chk=40,raw=07"
2026-07-12T18:36:05.072249+00:00,1,,0,434,2,12140,542,6579,hd,0,43,43,"p3,seq=00434,d_pct=00002,v_mv=12140,i_ma=00542,p_mw=06579,mppt=hd,f=0,chk=43,raw=07"
2026-07-12T18:36:06.080224+00:00,1,,0,435,0,12020,506,6082,dn,0,45,45,"p3,seq=00435,d_pct=00000,v_mv=12020,i_ma=00506,p_mw=06082,mppt=dn,f=0,chk=45,raw=01"
2026-07-12T18:36:07.086475+00:00,1,,0,436,12,12660,698,8836,up,0,C2,C2,"p3,seq=00436,d_pct=00012,v_mv=12660,i_ma=00698,p_mw=08836,mppt=up,f=0,chk=C2,raw=21"
2026-07-12T18:36:08.098348+00:00,1,,0,437,12,12660,698,8836,hd,0,C2,C2,"p3,seq=00437,d_pct=00012,v_mv=12660,i_ma=00698,p_mw=08836,mppt=hd,f=0,chk=C2,raw=21"
2026-07-12T18:36:09.104420+00:00,1,,0,438,38,13940,1082,15083,up,0,5C,5C,"p3,seq=00438,d_pct=00038,v_mv=13940,i_ma=01082,p_mw=15083,mppt=up,f=0,chk=5C,raw=61"
2026-07-12T18:36:10.110962+00:00,1,,0,439,38,13940,1082,15083,hd,0,5C,5C,"p3,seq=00439,d_pct=00038,v_mv=13940,i_ma=01082,p_mw=15083,mppt=hd,f=0,chk=5C,raw=61"
2026-07-12T18:36:11.116536+00:00,1,,0,440,25,13300,890,11837,dn,0,4E,4E,"p3,seq=00440,d_pct=00025,v_mv=13300,i_ma=00890,p_mw=11837,mppt=dn,f=0,chk=4E,raw=41"
2026-07-12T18:36:12.124634+00:00,1,,0,441,28,13460,938,12625,up,0,85,85,"p3,seq=00441,d_pct=00028,v_mv=13460,i_ma=00938,p_mw=12625,mppt=up,f=0,chk=85,raw=49"
2026-07-12T18:36:13.131355+00:00,1,,0,442,25,13300,890,11837,dn,0,4C,4C,"p3,seq=00442,d_pct=00025,v_mv=13300,i_ma=00890,p_mw=11837,mppt=dn,f=0,chk=4C,raw=41"
2026-07-12T18:36:14.138195+00:00,1,,0,443,25,13280,884,11739,dn,0,B3,B3,"p3,seq=00443,d_pct=00025,v_mv=13280,i_ma=00884,p_mw=11739,mppt=dn,f=0,chk=B3,raw=40"
2026-07-12T18:36:15.145649+00:00,1,,0,444,25,13280,884,11739,hd,0,B6,B6,"p3,seq=00444,d_pct=00025,v_mv=13280,i_ma=00884,p_mw=11739,mppt=hd,f=0,chk=B6,raw=40"
2026-07-12T18:36:16.156725+00:00,1,,0,445,25,13280,884,11739,hd,0,B7,B7,"p3,seq=00445,d_pct=00025,v_mv=13280,i_ma=00884,p_mw=11739,mppt=hd,f=0,chk=B7,raw=40"
2026-07-12T18:36:17.164876+00:00,1,,0,446,50,14560,1268,18462,up,0,72,72,"p3,seq=00446,d_pct=00050,v_mv=14560,i_ma=01268,p_mw=18462,mppt=up,f=0,chk=72,raw=80"
2026-07-12T18:36:18.170585+00:00,1,,0,447,50,14560,1268,18462,hd,0,72,72,"p3,seq=00447,d_pct=00050,v_mv=14560,i_ma=01268,p_mw=18462,mppt=hd,f=0,chk=72,raw=80"
2026-07-12T18:36:19.176066+00:00,1,,0,448,50,14560,1268,18462,hd,0,0D,0D,"p3,seq=00448,d_pct=00050,v_mv=14560,i_ma=01268,p_mw=18462,mppt=hd,f=0,chk=0D,raw=80"
2026-07-12T18:36:20.183841+00:00,1,,0,449,50,14560,1268,18462,hd,0,0C,0C,"p3,seq=00449,d_pct=00050,v_mv=14560,i_ma=01268,p_mw=18462,mppt=hd,f=0,chk=0C,raw=80"
2026-07-12T18:36:21.190298+00:00,1,,0,450,56,14880,1364,20296,up,0,26,26,"p3,seq=00450,d_pct=00056,v_mv=14880,i_ma=01364,p_mw=20296,mppt=up,f=0,chk=26,raw=90"
2026-07-12T18:36:22.197593+00:00,1,,0,451,6,12320,596,7342,dn,0,22,22,"p3,seq=00451,d_pct=00006,v_mv=12320,i_ma=00596,p_mw=07342,mppt=dn,f=0,chk=22,raw=10"
2026-07-12T18:36:23.205215+00:00,1,,0,452,18,12960,788,10212,up,0,A0,A0,"p3,seq=00452,d_pct=00018,v_mv=12960,i_ma=00788,p_mw=10212,mppt=up,f=0,chk=A0,raw=30"
2026-07-12T18:36:24.211108+00:00,1,,0,453,12,12640,692,8746,dn,0,05,05,"p3,seq=00453,d_pct=00012,v_mv=12640,i_ma=00692,p_mw=08746,mppt=dn,f=0,chk=05,raw=20"
2026-07-12T18:36:25.223618+00:00,1,,0,454,37,13920,1076,14977,up,0,5E,5E,"p3,seq=00454,d_pct=00037,v_mv=13920,i_ma=01076,p_mw=14977,mppt=up,f=0,chk=5E,raw=60"
2026-07-12T18:36:26.229853+00:00,1,,0,455,25,13280,884,11739,dn,0,CF,CF,"p3,seq=00455,d_pct=00025,v_mv=13280,i_ma=00884,p_mw=11739,mppt=dn,f=0,chk=CF,raw=40"
2026-07-12T18:36:27.236350+00:00,1,,0,456,28,13440,932,12526,up,0,51,51,"p3,seq=00456,d_pct=00028,v_mv=13440,i_ma=00932,p_mw=12526,mppt=up,f=0,chk=51,raw=48"
2026-07-12T18:36:28.243076+00:00,1,,0,457,3,12160,548,6663,dn,0,55,55,"p3,seq=00457,d_pct=00003,v_mv=12160,i_ma=00548,p_mw=06663,mppt=dn,f=0,chk=55,raw=08"
2026-07-12T18:36:29.250337+00:00,1,,0,458,9,12480,644,8037,up,0,D7,D7,"p3,seq=00458,d_pct=00009,v_mv=12480,i_ma=00644,p_mw=08037,mppt=up,f=0,chk=D7,raw=18"
2026-07-12T18:36:30.257160+00:00,1,,0,459,6,12320,596,7342,dn,0,2A,2A,"p3,seq=00459,d_pct=00006,v_mv=12320,i_ma=00596,p_mw=07342,mppt=dn,f=0,chk=2A,raw=10"
2026-07-12T18:36:31.264068+00:00,1,,0,460,0,12000,500,6000,dn,0,93,93,"p3,seq=00460,d_pct=00000,v_mv=12000,i_ma=00500,p_mw=06000,mppt=dn,f=0,chk=93,raw=00"
2026-07-12T18:36:32.271544+00:00,1,,0,461,1,12080,524,6329,up,0,78,78,"p3,seq=00461,d_pct=00001,v_mv=12080,i_ma=00524,p_mw=06329,mppt=up,f=0,chk=78,raw=04"
2026-07-12T18:36:33.283016+00:00,1,,0,462,1,12080,524,6329,hd,0,7A,7A,"p3,seq=00462,d_pct=00001,v_mv=12080,i_ma=00524,p_mw=06329,mppt=hd,f=0,chk=7A,raw=04"
2026-07-12T18:36:34.288088+00:00,1,,0,463,1,12080,524,6329,hd,0,7B,7B,"p3,seq=00463,d_pct=00001,v_mv=12080,i_ma=00524,p_mw=06329,mppt=hd,f=0,chk=7B,raw=04"
2026-07-12T18:36:35.294254+00:00,1,,0,464,0,12000,500,6000,dn,0,8F,8F,"p3,seq=00464,d_pct=00000,v_mv=12000,i_ma=00500,p_mw=06000,mppt=dn,f=0,chk=8F,raw=00"
2026-07-12T18:36:36.302341+00:00,1,,0,465,0,12000,500,6000,hd,0,8C,8C,"p3,seq=00465,d_pct=00000,v_mv=12000,i_ma=00500,p_mw=06000,mppt=hd,f=0,chk=8C,raw=00"
2026-07-12T18:36:37.308212+00:00,1,,0,466,0,12000,500,6000,hd,0,8F,8F,"p3,seq=00466,d_pct=00000,v_mv=12000,i_ma=00500,p_mw=06000,mppt=hd,f=0,chk=8F,raw=00"
2026-07-12T18:36:38.315817+00:00,1,,0,467,0,12000,500,6000,hd,0,8E,8E,"p3,seq=00467,d_pct=00000,v_mv=12000,i_ma=00500,p_mw=06000,mppt=hd,f=0,chk=8E,raw=00"
2026-07-12T18:36:39.323333+00:00,1,,0,468,0,12000,500,6000,hd,0,89,89,"p3,seq=00468,d_pct=00000,v_mv=12000,i_ma=00500,p_mw=06000,mppt=hd,f=0,chk=89,raw=00"
2026-07-12T18:36:40.334425+00:00,1,,0,469,0,12000,500,6000,hd,0,88,88,"p3,seq=00469,d_pct=00000,v_mv=12000,i_ma=00500,p_mw=06000,mppt=hd,f=0,chk=88,raw=00"
2026-07-12T18:36:41.341357+00:00,1,,0,470,0,12000,500,6000,hd,0,8B,8B,"p3,seq=00470,d_pct=00000,v_mv=12000,i_ma=00500,p_mw=06000,mppt=hd,f=0,chk=8B,raw=00"
2026-07-12T18:36:42.346139+00:00,1,,0,471,0,12000,500,6000,hd,0,8A,8A,"p3,seq=00471,d_pct=00000,v_mv=12000,i_ma=00500,p_mw=06000,mppt=hd,f=0,chk=8A,raw=00"
2026-07-12T18:36:43.352550+00:00,1,,0,472,0,12000,500,6000,hd,0,85,85,"p3,seq=00472,d_pct=00000,v_mv=12000,i_ma=00500,p_mw=06000,mppt=hd,f=0,chk=85,raw=00"
2026-07-12T18:36:44.359627+00:00,1,,0,473,0,12000,500,6000,hd,0,84,84,"p3,seq=00473,d_pct=00000,v_mv=12000,i_ma=00500,p_mw=06000,mppt=hd,f=0,chk=84,raw=00"
2026-07-12T18:36:45.367015+00:00,1,,0,474,0,12000,500,6000,hd,0,87,87,"p3,seq=00474,d_pct=00000,v_mv=12000,i_ma=00500,p_mw=06000,mppt=hd,f=0,chk=87,raw=00"
2026-07-12T18:36:46.378484+00:00,1,,0,475,0,12000,500,6000,hd,0,86,86,"p3,seq=00475,d_pct=00000,v_mv=12000,i_ma=00500,p_mw=06000,mppt=hd,f=0,chk=86,raw=00"
2026-07-12T18:36:47.387017+00:00,1,,0,476,0,12000,500,6000,hd,0,81,81,"p3,seq=00476,d_pct=00000,v_mv=12000,i_ma=00500,p_mw=06000,mppt=hd,f=0,chk=81,raw=00"
2026-07-12T18:36:48.391984+00:00,1,,0,477,0,12000,500,6000,hd,0,80,80,"p3,seq=00477,d_pct=00000,v_mv=12000,i_ma=00500,p_mw=06000,mppt=hd,f=0,chk=80,raw=00"
2026-07-12T18:36:49.397967+00:00,1,,0,478,0,12000,500,6000,hd,0,83,83,"p3,seq=00478,d_pct=00000,v_mv=12000,i_ma=00500,p_mw=06000,mppt=hd,f=0,chk=83,raw=00"
2026-07-12T18:36:50.406202+00:00,1,,0,479,0,12000,500,6000,hd,0,82,82,"p3,seq=00479,d_pct=00000,v_mv=12000,i_ma=00500,p_mw=06000,mppt=hd,f=0,chk=82,raw=00"
2026-07-12T18:36:51.412314+00:00,1,,0,480,0,12000,500,6000,hd,0,BD,BD,"p3,seq=00480,d_pct=00000,v_mv=12000,i_ma=00500,p_mw=06000,mppt=hd,f=0,chk=BD,raw=00"
2026-07-12T18:36:52.419871+00:00,1,,0,481,0,12000,500,6000,hd,0,BC,BC,"p3,seq=00481,d_pct=00000,v_mv=12000,i_ma=00500,p_mw=06000,mppt=hd,f=0,chk=BC,raw=00"
2026-07-12T18:36:53.426146+00:00,1,,0,482,0,12000,500,6000,hd,0,BF,BF,"p3,seq=00482,d_pct=00000,v_mv=12000,i_ma=00500,p_mw=06000,mppt=hd,f=0,chk=BF,raw=00"
2026-07-12T18:36:54.438062+00:00,1,,0,483,0,12000,500,6000,hd,0,BE,BE,"p3,seq=00483,d_pct=00000,v_mv=12000,i_ma=00500,p_mw=06000,mppt=hd,f=0,chk=BE,raw=00"
2026-07-12T18:36:55.443305+00:00,1,,0,484,0,12000,500,6000,hd,0,B9,B9,"p3,seq=00484,d_pct=00000,v_mv=12000,i_ma=00500,p_mw=06000,mppt=hd,f=0,chk=B9,raw=00"
2026-07-12T18:36:56.449507+00:00,1,,0,485,0,12000,500,6000,hd,0,B8,B8,"p3,seq=00485,d_pct=00000,v_mv=12000,i_ma=00500,p_mw=06000,mppt=hd,f=0,chk=B8,raw=00"
2026-07-12T18:36:57.455745+00:00,1,,0,486,0,12000,500,6000,hd,0,BB,BB,"p3,seq=00486,d_pct=00000,v_mv=12000,i_ma=00500,p_mw=06000,mppt=hd,f=0,chk=BB,raw=00"
2026-07-12T18:36:58.464140+00:00,1,,0,487,0,12000,500,6000,hd,0,BA,BA,"p3,seq=00487,d_pct=00000,v_mv=12000,i_ma=00500,p_mw=06000,mppt=hd,f=0,chk=BA,raw=00"
2026-07-12T18:36:59.471247+00:00,1,,0,488,0,12000,500,6000,hd,0,B5,B5,"p3,seq=00488,d_pct=00000,v_mv=12000,i_ma=00500,p_mw=06000,mppt=hd,f=0,chk=B5,raw=00"
2026-07-12T18:37:00.481542+00:00,1,,0,489,0,12000,500,6000,hd,0,B4,B4,"p3,seq=00489,d_pct=00000,v_mv=12000,i_ma=00500,p_mw=06000,mppt=hd,f=0,chk=B4,raw=00"
2026-07-12T18:37:01.487933+00:00,1,,0,490,0,12000,500,6000,hd,0,B7,B7,"p3,seq=00490,d_pct=00000,v_mv=12000,i_ma=00500,p_mw=06000,mppt=hd,f=0,chk=B7,raw=00"
2026-07-12T18:37:02.493601+00:00,1,,0,491,0,12000,500,6000,hd,0,B6,B6,"p3,seq=00491,d_pct=00000,v_mv=12000,i_ma=00500,p_mw=06000,mppt=hd,f=0,chk=B6,raw=00"
2026-07-12T18:37:03.502604+00:00,1,,0,492,0,12000,500,6000,hd,0,B1,B1,"p3,seq=00492,d_pct=00000,v_mv=12000,i_ma=00500,p_mw=06000,mppt=hd,f=0,chk=B1,raw=00"
2026-07-12T18:37:04.507353+00:00,1,,0,493,0,12000,500,6000,hd,0,B0,B0,"p3,seq=00493,d_pct=00000,v_mv=12000,i_ma=00500,p_mw=06000,mppt=hd,f=0,chk=B0,raw=00"
2026-07-12T18:37:05.515143+00:00,1,,0,494,0,12000,500,6000,hd,0,B3,B3,"p3,seq=00494,d_pct=00000,v_mv=12000,i_ma=00500,p_mw=06000,mppt=hd,f=0,chk=B3,raw=00"
2026-07-12T18:37:06.528012+00:00,1,,0,495,0,12000,500,6000,hd,0,B2,B2,"p3,seq=00495,d_pct=00000,v_mv=12000,i_ma=00500,p_mw=06000,mppt=hd,f=0,chk=B2,raw=00"
2026-07-12T18:37:07.532810+00:00,1,,0,496,0,12000,500,6000,hd,0,AD,AD,"p3,seq=00496,d_pct=00000,v_mv=12000,i_ma=00500,p_mw=06000,mppt=hd,f=0,chk=AD,raw=00"
2026-07-12T18:37:08.539445+00:00,1,,0,497,0,12000,500,6000,hd,0,AC,AC,"p3,seq=00497,d_pct=00000,v_mv=12000,i_ma=00500,p_mw=06000,mppt=hd,f=0,chk=AC,raw=00"
2026-07-12T18:37:09.546524+00:00,1,,0,498,0,12000,500,6000,hd,0,AF,AF,"p3,seq=00498,d_pct=00000,v_mv=12000,i_ma=00500,p_mw=06000,mppt=hd,f=0,chk=AF,raw=00"
2026-07-12T18:37:10.553446+00:00,1,,0,499,0,12000,500,6000,hd,0,AE,AE,"p3,seq=00499,d_pct=00000,v_mv=12000,i_ma=00500,p_mw=06000,mppt=hd,f=0,chk=AE,raw=00"
2026-07-12T18:37:11.560551+00:00,1,,0,500,0,12000,500,6000,hd,0,A9,A9,"p3,seq=00500,d_pct=00000,v_mv=12000,i_ma=00500,p_mw=06000,mppt=hd,f=0,chk=A9,raw=00"
2026-07-12T18:37:12.569599+00:00,1,,0,501,0,12000,500,6000,hd,0,A8,A8,"p3,seq=00501,d_pct=00000,v_mv=12000,i_ma=00500,p_mw=06000,mppt=hd,f=0,chk=A8,raw=00"
2026-07-12T18:37:13.574088+00:00,1,,0,502,0,12000,500,6000,hd,0,AB,AB,"p3,seq=00502,d_pct=00000,v_mv=12000,i_ma=00500,p_mw=06000,mppt=hd,f=0,chk=AB,raw=00"
2026-07-12T18:37:14.586551+00:00,1,,0,503,0,12000,500,6000,hd,0,AA,AA,"p3,seq=00503,d_pct=00000,v_mv=12000,i_ma=00500,p_mw=06000,mppt=hd,f=0,chk=AA,raw=00"
2026-07-12T18:37:15.590632+00:00,1,,0,504,0,12000,500,6000,hd,0,A5,A5,"p3,seq=00504,d_pct=00000,v_mv=12000,i_ma=00500,p_mw=06000,mppt=hd,f=0,chk=A5,raw=00"
2026-07-12T18:37:16.597300+00:00,1,,0,505,0,12000,500,6000,hd,0,A4,A4,"p3,seq=00505,d_pct=00000,v_mv=12000,i_ma=00500,p_mw=06000,mppt=hd,f=0,chk=A4,raw=00"
2026-07-12T18:37:17.605774+00:00,1,,0,506,0,12000,500,6000,hd,0,A7,A7,"p3,seq=00506,d_pct=00000,v_mv=12000,i_ma=00500,p_mw=06000,mppt=hd,f=0,chk=A7,raw=00"
2026-07-12T18:37:18.612669+00:00,1,,0,507,0,12000,500,6000,hd,0,A6,A6,"p3,seq=00507,d_pct=00000,v_mv=12000,i_ma=00500,p_mw=06000,mppt=hd,f=0,chk=A6,raw=00"
2026-07-12T18:37:19.618598+00:00,1,,0,508,0,12000,500,6000,hd,0,A1,A1,"p3,seq=00508,d_pct=00000,v_mv=12000,i_ma=00500,p_mw=06000,mppt=hd,f=0,chk=A1,raw=00"
2026-07-12T18:37:20.626263+00:00,1,,0,509,0,12000,500,6000,hd,0,A0,A0,"p3,seq=00509,d_pct=00000,v_mv=12000,i_ma=00500,p_mw=06000,mppt=hd,f=0,chk=A0,raw=00"
2026-07-12T18:37:21.638263+00:00,1,,0,510,0,12000,500,6000,hd,0,A3,A3,"p3,seq=00510,d_pct=00000,v_mv=12000,i_ma=00500,p_mw=06000,mppt=hd,f=0,chk=A3,raw=00"
2026-07-12T18:37:22.642755+00:00,1,,0,511,0,12000,500,6000,hd,0,A2,A2,"p3,seq=00511,d_pct=00000,v_mv=12000,i_ma=00500,p_mw=06000,mppt=hd,f=0,chk=A2,raw=00"
2026-07-12T18:37:23.650398+00:00,1,,0,512,0,12000,500,6000,hd,0,5E,5E,"p3,seq=00512,d_pct=00000,v_mv=12000,i_ma=00500,p_mw=06000,mppt=hd,f=0,chk=5E,raw=00"
2026-07-12T18:37:24.656895+00:00,1,,0,513,0,12000,500,6000,hd,0,5F,5F,"p3,seq=00513,d_pct=00000,v_mv=12000,i_ma=00500,p_mw=06000,mppt=hd,f=0,chk=5F,raw=00"
2026-07-12T18:37:25.663202+00:00,1,,0,514,0,12000,500,6000,hd,0,5C,5C,"p3,seq=00514,d_pct=00000,v_mv=12000,i_ma=00500,p_mw=06000,mppt=hd,f=0,chk=5C,raw=00"
2026-07-12T18:37:26.673970+00:00,1,,0,515,0,12000,500,6000,hd,0,5D,5D,"p3,seq=00515,d_pct=00000,v_mv=12000,i_ma=00500,p_mw=06000,mppt=hd,f=0,chk=5D,raw=00"
2026-07-12T18:37:27.677455+00:00,1,,0,516,0,12000,500,6000,hd,0,5A,5A,"p3,seq=00516,d_pct=00000,v_mv=12000,i_ma=00500,p_mw=06000,mppt=hd,f=0,chk=5A,raw=00"
2026-07-12T18:37:28.689719+00:00,1,,0,517,0,12000,500,6000,hd,0,5B,5B,"p3,seq=00517,d_pct=00000,v_mv=12000,i_ma=00500,p_mw=06000,mppt=hd,f=0,chk=5B,raw=00"
2026-07-12T18:37:29.697724+00:00,1,,0,518,0,12000,500,6000,hd,0,58,58,"p3,seq=00518,d_pct=00000,v_mv=12000,i_ma=00500,p_mw=06000,mppt=hd,f=0,chk=58,raw=00"
2026-07-12T18:37:30.702306+00:00,1,,0,519,0,12000,500,6000,hd,0,59,59,"p3,seq=00519,d_pct=00000,v_mv=12000,i_ma=00500,p_mw=06000,mppt=hd,f=0,chk=59,raw=00"
2026-07-12T18:37:31.709711+00:00,1,,0,520,0,12000,500,6000,hd,0,56,56,"p3,seq=00520,d_pct=00000,v_mv=12000,i_ma=00500,p_mw=06000,mppt=hd,f=0,chk=56,raw=00"
2026-07-12T18:37:32.716372+00:00,1,,0,521,0,12000,500,6000,hd,0,57,57,"p3,seq=00521,d_pct=00000,v_mv=12000,i_ma=00500,p_mw=06000,mppt=hd,f=0,chk=57,raw=00"
2026-07-12T18:37:33.722798+00:00,1,,0,522,0,12000,500,6000,hd,0,54,54,"p3,seq=00522,d_pct=00000,v_mv=12000,i_ma=00500,p_mw=06000,mppt=hd,f=0,chk=54,raw=00"
2026-07-12T18:37:34.730833+00:00,1,,0,523,0,12000,500,6000,hd,0,55,55,"p3,seq=00523,d_pct=00000,v_mv=12000,i_ma=00500,p_mw=06000,mppt=hd,f=0,chk=55,raw=00"
2026-07-12T18:37:35.736692+00:00,1,,0,524,0,12000,500,6000,hd,0,52,52,"p3,seq=00524,d_pct=00000,v_mv=12000,i_ma=00500,p_mw=06000,mppt=hd,f=0,chk=52,raw=00"
2026-07-12T18:37:36.743553+00:00,1,,0,525,0,12000,500,6000,hd,0,53,53,"p3,seq=00525,d_pct=00000,v_mv=12000,i_ma=00500,p_mw=06000,mppt=hd,f=0,chk=53,raw=00"
2026-07-12T18:37:37.757443+00:00,1,,0,526,0,12000,500,6000,hd,0,50,50,"p3,seq=00526,d_pct=00000,v_mv=12000,i_ma=00500,p_mw=06000,mppt=hd,f=0,chk=50,raw=00"
2026-07-12T18:37:38.761326+00:00,1,,0,527,0,12000,500,6000,hd,0,51,51,"p3,seq=00527,d_pct=00000,v_mv=12000,i_ma=00500,p_mw=06000,mppt=hd,f=0,chk=51,raw=00"
2026-07-12T18:37:39.768676+00:00,1,,0,528,0,12000,500,6000,hd,0,4E,4E,"p3,seq=00528,d_pct=00000,v_mv=12000,i_ma=00500,p_mw=06000,mppt=hd,f=0,chk=4E,raw=00"
2026-07-12T18:37:40.775473+00:00,1,,0,529,0,12000,500,6000,hd,0,4F,4F,"p3,seq=00529,d_pct=00000,v_mv=12000,i_ma=00500,p_mw=06000,mppt=hd,f=0,chk=4F,raw=00"
2026-07-12T18:37:41.782522+00:00,1,,0,530,0,12000,500,6000,hd,0,4C,4C,"p3,seq=00530,d_pct=00000,v_mv=12000,i_ma=00500,p_mw=06000,mppt=hd,f=0,chk=4C,raw=00"
2026-07-12T18:37:42.789396+00:00,1,,0,531,0,12000,500,6000,hd,0,4D,4D,"p3,seq=00531,d_pct=00000,v_mv=12000,i_ma=00500,p_mw=06000,mppt=hd,f=0,chk=4D,raw=00"
2026-07-12T18:37:43.798245+00:00,1,,0,532,0,12000,500,6000,hd,0,4A,4A,"p3,seq=00532,d_pct=00000,v_mv=12000,i_ma=00500,p_mw=06000,mppt=hd,f=0,chk=4A,raw=00"
2026-07-12T18:37:44.803728+00:00,1,,0,533,0,12000,500,6000,hd,0,4B,4B,"p3,seq=00533,d_pct=00000,v_mv=12000,i_ma=00500,p_mw=06000,mppt=hd,f=0,chk=4B,raw=00"
2026-07-12T18:37:45.815984+00:00,1,,0,534,0,12000,500,6000,hd,0,48,48,"p3,seq=00534,d_pct=00000,v_mv=12000,i_ma=00500,p_mw=06000,mppt=hd,f=0,chk=48,raw=00"
2026-07-12T18:37:46.820543+00:00,1,,0,535,0,12000,500,6000,hd,0,49,49,"p3,seq=00535,d_pct=00000,v_mv=12000,i_ma=00500,p_mw=06000,mppt=hd,f=0,chk=49,raw=00"
2026-07-12T18:37:47.826573+00:00,1,,0,536,0,12000,500,6000,hd,0,46,46,"p3,seq=00536,d_pct=00000,v_mv=12000,i_ma=00500,p_mw=06000,mppt=hd,f=0,chk=46,raw=00"
2026-07-12T18:37:48.834361+00:00,1,,0,537,0,12000,500,6000,hd,0,47,47,"p3,seq=00537,d_pct=00000,v_mv=12000,i_ma=00500,p_mw=06000,mppt=hd,f=0,chk=47,raw=00"
2026-07-12T18:37:49.841578+00:00,1,,0,538,0,12000,500,6000,hd,0,44,44,"p3,seq=00538,d_pct=00000,v_mv=12000,i_ma=00500,p_mw=06000,mppt=hd,f=0,chk=44,raw=00"
2026-07-12T18:37:50.847736+00:00,1,,0,539,0,12000,500,6000,hd,0,45,45,"p3,seq=00539,d_pct=00000,v_mv=12000,i_ma=00500,p_mw=06000,mppt=hd,f=0,chk=45,raw=00"
2026-07-12T18:37:51.855776+00:00,1,,0,540,0,12000,500,6000,hd,0,42,42,"p3,seq=00540,d_pct=00000,v_mv=12000,i_ma=00500,p_mw=06000,mppt=hd,f=0,chk=42,raw=00"
2026-07-12T18:37:52.865953+00:00,1,,0,541,0,12000,500,6000,hd,0,43,43,"p3,seq=00541,d_pct=00000,v_mv=12000,i_ma=00500,p_mw=06000,mppt=hd,f=0,chk=43,raw=00"
2026-07-12T18:37:53.872972+00:00,1,,0,542,0,12000,500,6000,hd,0,40,40,"p3,seq=00542,d_pct=00000,v_mv=12000,i_ma=00500,p_mw=06000,mppt=hd,f=0,chk=40,raw=00"
2026-07-12T18:37:54.879592+00:00,1,,0,543,0,12000,500,6000,hd,0,41,41,"p3,seq=00543,d_pct=00000,v_mv=12000,i_ma=00500,p_mw=06000,mppt=hd,f=0,chk=41,raw=00"
2026-07-12T18:37:55.885958+00:00,1,,0,544,0,12000,500,6000,hd,0,7E,7E,"p3,seq=00544,d_pct=00000,v_mv=12000,i_ma=00500,p_mw=06000,mppt=hd,f=0,chk=7E,raw=00"
2026-07-12T18:37:56.892732+00:00,1,,0,545,0,12000,500,6000,hd,0,7F,7F,"p3,seq=00545,d_pct=00000,v_mv=12000,i_ma=00500,p_mw=06000,mppt=hd,f=0,chk=7F,raw=00"
2026-07-12T18:37:57.901804+00:00,1,,0,546,0,12000,500,6000,hd,0,7C,7C,"p3,seq=00546,d_pct=00000,v_mv=12000,i_ma=00500,p_mw=06000,mppt=hd,f=0,chk=7C,raw=00"
2026-07-12T18:37:58.908456+00:00,1,,0,547,0,12000,500,6000,hd,0,7D,7D,"p3,seq=00547,d_pct=00000,v_mv=12000,i_ma=00500,p_mw=06000,mppt=hd,f=0,chk=7D,raw=00"
2026-07-12T18:37:59.913956+00:00,1,,0,548,0,12000,500,6000,hd,0,7A,7A,"p3,seq=00548,d_pct=00000,v_mv=12000,i_ma=00500,p_mw=06000,mppt=hd,f=0,chk=7A,raw=00"
2026-07-12T18:38:00.926698+00:00,1,,0,549,0,12000,500,6000,hd,0,7B,7B,"p3,seq=00549,d_pct=00000,v_mv=12000,i_ma=00500,p_mw=06000,mppt=hd,f=0,chk=7B,raw=00"
2026-07-12T18:38:01.932561+00:00,1,,0,550,0,12000,500,6000,hd,0,78,78,"p3,seq=00550,d_pct=00000,v_mv=12000,i_ma=00500,p_mw=06000,mppt=hd,f=0,chk=78,raw=00"
2026-07-12T18:38:02.938754+00:00,1,,0,551,0,12000,500,6000,hd,0,79,79,"p3,seq=00551,d_pct=00000,v_mv=12000,i_ma=00500,p_mw=06000,mppt=hd,f=0,chk=79,raw=00"
2026-07-12T18:38:03.946134+00:00,1,,0,552,0,12000,500,6000,hd,0,76,76,"p3,seq=00552,d_pct=00000,v_mv=12000,i_ma=00500,p_mw=06000,mppt=hd,f=0,chk=76,raw=00"
2026-07-12T18:38:04.952426+00:00,1,,0,553,0,12000,500,6000,hd,0,77,77,"p3,seq=00553,d_pct=00000,v_mv=12000,i_ma=00500,p_mw=06000,mppt=hd,f=0,chk=77,raw=00"
2026-07-12T18:38:05.959717+00:00,1,,0,554,0,12000,500,6000,hd,0,74,74,"p3,seq=00554,d_pct=00000,v_mv=12000,i_ma=00500,p_mw=06000,mppt=hd,f=0,chk=74,raw=00"
2026-07-12T18:38:06.967511+00:00,1,,0,555,0,12000,500,6000,hd,0,75,75,"p3,seq=00555,d_pct=00000,v_mv=12000,i_ma=00500,p_mw=06000,mppt=hd,f=0,chk=75,raw=00"
2026-07-12T18:38:07.973282+00:00,1,,0,556,0,12000,500,6000,hd,0,72,72,"p3,seq=00556,d_pct=00000,v_mv=12000,i_ma=00500,p_mw=06000,mppt=hd,f=0,chk=72,raw=00"
2026-07-12T18:38:08.980370+00:00,1,,0,557,0,12000,500,6000,hd,0,73,73,"p3,seq=00557,d_pct=00000,v_mv=12000,i_ma=00500,p_mw=06000,mppt=hd,f=0,chk=73,raw=00"
2026-07-12T18:38:09.993376+00:00,1,,0,558,0,12000,500,6000,hd,0,70,70,"p3,seq=00558,d_pct=00000,v_mv=12000,i_ma=00500,p_mw=06000,mppt=hd,f=0,chk=70,raw=00"
2026-07-12T18:38:10.998738+00:00,1,,0,559,0,12000,500,6000,hd,0,71,71,"p3,seq=00559,d_pct=00000,v_mv=12000,i_ma=00500,p_mw=06000,mppt=hd,f=0,chk=71,raw=00"
2026-07-12T18:38:12.005474+00:00,1,,0,560,0,12000,500,6000,hd,0,6E,6E,"p3,seq=00560,d_pct=00000,v_mv=12000,i_ma=00500,p_mw=06000,mppt=hd,f=0,chk=6E,raw=00"
2026-07-12T18:38:13.012326+00:00,1,,0,561,0,12000,500,6000,hd,0,6F,6F,"p3,seq=00561,d_pct=00000,v_mv=12000,i_ma=00500,p_mw=06000,mppt=hd,f=0,chk=6F,raw=00"
2026-07-12T18:38:14.018023+00:00,1,,0,562,0,12000,500,6000,hd,0,6C,6C,"p3,seq=00562,d_pct=00000,v_mv=12000,i_ma=00500,p_mw=06000,mppt=hd,f=0,chk=6C,raw=00"
2026-07-12T18:38:15.027644+00:00,1,,0,563,0,12000,500,6000,hd,0,6D,6D,"p3,seq=00563,d_pct=00000,v_mv=12000,i_ma=00500,p_mw=06000,mppt=hd,f=0,chk=6D,raw=00"
2026-07-12T18:38:16.035428+00:00,1,,0,564,0,12000,500,6000,hd,0,6A,6A,"p3,seq=00564,d_pct=00000,v_mv=12000,i_ma=00500,p_mw=06000,mppt=hd,f=0,chk=6A,raw=00"
2026-07-12T18:38:17.039793+00:00,1,,0,565,0,12000,500,6000,hd,0,6B,6B,"p3,seq=00565,d_pct=00000,v_mv=12000,i_ma=00500,p_mw=06000,mppt=hd,f=0,chk=6B,raw=00"
2026-07-12T18:38:18.052235+00:00,1,,0,566,0,12000,500,6000,hd,0,68,68,"p3,seq=00566,d_pct=00000,v_mv=12000,i_ma=00500,p_mw=06000,mppt=hd,f=0,chk=68,raw=00"
2026-07-12T18:38:19.057150+00:00,1,,0,567,0,12000,500,6000,hd,0,69,69,"p3,seq=00567,d_pct=00000,v_mv=12000,i_ma=00500,p_mw=06000,mppt=hd,f=0,chk=69,raw=00"
2026-07-12T18:38:20.065090+00:00,1,,0,568,0,12000,500,6000,hd,0,66,66,"p3,seq=00568,d_pct=00000,v_mv=12000,i_ma=00500,p_mw=06000,mppt=hd,f=0,chk=66,raw=00"
2026-07-12T18:38:21.071762+00:00,1,,0,569,0,12000,500,6000,hd,0,67,67,"p3,seq=00569,d_pct=00000,v_mv=12000,i_ma=00500,p_mw=06000,mppt=hd,f=0,chk=67,raw=00"
2026-07-12T18:38:22.079502+00:00,1,,0,570,0,12000,500,6000,hd,0,64,64,"p3,seq=00570,d_pct=00000,v_mv=12000,i_ma=00500,p_mw=06000,mppt=hd,f=0,chk=64,raw=00"
2026-07-12T18:38:23.085354+00:00,1,,0,571,0,12000,500,6000,hd,0,65,65,"p3,seq=00571,d_pct=00000,v_mv=12000,i_ma=00500,p_mw=06000,mppt=hd,f=0,chk=65,raw=00"
2026-07-12T18:38:24.093191+00:00,1,,0,572,0,12000,500,6000,hd,0,62,62,"p3,seq=00572,d_pct=00000,v_mv=12000,i_ma=00500,p_mw=06000,mppt=hd,f=0,chk=62,raw=00"
2026-07-12T18:38:25.099708+00:00,1,,0,573,0,12000,500,6000,hd,0,63,63,"p3,seq=00573,d_pct=00000,v_mv=12000,i_ma=00500,p_mw=06000,mppt=hd,f=0,chk=63,raw=00"
2026-07-12T18:38:26.111167+00:00,1,,0,574,0,12000,500,6000,hd,0,60,60,"p3,seq=00574,d_pct=00000,v_mv=12000,i_ma=00500,p_mw=06000,mppt=hd,f=0,chk=60,raw=00"
2026-07-12T18:38:27.116220+00:00,1,,0,575,0,12000,500,6000,hd,0,61,61,"p3,seq=00575,d_pct=00000,v_mv=12000,i_ma=00500,p_mw=06000,mppt=hd,f=0,chk=61,raw=00"
2026-07-12T18:38:28.123409+00:00,1,,0,576,0,12000,500,6000,hd,0,1E,1E,"p3,seq=00576,d_pct=00000,v_mv=12000,i_ma=00500,p_mw=06000,mppt=hd,f=0,chk=1E,raw=00"
2026-07-12T18:38:29.129754+00:00,1,,0,577,0,12000,500,6000,hd,0,1F,1F,"p3,seq=00577,d_pct=00000,v_mv=12000,i_ma=00500,p_mw=06000,mppt=hd,f=0,chk=1F,raw=00"
2026-07-12T18:38:30.137625+00:00,1,,0,578,0,12000,500,6000,hd,0,1C,1C,"p3,seq=00578,d_pct=00000,v_mv=12000,i_ma=00500,p_mw=06000,mppt=hd,f=0,chk=1C,raw=00"
2026-07-12T18:38:31.145500+00:00,1,,0,579,0,12000,500,6000,hd,0,1D,1D,"p3,seq=00579,d_pct=00000,v_mv=12000,i_ma=00500,p_mw=06000,mppt=hd,f=0,chk=1D,raw=00"
2026-07-12T18:38:32.152677+00:00,1,,0,580,0,12000,500,6000,hd,0,1A,1A,"p3,seq=00580,d_pct=00000,v_mv=12000,i_ma=00500,p_mw=06000,mppt=hd,f=0,chk=1A,raw=00"
2026-07-12T18:38:33.162127+00:00,1,,0,581,0,12000,500,6000,hd,0,1B,1B,"p3,seq=00581,d_pct=00000,v_mv=12000,i_ma=00500,p_mw=06000,mppt=hd,f=0,chk=1B,raw=00"
2026-07-12T18:38:34.169697+00:00,1,,0,582,0,12000,500,6000,hd,0,18,18,"p3,seq=00582,d_pct=00000,v_mv=12000,i_ma=00500,p_mw=06000,mppt=hd,f=0,chk=18,raw=00"
2026-07-12T18:38:35.175956+00:00,1,,0,583,0,12000,500,6000,hd,0,19,19,"p3,seq=00583,d_pct=00000,v_mv=12000,i_ma=00500,p_mw=06000,mppt=hd,f=0,chk=19,raw=00"
2026-07-12T18:38:36.182207+00:00,1,,0,584,0,12000,500,6000,hd,0,16,16,"p3,seq=00584,d_pct=00000,v_mv=12000,i_ma=00500,p_mw=06000,mppt=hd,f=0,chk=16,raw=00"
2026-07-12T18:38:37.190139+00:00,1,,0,585,0,12000,500,6000,hd,0,17,17,"p3,seq=00585,d_pct=00000,v_mv=12000,i_ma=00500,p_mw=06000,mppt=hd,f=0,chk=17,raw=00"
2026-07-12T18:38:38.196266+00:00,1,,0,586,0,12000,500,6000,hd,0,14,14,"p3,seq=00586,d_pct=00000,v_mv=12000,i_ma=00500,p_mw=06000,mppt=hd,f=0,chk=14,raw=00"
2026-07-12T18:38:39.203910+00:00,1,,0,587,0,12000,500,6000,hd,0,15,15,"p3,seq=00587,d_pct=00000,v_mv=12000,i_ma=00500,p_mw=06000,mppt=hd,f=0,chk=15,raw=00"
2026-07-12T18:38:40.210448+00:00,1,,0,588,0,12000,500,6000,hd,0,12,12,"p3,seq=00588,d_pct=00000,v_mv=12000,i_ma=00500,p_mw=06000,mppt=hd,f=0,chk=12,raw=00"
2026-07-12T18:38:41.217333+00:00,1,,0,589,0,12000,500,6000,hd,0,13,13,"p3,seq=00589,d_pct=00000,v_mv=12000,i_ma=00500,p_mw=06000,mppt=hd,f=0,chk=13,raw=00"
2026-07-12T18:38:42.229502+00:00,1,,0,590,0,12000,500,6000,hd,0,10,10,"p3,seq=00590,d_pct=00000,v_mv=12000,i_ma=00500,p_mw=06000,mppt=hd,f=0,chk=10,raw=00"
2026-07-12T18:38:43.235544+00:00,1,,0,591,0,12000,500,6000,hd,0,11,11,"p3,seq=00591,d_pct=00000,v_mv=12000,i_ma=00500,p_mw=06000,mppt=hd,f=0,chk=11,raw=00"
2026-07-12T18:38:44.241097+00:00,1,,0,592,0,12000,500,6000,hd,0,0E,0E,"p3,seq=00592,d_pct=00000,v_mv=12000,i_ma=00500,p_mw=06000,mppt=hd,f=0,chk=0E,raw=00"
2026-07-12T18:38:45.248213+00:00,1,,0,593,0,12000,500,6000,hd,0,0F,0F,"p3,seq=00593,d_pct=00000,v_mv=12000,i_ma=00500,p_mw=06000,mppt=hd,f=0,chk=0F,raw=00"
2026-07-12T18:38:46.255903+00:00,1,,0,594,0,12000,500,6000,hd,0,0C,0C,"p3,seq=00594,d_pct=00000,v_mv=12000,i_ma=00500,p_mw=06000,mppt=hd,f=0,chk=0C,raw=00"
2026-07-12T18:38:47.262834+00:00,1,,0,595,0,12000,500,6000,hd,0,0D,0D,"p3,seq=00595,d_pct=00000,v_mv=12000,i_ma=00500,p_mw=06000,mppt=hd,f=0,chk=0D,raw=00"
2026-07-12T18:38:48.269421+00:00,1,,0,596,0,12000,500,6000,hd,0,0A,0A,"p3,seq=00596,d_pct=00000,v_mv=12000,i_ma=00500,p_mw=06000,mppt=hd,f=0,chk=0A,raw=00"
2026-07-12T18:38:49.280780+00:00,1,,0,597,0,12000,500,6000,hd,0,0B,0B,"p3,seq=00597,d_pct=00000,v_mv=12000,i_ma=00500,p_mw=06000,mppt=hd,f=0,chk=0B,raw=00"
2026-07-12T18:38:50.286225+00:00,1,,0,598,0,12000,500,6000,hd,0,08,08,"p3,seq=00598,d_pct=00000,v_mv=12000,i_ma=00500,p_mw=06000,mppt=hd,f=0,chk=08,raw=00"
2026-07-12T18:38:51.293098+00:00,1,,0,599,0,12000,500,6000,hd,0,09,09,"p3,seq=00599,d_pct=00000,v_mv=12000,i_ma=00500,p_mw=06000,mppt=hd,f=0,chk=09,raw=00"
2026-07-12T18:38:52.300325+00:00,1,,0,600,0,12000,500,6000,hd,0,06,06,"p3,seq=00600,d_pct=00000,v_mv=12000,i_ma=00500,p_mw=06000,mppt=hd,f=0,chk=06,raw=00"
2026-07-12T18:38:53.307766+00:00,1,,0,601,0,12000,500,6000,hd,0,07,07,"p3,seq=00601,d_pct=00000,v_mv=12000,i_ma=00500,p_mw=06000,mppt=hd,f=0,chk=07,raw=00"
2026-07-12T18:38:54.314085+00:00,1,,0,602,0,12000,500,6000,hd,0,04,04,"p3,seq=00602,d_pct=00000,v_mv=12000,i_ma=00500,p_mw=06000,mppt=hd,f=0,chk=04,raw=00"
2026-07-12T18:38:55.321525+00:00,1,,0,603,0,12000,500,6000,hd,0,05,05,"p3,seq=00603,d_pct=00000,v_mv=12000,i_ma=00500,p_mw=06000,mppt=hd,f=0,chk=05,raw=00"
2026-07-12T18:38:56.333525+00:00,1,,0,604,0,12000,500,6000,hd,0,02,02,"p3,seq=00604,d_pct=00000,v_mv=12000,i_ma=00500,p_mw=06000,mppt=hd,f=0,chk=02,raw=00"
2026-07-12T18:38:57.339609+00:00,1,,0,605,0,12000,500,6000,hd,0,03,03,"p3,seq=00605,d_pct=00000,v_mv=12000,i_ma=00500,p_mw=06000,mppt=hd,f=0,chk=03,raw=00"
2026-07-12T18:38:58.345504+00:00,1,,0,606,0,12000,500,6000,hd,0,00,00,"p3,seq=00606,d_pct=00000,v_mv=12000,i_ma=00500,p_mw=06000,mppt=hd,f=0,chk=00,raw=00"
2026-07-12T18:38:59.352773+00:00,1,,0,607,0,12000,500,6000,hd,0,01,01,"p3,seq=00607,d_pct=00000,v_mv=12000,i_ma=00500,p_mw=06000,mppt=hd,f=0,chk=01,raw=00"
2026-07-12T18:39:00.359440+00:00,1,,0,608,0,12000,500,6000,hd,0,3E,3E,"p3,seq=00608,d_pct=00000,v_mv=12000,i_ma=00500,p_mw=06000,mppt=hd,f=0,chk=3E,raw=00"
2026-07-12T18:39:01.367254+00:00,1,,0,609,0,12000,500,6000,hd,0,3F,3F,"p3,seq=00609,d_pct=00000,v_mv=12000,i_ma=00500,p_mw=06000,mppt=hd,f=0,chk=3F,raw=00"
2026-07-12T18:39:02.373461+00:00,1,,0,610,0,12000,500,6000,hd,0,3C,3C,"p3,seq=00610,d_pct=00000,v_mv=12000,i_ma=00500,p_mw=06000,mppt=hd,f=0,chk=3C,raw=00"
2026-07-12T18:39:03.380502+00:00,1,,0,611,0,12000,500,6000,hd,0,3D,3D,"p3,seq=00611,d_pct=00000,v_mv=12000,i_ma=00500,p_mw=06000,mppt=hd,f=0,chk=3D,raw=00"
2026-07-12T18:39:04.386772+00:00,1,,0,612,0,12000,500,6000,hd,0,3A,3A,"p3,seq=00612,d_pct=00000,v_mv=12000,i_ma=00500,p_mw=06000,mppt=hd,f=0,chk=3A,raw=00"
2026-07-12T18:39:05.398166+00:00,1,,0,613,0,12000,500,6000,hd,0,3B,3B,"p3,seq=00613,d_pct=00000,v_mv=12000,i_ma=00500,p_mw=06000,mppt=hd,f=0,chk=3B,raw=00"
2026-07-12T18:39:06.406162+00:00,1,,0,614,0,12000,500,6000,hd,0,38,38,"p3,seq=00614,d_pct=00000,v_mv=12000,i_ma=00500,p_mw=06000,mppt=hd,f=0,chk=38,raw=00"
2026-07-12T18:39:07.411771+00:00,1,,0,615,0,12000,500,6000,hd,0,39,39,"p3,seq=00615,d_pct=00000,v_mv=12000,i_ma=00500,p_mw=06000,mppt=hd,f=0,chk=39,raw=00"
2026-07-12T18:39:08.418766+00:00,1,,0,616,0,12000,500,6000,hd,0,36,36,"p3,seq=00616,d_pct=00000,v_mv=12000,i_ma=00500,p_mw=06000,mppt=hd,f=0,chk=36,raw=00"
2026-07-12T18:39:09.425593+00:00,1,,0,617,0,12000,500,6000,hd,0,37,37,"p3,seq=00617,d_pct=00000,v_mv=12000,i_ma=00500,p_mw=06000,mppt=hd,f=0,chk=37,raw=00"
2026-07-12T18:39:10.432209+00:00,1,,0,618,0,12000,500,6000,hd,0,34,34,"p3,seq=00618,d_pct=00000,v_mv=12000,i_ma=00500,p_mw=06000,mppt=hd,f=0,chk=34,raw=00"
2026-07-12T18:39:11.439473+00:00,1,,0,619,0,12000,500,6000,hd,0,35,35,"p3,seq=00619,d_pct=00000,v_mv=12000,i_ma=00500,p_mw=06000,mppt=hd,f=0,chk=35,raw=00"
2026-07-12T18:39:12.452034+00:00,1,,0,620,0,12000,500,6000,hd,0,32,32,"p3,seq=00620,d_pct=00000,v_mv=12000,i_ma=00500,p_mw=06000,mppt=hd,f=0,chk=32,raw=00"
2026-07-12T18:39:13.456147+00:00,1,,0,621,0,12000,500,6000,hd,0,33,33,"p3,seq=00621,d_pct=00000,v_mv=12000,i_ma=00500,p_mw=06000,mppt=hd,f=0,chk=33,raw=00"
2026-07-12T18:39:14.462850+00:00,1,,0,622,0,12000,500,6000,hd,0,30,30,"p3,seq=00622,d_pct=00000,v_mv=12000,i_ma=00500,p_mw=06000,mppt=hd,f=0,chk=30,raw=00"
2026-07-12T18:39:15.470395+00:00,1,,0,623,0,12000,500,6000,hd,0,31,31,"p3,seq=00623,d_pct=00000,v_mv=12000,i_ma=00500,p_mw=06000,mppt=hd,f=0,chk=31,raw=00"
2026-07-12T18:39:16.476415+00:00,1,,0,624,0,12000,500,6000,hd,0,2E,2E,"p3,seq=00624,d_pct=00000,v_mv=12000,i_ma=00500,p_mw=06000,mppt=hd,f=0,chk=2E,raw=00"
2026-07-12T18:39:17.485106+00:00,1,,0,625,0,12000,500,6000,hd,0,2F,2F,"p3,seq=00625,d_pct=00000,v_mv=12000,i_ma=00500,p_mw=06000,mppt=hd,f=0,chk=2F,raw=00"
2026-07-12T18:39:18.490950+00:00,1,,0,626,0,12000,500,6000,hd,0,2C,2C,"p3,seq=00626,d_pct=00000,v_mv=12000,i_ma=00500,p_mw=06000,mppt=hd,f=0,chk=2C,raw=00"
2026-07-12T18:39:19.503103+00:00,1,,0,627,0,12000,500,6000,hd,0,2D,2D,"p3,seq=00627,d_pct=00000,v_mv=12000,i_ma=00500,p_mw=06000,mppt=hd,f=0,chk=2D,raw=00"
2026-07-12T18:39:20.509765+00:00,1,,0,628,0,12000,500,6000,hd,0,2A,2A,"p3,seq=00628,d_pct=00000,v_mv=12000,i_ma=00500,p_mw=06000,mppt=hd,f=0,chk=2A,raw=00"
2026-07-12T18:39:21.515211+00:00,1,,0,629,0,12000,500,6000,hd,0,2B,2B,"p3,seq=00629,d_pct=00000,v_mv=12000,i_ma=00500,p_mw=06000,mppt=hd,f=0,chk=2B,raw=00"
2026-07-12T18:39:22.522991+00:00,1,,0,630,0,12000,500,6000,hd,0,28,28,"p3,seq=00630,d_pct=00000,v_mv=12000,i_ma=00500,p_mw=06000,mppt=hd,f=0,chk=28,raw=00"
2026-07-12T18:39:23.528659+00:00,1,,0,631,0,12000,500,6000,hd,0,29,29,"p3,seq=00631,d_pct=00000,v_mv=12000,i_ma=00500,p_mw=06000,mppt=hd,f=0,chk=29,raw=00"
2026-07-12T18:39:24.535125+00:00,1,,0,632,0,12000,500,6000,hd,0,26,26,"p3,seq=00632,d_pct=00000,v_mv=12000,i_ma=00500,p_mw=06000,mppt=hd,f=0,chk=26,raw=00"
2026-07-12T18:39:25.542356+00:00,1,,0,633,0,12000,500,6000,hd,0,27,27,"p3,seq=00633,d_pct=00000,v_mv=12000,i_ma=00500,p_mw=06000,mppt=hd,f=0,chk=27,raw=00"
2026-07-12T18:39:26.555148+00:00,1,,0,634,0,12000,500,6000,hd,0,24,24,"p3,seq=00634,d_pct=00000,v_mv=12000,i_ma=00500,p_mw=06000,mppt=hd,f=0,chk=24,raw=00"
2026-07-12T18:39:27.561525+00:00,1,,0,635,0,12000,500,6000,hd,0,25,25,"p3,seq=00635,d_pct=00000,v_mv=12000,i_ma=00500,p_mw=06000,mppt=hd,f=0,chk=25,raw=00"
2026-07-12T18:39:28.566527+00:00,1,,0,636,0,12000,500,6000,hd,0,22,22,"p3,seq=00636,d_pct=00000,v_mv=12000,i_ma=00500,p_mw=06000,mppt=hd,f=0,chk=22,raw=00"
2026-07-12T18:39:29.573457+00:00,1,,0,637,0,12000,500,6000,hd,0,23,23,"p3,seq=00637,d_pct=00000,v_mv=12000,i_ma=00500,p_mw=06000,mppt=hd,f=0,chk=23,raw=00"
2026-07-12T18:39:30.581006+00:00,1,,0,638,0,12000,500,6000,hd,0,20,20,"p3,seq=00638,d_pct=00000,v_mv=12000,i_ma=00500,p_mw=06000,mppt=hd,f=0,chk=20,raw=00"
2026-07-12T18:39:31.587764+00:00,1,,0,639,0,12000,500,6000,hd,0,21,21,"p3,seq=00639,d_pct=00000,v_mv=12000,i_ma=00500,p_mw=06000,mppt=hd,f=0,chk=21,raw=00"
2026-07-12T18:39:32.594529+00:00,1,,0,640,0,12000,500,6000,hd,0,DE,DE,"p3,seq=00640,d_pct=00000,v_mv=12000,i_ma=00500,p_mw=06000,mppt=hd,f=0,chk=DE,raw=00"
2026-07-12T18:39:33.609955+00:00,1,,0,641,0,12000,500,6000,hd,0,DF,DF,"p3,seq=00641,d_pct=00000,v_mv=12000,i_ma=00500,p_mw=06000,mppt=hd,f=0,chk=DF,raw=00"
2026-07-12T18:39:34.612527+00:00,1,,0,642,0,12000,500,6000,hd,0,DC,DC,"p3,seq=00642,d_pct=00000,v_mv=12000,i_ma=00500,p_mw=06000,mppt=hd,f=0,chk=DC,raw=00"
2026-07-12T18:39:35.619885+00:00,1,,0,643,0,12000,500,6000,hd,0,DD,DD,"p3,seq=00643,d_pct=00000,v_mv=12000,i_ma=00500,p_mw=06000,mppt=hd,f=0,chk=DD,raw=00"
2026-07-12T18:39:36.625994+00:00,1,,0,644,0,12000,500,6000,hd,0,DA,DA,"p3,seq=00644,d_pct=00000,v_mv=12000,i_ma=00500,p_mw=06000,mppt=hd,f=0,chk=DA,raw=00"
2026-07-12T18:39:37.633756+00:00,1,,0,645,0,12000,500,6000,hd,0,DB,DB,"p3,seq=00645,d_pct=00000,v_mv=12000,i_ma=00500,p_mw=06000,mppt=hd,f=0,chk=DB,raw=00"
2026-07-12T18:39:38.640257+00:00,1,,0,646,0,12000,500,6000,hd,0,D8,D8,"p3,seq=00646,d_pct=00000,v_mv=12000,i_ma=00500,p_mw=06000,mppt=hd,f=0,chk=D8,raw=00"
2026-07-12T18:39:39.646787+00:00,1,,0,647,0,12000,500,6000,hd,0,D9,D9,"p3,seq=00647,d_pct=00000,v_mv=12000,i_ma=00500,p_mw=06000,mppt=hd,f=0,chk=D9,raw=00"
2026-07-12T18:39:40.655202+00:00,1,,0,648,0,12000,500,6000,hd,0,D6,D6,"p3,seq=00648,d_pct=00000,v_mv=12000,i_ma=00500,p_mw=06000,mppt=hd,f=0,chk=D6,raw=00"
2026-07-12T18:39:41.661441+00:00,1,,0,649,0,12000,500,6000,hd,0,D7,D7,"p3,seq=00649,d_pct=00000,v_mv=12000,i_ma=00500,p_mw=06000,mppt=hd,f=0,chk=D7,raw=00"
2026-07-12T18:39:42.672707+00:00,1,,0,650,0,12000,500,6000,hd,0,D4,D4,"p3,seq=00650,d_pct=00000,v_mv=12000,i_ma=00500,p_mw=06000,mppt=hd,f=0,chk=D4,raw=00"
2026-07-12T18:39:43.678668+00:00,1,,0,651,0,12000,500,6000,hd,0,D5,D5,"p3,seq=00651,d_pct=00000,v_mv=12000,i_ma=00500,p_mw=06000,mppt=hd,f=0,chk=D5,raw=00"
2026-07-12T18:39:57.584477+00:00,1,,,75,100,17100,2030,34713,hd,1,A8,A8,"p3,seq=00075,d_pct=00100,v_mv=17100,i_ma=02030,p_mw=34713,mppt=hd,f=1,chk=A8,raw=FF"
2026-07-12T18:41:20.107304+00:00,1,,,75,100,17100,2030,34713,hd,1,A8,A8,"p3,seq=00075,d_pct=00100,v_mv=17100,i_ma=02030,p_mw=34713,mppt=hd,f=1,chk=A8,raw=FF"
2026-07-13T13:19:26.223874+00:00,1,,,160,23,12200,648,7905,dn,0,7B,7B,"p3,seq=00160,d_pct=00023,v_mv=12200,i_ma=00648,p_mw=07905,mppt=dn,f=0,chk=7B,raw=3C"
2026-07-13T13:19:27.231042+00:00,1,,0,161,25,12280,656,8055,up,0,D4,D4,"p3,seq=00161,d_pct=00025,v_mv=12280,i_ma=00656,p_mw=08055,mppt=up,f=0,chk=D4,raw=40"
2026-07-13T13:19:28.235922+00:00,1,,0,162,26,12360,648,8009,dn,0,5A,5A,"p3,seq=00162,d_pct=00026,v_mv=12360,i_ma=00648,p_mw=08009,mppt=dn,f=0,chk=5A,raw=44"
2026-07-13T13:19:29.248613+00:00,1,,0,163,25,12280,656,8055,up,0,D6,D6,"p3,seq=00163,d_pct=00025,v_mv=12280,i_ma=00656,p_mw=08055,mppt=up,f=0,chk=D6,raw=40"
2026-07-13T13:19:30.256295+00:00,1,,0,164,23,12200,648,7905,dn,1,7E,7E,"p3,seq=00164,d_pct=00023,v_mv=12200,i_ma=00648,p_mw=07905,mppt=dn,f=1,chk=7E,raw=3C"
2026-07-13T13:19:31.260018+00:00,1,,0,165,23,12200,648,7905,hd,1,7D,7D,"p3,seq=00165,d_pct=00023,v_mv=12200,i_ma=00648,p_mw=07905,mppt=hd,f=1,chk=7D,raw=3C"
2026-07-13T13:19:32.267800+00:00,1,,0,166,23,12200,648,7905,hd,1,7E,7E,"p3,seq=00166,d_pct=00023,v_mv=12200,i_ma=00648,p_mw=07905,mppt=hd,f=1,chk=7E,raw=3C"
2026-07-13T13:19:33.272847+00:00,1,,0,167,23,12200,648,7905,hd,1,7F,7F,"p3,seq=00167,d_pct=00023,v_mv=12200,i_ma=00648,p_mw=07905,mppt=hd,f=1,chk=7F,raw=3C"
2026-07-13T13:19:34.286216+00:00,1,,0,168,23,12200,648,7905,hd,1,70,70,"p3,seq=00168,d_pct=00023,v_mv=12200,i_ma=00648,p_mw=07905,mppt=hd,f=1,chk=70,raw=3C"
2026-07-13T13:19:35.292660+00:00,1,,0,169,23,12200,648,7905,hd,0,70,70,"p3,seq=00169,d_pct=00023,v_mv=12200,i_ma=00648,p_mw=07905,mppt=hd,f=0,chk=70,raw=3C"
2026-07-13T13:19:36.296639+00:00,1,,0,170,21,12120,640,7756,dn,0,22,22,"p3,seq=00170,d_pct=00021,v_mv=12120,i_ma=00640,p_mw=07756,mppt=dn,f=0,chk=22,raw=38"
2026-07-13T13:19:37.303381+00:00,1,,0,171,23,12200,648,7905,up,0,73,73,"p3,seq=00171,d_pct=00023,v_mv=12200,i_ma=00648,p_mw=07905,mppt=up,f=0,chk=73,raw=3C"
2026-07-13T13:19:38.314868+00:00,1,,0,172,25,12280,656,8055,up,0,D9,D9,"p3,seq=00172,d_pct=00025,v_mv=12280,i_ma=00656,p_mw=08055,mppt=up,f=0,chk=D9,raw=40"
2026-07-13T13:19:39.323922+00:00,1,,0,173,26,12360,600,7416,dn,0,37,37,"p3,seq=00173,d_pct=00026,v_mv=12360,i_ma=00600,p_mw=07416,mppt=dn,f=0,chk=37,raw=44"
2026-07-13T13:19:40.326400+00:00,1,,0,174,25,12280,592,7269,dn,0,09,09,"p3,seq=00174,d_pct=00025,v_mv=12280,i_ma=00592,p_mw=07269,mppt=dn,f=0,chk=09,raw=40"
2026-07-13T13:19:41.332884+00:00,1,,0,175,26,12360,600,7416,up,0,36,36,"p3,seq=00175,d_pct=00026,v_mv=12360,i_ma=00600,p_mw=07416,mppt=up,f=0,chk=36,raw=44"
2026-07-13T13:19:42.339179+00:00,1,,0,176,28,12440,660,8210,up,0,E9,E9,"p3,seq=00176,d_pct=00028,v_mv=12440,i_ma=00660,p_mw=08210,mppt=up,f=0,chk=E9,raw=48"
2026-07-13T13:19:43.350325+00:00,1,,0,177,29,12520,670,8388,up,0,41,41,"p3,seq=00177,d_pct=00029,v_mv=12520,i_ma=00670,p_mw=08388,mppt=up,f=0,chk=41,raw=4C"
2026-07-13T13:19:44.359682+00:00,1,,0,178,31,12600,904,11390,up,0,2C,2C,"p3,seq=00178,d_pct=00031,v_mv=12600,i_ma=00904,p_mw=11390,mppt=up,f=0,chk=2C,raw=50"
2026-07-13T13:19:45.363322+00:00,1,,0,179,32,12680,922,11690,up,0,61,61,"p3,seq=00179,d_pct=00032,v_mv=12680,i_ma=00922,p_mw=11690,mppt=up,f=0,chk=61,raw=54"
2026-07-13T13:19:46.369840+00:00,1,,0,180,34,12760,940,11994,up,0,7D,7D,"p3,seq=00180,d_pct=00034,v_mv=12760,i_ma=00940,p_mw=11994,mppt=up,f=0,chk=7D,raw=58"
2026-07-13T13:19:47.381871+00:00,1,,0,181,36,12840,958,12300,up,0,57,57,"p3,seq=00181,d_pct=00036,v_mv=12840,i_ma=00958,p_mw=12300,mppt=up,f=0,chk=57,raw=5C"
2026-07-13T13:19:48.386422+00:00,1,,0,182,37,12920,976,12609,up,0,1B,1B,"p3,seq=00182,d_pct=00037,v_mv=12920,i_ma=00976,p_mw=12609,mppt=up,f=0,chk=1B,raw=60"
2026-07-13T13:19:49.394625+00:00,1,,0,183,39,13000,958,12454,dn,1,26,26,"p3,seq=00183,d_pct=00039,v_mv=13000,i_ma=00958,p_mw=12454,mppt=dn,f=1,chk=26,raw=64"
2026-07-13T13:19:50.401316+00:00,1,,0,184,39,13000,958,12454,hd,1,2B,2B,"p3,seq=00184,d_pct=00039,v_mv=13000,i_ma=00958,p_mw=12454,mppt=hd,f=1,chk=2B,raw=64"
2026-07-13T13:19:51.406001+00:00,1,,0,185,39,13000,958,12454,hd,0,2B,2B,"p3,seq=00185,d_pct=00039,v_mv=13000,i_ma=00958,p_mw=12454,mppt=hd,f=0,chk=2B,raw=64"
2026-07-13T13:19:52.419341+00:00,1,,0,186,40,13080,940,12295,dn,0,4B,4B,"p3,seq=00186,d_pct=00040,v_mv=13080,i_ma=00940,p_mw=12295,mppt=dn,f=0,chk=4B,raw=68"
2026-07-13T13:19:53.423788+00:00,1,,0,187,39,13000,958,12454,up,0,28,28,"p3,seq=00187,d_pct=00039,v_mv=13000,i_ma=00958,p_mw=12454,mppt=up,f=0,chk=28,raw=64"
2026-07-13T13:19:54.430793+00:00,1,,0,188,37,12920,976,12609,up,0,11,11,"p3,seq=00188,d_pct=00037,v_mv=12920,i_ma=00976,p_mw=12609,mppt=up,f=0,chk=11,raw=60"
2026-07-13T13:19:55.436710+00:00,1,,0,189,36,12840,958,12300,dn,0,5C,5C,"p3,seq=00189,d_pct=00036,v_mv=12840,i_ma=00958,p_mw=12300,mppt=dn,f=0,chk=5C,raw=5C"
2026-07-13T13:19:56.447874+00:00,1,,0,190,37,12920,976,12609,up,0,13,13,"p3,seq=00190,d_pct=00037,v_mv=12920,i_ma=00976,p_mw=12609,mppt=up,f=0,chk=13,raw=60"
2026-07-13T13:19:57.452970+00:00,1,,0,191,39,13000,958,12454,dn,0,2F,2F,"p3,seq=00191,d_pct=00039,v_mv=13000,i_ma=00958,p_mw=12454,mppt=dn,f=0,chk=2F,raw=64"
2026-07-13T13:19:58.459628+00:00,1,,0,192,37,12920,976,12609,up,0,6D,6D,"p3,seq=00192,d_pct=00037,v_mv=12920,i_ma=00976,p_mw=12609,mppt=up,f=0,chk=6D,raw=60"
2026-07-13T13:19:59.466434+00:00,1,,0,193,36,12840,958,12300,dn,0,20,20,"p3,seq=00193,d_pct=00036,v_mv=12840,i_ma=00958,p_mw=12300,mppt=dn,f=0,chk=20,raw=5C"
2026-07-13T13:20:00.474753+00:00,1,,0,194,37,12920,1104,14263,up,0,18,18,"p3,seq=00194,d_pct=00037,v_mv=12920,i_ma=01104,p_mw=14263,mppt=up,f=0,chk=18,raw=60"
2026-07-13T13:20:01.483626+00:00,1,,0,195,39,13000,1082,14066,dn,0,82,82,"p3,seq=00195,d_pct=00039,v_mv=13000,i_ma=01082,p_mw=14066,mppt=dn,f=0,chk=82,raw=64"
2026-07-13T13:20:02.492649+00:00,1,,0,196,37,12920,1104,14263,up,0,1E,1E,"p3,seq=00196,d_pct=00037,v_mv=12920,i_ma=01104,p_mw=14263,mppt=up,f=0,chk=1E,raw=60"
2026-07-13T13:20:03.496208+00:00,1,,0,197,36,12840,1082,13892,dn,0,E9,E9,"p3,seq=00197,d_pct=00036,v_mv=12840,i_ma=01082,p_mw=13892,mppt=dn,f=0,chk=E9,raw=5C"
2026-07-13T13:20:04.503911+00:00,1,,0,198,37,12920,1104,14263,up,0,1C,1C,"p3,seq=00198,d_pct=00037,v_mv=12920,i_ma=01104,p_mw=14263,mppt=up,f=0,chk=1C,raw=60"
2026-07-13T13:20:05.514518+00:00,1,,0,199,39,13000,1082,14066,dn,0,86,86,"p3,seq=00199,d_pct=00039,v_mv=13000,i_ma=01082,p_mw=14066,mppt=dn,f=0,chk=86,raw=64"
2026-07-13T13:20:06.519763+00:00,1,,0,200,37,12920,1104,14263,up,0,12,12,"p3,seq=00200,d_pct=00037,v_mv=12920,i_ma=01104,p_mw=14263,mppt=up,f=0,chk=12,raw=60"
2026-07-13T13:20:07.527920+00:00,1,,0,201,36,12840,1082,13892,dn,0,E5,E5,"p3,seq=00201,d_pct=00036,v_mv=12840,i_ma=01082,p_mw=13892,mppt=dn,f=0,chk=E5,raw=5C"
2026-07-13T13:20:08.532647+00:00,1,,0,202,37,12920,1104,14263,up,0,10,10,"p3,seq=00202,d_pct=00037,v_mv=12920,i_ma=01104,p_mw=14263,mppt=up,f=0,chk=10,raw=60"
2026-07-13T13:20:09.542101+00:00,1,,0,203,39,13000,1082,14066,dn,0,8A,8A,"p3,seq=00203,d_pct=00039,v_mv=13000,i_ma=01082,p_mw=14066,mppt=dn,f=0,chk=8A,raw=64"
2026-07-13T13:20:10.553033+00:00,1,,0,204,37,12920,1104,14263,up,0,16,16,"p3,seq=00204,d_pct=00037,v_mv=12920,i_ma=01104,p_mw=14263,mppt=up,f=0,chk=16,raw=60"
2026-07-13T13:20:11.556523+00:00,1,,0,205,36,12840,1082,13892,dn,0,E1,E1,"p3,seq=00205,d_pct=00036,v_mv=12840,i_ma=01082,p_mw=13892,mppt=dn,f=0,chk=E1,raw=5C"
2026-07-13T13:20:12.562970+00:00,1,,0,206,37,12920,752,9715,dn,0,E7,E7,"p3,seq=00206,d_pct=00037,v_mv=12920,i_ma=00752,p_mw=09715,mppt=dn,f=0,chk=E7,raw=60"
2026-07-13T13:20:13.569362+00:00,1,,0,207,36,12840,730,9373,dn,0,CE,CE,"p3,seq=00207,d_pct=00036,v_mv=12840,i_ma=00730,p_mw=09373,mppt=dn,f=0,chk=CE,raw=5C"
2026-07-13T13:20:14.581917+00:00,1,,0,208,37,12920,752,9715,up,0,FA,FA,"p3,seq=00208,d_pct=00037,v_mv=12920,i_ma=00752,p_mw=09715,mppt=up,f=0,chk=FA,raw=60"
2026-07-13T13:20:15.587787+00:00,1,,0,209,39,13000,774,10062,up,0,05,05,"p3,seq=00209,d_pct=00039,v_mv=13000,i_ma=00774,p_mw=10062,mppt=up,f=0,chk=05,raw=64"
2026-07-13T13:20:16.593151+00:00,1,,0,210,40,13080,796,10411,up,0,24,24,"p3,seq=00210,d_pct=00040,v_mv=13080,i_ma=00796,p_mw=10411,mppt=up,f=0,chk=24,raw=68"
2026-07-13T13:20:17.600419+00:00,1,,0,211,42,13160,818,10764,up,0,D8,D8,"p3,seq=00211,d_pct=00042,v_mv=13160,i_ma=00818,p_mw=10764,mppt=up,f=0,chk=D8,raw=6C"
2026-07-13T13:20:18.606254+00:00,1,,0,212,43,13240,1016,13451,up,0,41,41,"p3,seq=00212,d_pct=00043,v_mv=13240,i_ma=01016,p_mw=13451,mppt=up,f=0,chk=41,raw=70"
2026-07-13T13:20:19.620006+00:00,1,,0,213,45,13320,994,13240,dn,0,D8,D8,"p3,seq=00213,d_pct=00045,v_mv=13320,i_ma=00994,p_mw=13240,mppt=dn,f=0,chk=D8,raw=74"
2026-07-13T13:20:20.625551+00:00,1,,0,214,43,13240,1016,13451,up,0,43,43,"p3,seq=00214,d_pct=00043,v_mv=13240,i_ma=01016,p_mw=13451,mppt=up,f=0,chk=43,raw=70"
2026-07-13T13:20:21.629186+00:00,1,,0,215,42,13160,1038,13660,up,0,A8,A8,"p3,seq=00215,d_pct=00042,v_mv=13160,i_ma=01038,p_mw=13660,mppt=up,f=0,chk=A8,raw=6C"
2026-07-13T13:20:22.637557+00:00,1,,0,216,40,13080,1060,13864,up,0,8C,8C,"p3,seq=00216,d_pct=00040,v_mv=13080,i_ma=01060,p_mw=13864,mppt=up,f=0,chk=8C,raw=68"
2026-07-13T13:20:23.646836+00:00,1,,0,217,39,13000,834,10842,dn,0,53,53,"p3,seq=00217,d_pct=00039,v_mv=13000,i_ma=00834,p_mw=10842,mppt=dn,f=0,chk=53,raw=64"
2026-07-13T13:20:24.655230+00:00,1,,0,218,40,13080,820,10725,dn,0,48,48,"p3,seq=00218,d_pct=00040,v_mv=13080,i_ma=00820,p_mw=10725,mppt=dn,f=0,chk=48,raw=68"
2026-07-13T13:20:25.661885+00:00,1,,0,219,39,13000,722,9386,dn,0,3E,3E,"p3,seq=00219,d_pct=00039,v_mv=13000,i_ma=00722,p_mw=09386,mppt=dn,f=0,chk=3E,raw=64"
2026-07-13T13:20:26.665900+00:00,1,,0,220,40,13080,664,8685,dn,0,E3,E3,"p3,seq=00220,d_pct=00040,v_mv=13080,i_ma=00664,p_mw=08685,mppt=dn,f=0,chk=E3,raw=68"
2026-07-13T13:20:27.673748+00:00,1,,0,221,39,13000,676,8788,up,0,B5,B5,"p3,seq=00221,d_pct=00039,v_mv=13000,i_ma=00676,p_mw=08788,mppt=up,f=0,chk=B5,raw=64"
2026-07-13T13:20:28.683685+00:00,1,,0,222,37,12920,592,7648,dn,0,7C,7C,"p3,seq=00222,d_pct=00037,v_mv=12920,i_ma=00592,p_mw=07648,mppt=dn,f=0,chk=7C,raw=60"
2026-07-13T13:20:29.691260+00:00,1,,0,223,39,13000,584,7592,dn,0,9B,9B,"p3,seq=00223,d_pct=00039,v_mv=13000,i_ma=00584,p_mw=07592,mppt=dn,f=0,chk=9B,raw=64"
2026-07-13T13:20:30.697069+00:00,1,,0,224,37,12920,592,7648,up,0,41,41,"p3,seq=00224,d_pct=00037,v_mv=12920,i_ma=00592,p_mw=07648,mppt=up,f=0,chk=41,raw=60"
2026-07-13T13:20:31.702678+00:00,1,,0,225,36,12840,600,7704,up,0,DE,DE,"p3,seq=00225,d_pct=00036,v_mv=12840,i_ma=00600,p_mw=07704,mppt=up,f=0,chk=DE,raw=5C"
2026-07-13T13:20:32.710779+00:00,1,,0,226,34,12760,608,7758,up,0,42,42,"p3,seq=00226,d_pct=00034,v_mv=12760,i_ma=00608,p_mw=07758,mppt=up,f=0,chk=42,raw=58"
2026-07-13T13:20:33.720207+00:00,1,,0,227,32,12680,616,7810,up,0,D9,D9,"p3,seq=00227,d_pct=00032,v_mv=12680,i_ma=00616,p_mw=07810,mppt=up,f=0,chk=D9,raw=54"
2026-07-13T13:20:34.727008+00:00,1,,0,228,31,12600,624,7862,up,0,79,79,"p3,seq=00228,d_pct=00031,v_mv=12600,i_ma=00624,p_mw=07862,mppt=up,f=0,chk=79,raw=50"
2026-07-13T13:20:35.733912+00:00,1,,0,229,29,12520,632,7912,up,0,E1,E1,"p3,seq=00229,d_pct=00029,v_mv=12520,i_ma=00632,p_mw=07912,mppt=up,f=0,chk=E1,raw=4C"
2026-07-13T13:20:36.739417+00:00,1,,0,230,28,12440,640,7961,up,0,9F,9F,"p3,seq=00230,d_pct=00028,v_mv=12440,i_ma=00640,p_mw=07961,mppt=up,f=0,chk=9F,raw=48"
2026-07-13T13:20:37.751480+00:00,1,,0,231,26,12360,648,8009,up,0,1C,1C,"p3,seq=00231,d_pct=00026,v_mv=12360,i_ma=00648,p_mw=08009,mppt=up,f=0,chk=1C,raw=44"
2026-07-13T13:20:38.756338+00:00,1,,0,232,25,12280,656,8055,up,0,9D,9D,"p3,seq=00232,d_pct=00025,v_mv=12280,i_ma=00656,p_mw=08055,mppt=up,f=0,chk=9D,raw=40"
2026-07-13T13:20:39.762607+00:00,1,,0,233,23,12200,648,7905,dn,0,32,32,"p3,seq=00233,d_pct=00023,v_mv=12200,i_ma=00648,p_mw=07905,mppt=dn,f=0,chk=32,raw=3C"
2026-07-13T13:20:40.769107+00:00,1,,0,234,25,12280,656,8055,up,0,9F,9F,"p3,seq=00234,d_pct=00025,v_mv=12280,i_ma=00656,p_mw=08055,mppt=up,f=0,chk=9F,raw=40"
2026-07-13T13:20:41.775768+00:00,1,,0,235,26,12360,648,8009,dn,0,13,13,"p3,seq=00235,d_pct=00026,v_mv=12360,i_ma=00648,p_mw=08009,mppt=dn,f=0,chk=13,raw=44"
2026-07-13T13:20:42.787869+00:00,1,,0,236,25,12280,656,8055,up,0,99,99,"p3,seq=00236,d_pct=00025,v_mv=12280,i_ma=00656,p_mw=08055,mppt=up,f=0,chk=99,raw=40"
2026-07-13T13:20:43.793254+00:00,1,,0,237,23,12200,648,7905,dn,0,36,36,"p3,seq=00237,d_pct=00023,v_mv=12200,i_ma=00648,p_mw=07905,mppt=dn,f=0,chk=36,raw=3C"
2026-07-13T13:20:44.799424+00:00,1,,0,238,25,12280,656,8055,up,0,9B,9B,"p3,seq=00238,d_pct=00025,v_mv=12280,i_ma=00656,p_mw=08055,mppt=up,f=0,chk=9B,raw=40"
2026-07-13T13:20:45.805600+00:00,1,,0,239,26,12360,648,8009,dn,0,17,17,"p3,seq=00239,d_pct=00026,v_mv=12360,i_ma=00648,p_mw=08009,mppt=dn,f=0,chk=17,raw=44"
2026-07-13T13:20:46.817678+00:00,1,,0,240,25,12280,656,8055,up,0,85,85,"p3,seq=00240,d_pct=00025,v_mv=12280,i_ma=00656,p_mw=08055,mppt=up,f=0,chk=85,raw=40"
2026-07-13T13:20:47.823774+00:00,1,,0,241,23,12200,648,7905,dn,0,2A,2A,"p3,seq=00241,d_pct=00023,v_mv=12200,i_ma=00648,p_mw=07905,mppt=dn,f=0,chk=2A,raw=3C"
2026-07-13T13:20:48.830197+00:00,1,,0,242,25,12280,656,8055,up,0,87,87,"p3,seq=00242,d_pct=00025,v_mv=12280,i_ma=00656,p_mw=08055,mppt=up,f=0,chk=87,raw=40"
2026-07-13T13:20:49.837159+00:00,1,,0,243,26,12360,648,8009,dn,0,0B,0B,"p3,seq=00243,d_pct=00026,v_mv=12360,i_ma=00648,p_mw=08009,mppt=dn,f=0,chk=0B,raw=44"
2026-07-13T13:21:41.212642+00:00,1,,,294,25,12280,656,8055,up,0,52,52,"p3,seq=00294,d_pct=00025,v_mv=12280,i_ma=00656,p_mw=08055,mppt=up,f=0,chk=52,raw=40"
2026-07-13T13:21:42.218456+00:00,1,,0,295,23,12200,648,7905,dn,0,FD,FD,"p3,seq=00295,d_pct=00023,v_mv=12200,i_ma=00648,p_mw=07905,mppt=dn,f=0,chk=FD,raw=3C"
2026-07-13T13:21:43.231400+00:00,1,,0,296,25,12280,656,8055,up,0,5C,5C,"p3,seq=00296,d_pct=00025,v_mv=12280,i_ma=00656,p_mw=08055,mppt=up,f=0,chk=5C,raw=40"
2026-07-13T13:21:44.236688+00:00,1,,0,297,26,12360,632,7811,dn,0,EB,EB,"p3,seq=00297,d_pct=00026,v_mv=12360,i_ma=00632,p_mw=07811,mppt=dn,f=0,chk=EB,raw=44"
2026-07-13T13:21:45.244490+00:00,1,,0,298,25,12280,624,7662,dn,0,26,26,"p3,seq=00298,d_pct=00025,v_mv=12280,i_ma=00624,p_mw=07662,mppt=dn,f=0,chk=26,raw=40"
2026-07-13T13:21:46.250841+00:00,1,,0,299,26,12360,632,7811,up,0,EA,EA,"p3,seq=00299,d_pct=00026,v_mv=12360,i_ma=00632,p_mw=07811,mppt=up,f=0,chk=EA,raw=44"
2026-07-13T13:21:47.257159+00:00,1,,0,300,28,12440,640,7961,up,0,54,54,"p3,seq=00300,d_pct=00028,v_mv=12440,i_ma=00640,p_mw=07961,mppt=up,f=0,chk=54,raw=48"
2026-07-13T13:21:48.268765+00:00,1,,0,301,29,12520,632,7912,dn,0,2B,2B,"p3,seq=00301,d_pct=00029,v_mv=12520,i_ma=00632,p_mw=07912,mppt=dn,f=0,chk=2B,raw=4C"
2026-07-13T13:21:49.274795+00:00,1,,0,302,28,12440,640,7961,up,0,56,56,"p3,seq=00302,d_pct=00028,v_mv=12440,i_ma=00640,p_mw=07961,mppt=up,f=0,chk=56,raw=48"
2026-07-13T13:21:50.280979+00:00,1,,0,303,26,12360,648,8009,up,0,D5,D5,"p3,seq=00303,d_pct=00026,v_mv=12360,i_ma=00648,p_mw=08009,mppt=up,f=0,chk=D5,raw=44"
2026-07-13T13:21:51.288359+00:00,1,,0,304,25,12280,528,6483,dn,0,E5,E5,"p3,seq=00304,d_pct=00025,v_mv=12280,i_ma=00528,p_mw=06483,mppt=dn,f=0,chk=E5,raw=40"
2026-07-13T13:21:52.294638+00:00,1,,0,305,26,12360,604,7465,up,0,7D,7D,"p3,seq=00305,d_pct=00026,v_mv=12360,i_ma=00604,p_mw=07465,mppt=up,f=0,chk=7D,raw=44"
2026-07-13T13:21:53.300859+00:00,1,,0,306,28,12440,616,7663,up,0,56,56,"p3,seq=00306,d_pct=00028,v_mv=12440,i_ma=00616,p_mw=07663,mppt=up,f=0,chk=56,raw=48"
2026-07-13T13:21:54.312352+00:00,1,,0,307,29,12520,484,6059,dn,1,E1,E1,"p3,seq=00307,d_pct=00029,v_mv=12520,i_ma=00484,p_mw=06059,mppt=dn,f=1,chk=E1,raw=4C"
2026-07-13T13:21:55.318257+00:00,1,,0,308,29,12520,484,6059,hd,1,E4,E4,"p3,seq=00308,d_pct=00029,v_mv=12520,i_ma=00484,p_mw=06059,mppt=hd,f=1,chk=E4,raw=4C"
2026-07-13T13:21:56.324906+00:00,1,,0,309,29,12520,484,6059,hd,0,E4,E4,"p3,seq=00309,d_pct=00029,v_mv=12520,i_ma=00484,p_mw=06059,mppt=hd,f=0,chk=E4,raw=4C"
2026-07-13T13:21:57.331058+00:00,1,,0,310,31,12600,496,6249,up,0,F0,F0,"p3,seq=00310,d_pct=00031,v_mv=12600,i_ma=00496,p_mw=06249,mppt=up,f=0,chk=F0,raw=50"
2026-07-13T13:21:58.338253+00:00,1,,0,311,32,12680,508,6441,up,0,37,37,"p3,seq=00311,d_pct=00032,v_mv=12680,i_ma=00508,p_mw=06441,mppt=up,f=0,chk=37,raw=54"
2026-07-13T13:21:59.349497+00:00,1,,0,312,34,12760,480,6124,dn,0,B2,B2,"p3,seq=00312,d_pct=00034,v_mv=12760,i_ma=00480,p_mw=06124,mppt=dn,f=0,chk=B2,raw=58"
2026-07-13T13:22:00.356382+00:00,1,,0,313,32,12680,600,7608,up,0,0B,0B,"p3,seq=00313,d_pct=00032,v_mv=12680,i_ma=00600,p_mw=07608,mppt=up,f=0,chk=0B,raw=54"
2026-07-13T13:22:01.362624+00:00,1,,0,314,31,12600,656,8265,up,0,87,87,"p3,seq=00314,d_pct=00031,v_mv=12600,i_ma=00656,p_mw=08265,mppt=up,f=0,chk=87,raw=50"
2026-07-13T13:22:02.370297+00:00,1,,0,315,29,12520,632,7912,dn,0,3D,3D,"p3,seq=00315,d_pct=00029,v_mv=12520,i_ma=00632,p_mw=07912,mppt=dn,f=0,chk=3D,raw=4C"
2026-07-13T13:22:03.376981+00:00,1,,0,316,31,12600,624,7862,dn,0,A3,A3,"p3,seq=00316,d_pct=00031,v_mv=12600,i_ma=00624,p_mw=07862,mppt=dn,f=0,chk=A3,raw=50"
2026-07-13T13:22:04.386794+00:00,1,,0,317,29,12520,632,7912,up,0,38,38,"p3,seq=00317,d_pct=00029,v_mv=12520,i_ma=00632,p_mw=07912,mppt=up,f=0,chk=38,raw=4C"
2026-07-13T13:22:05.394764+00:00,1,,0,318,28,12440,640,7961,up,0,46,46,"p3,seq=00318,d_pct=00028,v_mv=12440,i_ma=00640,p_mw=07961,mppt=up,f=0,chk=46,raw=48"
2026-07-13T13:22:06.399412+00:00,1,,0,319,26,12360,648,8009,up,0,C5,C5,"p3,seq=00319,d_pct=00026,v_mv=12360,i_ma=00648,p_mw=08009,mppt=up,f=0,chk=C5,raw=44"
2026-07-13T13:22:07.404962+00:00,1,,0,320,25,12280,656,8055,up,0,34,34,"p3,seq=00320,d_pct=00025,v_mv=12280,i_ma=00656,p_mw=08055,mppt=up,f=0,chk=34,raw=40"
2026-07-13T13:22:08.413641+00:00,1,,0,321,23,12200,648,7905,dn,0,9B,9B,"p3,seq=00321,d_pct=00023,v_mv=12200,i_ma=00648,p_mw=07905,mppt=dn,f=0,chk=9B,raw=3C"
2026-07-13T13:22:09.422896+00:00,1,,0,322,25,12280,656,8055,up,0,36,36,"p3,seq=00322,d_pct=00025,v_mv=12280,i_ma=00656,p_mw=08055,mppt=up,f=0,chk=36,raw=40"
2026-07-13T13:22:10.431455+00:00,1,,0,323,26,12360,648,8009,dn,0,BA,BA,"p3,seq=00323,d_pct=00026,v_mv=12360,i_ma=00648,p_mw=08009,mppt=dn,f=0,chk=BA,raw=44"
2026-07-13T13:22:11.434062+00:00,1,,0,324,25,12280,656,8055,up,0,30,30,"p3,seq=00324,d_pct=00025,v_mv=12280,i_ma=00656,p_mw=08055,mppt=up,f=0,chk=30,raw=40"
2026-07-13T13:22:12.442815+00:00,1,,0,325,23,12200,648,7905,dn,0,9F,9F,"p3,seq=00325,d_pct=00023,v_mv=12200,i_ma=00648,p_mw=07905,mppt=dn,f=0,chk=9F,raw=3C"
2026-07-13T13:22:13.454050+00:00,1,,0,326,25,12280,656,8055,up,0,32,32,"p3,seq=00326,d_pct=00025,v_mv=12280,i_ma=00656,p_mw=08055,mppt=up,f=0,chk=32,raw=40"
2026-07-13T13:22:14.459178+00:00,1,,0,327,26,12360,648,8009,dn,0,BE,BE,"p3,seq=00327,d_pct=00026,v_mv=12360,i_ma=00648,p_mw=08009,mppt=dn,f=0,chk=BE,raw=44"
2026-07-13T13:22:15.465527+00:00,1,,0,328,25,12280,656,8055,up,0,3C,3C,"p3,seq=00328,d_pct=00025,v_mv=12280,i_ma=00656,p_mw=08055,mppt=up,f=0,chk=3C,raw=40"
2026-07-13T13:22:16.471407+00:00,1,,0,329,23,12200,648,7905,dn,0,93,93,"p3,seq=00329,d_pct=00023,v_mv=12200,i_ma=00648,p_mw=07905,mppt=dn,f=0,chk=93,raw=3C"
2026-07-13T13:22:17.483294+00:00,1,,0,330,25,12280,656,8055,up,0,3E,3E,"p3,seq=00330,d_pct=00025,v_mv=12280,i_ma=00656,p_mw=08055,mppt=up,f=0,chk=3E,raw=40"
2026-07-13T13:22:18.488816+00:00,1,,0,331,26,12360,648,8009,dn,0,B2,B2,"p3,seq=00331,d_pct=00026,v_mv=12360,i_ma=00648,p_mw=08009,mppt=dn,f=0,chk=B2,raw=44"
2026-07-13T13:22:19.495104+00:00,1,,0,332,25,12280,656,8055,up,0,38,38,"p3,seq=00332,d_pct=00025,v_mv=12280,i_ma=00656,p_mw=08055,mppt=up,f=0,chk=38,raw=40"
2026-07-13T13:22:20.501322+00:00,1,,0,333,23,12200,648,7905,dn,0,97,97,"p3,seq=00333,d_pct=00023,v_mv=12200,i_ma=00648,p_mw=07905,mppt=dn,f=0,chk=97,raw=3C"
2026-07-13T13:22:21.509370+00:00,1,,0,334,25,12280,656,8055,up,0,3A,3A,"p3,seq=00334,d_pct=00025,v_mv=12280,i_ma=00656,p_mw=08055,mppt=up,f=0,chk=3A,raw=40"
2026-07-13T13:22:22.521949+00:00,1,,0,335,26,12360,648,8009,dn,0,B6,B6,"p3,seq=00335,d_pct=00026,v_mv=12360,i_ma=00648,p_mw=08009,mppt=dn,f=0,chk=B6,raw=44"
2026-07-13T13:22:23.525578+00:00,1,,0,336,25,12280,656,8055,up,0,24,24,"p3,seq=00336,d_pct=00025,v_mv=12280,i_ma=00656,p_mw=08055,mppt=up,f=0,chk=24,raw=40"
2026-07-13T13:22:24.532383+00:00,1,,0,337,23,12200,648,7905,dn,0,8B,8B,"p3,seq=00337,d_pct=00023,v_mv=12200,i_ma=00648,p_mw=07905,mppt=dn,f=0,chk=8B,raw=3C"
2026-07-13T13:22:25.538367+00:00,1,,0,338,25,12280,656,8055,up,0,26,26,"p3,seq=00338,d_pct=00025,v_mv=12280,i_ma=00656,p_mw=08055,mppt=up,f=0,chk=26,raw=40"
2026-07-13T13:22:26.549766+00:00,1,,0,339,26,12360,648,8009,dn,0,AA,AA,"p3,seq=00339,d_pct=00026,v_mv=12360,i_ma=00648,p_mw=08009,mppt=dn,f=0,chk=AA,raw=44"
2026-07-13T13:22:27.555486+00:00,1,,0,340,25,12280,656,8055,up,0,20,20,"p3,seq=00340,d_pct=00025,v_mv=12280,i_ma=00656,p_mw=08055,mppt=up,f=0,chk=20,raw=40"
2026-07-13T13:22:28.561420+00:00,1,,0,341,23,12200,648,7905,dn,0,8F,8F,"p3,seq=00341,d_pct=00023,v_mv=12200,i_ma=00648,p_mw=07905,mppt=dn,f=0,chk=8F,raw=3C"
2026-07-13T13:22:29.568669+00:00,1,,0,342,25,12280,656,8055,up,0,22,22,"p3,seq=00342,d_pct=00025,v_mv=12280,i_ma=00656,p_mw=08055,mppt=up,f=0,chk=22,raw=40"
2026-07-13T13:22:30.575468+00:00,1,,0,343,26,12360,648,8009,dn,0,AE,AE,"p3,seq=00343,d_pct=00026,v_mv=12360,i_ma=00648,p_mw=08009,mppt=dn,f=0,chk=AE,raw=44"
2026-07-13T13:22:31.587229+00:00,1,,0,344,25,12280,656,8055,up,0,2C,2C,"p3,seq=00344,d_pct=00025,v_mv=12280,i_ma=00656,p_mw=08055,mppt=up,f=0,chk=2C,raw=40"
2026-07-13T13:27:33.877179+00:00,1,,,236,25,12280,656,8055,up,0,99,99,55.0,-1.945,10.0,discharging,27.5,50.0,"p3,seq=00236,d_pct=00025,v_mv=12280,i_ma=00656,p_mw=08055,mppt=up,f=0,chk=99,raw=40"
2026-07-13T13:29:32.676894+00:00,1,,,762,25,12280,656,8055,up,0,8D,8D,54.994,-1.945,10.0,discharging,27.4972,50.0,"p3,seq=00762,d_pct=00025,v_mv=12280,i_ma=00656,p_mw=08055,mppt=up,f=0,chk=8D,raw=40"
2026-07-13T13:29:33.683623+00:00,1,,0,763,26,12360,648,8009,dn,0,01,01,54.993,-1.991,10.0,discharging,27.4966,50.0,"p3,seq=00763,d_pct=00026,v_mv=12360,i_ma=00648,p_mw=08009,mppt=dn,f=0,chk=01,raw=44"
2026-07-13T13:29:34.690425+00:00,1,,0,764,25,12280,656,8055,up,0,8B,8B,54.992,-1.945,10.0,discharging,27.496,50.0,"p3,seq=00764,d_pct=00025,v_mv=12280,i_ma=00656,p_mw=08055,mppt=up,f=0,chk=8B,raw=40"
2026-07-13T13:29:35.695915+00:00,1,,0,765,23,12200,648,7905,dn,0,24,24,54.991,-2.095,10.0,discharging,27.4954,50.0,"p3,seq=00765,d_pct=00023,v_mv=12200,i_ma=00648,p_mw=07905,mppt=dn,f=0,chk=24,raw=3C"
2026-07-13T13:29:36.708557+00:00,1,,0,766,25,12280,656,8055,up,0,89,89,54.99,-1.945,10.0,discharging,27.4948,50.0,"p3,seq=00766,d_pct=00025,v_mv=12280,i_ma=00656,p_mw=08055,mppt=up,f=0,chk=89,raw=40"
2026-07-13T13:29:37.713537+00:00,1,,0,767,26,12360,648,8009,dn,0,05,05,54.988,-1.991,10.0,discharging,27.4942,50.0,"p3,seq=00767,d_pct=00026,v_mv=12360,i_ma=00648,p_mw=08009,mppt=dn,f=0,chk=05,raw=44"
2026-07-13T13:29:38.720576+00:00,1,,0,768,25,12280,624,7662,dn,0,0E,0E,54.987,-2.338,10.0,discharging,27.4935,50.0,"p3,seq=00768,d_pct=00025,v_mv=12280,i_ma=00624,p_mw=07662,mppt=dn,f=0,chk=0E,raw=40"
2026-07-13T13:29:39.726927+00:00,1,,0,769,26,12360,632,7811,up,0,C2,C2,54.986,-2.189,10.0,discharging,27.4929,50.0,"p3,seq=00769,d_pct=00026,v_mv=12360,i_ma=00632,p_mw=07811,mppt=up,f=0,chk=C2,raw=44"
2026-07-13T13:29:40.732372+00:00,1,,0,770,28,12440,640,7961,up,0,78,78,54.985,-2.039,10.0,discharging,27.4923,50.0,"p3,seq=00770,d_pct=00028,v_mv=12440,i_ma=00640,p_mw=07961,mppt=up,f=0,chk=78,raw=48"
2026-07-13T13:29:41.746550+00:00,1,,0,771,29,12520,584,7311,dn,0,52,52,54.983,-2.689,10.0,discharging,27.4915,50.0,"p3,seq=00771,d_pct=00029,v_mv=12520,i_ma=00584,p_mw=07311,mppt=dn,f=0,chk=52,raw=4C"
2026-07-13T13:29:42.750129+00:00,1,,0,772,28,12440,576,7165,dn,0,5D,5D,54.981,-2.835,10.0,discharging,27.4907,50.0,"p3,seq=00772,d_pct=00028,v_mv=12440,i_ma=00576,p_mw=07165,mppt=dn,f=0,chk=5D,raw=48"
2026-07-13T13:29:43.758329+00:00,1,,0,773,29,12520,584,7311,up,0,57,57,54.98,-2.689,10.0,discharging,27.4899,50.0,"p3,seq=00773,d_pct=00029,v_mv=12520,i_ma=00584,p_mw=07311,mppt=up,f=0,chk=57,raw=4C"
2026-07-13T13:29:44.764406+00:00,1,,0,774,31,12600,592,7459,up,0,2E,2E,54.978,-2.541,10.0,discharging,27.4891,50.0,"p3,seq=00774,d_pct=00031,v_mv=12600,i_ma=00592,p_mw=07459,mppt=up,f=0,chk=2E,raw=50"
2026-07-13T13:29:45.769827+00:00,1,,0,775,32,12680,600,7608,up,0,37,37,54.977,-2.392,10.0,discharging,27.4884,50.0,"p3,seq=00775,d_pct=00032,v_mv=12680,i_ma=00600,p_mw=07608,mppt=up,f=0,chk=37,raw=54"
2026-07-13T13:29:46.782432+00:00,1,,0,776,34,12760,480,6124,dn,0,80,80,54.975,-3.876,10.0,discharging,27.4873,50.0,"p3,seq=00776,d_pct=00034,v_mv=12760,i_ma=00480,p_mw=06124,mppt=dn,f=0,chk=80,raw=58"
2026-07-13T13:29:47.786902+00:00,1,,0,777,32,12680,472,5984,dn,0,6B,6B,54.972,-4.016,10.0,discharging,27.4861,50.0,"p3,seq=00777,d_pct=00032,v_mv=12680,i_ma=00472,p_mw=05984,mppt=dn,f=0,chk=6B,raw=54"
2026-07-13T13:29:48.794911+00:00,1,,0,778,34,12760,500,6380,up,0,9A,9A,54.97,-3.62,10.0,discharging,27.485,50.0,"p3,seq=00778,d_pct=00034,v_mv=12760,i_ma=00500,p_mw=06380,mppt=up,f=0,chk=9A,raw=58"
2026-07-13T13:29:49.800767+00:00,1,,0,779,36,12840,554,7113,up,0,91,91,54.968,-2.887,10.0,discharging,27.4842,50.0,"p3,seq=00779,d_pct=00036,v_mv=12840,i_ma=00554,p_mw=07113,mppt=up,f=0,chk=91,raw=5C"
2026-07-13T13:29:50.811054+00:00,1,,0,780,37,12920,568,7338,up,0,8D,8D,54.967,-2.662,10.0,discharging,27.4834,50.0,"p3,seq=00780,d_pct=00037,v_mv=12920,i_ma=00568,p_mw=07338,mppt=up,f=0,chk=8D,raw=60"
2026-07-13T13:29:51.818507+00:00,1,,0,781,39,13000,686,8918,up,0,EE,EE,54.966,-1.082,10.0,discharging,27.4831,50.0,"p3,seq=00781,d_pct=00039,v_mv=13000,i_ma=00686,p_mw=08918,mppt=up,f=0,chk=EE,raw=64"
2026-07-13T13:29:52.822820+00:00,1,,0,782,40,13080,708,9260,up,0,A9,A9,54.966,-0.74,10.0,discharging,27.4829,50.0,"p3,seq=00782,d_pct=00040,v_mv=13080,i_ma=00708,p_mw=09260,mppt=up,f=0,chk=A9,raw=68"
2026-07-13T13:29:53.831831+00:00,1,,0,783,42,13160,730,9606,up,0,6B,6B,54.965,-0.394,10.0,discharging,27.4827,50.0,"p3,seq=00783,d_pct=00042,v_mv=13160,i_ma=00730,p_mw=09606,mppt=up,f=0,chk=6B,raw=6C"
2026-07-13T13:29:54.842315+00:00,1,,0,784,43,13240,752,9956,up,0,F2,F2,54.965,0.0,10.0,idle,27.4827,50.0,"p3,seq=00784,d_pct=00043,v_mv=13240,i_ma=00752,p_mw=09956,mppt=up,f=0,chk=F2,raw=70"
2026-07-13T13:29:55.845520+00:00,1,,0,785,45,13320,774,10309,up,0,1E,1E,54.966,0.309,10.0,charging,27.4828,50.0,"p3,seq=00785,d_pct=00045,v_mv=13320,i_ma=00774,p_mw=10309,mppt=up,f=0,chk=1E,raw=74"
2026-07-13T13:29:56.853968+00:00,1,,0,786,47,13400,652,8736,dn,0,A4,A4,54.965,-1.264,10.0,discharging,27.4824,50.0,"p3,seq=00786,d_pct=00047,v_mv=13400,i_ma=00652,p_mw=08736,mppt=dn,f=0,chk=A4,raw=78"
2026-07-13T13:29:57.859210+00:00,1,,0,787,45,13320,570,7592,dn,0,FA,FA,54.963,-2.408,10.0,discharging,27.4817,50.0,"p3,seq=00787,d_pct=00045,v_mv=13320,i_ma=00570,p_mw=07592,mppt=dn,f=0,chk=FA,raw=74"
2026-07-13T13:29:58.867690+00:00,1,,0,788,47,13400,544,7289,dn,0,69,69,54.962,-2.711,10.0,discharging,27.4809,50.0,"p3,seq=00788,d_pct=00047,v_mv=13400,i_ma=00544,p_mw=07289,mppt=dn,f=0,chk=69,raw=78"
2026-07-13T13:29:59.878140+00:00,1,,0,789,45,13320,648,8631,up,0,6E,6E,54.961,-1.369,10.0,discharging,27.4805,50.0,"p3,seq=00789,d_pct=00045,v_mv=13320,i_ma=00648,p_mw=08631,mppt=up,f=0,chk=6E,raw=74"
2026-07-13T13:30:00.882968+00:00,1,,0,790,43,13240,592,7838,dn,0,15,15,54.96,-2.162,10.0,discharging,27.4799,50.0,"p3,seq=00790,d_pct=00043,v_mv=13240,i_ma=00592,p_mw=07838,mppt=dn,f=0,chk=15,raw=70"
2026-07-13T13:30:01.891946+00:00,1,,0,791,45,13320,552,7352,dn,0,FD,FD,54.958,-2.648,10.0,discharging,27.4791,50.0,"p3,seq=00791,d_pct=00045,v_mv=13320,i_ma=00552,p_mw=07352,mppt=dn,f=0,chk=FD,raw=74"
2026-07-13T13:30:02.896849+00:00,1,,0,792,43,13240,560,7414,up,0,12,12,54.957,-2.586,10.0,discharging,27.4783,50.0,"p3,seq=00792,d_pct=00043,v_mv=13240,i_ma=00560,p_mw=07414,mppt=up,f=0,chk=12,raw=70"
2026-07-13T13:30:03.904537+00:00,1,,0,793,42,13160,568,7474,up,0,13,13,54.955,-2.526,10.0,discharging,27.4776,50.0,"p3,seq=00793,d_pct=00042,v_mv=13160,i_ma=00568,p_mw=07474,mppt=up,f=0,chk=13,raw=6C"
2026-07-13T13:30:04.914552+00:00,1,,0,794,40,13080,576,7534,up,0,42,42,54.954,-2.466,10.0,discharging,27.4769,50.0,"p3,seq=00794,d_pct=00040,v_mv=13080,i_ma=00576,p_mw=07534,mppt=up,f=0,chk=42,raw=68"
2026-07-13T13:30:05.919916+00:00,1,,0,795,39,13000,584,7592,up,0,5F,5F,54.952,-2.408,10.0,discharging,27.4762,50.0,"p3,seq=00795,d_pct=00039,v_mv=13000,i_ma=00584,p_mw=07592,mppt=up,f=0,chk=5F,raw=64"
2026-07-13T13:30:06.925964+00:00,1,,0,796,37,12920,592,7648,up,0,BE,BE,54.951,-2.352,10.0,discharging,27.4755,50.0,"p3,seq=00796,d_pct=00037,v_mv=12920,i_ma=00592,p_mw=07648,mppt=up,f=0,chk=BE,raw=60"
2026-07-13T13:30:07.933016+00:00,1,,0,797,36,12840,600,7704,up,0,21,21,54.95,-2.296,10.0,discharging,27.4748,50.0,"p3,seq=00797,d_pct=00036,v_mv=12840,i_ma=00600,p_mw=07704,mppt=up,f=0,chk=21,raw=5C"
2026-07-13T13:30:08.943700+00:00,1,,0,798,34,12760,608,7758,up,0,BD,BD,54.948,-2.242,10.0,discharging,27.4741,50.0,"p3,seq=00798,d_pct=00034,v_mv=12760,i_ma=00608,p_mw=07758,mppt=up,f=0,chk=BD,raw=58"
2026-07-13T13:30:09.951149+00:00,1,,0,799,32,12680,616,7810,up,0,26,26,54.947,-2.19,10.0,discharging,27.4735,50.0,"p3,seq=00799,d_pct=00032,v_mv=12680,i_ma=00616,p_mw=07810,mppt=up,f=0,chk=26,raw=54"
2026-07-13T13:30:10.956622+00:00,1,,0,800,31,12600,624,7862,up,0,BE,BE,54.946,-2.138,10.0,discharging,27.4729,50.0,"p3,seq=00800,d_pct=00031,v_mv=12600,i_ma=00624,p_mw=07862,mppt=up,f=0,chk=BE,raw=50"
2026-07-13T13:30:11.962594+00:00,1,,0,801,29,12520,632,7912,up,0,26,26,54.945,-2.088,10.0,discharging,27.4723,50.0,"p3,seq=00801,d_pct=00029,v_mv=12520,i_ma=00632,p_mw=07912,mppt=up,f=0,chk=26,raw=4C"
2026-07-13T13:30:12.969097+00:00,1,,0,802,28,12440,640,7961,up,0,58,58,54.943,-2.039,10.0,discharging,27.4717,50.0,"p3,seq=00802,d_pct=00028,v_mv=12440,i_ma=00640,p_mw=07961,mppt=up,f=0,chk=58,raw=48"
2026-07-13T13:30:13.981290+00:00,1,,0,803,26,12360,648,8009,up,0,DB,DB,54.942,-1.991,10.0,discharging,27.4711,50.0,"p3,seq=00803,d_pct=00026,v_mv=12360,i_ma=00648,p_mw=08009,mppt=up,f=0,chk=DB,raw=44"
2026-07-13T13:30:14.988084+00:00,1,,0,804,25,12280,656,8055,up,0,52,52,54.941,-1.945,10.0,discharging,27.4705,50.0,"p3,seq=00804,d_pct=00025,v_mv=12280,i_ma=00656,p_mw=08055,mppt=up,f=0,chk=52,raw=40"
2026-07-13T13:30:15.992638+00:00,1,,0,805,23,12200,648,7905,dn,0,FD,FD,54.94,-2.095,10.0,discharging,27.4699,50.0,"p3,seq=00805,d_pct=00023,v_mv=12200,i_ma=00648,p_mw=07905,mppt=dn,f=0,chk=FD,raw=3C"
2026-07-13T13:30:17.000233+00:00,1,,0,806,25,12280,656,8055,up,0,50,50,54.939,-1.945,10.0,discharging,27.4693,50.0,"p3,seq=00806,d_pct=00025,v_mv=12280,i_ma=00656,p_mw=08055,mppt=up,f=0,chk=50,raw=40"
2026-07-13T13:30:18.006796+00:00,1,,0,807,26,12360,648,8009,dn,0,DC,DC,54.937,-1.991,10.0,discharging,27.4687,50.0,"p3,seq=00807,d_pct=00026,v_mv=12360,i_ma=00648,p_mw=08009,mppt=dn,f=0,chk=DC,raw=44"
2026-07-13T13:30:19.018776+00:00,1,,0,808,25,12280,656,8055,up,0,5E,5E,54.936,-1.945,10.0,discharging,27.4681,50.0,"p3,seq=00808,d_pct=00025,v_mv=12280,i_ma=00656,p_mw=08055,mppt=up,f=0,chk=5E,raw=40"
2026-07-13T13:30:20.023668+00:00,1,,0,809,23,12200,648,7905,dn,0,F1,F1,54.935,-2.095,10.0,discharging,27.4675,50.0,"p3,seq=00809,d_pct=00023,v_mv=12200,i_ma=00648,p_mw=07905,mppt=dn,f=0,chk=F1,raw=3C"
2026-07-13T13:30:21.030770+00:00,1,,0,810,25,12280,656,8055,up,0,5C,5C,54.934,-1.945,10.0,discharging,27.467,50.0,"p3,seq=00810,d_pct=00025,v_mv=12280,i_ma=00656,p_mw=08055,mppt=up,f=0,chk=5C,raw=40"
2026-07-13T13:30:22.037361+00:00,1,,0,811,26,12360,648,8009,dn,0,D0,D0,54.933,-1.991,10.0,discharging,27.4664,50.0,"p3,seq=00811,d_pct=00026,v_mv=12360,i_ma=00648,p_mw=08009,mppt=dn,f=0,chk=D0,raw=44"
2026-07-13T13:30:23.043613+00:00,1,,0,812,25,12280,656,8055,up,0,5A,5A,54.932,-1.945,10.0,discharging,27.4658,50.0,"p3,seq=00812,d_pct=00025,v_mv=12280,i_ma=00656,p_mw=08055,mppt=up,f=0,chk=5A,raw=40"
2026-07-13T13:30:24.055582+00:00,1,,0,813,23,12200,648,7905,dn,0,F5,F5,54.93,-2.095,10.0,discharging,27.4652,50.0,"p3,seq=00813,d_pct=00023,v_mv=12200,i_ma=00648,p_mw=07905,mppt=dn,f=0,chk=F5,raw=3C"
2026-07-13T13:30:25.061848+00:00,1,,0,814,25,12280,656,8055,up,0,58,58,54.929,-1.945,10.0,discharging,27.4646,50.0,"p3,seq=00814,d_pct=00025,v_mv=12280,i_ma=00656,p_mw=08055,mppt=up,f=0,chk=58,raw=40"
2026-07-13T13:30:26.067833+00:00,1,,0,815,26,12360,648,8009,dn,0,D4,D4,54.928,-1.991,10.0,discharging,27.464,50.0,"p3,seq=00815,d_pct=00026,v_mv=12360,i_ma=00648,p_mw=08009,mppt=dn,f=0,chk=D4,raw=44"
2026-07-13T13:30:27.075826+00:00,1,,0,816,25,12280,656,8055,up,0,46,46,54.927,-1.945,10.0,discharging,27.4634,50.0,"p3,seq=00816,d_pct=00025,v_mv=12280,i_ma=00656,p_mw=08055,mppt=up,f=0,chk=46,raw=40"
2026-07-13T13:30:28.079714+00:00,1,,0,817,23,12200,648,7905,dn,0,E9,E9,54.926,-2.095,10.0,discharging,27.4628,50.0,"p3,seq=00817,d_pct=00023,v_mv=12200,i_ma=00648,p_mw=07905,mppt=dn,f=0,chk=E9,raw=3C"
2026-07-13T13:30:29.092455+00:00,1,,0,818,25,12280,656,8055,up,0,44,44,54.925,-1.945,10.0,discharging,27.4623,50.0,"p3,seq=00818,d_pct=00025,v_mv=12280,i_ma=00656,p_mw=08055,mppt=up,f=0,chk=44,raw=40"
2026-07-13T13:30:30.097759+00:00,1,,0,819,26,12360,648,8009,dn,0,C8,C8,54.923,-1.991,10.0,discharging,27.4617,50.0,"p3,seq=00819,d_pct=00026,v_mv=12360,i_ma=00648,p_mw=08009,mppt=dn,f=0,chk=C8,raw=44"
2026-07-13T13:30:31.104693+00:00,1,,0,820,25,12280,656,8055,up,0,42,42,54.922,-1.945,10.0,discharging,27.4611,50.0,"p3,seq=00820,d_pct=00025,v_mv=12280,i_ma=00656,p_mw=08055,mppt=up,f=0,chk=42,raw=40"
2026-07-13T13:30:32.111398+00:00,1,,0,821,23,12200,648,7905,dn,0,ED,ED,54.921,-2.095,10.0,discharging,27.4605,50.0,"p3,seq=00821,d_pct=00023,v_mv=12200,i_ma=00648,p_mw=07905,mppt=dn,f=0,chk=ED,raw=3C"
2026-07-13T13:30:33.122603+00:00,1,,0,822,25,12280,656,8055,up,0,40,40,54.92,-1.945,10.0,discharging,27.4599,50.0,"p3,seq=00822,d_pct=00025,v_mv=12280,i_ma=00656,p_mw=08055,mppt=up,f=0,chk=40,raw=40"
2026-07-13T13:30:34.129371+00:00,1,,0,823,26,12360,648,8009,dn,0,CC,CC,54.919,-1.991,10.0,discharging,27.4593,50.0,"p3,seq=00823,d_pct=00026,v_mv=12360,i_ma=00648,p_mw=08009,mppt=dn,f=0,chk=CC,raw=44"
2026-07-13T13:30:35.135077+00:00,1,,0,824,25,12280,656,8055,up,0,4E,4E,54.917,-1.945,10.0,discharging,27.4587,50.0,"p3,seq=00824,d_pct=00025,v_mv=12280,i_ma=00656,p_mw=08055,mppt=up,f=0,chk=4E,raw=40"
2026-07-13T13:30:36.143133+00:00,1,,0,825,23,12200,648,7905,dn,0,E1,E1,54.916,-2.095,10.0,discharging,27.4581,50.0,"p3,seq=00825,d_pct=00023,v_mv=12200,i_ma=00648,p_mw=07905,mppt=dn,f=0,chk=E1,raw=3C"
2026-07-13T13:30:37.147037+00:00,1,,0,826,25,12280,656,8055,up,0,4C,4C,54.915,-1.945,10.0,discharging,27.4576,50.0,"p3,seq=00826,d_pct=00025,v_mv=12280,i_ma=00656,p_mw=08055,mppt=up,f=0,chk=4C,raw=40"
2026-07-13T13:30:38.158670+00:00,1,,0,827,26,12360,648,8009,dn,0,C0,C0,54.914,-1.991,10.0,discharging,27.457,50.0,"p3,seq=00827,d_pct=00026,v_mv=12360,i_ma=00648,p_mw=08009,mppt=dn,f=0,chk=C0,raw=44"
2026-07-13T13:30:39.165553+00:00,1,,0,828,25,12280,656,8055,up,0,4A,4A,54.913,-1.945,10.0,discharging,27.4564,50.0,"p3,seq=00828,d_pct=00025,v_mv=12280,i_ma=00656,p_mw=08055,mppt=up,f=0,chk=4A,raw=40"
2026-07-13T13:30:40.170826+00:00,1,,0,829,23,12200,648,7905,dn,0,E5,E5,54.912,-2.095,10.0,discharging,27.4558,50.0,"p3,seq=00829,d_pct=00023,v_mv=12200,i_ma=00648,p_mw=07905,mppt=dn,f=0,chk=E5,raw=3C"
2026-07-13T13:30:41.178151+00:00,1,,0,830,25,12280,656,8055,up,0,48,48,54.91,-1.945,10.0,discharging,27.4552,50.0,"p3,seq=00830,d_pct=00025,v_mv=12280,i_ma=00656,p_mw=08055,mppt=up,f=0,chk=48,raw=40"
2026-07-13T13:30:42.183767+00:00,1,,0,831,26,12360,648,8009,dn,0,C4,C4,54.909,-1.991,10.0,discharging,27.4546,50.0,"p3,seq=00831,d_pct=00026,v_mv=12360,i_ma=00648,p_mw=08009,mppt=dn,f=0,chk=C4,raw=44"
2026-07-13T13:30:43.196710+00:00,1,,0,832,25,12280,656,8055,up,0,36,36,54.908,-1.945,10.0,discharging,27.454,50.0,"p3,seq=00832,d_pct=00025,v_mv=12280,i_ma=00656,p_mw=08055,mppt=up,f=0,chk=36,raw=40"
2026-07-13T13:30:44.201958+00:00,1,,0,833,23,12200,648,7905,dn,0,99,99,54.907,-2.095,10.0,discharging,27.4534,50.0,"p3,seq=00833,d_pct=00023,v_mv=12200,i_ma=00648,p_mw=07905,mppt=dn,f=0,chk=99,raw=3C"
2026-07-13T13:30:45.207530+00:00,1,,0,834,25,12280,656,8055,up,0,34,34,54.906,-1.945,10.0,discharging,27.4529,50.0,"p3,seq=00834,d_pct=00025,v_mv=12280,i_ma=00656,p_mw=08055,mppt=up,f=0,chk=34,raw=40"
2026-07-13T13:30:46.214635+00:00,1,,0,835,26,12360,648,8009,dn,0,B8,B8,54.905,-1.991,10.0,discharging,27.4523,50.0,"p3,seq=00835,d_pct=00026,v_mv=12360,i_ma=00648,p_mw=08009,mppt=dn,f=0,chk=B8,raw=44"
2026-07-13T13:30:47.220959+00:00,1,,0,836,25,12280,656,8055,up,0,32,32,54.903,-1.945,10.0,discharging,27.4517,50.0,"p3,seq=00836,d_pct=00025,v_mv=12280,i_ma=00656,p_mw=08055,mppt=up,f=0,chk=32,raw=40"
2026-07-13T13:30:48.232961+00:00,1,,0,837,23,12200,648,7905,dn,0,9D,9D,54.902,-2.095,10.0,discharging,27.4511,50.0,"p3,seq=00837,d_pct=00023,v_mv=12200,i_ma=00648,p_mw=07905,mppt=dn,f=0,chk=9D,raw=3C"
2026-07-13T13:30:49.241828+00:00,1,,0,838,25,12280,656,8055,up,0,30,30,54.901,-1.945,10.0,discharging,27.4505,50.0,"p3,seq=00838,d_pct=00025,v_mv=12280,i_ma=00656,p_mw=08055,mppt=up,f=0,chk=30,raw=40"
2026-07-13T13:30:50.244024+00:00,1,,0,839,26,12360,648,8009,dn,0,BC,BC,54.9,-1.991,10.0,discharging,27.4499,50.0,"p3,seq=00839,d_pct=00026,v_mv=12360,i_ma=00648,p_mw=08009,mppt=dn,f=0,chk=BC,raw=44"
2026-07-13T13:30:51.252008+00:00,1,,0,840,25,12280,656,8055,up,0,3E,3E,54.899,-1.945,10.0,discharging,27.4494,50.0,"p3,seq=00840,d_pct=00025,v_mv=12280,i_ma=00656,p_mw=08055,mppt=up,f=0,chk=3E,raw=40"
2026-07-13T13:30:52.261883+00:00,1,,0,841,23,12200,648,7905,dn,0,91,91,54.897,-2.095,10.0,discharging,27.4487,50.0,"p3,seq=00841,d_pct=00023,v_mv=12200,i_ma=00648,p_mw=07905,mppt=dn,f=0,chk=91,raw=3C"
2026-07-13T13:30:53.268053+00:00,1,,0,842,25,12280,656,8055,up,0,3C,3C,54.896,-1.945,10.0,discharging,27.4482,50.0,"p3,seq=00842,d_pct=00025,v_mv=12280,i_ma=00656,p_mw=08055,mppt=up,f=0,chk=3C,raw=40"
2026-07-13T13:30:54.274747+00:00,1,,0,843,26,12360,648,8009,dn,0,B0,B0,54.895,-1.991,10.0,discharging,27.4476,50.0,"p3,seq=00843,d_pct=00026,v_mv=12360,i_ma=00648,p_mw=08009,mppt=dn,f=0,chk=B0,raw=44"
2026-07-13T13:30:55.281809+00:00,1,,0,844,25,12280,656,8055,up,0,3A,3A,54.894,-1.945,10.0,discharging,27.447,50.0,"p3,seq=00844,d_pct=00025,v_mv=12280,i_ma=00656,p_mw=08055,mppt=up,f=0,chk=3A,raw=40"
2026-07-13T13:30:56.288001+00:00,1,,0,845,23,12200,648,7905,dn,0,95,95,54.893,-2.095,10.0,discharging,27.4464,50.0,"p3,seq=00845,d_pct=00023,v_mv=12200,i_ma=00648,p_mw=07905,mppt=dn,f=0,chk=95,raw=3C"
2026-07-13T13:30:57.299628+00:00,1,,0,846,25,12280,656,8055,up,0,38,38,54.892,-1.945,10.0,discharging,27.4458,50.0,"p3,seq=00846,d_pct=00025,v_mv=12280,i_ma=00656,p_mw=08055,mppt=up,f=0,chk=38,raw=40"
2026-07-13T13:30:58.303646+00:00,1,,0,847,26,12360,648,8009,dn,0,B4,B4,54.89,-1.991,10.0,discharging,27.4452,50.0,"p3,seq=00847,d_pct=00026,v_mv=12360,i_ma=00648,p_mw=08009,mppt=dn,f=0,chk=B4,raw=44"
2026-07-13T13:30:59.311259+00:00,1,,0,848,25,12280,656,8055,up,0,26,26,54.889,-1.945,10.0,discharging,27.4446,50.0,"p3,seq=00848,d_pct=00025,v_mv=12280,i_ma=00656,p_mw=08055,mppt=up,f=0,chk=26,raw=40"
2026-07-13T13:31:00.317933+00:00,1,,0,849,23,12200,648,7905,dn,0,89,89,54.888,-2.095,10.0,discharging,27.444,50.0,"p3,seq=00849,d_pct=00023,v_mv=12200,i_ma=00648,p_mw=07905,mppt=dn,f=0,chk=89,raw=3C"
2026-07-13T13:31:01.329465+00:00,1,,0,850,25,12280,656,8055,up,0,24,24,54.887,-1.945,10.0,discharging,27.4435,50.0,"p3,seq=00850,d_pct=00025,v_mv=12280,i_ma=00656,p_mw=08055,mppt=up,f=0,chk=24,raw=40"
2026-07-13T13:31:02.334513+00:00,1,,0,851,26,12360,648,8009,dn,0,A8,A8,54.886,-1.991,10.0,discharging,27.4429,50.0,"p3,seq=00851,d_pct=00026,v_mv=12360,i_ma=00648,p_mw=08009,mppt=dn,f=0,chk=A8,raw=44"
2026-07-13T13:31:03.341506+00:00,1,,0,852,25,12280,656,8055,up,0,22,22,54.885,-1.945,10.0,discharging,27.4423,50.0,"p3,seq=00852,d_pct=00025,v_mv=12280,i_ma=00656,p_mw=08055,mppt=up,f=0,chk=22,raw=40"
2026-07-13T13:31:04.348737+00:00,1,,0,853,23,12200,648,7905,dn,0,8D,8D,54.883,-2.095,10.0,discharging,27.4417,50.0,"p3,seq=00853,d_pct=00023,v_mv=12200,i_ma=00648,p_mw=07905,mppt=dn,f=0,chk=8D,raw=3C"
2026-07-13T13:31:05.353488+00:00,1,,0,854,25,12280,656,8055,up,0,20,20,54.882,-1.945,10.0,discharging,27.4411,50.0,"p3,seq=00854,d_pct=00025,v_mv=12280,i_ma=00656,p_mw=08055,mppt=up,f=0,chk=20,raw=40"
2026-07-13T13:31:06.365085+00:00,1,,0,855,26,12360,648,8009,dn,0,AC,AC,54.881,-1.991,10.0,discharging,27.4405,50.0,"p3,seq=00855,d_pct=00026,v_mv=12360,i_ma=00648,p_mw=08009,mppt=dn,f=0,chk=AC,raw=44"
2026-07-13T13:31:07.371504+00:00,1,,0,856,25,12280,656,8055,up,0,2E,2E,54.88,-1.945,10.0,discharging,27.4399,50.0,"p3,seq=00856,d_pct=00025,v_mv=12280,i_ma=00656,p_mw=08055,mppt=up,f=0,chk=2E,raw=40"
2026-07-13T13:31:08.377782+00:00,1,,0,857,23,12200,648,7905,dn,0,81,81,54.879,-2.095,10.0,discharging,27.4393,50.0,"p3,seq=00857,d_pct=00023,v_mv=12200,i_ma=00648,p_mw=07905,mppt=dn,f=0,chk=81,raw=3C"
2026-07-13T13:31:09.383900+00:00,1,,0,858,25,12280,656,8055,up,0,2C,2C,54.878,-1.945,10.0,discharging,27.4388,50.0,"p3,seq=00858,d_pct=00025,v_mv=12280,i_ma=00656,p_mw=08055,mppt=up,f=0,chk=2C,raw=40"
2026-07-13T13:31:10.396842+00:00,1,,0,859,26,12360,648,8009,dn,0,A0,A0,54.876,-1.991,10.0,discharging,27.4382,50.0,"p3,seq=00859,d_pct=00026,v_mv=12360,i_ma=00648,p_mw=08009,mppt=dn,f=0,chk=A0,raw=44"
2026-07-13T13:31:11.401113+00:00,1,,0,860,25,12280,656,8055,up,0,2A,2A,54.875,-1.945,10.0,discharging,27.4376,50.0,"p3,seq=00860,d_pct=00025,v_mv=12280,i_ma=00656,p_mw=08055,mppt=up,f=0,chk=2A,raw=40"
2026-07-13T13:31:12.407794+00:00,1,,0,861,23,12200,648,7905,dn,0,85,85,54.874,-2.095,10.0,discharging,27.437,50.0,"p3,seq=00861,d_pct=00023,v_mv=12200,i_ma=00648,p_mw=07905,mppt=dn,f=0,chk=85,raw=3C"
2026-07-13T13:31:13.413999+00:00,1,,0,862,25,12280,656,8055,up,0,28,28,54.873,-1.945,10.0,discharging,27.4364,50.0,"p3,seq=00862,d_pct=00025,v_mv=12280,i_ma=00656,p_mw=08055,mppt=up,f=0,chk=28,raw=40"
2026-07-13T13:31:14.421535+00:00,1,,0,863,26,12360,648,8009,dn,0,A4,A4,54.872,-1.991,10.0,discharging,27.4358,50.0,"p3,seq=00863,d_pct=00026,v_mv=12360,i_ma=00648,p_mw=08009,mppt=dn,f=0,chk=A4,raw=44"
2026-07-13T13:31:15.432174+00:00,1,,0,864,25,12280,656,8055,up,0,16,16,54.87,-1.945,10.0,discharging,27.4352,50.0,"p3,seq=00864,d_pct=00025,v_mv=12280,i_ma=00656,p_mw=08055,mppt=up,f=0,chk=16,raw=40"
2026-07-13T13:31:16.439249+00:00,1,,0,865,23,12200,648,7905,dn,0,B9,B9,54.869,-2.095,10.0,discharging,27.4346,50.0,"p3,seq=00865,d_pct=00023,v_mv=12200,i_ma=00648,p_mw=07905,mppt=dn,f=0,chk=B9,raw=3C"
2026-07-13T13:31:17.444198+00:00,1,,0,866,25,12280,656,8055,up,0,14,14,54.868,-1.945,10.0,discharging,27.4341,50.0,"p3,seq=00866,d_pct=00025,v_mv=12280,i_ma=00656,p_mw=08055,mppt=up,f=0,chk=14,raw=40"
2026-07-13T13:31:18.452251+00:00,1,,0,867,26,12360,648,8009,dn,0,98,98,54.867,-1.991,10.0,discharging,27.4335,50.0,"p3,seq=00867,d_pct=00026,v_mv=12360,i_ma=00648,p_mw=08009,mppt=dn,f=0,chk=98,raw=44"
2026-07-13T13:31:19.458540+00:00,1,,0,868,25,12280,656,8055,up,0,12,12,54.866,-1.945,10.0,discharging,27.4329,50.0,"p3,seq=00868,d_pct=00025,v_mv=12280,i_ma=00656,p_mw=08055,mppt=up,f=0,chk=12,raw=40"
2026-07-13T13:31:20.470500+00:00,1,,0,869,23,12200,648,7905,dn,0,BD,BD,54.865,-2.095,10.0,discharging,27.4323,50.0,"p3,seq=00869,d_pct=00023,v_mv=12200,i_ma=00648,p_mw=07905,mppt=dn,f=0,chk=BD,raw=3C"
2026-07-13T13:31:21.475291+00:00,1,,0,870,25,12280,656,8055,up,0,10,10,54.863,-1.945,10.0,discharging,27.4317,50.0,"p3,seq=00870,d_pct=00025,v_mv=12280,i_ma=00656,p_mw=08055,mppt=up,f=0,chk=10,raw=40"
2026-07-13T13:31:22.480941+00:00,1,,0,871,26,12360,648,8009,dn,0,9C,9C,54.862,-1.991,10.0,discharging,27.4311,50.0,"p3,seq=00871,d_pct=00026,v_mv=12360,i_ma=00648,p_mw=08009,mppt=dn,f=0,chk=9C,raw=44"
2026-07-13T13:31:23.487388+00:00,1,,0,872,25,12280,656,8055,up,0,1E,1E,54.861,-1.945,10.0,discharging,27.4306,50.0,"p3,seq=00872,d_pct=00025,v_mv=12280,i_ma=00656,p_mw=08055,mppt=up,f=0,chk=1E,raw=40"
2026-07-13T13:31:24.499755+00:00,1,,0,873,23,12200,648,7905,dn,0,B1,B1,54.86,-2.095,10.0,discharging,27.4299,50.0,"p3,seq=00873,d_pct=00023,v_mv=12200,i_ma=00648,p_mw=07905,mppt=dn,f=0,chk=B1,raw=3C"
2026-07-13T13:31:25.504921+00:00,1,,0,874,25,12280,656,8055,up,0,1C,1C,54.859,-1.945,10.0,discharging,27.4294,50.0,"p3,seq=00874,d_pct=00025,v_mv=12280,i_ma=00656,p_mw=08055,mppt=up,f=0,chk=1C,raw=40"
2026-07-13T13:31:26.511575+00:00,1,,0,875,26,12360,648,8009,dn,0,90,90,54.858,-1.991,10.0,discharging,27.4288,50.0,"p3,seq=00875,d_pct=00026,v_mv=12360,i_ma=00648,p_mw=08009,mppt=dn,f=0,chk=90,raw=44"
2026-07-13T13:31:27.517594+00:00,1,,0,876,25,12280,656,8055,up,0,1A,1A,54.856,-1.945,10.0,discharging,27.4282,50.0,"p3,seq=00876,d_pct=00025,v_mv=12280,i_ma=00656,p_mw=08055,mppt=up,f=0,chk=1A,raw=40"
2026-07-13T13:31:28.523859+00:00,1,,0,877,23,12200,648,7905,dn,0,B5,B5,54.855,-2.095,10.0,discharging,27.4276,50.0,"p3,seq=00877,d_pct=00023,v_mv=12200,i_ma=00648,p_mw=07905,mppt=dn,f=0,chk=B5,raw=3C"
2026-07-13T13:31:29.536721+00:00,1,,0,878,25,12280,656,8055,up,0,18,18,54.854,-1.945,10.0,discharging,27.427,50.0,"p3,seq=00878,d_pct=00025,v_mv=12280,i_ma=00656,p_mw=08055,mppt=up,f=0,chk=18,raw=40"
2026-07-13T13:31:30.542609+00:00,1,,0,879,26,12360,648,8009,dn,0,94,94,54.853,-1.991,10.0,discharging,27.4264,50.0,"p3,seq=00879,d_pct=00026,v_mv=12360,i_ma=00648,p_mw=08009,mppt=dn,f=0,chk=94,raw=44"
2026-07-13T13:31:31.548089+00:00,1,,0,880,25,12280,656,8055,up,0,06,06,54.852,-1.945,10.0,discharging,27.4259,50.0,"p3,seq=00880,d_pct=00025,v_mv=12280,i_ma=00656,p_mw=08055,mppt=up,f=0,chk=06,raw=40"
2026-07-13T13:31:32.554472+00:00,1,,0,881,23,12200,648,7905,dn,0,A9,A9,54.85,-2.095,10.0,discharging,27.4252,50.0,"p3,seq=00881,d_pct=00023,v_mv=12200,i_ma=00648,p_mw=07905,mppt=dn,f=0,chk=A9,raw=3C"
2026-07-13T13:31:33.561867+00:00,1,,0,882,25,12280,656,8055,up,0,04,04,54.849,-1.945,10.0,discharging,27.4247,50.0,"p3,seq=00882,d_pct=00025,v_mv=12280,i_ma=00656,p_mw=08055,mppt=up,f=0,chk=04,raw=40"
2026-07-13T13:31:34.571803+00:00,1,,0,883,26,12360,648,8009,dn,0,88,88,54.848,-1.991,10.0,discharging,27.4241,50.0,"p3,seq=00883,d_pct=00026,v_mv=12360,i_ma=00648,p_mw=08009,mppt=dn,f=0,chk=88,raw=44"
2026-07-13T13:31:35.579283+00:00,1,,0,884,25,12280,656,8055,up,0,02,02,54.847,-1.945,10.0,discharging,27.4235,50.0,"p3,seq=00884,d_pct=00025,v_mv=12280,i_ma=00656,p_mw=08055,mppt=up,f=0,chk=02,raw=40"
2026-07-13T13:31:36.585505+00:00,1,,0,885,23,12200,648,7905,dn,0,AD,AD,54.846,-2.095,10.0,discharging,27.4229,50.0,"p3,seq=00885,d_pct=00023,v_mv=12200,i_ma=00648,p_mw=07905,mppt=dn,f=0,chk=AD,raw=3C"
2026-07-13T13:31:37.591181+00:00,1,,0,886,25,12280,656,8055,up,0,00,00,54.845,-1.945,10.0,discharging,27.4223,50.0,"p3,seq=00886,d_pct=00025,v_mv=12280,i_ma=00656,p_mw=08055,mppt=up,f=0,chk=00,raw=40"
2026-07-13T13:31:38.597971+00:00,1,,0,887,26,12360,648,8009,dn,0,8C,8C,54.843,-1.991,10.0,discharging,27.4217,50.0,"p3,seq=00887,d_pct=00026,v_mv=12360,i_ma=00648,p_mw=08009,mppt=dn,f=0,chk=8C,raw=44"
2026-07-13T13:31:39.609988+00:00,1,,0,888,25,12280,656,8055,up,0,0E,0E,54.842,-1.945,10.0,discharging,27.4212,50.0,"p3,seq=00888,d_pct=00025,v_mv=12280,i_ma=00656,p_mw=08055,mppt=up,f=0,chk=0E,raw=40"
2026-07-13T13:31:40.615750+00:00,1,,0,889,23,12200,648,7905,dn,0,A1,A1,54.841,-2.095,10.0,discharging,27.4205,50.0,"p3,seq=00889,d_pct=00023,v_mv=12200,i_ma=00648,p_mw=07905,mppt=dn,f=0,chk=A1,raw=3C"
2026-07-13T13:31:41.622036+00:00,1,,0,890,25,12280,656,8055,up,0,0C,0C,54.84,-1.945,10.0,discharging,27.42,50.0,"p3,seq=00890,d_pct=00025,v_mv=12280,i_ma=00656,p_mw=08055,mppt=up,f=0,chk=0C,raw=40"
2026-07-13T13:31:42.629796+00:00,1,,0,891,26,12360,648,8009,dn,0,80,80,54.839,-1.991,10.0,discharging,27.4194,50.0,"p3,seq=00891,d_pct=00026,v_mv=12360,i_ma=00648,p_mw=08009,mppt=dn,f=0,chk=80,raw=44"
2026-07-13T13:31:43.634977+00:00,1,,0,892,25,12280,656,8055,up,0,0A,0A,54.838,-1.945,10.0,discharging,27.4188,50.0,"p3,seq=00892,d_pct=00025,v_mv=12280,i_ma=00656,p_mw=08055,mppt=up,f=0,chk=0A,raw=40"
2026-07-13T13:31:44.646562+00:00,1,,0,893,23,12200,648,7905,dn,0,A5,A5,54.836,-2.095,10.0,discharging,27.4182,50.0,"p3,seq=00893,d_pct=00023,v_mv=12200,i_ma=00648,p_mw=07905,mppt=dn,f=0,chk=A5,raw=3C"
2026-07-13T13:31:45.652209+00:00,1,,0,894,25,12280,656,8055,up,0,08,08,54.835,-1.945,10.0,discharging,27.4176,50.0,"p3,seq=00894,d_pct=00025,v_mv=12280,i_ma=00656,p_mw=08055,mppt=up,f=0,chk=08,raw=40"
2026-07-13T13:31:46.658039+00:00,1,,0,895,26,12360,648,8009,dn,0,84,84,54.834,-1.991,10.0,discharging,27.417,50.0,"p3,seq=00895,d_pct=00026,v_mv=12360,i_ma=00648,p_mw=08009,mppt=dn,f=0,chk=84,raw=44"
2026-07-13T13:31:47.665515+00:00,1,,0,896,25,12280,656,8055,up,0,F6,F6,54.833,-1.945,10.0,discharging,27.4165,50.0,"p3,seq=00896,d_pct=00025,v_mv=12280,i_ma=00656,p_mw=08055,mppt=up,f=0,chk=F6,raw=40"
2026-07-13T13:31:48.677069+00:00,1,,0,897,23,12200,648,7905,dn,0,59,59,54.832,-2.095,10.0,discharging,27.4158,50.0,"p3,seq=00897,d_pct=00023,v_mv=12200,i_ma=00648,p_mw=07905,mppt=dn,f=0,chk=59,raw=3C"
2026-07-13T13:31:49.682492+00:00,1,,0,898,25,12280,656,8055,up,0,F4,F4,54.831,-1.945,10.0,discharging,27.4153,50.0,"p3,seq=00898,d_pct=00025,v_mv=12280,i_ma=00656,p_mw=08055,mppt=up,f=0,chk=F4,raw=40"
2026-07-13T13:31:50.689279+00:00,1,,0,899,26,12360,648,8009,dn,0,78,78,54.829,-1.991,10.0,discharging,27.4147,50.0,"p3,seq=00899,d_pct=00026,v_mv=12360,i_ma=00648,p_mw=08009,mppt=dn,f=0,chk=78,raw=44"
2026-07-13T13:31:51.695422+00:00,1,,0,900,25,12280,656,8055,up,0,F2,F2,54.828,-1.945,10.0,discharging,27.4141,50.0,"p3,seq=00900,d_pct=00025,v_mv=12280,i_ma=00656,p_mw=08055,mppt=up,f=0,chk=F2,raw=40"
2026-07-13T13:31:52.703319+00:00,1,,0,901,23,12200,648,7905,dn,0,5D,5D,54.827,-2.095,10.0,discharging,27.4135,50.0,"p3,seq=00901,d_pct=00023,v_mv=12200,i_ma=00648,p_mw=07905,mppt=dn,f=0,chk=5D,raw=3C"
2026-07-13T13:31:53.714211+00:00,1,,0,902,25,12280,656,8055,up,0,F0,F0,54.826,-1.945,10.0,discharging,27.4129,50.0,"p3,seq=00902,d_pct=00025,v_mv=12280,i_ma=00656,p_mw=08055,mppt=up,f=0,chk=F0,raw=40"
2026-07-13T13:31:54.717644+00:00,1,,0,903,26,12360,648,8009,dn,0,7C,7C,54.825,-1.991,10.0,discharging,27.4123,50.0,"p3,seq=00903,d_pct=00026,v_mv=12360,i_ma=00648,p_mw=08009,mppt=dn,f=0,chk=7C,raw=44"
2026-07-13T13:31:55.726407+00:00,1,,0,904,25,12280,656,8055,up,0,FE,FE,54.824,-1.945,10.0,discharging,27.4118,50.0,"p3,seq=00904,d_pct=00025,v_mv=12280,i_ma=00656,p_mw=08055,mppt=up,f=0,chk=FE,raw=40"
2026-07-13T13:31:56.732021+00:00,1,,0,905,23,12200,648,7905,dn,0,51,51,54.822,-2.095,10.0,discharging,27.4111,50.0,"p3,seq=00905,d_pct=00023,v_mv=12200,i_ma=00648,p_mw=07905,mppt=dn,f=0,chk=51,raw=3C"
2026-07-13T13:31:57.743220+00:00,1,,0,906,25,12280,656,8055,up,0,FC,FC,54.821,-1.945,10.0,discharging,27.4106,50.0,"p3,seq=00906,d_pct=00025,v_mv=12280,i_ma=00656,p_mw=08055,mppt=up,f=0,chk=FC,raw=40"
2026-07-13T13:31:58.748627+00:00,1,,0,907,26,12360,648,8009,dn,0,70,70,54.82,-1.991,10.0,discharging,27.41,50.0,"p3,seq=00907,d_pct=00026,v_mv=12360,i_ma=00648,p_mw=08009,mppt=dn,f=0,chk=70,raw=44"
2026-07-13T13:31:59.755218+00:00,1,,0,908,25,12280,656,8055,up,0,FA,FA,54.819,-1.945,10.0,discharging,27.4094,50.0,"p3,seq=00908,d_pct=00025,v_mv=12280,i_ma=00656,p_mw=08055,mppt=up,f=0,chk=FA,raw=40"
2026-07-13T13:32:00.763258+00:00,1,,0,909,23,12200,648,7905,dn,0,55,55,54.818,-2.095,10.0,discharging,27.4088,50.0,"p3,seq=00909,d_pct=00023,v_mv=12200,i_ma=00648,p_mw=07905,mppt=dn,f=0,chk=55,raw=3C"
2026-07-13T13:32:01.768216+00:00,1,,0,910,25,12280,656,8055,up,0,F8,F8,54.816,-1.945,10.0,discharging,27.4082,50.0,"p3,seq=00910,d_pct=00025,v_mv=12280,i_ma=00656,p_mw=08055,mppt=up,f=0,chk=F8,raw=40"
2026-07-13T13:32:02.779960+00:00,1,,0,911,26,12360,648,8009,dn,0,74,74,54.815,-1.991,10.0,discharging,27.4076,50.0,"p3,seq=00911,d_pct=00026,v_mv=12360,i_ma=00648,p_mw=08009,mppt=dn,f=0,chk=74,raw=44"
2026-07-13T13:32:03.785016+00:00,1,,0,912,25,12280,656,8055,up,0,E6,E6,54.814,-1.945,10.0,discharging,27.4071,50.0,"p3,seq=00912,d_pct=00025,v_mv=12280,i_ma=00656,p_mw=08055,mppt=up,f=0,chk=E6,raw=40"
2026-07-13T13:32:04.791729+00:00,1,,0,913,23,12200,648,7905,dn,0,49,49,54.813,-2.095,10.0,discharging,27.4064,50.0,"p3,seq=00913,d_pct=00023,v_mv=12200,i_ma=00648,p_mw=07905,mppt=dn,f=0,chk=49,raw=3C"
2026-07-13T13:32:05.798044+00:00,1,,0,914,25,12280,656,8055,up,0,E4,E4,54.812,-1.945,10.0,discharging,27.4059,50.0,"p3,seq=00914,d_pct=00025,v_mv=12280,i_ma=00656,p_mw=08055,mppt=up,f=0,chk=E4,raw=40"
2026-07-13T13:32:06.810674+00:00,1,,0,915,26,12360,648,8009,dn,0,68,68,54.811,-1.991,10.0,discharging,27.4053,50.0,"p3,seq=00915,d_pct=00026,v_mv=12360,i_ma=00648,p_mw=08009,mppt=dn,f=0,chk=68,raw=44"
2026-07-13T13:32:07.816195+00:00,1,,0,916,25,12280,656,8055,up,0,E2,E2,54.809,-1.945,10.0,discharging,27.4047,50.0,"p3,seq=00916,d_pct=00025,v_mv=12280,i_ma=00656,p_mw=08055,mppt=up,f=0,chk=E2,raw=40"
2026-07-13T13:32:08.822163+00:00,1,,0,917,23,12200,648,7905,dn,0,4D,4D,54.808,-2.095,10.0,discharging,27.4041,50.0,"p3,seq=00917,d_pct=00023,v_mv=12200,i_ma=00648,p_mw=07905,mppt=dn,f=0,chk=4D,raw=3C"
2026-07-13T13:32:09.828108+00:00,1,,0,918,25,12280,656,8055,up,0,E0,E0,54.807,-1.945,10.0,discharging,27.4035,50.0,"p3,seq=00918,d_pct=00025,v_mv=12280,i_ma=00656,p_mw=08055,mppt=up,f=0,chk=E0,raw=40"
2026-07-13T13:32:10.835073+00:00,1,,0,919,26,12360,648,8009,dn,0,6C,6C,54.806,-1.991,10.0,discharging,27.4029,50.0,"p3,seq=00919,d_pct=00026,v_mv=12360,i_ma=00648,p_mw=08009,mppt=dn,f=0,chk=6C,raw=44"
2026-07-13T13:32:11.846876+00:00,1,,0,920,25,12280,656,8055,up,0,EE,EE,54.805,-1.945,10.0,discharging,27.4024,50.0,"p3,seq=00920,d_pct=00025,v_mv=12280,i_ma=00656,p_mw=08055,mppt=up,f=0,chk=EE,raw=40"
2026-07-13T13:32:12.851331+00:00,1,,0,921,23,12200,648,7905,dn,0,41,41,54.803,-2.095,10.0,discharging,27.4017,50.0,"p3,seq=00921,d_pct=00023,v_mv=12200,i_ma=00648,p_mw=07905,mppt=dn,f=0,chk=41,raw=3C"
2026-07-13T13:32:13.859153+00:00,1,,0,922,25,12280,656,8055,up,0,EC,EC,54.802,-1.945,10.0,discharging,27.4012,50.0,"p3,seq=00922,d_pct=00025,v_mv=12280,i_ma=00656,p_mw=08055,mppt=up,f=0,chk=EC,raw=40"
2026-07-13T13:32:14.864320+00:00,1,,0,923,26,12360,648,8009,dn,0,60,60,54.801,-1.991,10.0,discharging,27.4006,50.0,"p3,seq=00923,d_pct=00026,v_mv=12360,i_ma=00648,p_mw=08009,mppt=dn,f=0,chk=60,raw=44"
2026-07-13T13:32:15.876989+00:00,1,,0,924,25,12280,656,8055,up,0,EA,EA,54.8,-1.945,10.0,discharging,27.4,50.0,"p3,seq=00924,d_pct=00025,v_mv=12280,i_ma=00656,p_mw=08055,mppt=up,f=0,chk=EA,raw=40"
2026-07-13T13:32:16.881983+00:00,1,,0,925,23,12200,648,7905,dn,0,45,45,54.799,-2.095,10.0,discharging,27.3994,50.0,"p3,seq=00925,d_pct=00023,v_mv=12200,i_ma=00648,p_mw=07905,mppt=dn,f=0,chk=45,raw=3C"
2026-07-13T13:32:17.889048+00:00,1,,0,926,25,12280,656,8055,up,0,E8,E8,54.798,-1.945,10.0,discharging,27.3988,50.0,"p3,seq=00926,d_pct=00025,v_mv=12280,i_ma=00656,p_mw=08055,mppt=up,f=0,chk=E8,raw=40"
2026-07-13T13:32:18.894461+00:00,1,,0,927,26,12360,648,8009,dn,0,64,64,54.796,-1.991,10.0,discharging,27.3982,50.0,"p3,seq=00927,d_pct=00026,v_mv=12360,i_ma=00648,p_mw=08009,mppt=dn,f=0,chk=64,raw=44"
2026-07-13T13:32:19.901401+00:00,1,,0,928,25,12280,656,8055,up,0,D6,D6,54.795,-1.945,10.0,discharging,27.3977,50.0,"p3,seq=00928,d_pct=00025,v_mv=12280,i_ma=00656,p_mw=08055,mppt=up,f=0,chk=D6,raw=40"
2026-07-13T13:32:20.912884+00:00,1,,0,929,23,12200,648,7905,dn,0,79,79,54.794,-2.095,10.0,discharging,27.397,50.0,"p3,seq=00929,d_pct=00023,v_mv=12200,i_ma=00648,p_mw=07905,mppt=dn,f=0,chk=79,raw=3C"
2026-07-13T13:32:21.918029+00:00,1,,0,930,25,12280,656,8055,up,0,D4,D4,54.793,-1.945,10.0,discharging,27.3965,50.0,"p3,seq=00930,d_pct=00025,v_mv=12280,i_ma=00656,p_mw=08055,mppt=up,f=0,chk=D4,raw=40"
2026-07-13T13:32:22.925599+00:00,1,,0,931,26,12360,648,8009,dn,0,58,58,54.792,-1.991,10.0,discharging,27.3959,50.0,"p3,seq=00931,d_pct=00026,v_mv=12360,i_ma=00648,p_mw=08009,mppt=dn,f=0,chk=58,raw=44"
2026-07-13T13:32:23.931132+00:00,1,,0,932,25,12280,656,8055,up,0,D2,D2,54.791,-1.945,10.0,discharging,27.3953,50.0,"p3,seq=00932,d_pct=00025,v_mv=12280,i_ma=00656,p_mw=08055,mppt=up,f=0,chk=D2,raw=40"
2026-07-13T13:32:24.942808+00:00,1,,0,933,23,12200,648,7905,dn,0,7D,7D,54.789,-2.095,10.0,discharging,27.3947,50.0,"p3,seq=00933,d_pct=00023,v_mv=12200,i_ma=00648,p_mw=07905,mppt=dn,f=0,chk=7D,raw=3C"
2026-07-13T13:32:25.952495+00:00,1,,0,934,25,12280,656,8055,up,0,D0,D0,54.788,-1.945,10.0,discharging,27.3941,50.0,"p3,seq=00934,d_pct=00025,v_mv=12280,i_ma=00656,p_mw=08055,mppt=up,f=0,chk=D0,raw=40"
2026-07-13T13:32:26.954783+00:00,1,,0,935,26,12360,648,8009,dn,0,5C,5C,54.787,-1.991,10.0,discharging,27.3935,50.0,"p3,seq=00935,d_pct=00026,v_mv=12360,i_ma=00648,p_mw=08009,mppt=dn,f=0,chk=5C,raw=44"
2026-07-13T13:32:27.961620+00:00,1,,0,936,25,12280,656,8055,up,0,DE,DE,54.786,-1.945,10.0,discharging,27.393,50.0,"p3,seq=00936,d_pct=00025,v_mv=12280,i_ma=00656,p_mw=08055,mppt=up,f=0,chk=DE,raw=40"
2026-07-13T13:32:28.968106+00:00,1,,0,937,23,12200,648,7905,dn,0,71,71,54.785,-2.095,10.0,discharging,27.3923,50.0,"p3,seq=00937,d_pct=00023,v_mv=12200,i_ma=00648,p_mw=07905,mppt=dn,f=0,chk=71,raw=3C"
2026-07-13T13:32:29.979891+00:00,1,,0,938,25,12280,656,8055,up,0,DC,DC,54.784,-1.945,10.0,discharging,27.3918,50.0,"p3,seq=00938,d_pct=00025,v_mv=12280,i_ma=00656,p_mw=08055,mppt=up,f=0,chk=DC,raw=40"
2026-07-13T13:32:30.985391+00:00,1,,0,939,26,12360,648,8009,dn,0,50,50,54.782,-1.991,10.0,discharging,27.3912,50.0,"p3,seq=00939,d_pct=00026,v_mv=12360,i_ma=00648,p_mw=08009,mppt=dn,f=0,chk=50,raw=44"
2026-07-13T13:32:31.991433+00:00,1,,0,940,25,12280,656,8055,up,0,DA,DA,54.781,-1.945,10.0,discharging,27.3906,50.0,"p3,seq=00940,d_pct=00025,v_mv=12280,i_ma=00656,p_mw=08055,mppt=up,f=0,chk=DA,raw=40"
2026-07-13T13:32:32.998042+00:00,1,,0,941,23,12200,648,7905,dn,0,75,75,54.78,-2.095,10.0,discharging,27.39,50.0,"p3,seq=00941,d_pct=00023,v_mv=12200,i_ma=00648,p_mw=07905,mppt=dn,f=0,chk=75,raw=3C"
2026-07-13T13:32:34.009756+00:00,1,,0,942,25,12280,656,8055,up,0,D8,D8,54.779,-1.945,10.0,discharging,27.3894,50.0,"p3,seq=00942,d_pct=00025,v_mv=12280,i_ma=00656,p_mw=08055,mppt=up,f=0,chk=D8,raw=40"
2026-07-13T13:32:35.021703+00:00,1,,0,943,26,12360,648,8009,dn,0,54,54,54.778,-1.991,10.0,discharging,27.3888,50.0,"p3,seq=00943,d_pct=00026,v_mv=12360,i_ma=00648,p_mw=08009,mppt=dn,f=0,chk=54,raw=44"
2026-07-13T13:32:36.023055+00:00,1,,0,944,25,12280,656,8055,up,0,C6,C6,54.777,-1.945,10.0,discharging,27.3883,50.0,"p3,seq=00944,d_pct=00025,v_mv=12280,i_ma=00656,p_mw=08055,mppt=up,f=0,chk=C6,raw=40"
2026-07-13T13:32:37.027791+00:00,1,,0,945,23,12200,648,7905,dn,0,69,69,54.775,-2.095,10.0,discharging,27.3876,50.0,"p3,seq=00945,d_pct=00023,v_mv=12200,i_ma=00648,p_mw=07905,mppt=dn,f=0,chk=69,raw=3C"
2026-07-13T13:32:38.034143+00:00,1,,0,946,25,12280,656,8055,up,0,C4,C4,54.774,-1.945,10.0,discharging,27.3871,50.0,"p3,seq=00946,d_pct=00025,v_mv=12280,i_ma=00656,p_mw=08055,mppt=up,f=0,chk=C4,raw=40"
2026-07-13T13:32:39.046532+00:00,1,,0,947,26,12360,648,8009,dn,0,48,48,54.773,-1.991,10.0,discharging,27.3865,50.0,"p3,seq=00947,d_pct=00026,v_mv=12360,i_ma=00648,p_mw=08009,mppt=dn,f=0,chk=48,raw=44"
2026-07-13T13:32:40.051483+00:00,1,,0,948,25,12280,656,8055,up,0,C2,C2,54.772,-1.945,10.0,discharging,27.3859,50.0,"p3,seq=00948,d_pct=00025,v_mv=12280,i_ma=00656,p_mw=08055,mppt=up,f=0,chk=C2,raw=40"
2026-07-13T13:32:41.057832+00:00,1,,0,949,23,12200,648,7905,dn,0,6D,6D,54.771,-2.095,10.0,discharging,27.3853,50.0,"p3,seq=00949,d_pct=00023,v_mv=12200,i_ma=00648,p_mw=07905,mppt=dn,f=0,chk=6D,raw=3C"
2026-07-13T13:32:42.064511+00:00,1,,0,950,25,12280,656,8055,up,0,C0,C0,54.769,-1.945,10.0,discharging,27.3847,50.0,"p3,seq=00950,d_pct=00025,v_mv=12280,i_ma=00656,p_mw=08055,mppt=up,f=0,chk=C0,raw=40"
2026-07-13T13:32:43.076777+00:00,1,,0,951,26,12360,648,8009,dn,0,4C,4C,54.768,-1.991,10.0,discharging,27.3841,50.0,"p3,seq=00951,d_pct=00026,v_mv=12360,i_ma=00648,p_mw=08009,mppt=dn,f=0,chk=4C,raw=44"
2026-07-13T13:32:44.081235+00:00,1,,0,952,25,12280,656,8055,up,0,CE,CE,54.767,-1.945,10.0,discharging,27.3836,50.0,"p3,seq=00952,d_pct=00025,v_mv=12280,i_ma=00656,p_mw=08055,mppt=up,f=0,chk=CE,raw=40"
2026-07-13T13:32:45.088476+00:00,1,,0,953,23,12200,648,7905,dn,0,61,61,54.766,-2.095,10.0,discharging,27.3829,50.0,"p3,seq=00953,d_pct=00023,v_mv=12200,i_ma=00648,p_mw=07905,mppt=dn,f=0,chk=61,raw=3C"
2026-07-13T13:32:46.096868+00:00,1,,0,954,25,12280,656,8055,up,0,CC,CC,54.765,-1.945,10.0,discharging,27.3824,50.0,"p3,seq=00954,d_pct=00025,v_mv=12280,i_ma=00656,p_mw=08055,mppt=up,f=0,chk=CC,raw=40"
2026-07-13T13:32:47.101827+00:00,1,,0,955,26,12360,648,8009,dn,0,40,40,54.764,-1.991,10.0,discharging,27.3818,50.0,"p3,seq=00955,d_pct=00026,v_mv=12360,i_ma=00648,p_mw=08009,mppt=dn,f=0,chk=40,raw=44"
2026-07-13T13:32:48.112457+00:00,1,,0,956,25,12280,656,8055,up,0,CA,CA,54.762,-1.945,10.0,discharging,27.3812,50.0,"p3,seq=00956,d_pct=00025,v_mv=12280,i_ma=00656,p_mw=08055,mppt=up,f=0,chk=CA,raw=40"
2026-07-13T13:32:49.117930+00:00,1,,0,957,23,12200,648,7905,dn,0,65,65,54.761,-2.095,10.0,discharging,27.3806,50.0,"p3,seq=00957,d_pct=00023,v_mv=12200,i_ma=00648,p_mw=07905,mppt=dn,f=0,chk=65,raw=3C"
2026-07-13T13:32:50.124338+00:00,1,,0,958,25,12280,656,8055,up,0,C8,C8,54.76,-1.945,10.0,discharging,27.38,50.0,"p3,seq=00958,d_pct=00025,v_mv=12280,i_ma=00656,p_mw=08055,mppt=up,f=0,chk=C8,raw=40"
2026-07-13T13:32:51.131775+00:00,1,,0,959,26,12360,648,8009,dn,0,44,44,54.759,-1.991,10.0,discharging,27.3794,50.0,"p3,seq=00959,d_pct=00026,v_mv=12360,i_ma=00648,p_mw=08009,mppt=dn,f=0,chk=44,raw=44"
2026-07-13T13:32:52.142455+00:00,1,,0,960,25,12280,656,8055,up,0,B6,B6,54.758,-1.945,10.0,discharging,27.3789,50.0,"p3,seq=00960,d_pct=00025,v_mv=12280,i_ma=00656,p_mw=08055,mppt=up,f=0,chk=B6,raw=40"
2026-07-13T13:32:53.149801+00:00,1,,0,961,23,12200,648,7905,dn,0,19,19,54.756,-2.095,10.0,discharging,27.3782,50.0,"p3,seq=00961,d_pct=00023,v_mv=12200,i_ma=00648,p_mw=07905,mppt=dn,f=0,chk=19,raw=3C"
2026-07-13T13:32:54.154194+00:00,1,,0,962,25,12280,656,8055,up,0,B4,B4,54.755,-1.945,10.0,discharging,27.3777,50.0,"p3,seq=00962,d_pct=00025,v_mv=12280,i_ma=00656,p_mw=08055,mppt=up,f=0,chk=B4,raw=40"
2026-07-13T13:32:55.161311+00:00,1,,0,963,26,12360,648,8009,dn,0,38,38,54.754,-1.991,10.0,discharging,27.3771,50.0,"p3,seq=00963,d_pct=00026,v_mv=12360,i_ma=00648,p_mw=08009,mppt=dn,f=0,chk=38,raw=44"
2026-07-13T13:32:56.167967+00:00,1,,0,964,25,12280,656,8055,up,0,B2,B2,54.753,-1.945,10.0,discharging,27.3765,50.0,"p3,seq=00964,d_pct=00025,v_mv=12280,i_ma=00656,p_mw=08055,mppt=up,f=0,chk=B2,raw=40"
2026-07-13T13:32:57.179591+00:00,1,,0,965,23,12200,648,7905,dn,0,1D,1D,54.752,-2.095,10.0,discharging,27.3759,50.0,"p3,seq=00965,d_pct=00023,v_mv=12200,i_ma=00648,p_mw=07905,mppt=dn,f=0,chk=1D,raw=3C"
2026-07-13T13:32:58.185578+00:00,1,,0,966,25,12280,656,8055,up,0,B0,B0,54.751,-1.945,10.0,discharging,27.3753,50.0,"p3,seq=00966,d_pct=00025,v_mv=12280,i_ma=00656,p_mw=08055,mppt=up,f=0,chk=B0,raw=40"
2026-07-13T13:32:59.191172+00:00,1,,0,967,26,12360,648,8009,dn,0,3C,3C,54.749,-1.991,10.0,discharging,27.3747,50.0,"p3,seq=00967,d_pct=00026,v_mv=12360,i_ma=00648,p_mw=08009,mppt=dn,f=0,chk=3C,raw=44"
2026-07-13T13:33:00.199073+00:00,1,,0,968,25,12280,656,8055,up,0,BE,BE,54.748,-1.945,10.0,discharging,27.3742,50.0,"p3,seq=00968,d_pct=00025,v_mv=12280,i_ma=00656,p_mw=08055,mppt=up,f=0,chk=BE,raw=40"
2026-07-13T13:33:01.209299+00:00,1,,0,969,23,12200,648,7905,dn,0,11,11,54.747,-2.095,10.0,discharging,27.3735,50.0,"p3,seq=00969,d_pct=00023,v_mv=12200,i_ma=00648,p_mw=07905,mppt=dn,f=0,chk=11,raw=3C"
2026-07-13T13:33:02.214337+00:00,1,,0,970,25,12280,656,8055,up,0,BC,BC,54.746,-1.945,10.0,discharging,27.373,50.0,"p3,seq=00970,d_pct=00025,v_mv=12280,i_ma=00656,p_mw=08055,mppt=up,f=0,chk=BC,raw=40"
2026-07-13T13:33:03.221207+00:00,1,,0,971,26,12360,648,8009,dn,0,30,30,54.745,-1.991,10.0,discharging,27.3724,50.0,"p3,seq=00971,d_pct=00026,v_mv=12360,i_ma=00648,p_mw=08009,mppt=dn,f=0,chk=30,raw=44"
2026-07-13T13:33:04.227637+00:00,1,,0,972,25,12280,656,8055,up,0,BA,BA,54.744,-1.945,10.0,discharging,27.3718,50.0,"p3,seq=00972,d_pct=00025,v_mv=12280,i_ma=00656,p_mw=08055,mppt=up,f=0,chk=BA,raw=40"
2026-07-13T13:33:05.235382+00:00,1,,0,973,23,12200,648,7905,dn,0,15,15,54.742,-2.095,10.0,discharging,27.3712,50.0,"p3,seq=00973,d_pct=00023,v_mv=12200,i_ma=00648,p_mw=07905,mppt=dn,f=0,chk=15,raw=3C"
2026-07-13T13:33:06.247155+00:00,1,,0,974,25,12280,656,8055,up,0,B8,B8,54.741,-1.945,10.0,discharging,27.3706,50.0,"p3,seq=00974,d_pct=00025,v_mv=12280,i_ma=00656,p_mw=08055,mppt=up,f=0,chk=B8,raw=40"
2026-07-13T13:33:07.251121+00:00,1,,0,975,26,12360,648,8009,dn,0,34,34,54.74,-1.991,10.0,discharging,27.37,50.0,"p3,seq=00975,d_pct=00026,v_mv=12360,i_ma=00648,p_mw=08009,mppt=dn,f=0,chk=34,raw=44"
2026-07-13T13:33:08.258471+00:00,1,,0,976,25,12280,656,8055,up,0,A6,A6,54.739,-1.945,10.0,discharging,27.3695,50.0,"p3,seq=00976,d_pct=00025,v_mv=12280,i_ma=00656,p_mw=08055,mppt=up,f=0,chk=A6,raw=40"
2026-07-13T13:33:09.263836+00:00,1,,0,977,23,12200,648,7905,dn,0,09,09,54.738,-2.095,10.0,discharging,27.3688,50.0,"p3,seq=00977,d_pct=00023,v_mv=12200,i_ma=00648,p_mw=07905,mppt=dn,f=0,chk=09,raw=3C"
2026-07-13T13:33:10.275438+00:00,1,,0,978,25,12280,656,8055,up,0,A4,A4,54.737,-1.945,10.0,discharging,27.3683,50.0,"p3,seq=00978,d_pct=00025,v_mv=12280,i_ma=00656,p_mw=08055,mppt=up,f=0,chk=A4,raw=40"
2026-07-13T13:33:11.280808+00:00,1,,0,979,26,12360,648,8009,dn,0,28,28,54.735,-1.991,10.0,discharging,27.3677,50.0,"p3,seq=00979,d_pct=00026,v_mv=12360,i_ma=00648,p_mw=08009,mppt=dn,f=0,chk=28,raw=44"
2026-07-13T13:33:12.286995+00:00,1,,0,980,25,12280,656,8055,up,0,A2,A2,54.734,-1.945,10.0,discharging,27.3671,50.0,"p3,seq=00980,d_pct=00025,v_mv=12280,i_ma=00656,p_mw=08055,mppt=up,f=0,chk=A2,raw=40"
2026-07-13T13:33:13.294030+00:00,1,,0,981,23,12200,648,7905,dn,0,0D,0D,54.733,-2.095,10.0,discharging,27.3665,50.0,"p3,seq=00981,d_pct=00023,v_mv=12200,i_ma=00648,p_mw=07905,mppt=dn,f=0,chk=0D,raw=3C"
2026-07-13T13:33:14.301047+00:00,1,,0,982,25,12280,656,8055,up,0,A0,A0,54.732,-1.945,10.0,discharging,27.3659,50.0,"p3,seq=00982,d_pct=00025,v_mv=12280,i_ma=00656,p_mw=08055,mppt=up,f=0,chk=A0,raw=40"
2026-07-13T13:33:15.312184+00:00,1,,0,983,26,12360,648,8009,dn,0,2C,2C,54.731,-1.991,10.0,discharging,27.3653,50.0,"p3,seq=00983,d_pct=00026,v_mv=12360,i_ma=00648,p_mw=08009,mppt=dn,f=0,chk=2C,raw=44"
2026-07-13T13:33:16.321564+00:00,1,,0,984,25,12280,656,8055,up,0,AE,AE,54.73,-1.945,10.0,discharging,27.3648,50.0,"p3,seq=00984,d_pct=00025,v_mv=12280,i_ma=00656,p_mw=08055,mppt=up,f=0,chk=AE,raw=40"
2026-07-13T13:33:17.324512+00:00,1,,0,985,23,12200,648,7905,dn,0,01,01,54.728,-2.095,10.0,discharging,27.3641,50.0,"p3,seq=00985,d_pct=00023,v_mv=12200,i_ma=00648,p_mw=07905,mppt=dn,f=0,chk=01,raw=3C"
2026-07-13T13:33:18.331172+00:00,1,,0,986,25,12280,656,8055,up,0,AC,AC,54.727,-1.945,10.0,discharging,27.3636,50.0,"p3,seq=00986,d_pct=00025,v_mv=12280,i_ma=00656,p_mw=08055,mppt=up,f=0,chk=AC,raw=40"
2026-07-13T13:33:19.342626+00:00,1,,0,987,26,12360,648,8009,dn,0,20,20,54.726,-1.991,10.0,discharging,27.363,50.0,"p3,seq=00987,d_pct=00026,v_mv=12360,i_ma=00648,p_mw=08009,mppt=dn,f=0,chk=20,raw=44"
2026-07-13T13:33:20.349965+00:00,1,,0,988,25,12280,656,8055,up,0,AA,AA,54.725,-1.945,10.0,discharging,27.3624,50.0,"p3,seq=00988,d_pct=00025,v_mv=12280,i_ma=00656,p_mw=08055,mppt=up,f=0,chk=AA,raw=40"
2026-07-13T13:33:21.355122+00:00,1,,0,989,23,12200,648,7905,dn,0,05,05,54.724,-2.095,10.0,discharging,27.3618,50.0,"p3,seq=00989,d_pct=00023,v_mv=12200,i_ma=00648,p_mw=07905,mppt=dn,f=0,chk=05,raw=3C"
2026-07-13T13:33:22.361275+00:00,1,,0,990,25,12280,656,8055,up,0,A8,A8,54.722,-1.945,10.0,discharging,27.3612,50.0,"p3,seq=00990,d_pct=00025,v_mv=12280,i_ma=00656,p_mw=08055,mppt=up,f=0,chk=A8,raw=40"
2026-07-13T13:33:23.367739+00:00,1,,0,991,26,12360,648,8009,dn,0,24,24,54.721,-1.991,10.0,discharging,27.3606,50.0,"p3,seq=00991,d_pct=00026,v_mv=12360,i_ma=00648,p_mw=08009,mppt=dn,f=0,chk=24,raw=44"
2026-07-13T13:33:24.379347+00:00,1,,0,992,25,12280,656,8055,up,0,96,96,54.72,-1.945,10.0,discharging,27.3601,50.0,"p3,seq=00992,d_pct=00025,v_mv=12280,i_ma=00656,p_mw=08055,mppt=up,f=0,chk=96,raw=40"
2026-07-13T13:33:25.384627+00:00,1,,0,993,23,12200,648,7905,dn,0,39,39,54.719,-2.095,10.0,discharging,27.3594,50.0,"p3,seq=00993,d_pct=00023,v_mv=12200,i_ma=00648,p_mw=07905,mppt=dn,f=0,chk=39,raw=3C"
2026-07-13T13:33:41.503583+00:00,1,,,1009,23,12200,648,7905,dn,0,29,29,55.0,-2.095,10.0,discharging,27.5,50.0,"p3,seq=01009,d_pct=00023,v_mv=12200,i_ma=00648,p_mw=07905,mppt=dn,f=0,chk=29,raw=3C"
2026-07-13T13:33:42.509985+00:00,1,,0,1010,25,12280,656,8055,up,0,84,84,54.999,-1.945,10.0,discharging,27.4994,50.0,"p3,seq=01010,d_pct=00025,v_mv=12280,i_ma=00656,p_mw=08055,mppt=up,f=0,chk=84,raw=40"
2026-07-13T13:33:43.517399+00:00,1,,0,1011,26,12360,648,8009,dn,0,08,08,54.998,-1.991,10.0,discharging,27.4988,50.0,"p3,seq=01011,d_pct=00026,v_mv=12360,i_ma=00648,p_mw=08009,mppt=dn,f=0,chk=08,raw=44"
2026-07-13T13:33:44.523189+00:00,1,,0,1012,25,12280,656,8055,up,0,82,82,54.997,-1.945,10.0,discharging,27.4983,50.0,"p3,seq=01012,d_pct=00025,v_mv=12280,i_ma=00656,p_mw=08055,mppt=up,f=0,chk=82,raw=40"
2026-07-13T13:33:45.534255+00:00,1,,0,1013,23,12200,648,7905,dn,0,2D,2D,54.995,-2.095,10.0,discharging,27.4977,50.0,"p3,seq=01013,d_pct=00023,v_mv=12200,i_ma=00648,p_mw=07905,mppt=dn,f=0,chk=2D,raw=3C"
2026-07-13T13:33:46.539822+00:00,1,,0,1014,25,12280,656,8055,up,0,80,80,54.994,-1.945,10.0,discharging,27.4971,50.0,"p3,seq=01014,d_pct=00025,v_mv=12280,i_ma=00656,p_mw=08055,mppt=up,f=0,chk=80,raw=40"
2026-07-13T13:33:47.546910+00:00,1,,0,1015,26,12360,648,8009,dn,0,0C,0C,54.993,-1.991,10.0,discharging,27.4965,50.0,"p3,seq=01015,d_pct=00026,v_mv=12360,i_ma=00648,p_mw=08009,mppt=dn,f=0,chk=0C,raw=44"
2026-07-13T13:33:48.553322+00:00,1,,0,1016,25,12280,656,8055,up,0,8E,8E,54.992,-1.945,10.0,discharging,27.4959,50.0,"p3,seq=01016,d_pct=00025,v_mv=12280,i_ma=00656,p_mw=08055,mppt=up,f=0,chk=8E,raw=40"
2026-07-13T13:33:49.559589+00:00,1,,0,1017,23,12200,648,7905,dn,0,21,21,54.991,-2.095,10.0,discharging,27.4953,50.0,"p3,seq=01017,d_pct=00023,v_mv=12200,i_ma=00648,p_mw=07905,mppt=dn,f=0,chk=21,raw=3C"
2026-07-13T13:33:50.572591+00:00,1,,0,1018,25,12280,656,8055,up,0,8C,8C,54.989,-1.945,10.0,discharging,27.4947,50.0,"p3,seq=01018,d_pct=00025,v_mv=12280,i_ma=00656,p_mw=08055,mppt=up,f=0,chk=8C,raw=40"
2026-07-13T13:33:51.577264+00:00,1,,0,1019,26,12360,648,8009,dn,1,01,01,54.988,-1.991,10.0,discharging,27.4941,50.0,"p3,seq=01019,d_pct=00026,v_mv=12360,i_ma=00648,p_mw=08009,mppt=dn,f=1,chk=01,raw=44"
2026-07-13T13:33:52.583256+00:00,1,,0,1020,26,12360,648,8009,hd,1,04,04,54.987,-1.991,10.0,discharging,27.4935,50.0,"p3,seq=01020,d_pct=00026,v_mv=12360,i_ma=00648,p_mw=08009,mppt=hd,f=1,chk=04,raw=44"
2026-07-13T13:33:53.589634+00:00,1,,0,1021,26,12360,648,8009,hd,0,04,04,54.986,-1.991,10.0,discharging,27.493,50.0,"p3,seq=01021,d_pct=00026,v_mv=12360,i_ma=00648,p_mw=08009,mppt=hd,f=0,chk=04,raw=44"
2026-07-13T13:33:54.601490+00:00,1,,0,1022,28,12440,640,7961,dn,0,87,87,54.985,-2.039,10.0,discharging,27.4924,50.0,"p3,seq=01022,d_pct=00028,v_mv=12440,i_ma=00640,p_mw=07961,mppt=dn,f=0,chk=87,raw=48"
2026-07-13T13:33:55.607365+00:00,1,,0,1023,26,12360,648,8009,up,0,07,07,54.984,-1.991,10.0,discharging,27.4918,50.0,"p3,seq=01023,d_pct=00026,v_mv=12360,i_ma=00648,p_mw=08009,mppt=up,f=0,chk=07,raw=44"
2026-07-13T13:33:56.612689+00:00,1,,0,1024,25,12280,656,8055,up,0,71,71,54.982,-1.945,10.0,discharging,27.4912,50.0,"p3,seq=01024,d_pct=00025,v_mv=12280,i_ma=00656,p_mw=08055,mppt=up,f=0,chk=71,raw=40"
2026-07-13T13:33:57.621001+00:00,1,,0,1025,23,12200,648,7905,dn,0,DE,DE,54.981,-2.095,10.0,discharging,27.4906,50.0,"p3,seq=01025,d_pct=00023,v_mv=12200,i_ma=00648,p_mw=07905,mppt=dn,f=0,chk=DE,raw=3C"
2026-07-13T13:33:58.626668+00:00,1,,0,1026,25,12280,624,7662,dn,0,0B,0B,54.98,-2.338,10.0,discharging,27.4899,50.0,"p3,seq=01026,d_pct=00025,v_mv=12280,i_ma=00624,p_mw=07662,mppt=dn,f=0,chk=0B,raw=40"
2026-07-13T13:33:59.637774+00:00,1,,0,1027,23,12200,616,7515,dn,0,85,85,54.978,-2.485,10.0,discharging,27.4892,50.0,"p3,seq=01027,d_pct=00023,v_mv=12200,i_ma=00616,p_mw=07515,mppt=dn,f=0,chk=85,raw=3C"
2026-07-13T13:34:00.644082+00:00,1,,0,1028,25,12280,560,6876,dn,0,78,78,54.977,-3.124,10.0,discharging,27.4883,50.0,"p3,seq=01028,d_pct=00025,v_mv=12280,i_ma=00560,p_mw=06876,mppt=dn,f=0,chk=78,raw=40"
2026-07-13T13:34:01.650454+00:00,1,,0,1029,23,12200,552,6734,dn,0,D1,D1,54.975,-3.266,10.0,discharging,27.4873,50.0,"p3,seq=01029,d_pct=00023,v_mv=12200,i_ma=00552,p_mw=06734,mppt=dn,f=0,chk=D1,raw=3C"
2026-07-13T13:34:02.655473+00:00,1,,0,1030,25,12280,432,5304,dn,0,93,93,54.972,-4.696,10.0,discharging,27.4859,50.0,"p3,seq=01030,d_pct=00025,v_mv=12280,i_ma=00432,p_mw=05304,mppt=dn,f=0,chk=93,raw=40"
2026-07-13T13:34:03.668025+00:00,1,,0,1031,23,12200,424,5172,dn,0,24,24,54.969,-4.828,10.0,discharging,27.4845,50.0,"p3,seq=01031,d_pct=00023,v_mv=12200,i_ma=00424,p_mw=05172,mppt=dn,f=0,chk=24,raw=3C"
2026-07-13T13:34:04.673026+00:00,1,,0,1032,25,12280,432,5304,up,0,9E,9E,54.966,-4.696,10.0,discharging,27.4831,50.0,"p3,seq=01032,d_pct=00025,v_mv=12280,i_ma=00432,p_mw=05304,mppt=up,f=0,chk=9E,raw=40"
2026-07-13T13:34:05.679259+00:00,1,,0,1033,26,12360,440,5438,up,0,B8,B8,54.963,-4.562,10.0,discharging,27.4817,50.0,"p3,seq=01033,d_pct=00026,v_mv=12360,i_ma=00440,p_mw=05438,mppt=up,f=0,chk=B8,raw=44"
2026-07-13T13:34:06.686690+00:00,1,,0,1034,28,12440,448,5573,up,0,E2,E2,54.961,-4.427,10.0,discharging,27.4805,50.0,"p3,seq=01034,d_pct=00028,v_mv=12440,i_ma=00448,p_mw=05573,mppt=up,f=0,chk=E2,raw=48"
2026-07-13T13:34:07.694151+00:00,1,,0,1035,29,12520,456,5709,up,0,15,15,54.958,-4.291,10.0,discharging,27.4792,50.0,"p3,seq=01035,d_pct=00029,v_mv=12520,i_ma=00456,p_mw=05709,mppt=up,f=0,chk=15,raw=4C"
2026-07-13T13:34:08.703908+00:00,1,,0,1036,31,12600,464,5846,up,0,5E,5E,54.956,-4.154,10.0,discharging,27.478,50.0,"p3,seq=01036,d_pct=00031,v_mv=12600,i_ma=00464,p_mw=05846,mppt=up,f=0,chk=5E,raw=50"
2026-07-13T13:34:09.711453+00:00,1,,0,1037,32,12680,472,5984,up,0,6B,6B,54.954,-4.016,10.0,discharging,27.4768,50.0,"p3,seq=01037,d_pct=00032,v_mv=12680,i_ma=00472,p_mw=05984,mppt=up,f=0,chk=6B,raw=54"
2026-07-13T13:34:10.716809+00:00,1,,0,1038,34,12760,480,6124,up,0,82,82,54.951,-3.876,10.0,discharging,27.4756,50.0,"p3,seq=01038,d_pct=00034,v_mv=12760,i_ma=00480,p_mw=06124,mppt=up,f=0,chk=82,raw=58"
2026-07-13T13:34:11.723229+00:00,1,,0,1039,36,12840,488,6265,up,0,E0,E0,54.949,-3.735,10.0,discharging,27.4745,50.0,"p3,seq=01039,d_pct=00036,v_mv=12840,i_ma=00488,p_mw=06265,mppt=up,f=0,chk=E0,raw=5C"
2026-07-13T13:34:12.735451+00:00,1,,0,1040,37,12920,520,6718,up,0,34,34,54.947,-3.282,10.0,discharging,27.4736,50.0,"p3,seq=01040,d_pct=00037,v_mv=12920,i_ma=00520,p_mw=06718,mppt=up,f=0,chk=34,raw=60"
2026-07-13T13:34:13.740247+00:00,1,,0,1041,39,13000,530,6890,up,0,4D,4D,54.945,-3.11,10.0,discharging,27.4726,50.0,"p3,seq=01041,d_pct=00039,v_mv=13000,i_ma=00530,p_mw=06890,mppt=up,f=0,chk=4D,raw=64"
2026-07-13T13:34:14.747122+00:00,1,,0,1042,40,13080,540,7063,up,0,EE,EE,54.944,-2.937,10.0,discharging,27.4718,50.0,"p3,seq=01042,d_pct=00040,v_mv=13080,i_ma=00540,p_mw=07063,mppt=up,f=0,chk=EE,raw=68"
2026-07-13T13:34:15.753135+00:00,1,,0,1043,42,13160,550,7238,up,0,75,75,54.942,-2.762,10.0,discharging,27.471,50.0,"p3,seq=01043,d_pct=00042,v_mv=13160,i_ma=00550,p_mw=07238,mppt=up,f=0,chk=75,raw=6C"
2026-07-13T13:34:16.759787+00:00,1,,0,1044,43,13240,560,7414,up,0,19,19,54.94,-2.586,10.0,discharging,27.4702,50.0,"p3,seq=01044,d_pct=00043,v_mv=13240,i_ma=00560,p_mw=07414,mppt=up,f=0,chk=19,raw=70"
2026-07-13T13:34:17.772146+00:00,1,,0,1045,45,13320,570,7592,up,0,F8,F8,54.939,-2.408,10.0,discharging,27.4695,50.0,"p3,seq=01045,d_pct=00045,v_mv=13320,i_ma=00570,p_mw=07592,mppt=up,f=0,chk=F8,raw=74"
2026-07-13T13:34:18.777263+00:00,1,,0,1046,47,13400,580,7772,up,0,2C,2C,54.938,-2.228,10.0,discharging,27.4688,50.0,"p3,seq=01046,d_pct=00047,v_mv=13400,i_ma=00580,p_mw=07772,mppt=up,f=0,chk=2C,raw=78"
2026-07-13T13:34:19.784475+00:00,1,,0,1047,48,13480,590,7953,up,0,80,80,54.936,-2.047,10.0,discharging,27.4682,50.0,"p3,seq=01047,d_pct=00048,v_mv=13480,i_ma=00590,p_mw=07953,mppt=up,f=0,chk=80,raw=7C"
2026-07-13T13:34:20.790090+00:00,1,,0,1048,50,13560,600,8136,up,0,EE,EE,54.935,-1.864,10.0,discharging,27.4677,50.0,"p3,seq=01048,d_pct=00050,v_mv=13560,i_ma=00600,p_mw=08136,mppt=up,f=0,chk=EE,raw=80"
2026-07-13T13:34:21.797158+00:00,1,,0,1049,51,13640,610,8320,up,0,16,16,54.934,-1.68,10.0,discharging,27.4672,50.0,"p3,seq=01049,d_pct=00051,v_mv=13640,i_ma=00610,p_mw=08320,mppt=up,f=0,chk=16,raw=84"
2026-07-13T13:34:22.810240+00:00,1,,0,1050,53,13720,620,8506,up,0,7A,7A,54.934,-1.494,10.0,discharging,27.4668,50.0,"p3,seq=01050,d_pct=00053,v_mv=13720,i_ma=00620,p_mw=08506,mppt=up,f=0,chk=7A,raw=88"
2026-07-13T13:34:23.814755+00:00,1,,0,1051,54,13800,630,8694,up,0,DA,DA,54.933,-1.306,10.0,discharging,27.4664,50.0,"p3,seq=01051,d_pct=00054,v_mv=13800,i_ma=00630,p_mw=08694,mppt=up,f=0,chk=DA,raw=8C"
2026-07-13T13:34:24.820695+00:00,1,,0,1052,56,13880,640,8883,up,0,AC,AC,54.932,-1.117,10.0,discharging,27.466,50.0,"p3,seq=01052,d_pct=00056,v_mv=13880,i_ma=00640,p_mw=08883,mppt=up,f=0,chk=AC,raw=90"
2026-07-13T13:34:25.826826+00:00,1,,0,1053,58,13960,750,10470,up,0,2A,2A,54.932,0.47,10.0,charging,27.4662,50.0,"p3,seq=01053,d_pct=00058,v_mv=13960,i_ma=00750,p_mw=10470,mppt=up,f=0,chk=2A,raw=94"
2026-07-13T13:34:26.837819+00:00,1,,0,1054,59,14040,764,10726,up,0,67,67,54.933,0.726,10.0,charging,27.4664,50.0,"p3,seq=01054,d_pct=00059,v_mv=14040,i_ma=00764,p_mw=10726,mppt=up,f=0,chk=67,raw=98"
2026-07-13T13:34:27.844576+00:00,1,,0,1055,61,14120,778,10985,up,0,6E,6E,54.933,0.985,10.0,charging,27.4666,50.0,"p3,seq=01055,d_pct=00061,v_mv=14120,i_ma=00778,p_mw=10985,mppt=up,f=0,chk=6E,raw=9C"
2026-07-13T13:34:28.849421+00:00,1,,0,1056,62,14200,792,11246,up,0,2A,2A,54.934,1.246,10.0,charging,27.467,50.0,"p3,seq=01056,d_pct=00062,v_mv=14200,i_ma=00792,p_mw=11246,mppt=up,f=0,chk=2A,raw=A0"
2026-07-13T13:34:29.857580+00:00,1,,0,1057,64,14280,1038,14822,up,0,EA,EA,54.936,4.822,10.0,charging,27.4682,50.0,"p3,seq=01057,d_pct=00064,v_mv=14280,i_ma=01038,p_mw=14822,mppt=up,f=0,chk=EA,raw=A4"
2026-07-13T13:34:30.863317+00:00,1,,0,1058,65,14360,1060,15221,up,0,80,80,54.939,5.221,10.0,charging,27.4696,50.0,"p3,seq=01058,d_pct=00065,v_mv=14360,i_ma=01060,p_mw=15221,mppt=up,f=0,chk=80,raw=A8"
2026-07-13T13:34:31.875668+00:00,1,,0,1059,67,14440,1082,15624,up,0,92,92,54.942,5.624,10.0,charging,27.4711,50.0,"p3,seq=01059,d_pct=00067,v_mv=14440,i_ma=01082,p_mw=15624,mppt=up,f=0,chk=92,raw=AC"
2026-07-13T13:34:32.880865+00:00,1,,0,1060,69,14520,1104,16030,up,0,A0,A0,54.945,6.03,10.0,charging,27.4727,50.0,"p3,seq=01060,d_pct=00069,v_mv=14520,i_ma=01104,p_mw=16030,mppt=up,f=0,chk=A0,raw=B0"
2026-07-13T13:34:33.886509+00:00,1,,0,1061,70,14600,1082,15797,dn,0,56,56,54.949,5.797,10.0,charging,27.4743,50.0,"p3,seq=01061,d_pct=00070,v_mv=14600,i_ma=01082,p_mw=15797,mppt=dn,f=0,chk=56,raw=B4"
2026-07-13T13:34:34.893824+00:00,1,,0,1062,69,14520,1104,16030,up,0,A2,A2,54.952,6.03,10.0,charging,27.4759,50.0,"p3,seq=01062,d_pct=00069,v_mv=14520,i_ma=01104,p_mw=16030,mppt=up,f=0,chk=A2,raw=B0"
2026-07-13T13:34:35.899537+00:00,1,,0,1063,67,14440,1082,15624,dn,0,95,95,54.955,5.624,10.0,charging,27.4774,50.0,"p3,seq=01063,d_pct=00067,v_mv=14440,i_ma=01082,p_mw=15624,mppt=dn,f=0,chk=95,raw=AC"
2026-07-13T13:34:36.912352+00:00,1,,0,1064,69,14520,1104,16030,up,0,AC,AC,54.958,6.03,10.0,charging,27.479,50.0,"p3,seq=01064,d_pct=00069,v_mv=14520,i_ma=01104,p_mw=16030,mppt=up,f=0,chk=AC,raw=B0"
2026-07-13T13:34:37.917610+00:00,1,,0,1065,70,14600,1082,15797,dn,0,5A,5A,54.961,5.797,10.0,charging,27.4805,50.0,"p3,seq=01065,d_pct=00070,v_mv=14600,i_ma=01082,p_mw=15797,mppt=dn,f=0,chk=5A,raw=B4"
2026-07-13T13:34:38.923738+00:00,1,,0,1066,69,14520,1104,16030,up,0,AE,AE,54.964,6.03,10.0,charging,27.4821,50.0,"p3,seq=01066,d_pct=00069,v_mv=14520,i_ma=01104,p_mw=16030,mppt=up,f=0,chk=AE,raw=B0"
2026-07-13T13:34:39.930547+00:00,1,,0,1067,67,14440,1082,15624,dn,0,99,99,54.967,5.624,10.0,charging,27.4836,50.0,"p3,seq=01067,d_pct=00067,v_mv=14440,i_ma=01082,p_mw=15624,mppt=dn,f=0,chk=99,raw=AC"
2026-07-13T13:34:40.936941+00:00,1,,0,1068,69,14520,752,10919,dn,0,20,20,54.968,0.919,10.0,charging,27.4838,50.0,"p3,seq=01068,d_pct=00069,v_mv=14520,i_ma=00752,p_mw=10919,mppt=dn,f=0,chk=20,raw=B0"
2026-07-13T13:34:41.949609+00:00,1,,0,1069,67,14440,774,11176,up,0,11,11,54.968,1.176,10.0,charging,27.4842,50.0,"p3,seq=01069,d_pct=00067,v_mv=14440,i_ma=00774,p_mw=11176,mppt=up,f=0,chk=11,raw=AC"
2026-07-13T13:34:42.955414+00:00,1,,0,1070,65,14360,796,11430,up,0,77,77,54.969,1.43,10.0,charging,27.4845,50.0,"p3,seq=01070,d_pct=00065,v_mv=14360,i_ma=00796,p_mw=11430,mppt=up,f=0,chk=77,raw=A8"
2026-07-13T13:34:43.960134+00:00,1,,0,1071,64,14280,642,9167,dn,0,5E,5E,54.969,-0.833,10.0,discharging,27.4843,50.0,"p3,seq=01071,d_pct=00064,v_mv=14280,i_ma=00642,p_mw=09167,mppt=dn,f=0,chk=5E,raw=A4"
2026-07-13T13:34:44.968495+00:00,1,,0,1072,65,14360,620,8903,dn,0,74,74,54.968,-1.097,10.0,discharging,27.484,50.0,"p3,seq=01072,d_pct=00065,v_mv=14360,i_ma=00620,p_mw=08903,mppt=dn,f=0,chk=74,raw=A8"
2026-07-13T13:34:45.974077+00:00,1,,0,1073,64,14280,642,9167,up,0,43,43,54.967,-0.833,10.0,discharging,27.4837,50.0,"p3,seq=01073,d_pct=00064,v_mv=14280,i_ma=00642,p_mw=09167,mppt=up,f=0,chk=43,raw=A4"
2026-07-13T13:34:46.986907+00:00,1,,0,1074,62,14200,664,9428,up,0,8C,8C,54.967,-0.572,10.0,discharging,27.4836,50.0,"p3,seq=01074,d_pct=00062,v_mv=14200,i_ma=00664,p_mw=09428,mppt=up,f=0,chk=8C,raw=A0"
2026-07-13T13:34:47.991730+00:00,1,,0,1075,61,14120,686,9686,up,0,D7,D7,54.967,-0.314,10.0,discharging,27.4835,50.0,"p3,seq=01075,d_pct=00061,v_mv=14120,i_ma=00686,p_mw=09686,mppt=up,f=0,chk=D7,raw=9C"
2026-07-13T13:34:48.997940+00:00,1,,0,1076,59,14040,708,9940,up,0,48,48,54.967,-0.06,10.0,discharging,27.4834,50.0,"p3,seq=01076,d_pct=00059,v_mv=14040,i_ma=00708,p_mw=09940,mppt=up,f=0,chk=48,raw=98"
2026-07-13T13:34:50.004997+00:00,1,,0,1077,58,13960,730,10190,up,0,11,11,54.967,0.19,10.0,charging,27.4835,50.0,"p3,seq=01077,d_pct=00058,v_mv=13960,i_ma=00730,p_mw=10190,mppt=up,f=0,chk=11,raw=94"
2026-07-13T13:34:51.011068+00:00,1,,0,1078,56,13880,664,9216,dn,0,28,28,54.967,-0.784,10.0,discharging,27.4833,50.0,"p3,seq=01078,d_pct=00056,v_mv=13880,i_ma=00664,p_mw=09216,mppt=dn,f=0,chk=28,raw=90"
2026-07-13T13:34:52.023442+00:00,1,,0,1079,58,13960,642,8962,dn,0,80,80,54.966,-1.038,10.0,discharging,27.483,50.0,"p3,seq=01079,d_pct=00058,v_mv=13960,i_ma=00642,p_mw=08962,mppt=dn,f=0,chk=80,raw=94"
2026-07-13T13:34:53.030742+00:00,1,,0,1080,56,13880,664,9216,up,0,25,25,54.965,-0.784,10.0,discharging,27.4827,50.0,"p3,seq=01080,d_pct=00056,v_mv=13880,i_ma=00664,p_mw=09216,mppt=up,f=0,chk=25,raw=90"
2026-07-13T13:34:54.034674+00:00,1,,0,1081,54,13800,556,7672,dn,0,93,93,54.964,-2.328,10.0,discharging,27.482,50.0,"p3,seq=01081,d_pct=00054,v_mv=13800,i_ma=00556,p_mw=07672,mppt=dn,f=0,chk=93,raw=8C"
2026-07-13T13:34:55.041890+00:00,1,,0,1082,56,13880,496,6884,dn,0,95,95,54.962,-3.116,10.0,discharging,27.4811,50.0,"p3,seq=01082,d_pct=00056,v_mv=13880,i_ma=00496,p_mw=06884,mppt=dn,f=0,chk=95,raw=90"
2026-07-13T13:34:56.047972+00:00,1,,0,1083,54,13800,504,6955,up,0,90,90,54.96,-3.045,10.0,discharging,27.4802,50.0,"p3,seq=01083,d_pct=00054,v_mv=13800,i_ma=00504,p_mw=06955,mppt=up,f=0,chk=90,raw=8C"
2026-07-13T13:34:57.062958+00:00,1,,0,1084,53,13720,512,7024,up,0,40,40,54.959,-2.976,10.0,discharging,27.4793,50.0,"p3,seq=01084,d_pct=00053,v_mv=13720,i_ma=00512,p_mw=07024,mppt=up,f=0,chk=40,raw=88"
2026-07-13T13:34:58.065785+00:00,1,,0,1085,51,13640,520,7092,up,0,57,57,54.957,-2.908,10.0,discharging,27.4785,50.0,"p3,seq=01085,d_pct=00051,v_mv=13640,i_ma=00520,p_mw=07092,mppt=up,f=0,chk=57,raw=84"
2026-07-13T13:34:59.072390+00:00,1,,0,1086,50,13560,528,7159,up,0,BB,BB,54.955,-2.841,10.0,discharging,27.4777,50.0,"p3,seq=01086,d_pct=00050,v_mv=13560,i_ma=00528,p_mw=07159,mppt=up,f=0,chk=BB,raw=80"
2026-07-13T13:35:00.079233+00:00,1,,0,1087,48,13480,536,7225,up,0,D5,D5,54.954,-2.775,10.0,discharging,27.4768,50.0,"p3,seq=01087,d_pct=00048,v_mv=13480,i_ma=00536,p_mw=07225,mppt=up,f=0,chk=D5,raw=7C"
2026-07-13T13:35:01.085344+00:00,1,,0,1088,47,13400,544,7289,up,0,39,39,54.952,-2.711,10.0,discharging,27.476,50.0,"p3,seq=01088,d_pct=00047,v_mv=13400,i_ma=00544,p_mw=07289,mppt=up,f=0,chk=39,raw=78"
2026-07-13T13:35:02.097335+00:00,1,,0,1089,45,13320,552,7352,up,0,AF,AF,54.951,-2.648,10.0,discharging,27.4753,50.0,"p3,seq=01089,d_pct=00045,v_mv=13320,i_ma=00552,p_mw=07352,mppt=up,f=0,chk=AF,raw=74"
2026-07-13T13:35:03.102344+00:00,1,,0,1090,43,13240,560,7414,up,0,4F,4F,54.949,-2.586,10.0,discharging,27.4745,50.0,"p3,seq=01090,d_pct=00043,v_mv=13240,i_ma=00560,p_mw=07414,mppt=up,f=0,chk=4F,raw=70"
2026-07-13T13:35:04.108701+00:00,1,,0,1091,42,13160,568,7474,up,0,4E,4E,54.948,-2.526,10.0,discharging,27.4738,50.0,"p3,seq=01091,d_pct=00042,v_mv=13160,i_ma=00568,p_mw=07474,mppt=up,f=0,chk=4E,raw=6C"
2026-07-13T13:35:05.115093+00:00,1,,0,1092,40,13080,576,7534,up,0,1B,1B,54.946,-2.466,10.0,discharging,27.473,50.0,"p3,seq=01092,d_pct=00040,v_mv=13080,i_ma=00576,p_mw=07534,mppt=up,f=0,chk=1B,raw=68"
2026-07-13T13:35:06.121994+00:00,1,,0,1093,39,13000,584,7592,up,0,06,06,54.945,-2.408,10.0,discharging,27.4723,50.0,"p3,seq=01093,d_pct=00039,v_mv=13000,i_ma=00584,p_mw=07592,mppt=up,f=0,chk=06,raw=64"
2026-07-13T13:35:07.133109+00:00,1,,0,1094,37,12920,592,7648,up,0,E3,E3,54.943,-2.352,10.0,discharging,27.4716,50.0,"p3,seq=01094,d_pct=00037,v_mv=12920,i_ma=00592,p_mw=07648,mppt=up,f=0,chk=E3,raw=60"
2026-07-13T13:35:08.139061+00:00,1,,0,1095,36,12840,600,7704,up,0,7C,7C,54.942,-2.296,10.0,discharging,27.471,50.0,"p3,seq=01095,d_pct=00036,v_mv=12840,i_ma=00600,p_mw=07704,mppt=up,f=0,chk=7C,raw=5C"
2026-07-13T13:35:09.145569+00:00,1,,0,1096,34,12760,608,7758,up,0,EC,EC,54.941,-2.242,10.0,discharging,27.4703,50.0,"p3,seq=01096,d_pct=00034,v_mv=12760,i_ma=00608,p_mw=07758,mppt=up,f=0,chk=EC,raw=58"
2026-07-13T13:35:10.151201+00:00,1,,0,1097,32,12680,616,7810,up,0,77,77,54.939,-2.19,10.0,discharging,27.4696,50.0,"p3,seq=01097,d_pct=00032,v_mv=12680,i_ma=00616,p_mw=07810,mppt=up,f=0,chk=77,raw=54"
2026-07-13T13:37:52.313061+00:00,1,,,236,25,12280,656,8055,up,0,99,99,55.0,-1.945,10.0,discharging,27.5,50.0,"p3,seq=00236,d_pct=00025,v_mv=12280,i_ma=00656,p_mw=08055,mppt=up,f=0,chk=99,raw=40"
2026-07-13T13:40:20.433199+00:00,1,,,1405,26,12360,648,8009,dn,0,80,80,54.994,-1.991,10.0,discharging,27.4971,50.0,"p3,seq=01405,d_pct=00026,v_mv=12360,i_ma=00648,p_mw=08009,mppt=dn,f=0,chk=80,raw=44"
2026-07-13T13:40:21.437468+00:00,1,,0,1406,25,12280,656,8055,up,0,0E,0E,54.993,-1.945,10.0,discharging,27.4965,50.0,"p3,seq=01406,d_pct=00025,v_mv=12280,i_ma=00656,p_mw=08055,mppt=up,f=0,chk=0E,raw=40"
2026-07-13T13:40:22.446618+00:00,1,,0,1407,23,12200,648,7905,dn,0,A1,A1,54.992,-2.095,10.0,discharging,27.4959,50.0,"p3,seq=01407,d_pct=00023,v_mv=12200,i_ma=00648,p_mw=07905,mppt=dn,f=0,chk=A1,raw=3C"
2026-07-13T13:40:23.451905+00:00,1,,0,1408,25,12280,656,8055,up,0,F0,F0,54.991,-1.945,10.0,discharging,27.4953,50.0,"p3,seq=01408,d_pct=00025,v_mv=12280,i_ma=00656,p_mw=08055,mppt=up,f=0,chk=F0,raw=40"
2026-07-13T13:40:24.464404+00:00,1,,0,1409,26,12360,648,8009,dn,0,7C,7C,54.989,-1.991,10.0,discharging,27.4947,50.0,"p3,seq=01409,d_pct=00026,v_mv=12360,i_ma=00648,p_mw=08009,mppt=dn,f=0,chk=7C,raw=44"
2026-07-13T13:40:25.469279+00:00,1,,0,1410,25,12280,656,8055,up,0,F2,F2,54.988,-1.945,10.0,discharging,27.4942,50.0,"p3,seq=01410,d_pct=00025,v_mv=12280,i_ma=00656,p_mw=08055,mppt=up,f=0,chk=F2,raw=40"
2026-07-13T13:40:26.475273+00:00,1,,0,1411,23,12200,648,7905,dn,0,5D,5D,54.987,-2.095,10.0,discharging,27.4935,50.0,"p3,seq=01411,d_pct=00023,v_mv=12200,i_ma=00648,p_mw=07905,mppt=dn,f=0,chk=5D,raw=3C"
2026-07-13T13:40:27.481747+00:00,1,,0,1412,25,12280,656,8055,up,0,F4,F4,54.986,-1.945,10.0,discharging,27.493,50.0,"p3,seq=01412,d_pct=00025,v_mv=12280,i_ma=00656,p_mw=08055,mppt=up,f=0,chk=F4,raw=40"
2026-07-13T13:40:28.490054+00:00,1,,0,1413,26,12360,648,8009,dn,0,78,78,54.985,-1.991,10.0,discharging,27.4924,50.0,"p3,seq=01413,d_pct=00026,v_mv=12360,i_ma=00648,p_mw=08009,mppt=dn,f=0,chk=78,raw=44"
2026-07-13T13:40:29.501442+00:00,1,,0,1414,25,12280,656,8055,up,0,F6,F6,54.984,-1.945,10.0,discharging,27.4918,50.0,"p3,seq=01414,d_pct=00025,v_mv=12280,i_ma=00656,p_mw=08055,mppt=up,f=0,chk=F6,raw=40"
2026-07-13T13:40:30.505711+00:00,1,,0,1415,23,12200,648,7905,dn,0,59,59,54.982,-2.095,10.0,discharging,27.4912,50.0,"p3,seq=01415,d_pct=00023,v_mv=12200,i_ma=00648,p_mw=07905,mppt=dn,f=0,chk=59,raw=3C"
2026-07-13T13:40:31.513077+00:00,1,,0,1416,25,12280,656,8055,up,0,F8,F8,54.981,-1.945,10.0,discharging,27.4906,50.0,"p3,seq=01416,d_pct=00025,v_mv=12280,i_ma=00656,p_mw=08055,mppt=up,f=0,chk=F8,raw=40"
2026-07-13T13:40:32.518430+00:00,1,,0,1417,26,12360,648,8009,dn,0,74,74,54.98,-1.991,10.0,discharging,27.49,50.0,"p3,seq=01417,d_pct=00026,v_mv=12360,i_ma=00648,p_mw=08009,mppt=dn,f=0,chk=74,raw=44"
2026-07-13T13:40:33.531224+00:00,1,,0,1418,25,12280,656,8055,up,1,FB,FB,54.979,-1.945,10.0,discharging,27.4895,50.0,"p3,seq=01418,d_pct=00025,v_mv=12280,i_ma=00656,p_mw=08055,mppt=up,f=1,chk=FB,raw=40"
2026-07-13T13:40:34.536677+00:00,1,,0,1419,25,12280,656,8055,hd,1,FB,FB,54.978,-1.945,10.0,discharging,27.4889,50.0,"p3,seq=01419,d_pct=00025,v_mv=12280,i_ma=00656,p_mw=08055,mppt=hd,f=1,chk=FB,raw=40"
2026-07-13T13:40:35.542263+00:00,1,,0,1420,25,12280,656,8055,hd,0,FD,FD,54.977,-1.945,10.0,discharging,27.4883,50.0,"p3,seq=01420,d_pct=00025,v_mv=12280,i_ma=00656,p_mw=08055,mppt=hd,f=0,chk=FD,raw=40"
2026-07-13T13:40:36.549833+00:00,1,,0,1421,23,12200,648,7905,dn,0,53,53,54.975,-2.095,10.0,discharging,27.4877,50.0,"p3,seq=01421,d_pct=00023,v_mv=12200,i_ma=00648,p_mw=07905,mppt=dn,f=0,chk=53,raw=3C"
2026-07-13T13:40:37.555186+00:00,1,,0,1422,25,12280,656,8055,up,0,FE,FE,54.974,-1.945,10.0,discharging,27.4871,50.0,"p3,seq=01422,d_pct=00025,v_mv=12280,i_ma=00656,p_mw=08055,mppt=up,f=0,chk=FE,raw=40"
2026-07-13T13:40:38.566825+00:00,1,,0,1423,26,12360,648,8009,dn,0,72,72,54.973,-1.991,10.0,discharging,27.4865,50.0,"p3,seq=01423,d_pct=00026,v_mv=12360,i_ma=00648,p_mw=08009,mppt=dn,f=0,chk=72,raw=44"
2026-07-13T13:40:39.572622+00:00,1,,0,1424,25,12280,624,7662,dn,0,98,98,54.972,-2.338,10.0,discharging,27.4859,50.0,"p3,seq=01424,d_pct=00025,v_mv=12280,i_ma=00624,p_mw=07662,mppt=dn,f=0,chk=98,raw=40"
2026-07-13T13:40:40.578702+00:00,1,,0,1425,26,12360,632,7811,up,0,54,54,54.97,-2.189,10.0,discharging,27.4852,50.0,"p3,seq=01425,d_pct=00026,v_mv=12360,i_ma=00632,p_mw=07811,mppt=up,f=0,chk=54,raw=44"
2026-07-13T13:40:41.586653+00:00,1,,0,1426,28,12440,700,8708,up,0,F2,F2,54.97,-1.292,10.0,discharging,27.4848,50.0,"p3,seq=01426,d_pct=00028,v_mv=12440,i_ma=00700,p_mw=08708,mppt=up,f=0,chk=F2,raw=48"
2026-07-13T13:40:42.592116+00:00,1,,0,1427,29,12520,710,8889,up,0,41,41,54.969,-1.111,10.0,discharging,27.4845,50.0,"p3,seq=01427,d_pct=00029,v_mv=12520,i_ma=00710,p_mw=08889,mppt=up,f=0,chk=41,raw=4C"
2026-07-13T13:40:43.604320+00:00,1,,0,1428,31,12600,680,8568,dn,0,26,26,54.968,-1.432,10.0,discharging,27.4841,50.0,"p3,seq=01428,d_pct=00031,v_mv=12600,i_ma=00680,p_mw=08568,mppt=dn,f=0,chk=26,raw=50"
2026-07-13T13:40:44.608685+00:00,1,,0,1429,29,12520,590,7386,dn,0,91,91,54.967,-2.614,10.0,discharging,27.4833,50.0,"p3,seq=01429,d_pct=00029,v_mv=12520,i_ma=00590,p_mw=07386,mppt=dn,f=0,chk=91,raw=4C"
2026-07-13T13:40:45.615691+00:00,1,,0,1430,31,12600,560,7056,dn,0,6E,6E,54.965,-2.944,10.0,discharging,27.4824,50.0,"p3,seq=01430,d_pct=00031,v_mv=12600,i_ma=00560,p_mw=07056,mppt=dn,f=0,chk=6E,raw=50"
2026-07-13T13:40:46.622498+00:00,1,,0,1431,29,12520,552,6911,dn,0,D6,D6,54.963,-3.089,10.0,discharging,27.4815,50.0,"p3,seq=01431,d_pct=00029,v_mv=12520,i_ma=00552,p_mw=06911,mppt=dn,f=0,chk=D6,raw=4C"
2026-07-13T13:40:47.633438+00:00,1,,0,1432,31,12600,800,10080,up,0,BE,BE,54.963,0.08,10.0,charging,27.4816,50.0,"p3,seq=01432,d_pct=00031,v_mv=12600,i_ma=00800,p_mw=10080,mppt=up,f=0,chk=BE,raw=50"
2026-07-13T13:40:48.639702+00:00,1,,0,1433,32,12680,580,7354,dn,0,B3,B3,54.962,-2.646,10.0,discharging,27.4808,50.0,"p3,seq=01433,d_pct=00032,v_mv=12680,i_ma=00580,p_mw=07354,mppt=dn,f=0,chk=B3,raw=54"
2026-07-13T13:40:49.646828+00:00,1,,0,1434,31,12600,576,7257,dn,0,DC,DC,54.96,-2.743,10.0,discharging,27.48,50.0,"p3,seq=01434,d_pct=00031,v_mv=12600,i_ma=00576,p_mw=07257,mppt=dn,f=0,chk=DC,raw=50"
2026-07-13T13:40:50.653074+00:00,1,,0,1435,32,12680,598,7582,up,0,85,85,54.959,-2.418,10.0,discharging,27.4793,50.0,"p3,seq=01435,d_pct=00032,v_mv=12680,i_ma=00598,p_mw=07582,mppt=up,f=0,chk=85,raw=54"
2026-07-13T13:40:51.658500+00:00,1,,0,1436,34,12760,620,7911,up,0,9C,9C,54.957,-2.089,10.0,discharging,27.4787,50.0,"p3,seq=01436,d_pct=00034,v_mv=12760,i_ma=00620,p_mw=07911,mppt=up,f=0,chk=9C,raw=58"
2026-07-13T13:40:52.671482+00:00,1,,0,1437,36,12840,510,6548,dn,0,8A,8A,54.955,-3.452,10.0,discharging,27.4776,50.0,"p3,seq=01437,d_pct=00036,v_mv=12840,i_ma=00510,p_mw=06548,mppt=dn,f=0,chk=8A,raw=5C"
2026-07-13T13:40:53.680162+00:00,1,,0,1438,34,12760,608,7758,up,0,3B,3B,54.954,-2.242,10.0,discharging,27.477,50.0,"p3,seq=01438,d_pct=00034,v_mv=12760,i_ma=00608,p_mw=07758,mppt=up,f=0,chk=3B,raw=58"
2026-07-13T13:40:54.682736+00:00,1,,0,1439,32,12680,616,7810,up,0,A0,A0,54.953,-2.19,10.0,discharging,27.4763,50.0,"p3,seq=01439,d_pct=00032,v_mv=12680,i_ma=00616,p_mw=07810,mppt=up,f=0,chk=A0,raw=54"
2026-07-13T13:40:55.688747+00:00,1,,0,1440,31,12600,624,7862,up,0,38,38,54.951,-2.138,10.0,discharging,27.4757,50.0,"p3,seq=01440,d_pct=00031,v_mv=12600,i_ma=00624,p_mw=07862,mppt=up,f=0,chk=38,raw=50"
2026-07-13T13:40:56.700443+00:00,1,,0,1441,29,12520,632,7912,up,0,A0,A0,54.95,-2.088,10.0,discharging,27.4751,50.0,"p3,seq=01441,d_pct=00029,v_mv=12520,i_ma=00632,p_mw=07912,mppt=up,f=0,chk=A0,raw=4C"
2026-07-13T13:40:57.705169+00:00,1,,0,1442,28,12440,640,7961,up,0,DE,DE,54.949,-2.039,10.0,discharging,27.4745,50.0,"p3,seq=01442,d_pct=00028,v_mv=12440,i_ma=00640,p_mw=07961,mppt=up,f=0,chk=DE,raw=48"
2026-07-13T13:40:58.712667+00:00,1,,0,1443,26,12360,648,8009,up,0,5D,5D,54.948,-1.991,10.0,discharging,27.4739,50.0,"p3,seq=01443,d_pct=00026,v_mv=12360,i_ma=00648,p_mw=08009,mppt=up,f=0,chk=5D,raw=44"
2026-07-13T13:40:59.718109+00:00,1,,0,1444,25,12280,656,8055,up,0,D4,D4,54.947,-1.945,10.0,discharging,27.4733,50.0,"p3,seq=01444,d_pct=00025,v_mv=12280,i_ma=00656,p_mw=08055,mppt=up,f=0,chk=D4,raw=40"
2026-07-13T13:41:00.725677+00:00,1,,0,1445,23,12200,648,7905,dn,0,7B,7B,54.945,-2.095,10.0,discharging,27.4727,50.0,"p3,seq=01445,d_pct=00023,v_mv=12200,i_ma=00648,p_mw=07905,mppt=dn,f=0,chk=7B,raw=3C"
2026-07-13T13:41:01.737222+00:00,1,,0,1446,25,12280,656,8055,up,0,D6,D6,54.944,-1.945,10.0,discharging,27.4721,50.0,"p3,seq=01446,d_pct=00025,v_mv=12280,i_ma=00656,p_mw=08055,mppt=up,f=0,chk=D6,raw=40"
2026-07-13T13:41:02.741531+00:00,1,,0,1447,26,12360,648,8009,dn,0,5A,5A,54.943,-1.991,10.0,discharging,27.4715,50.0,"p3,seq=01447,d_pct=00026,v_mv=12360,i_ma=00648,p_mw=08009,mppt=dn,f=0,chk=5A,raw=44"
2026-07-13T13:41:03.750172+00:00,1,,0,1448,25,12280,656,8055,up,0,D8,D8,54.942,-1.945,10.0,discharging,27.471,50.0,"p3,seq=01448,d_pct=00025,v_mv=12280,i_ma=00656,p_mw=08055,mppt=up,f=0,chk=D8,raw=40"
2026-07-13T13:41:04.754608+00:00,1,,0,1449,23,12200,648,7905,dn,0,77,77,54.941,-2.095,10.0,discharging,27.4704,50.0,"p3,seq=01449,d_pct=00023,v_mv=12200,i_ma=00648,p_mw=07905,mppt=dn,f=0,chk=77,raw=3C"
2026-07-13T13:41:05.767689+00:00,1,,0,1450,25,12280,656,8055,up,0,DA,DA,54.94,-1.945,10.0,discharging,27.4698,50.0,"p3,seq=01450,d_pct=00025,v_mv=12280,i_ma=00656,p_mw=08055,mppt=up,f=0,chk=DA,raw=40"
2026-07-13T13:41:06.773040+00:00,1,,0,1451,26,12360,648,8009,dn,0,56,56,54.938,-1.991,10.0,discharging,27.4692,50.0,"p3,seq=01451,d_pct=00026,v_mv=12360,i_ma=00648,p_mw=08009,mppt=dn,f=0,chk=56,raw=44"
2026-07-13T13:41:07.778050+00:00,1,,0,1452,25,12280,656,8055,up,0,DC,DC,54.937,-1.945,10.0,discharging,27.4686,50.0,"p3,seq=01452,d_pct=00025,v_mv=12280,i_ma=00656,p_mw=08055,mppt=up,f=0,chk=DC,raw=40"
2026-07-13T13:41:08.786628+00:00,1,,0,1453,23,12200,648,7905,dn,0,73,73,54.936,-2.095,10.0,discharging,27.468,50.0,"p3,seq=01453,d_pct=00023,v_mv=12200,i_ma=00648,p_mw=07905,mppt=dn,f=0,chk=73,raw=3C"
2026-07-13T13:41:09.791567+00:00,1,,0,1454,25,12280,656,8055,up,0,DE,DE,54.935,-1.945,10.0,discharging,27.4674,50.0,"p3,seq=01454,d_pct=00025,v_mv=12280,i_ma=00656,p_mw=08055,mppt=up,f=0,chk=DE,raw=40"
2026-07-13T13:41:10.804294+00:00,1,,0,1455,26,12360,648,8009,dn,0,52,52,54.934,-1.991,10.0,discharging,27.4668,50.0,"p3,seq=01455,d_pct=00026,v_mv=12360,i_ma=00648,p_mw=08009,mppt=dn,f=0,chk=52,raw=44"
2026-07-13T13:41:11.809811+00:00,1,,0,1456,25,12280,656,8055,up,0,C0,C0,54.933,-1.945,10.0,discharging,27.4663,50.0,"p3,seq=01456,d_pct=00025,v_mv=12280,i_ma=00656,p_mw=08055,mppt=up,f=0,chk=C0,raw=40"
2026-07-13T13:41:12.815485+00:00,1,,0,1457,23,12200,648,7905,dn,0,6F,6F,54.931,-2.095,10.0,discharging,27.4657,50.0,"p3,seq=01457,d_pct=00023,v_mv=12200,i_ma=00648,p_mw=07905,mppt=dn,f=0,chk=6F,raw=3C"
2026-07-13T13:41:13.821897+00:00,1,,0,1458,25,12280,656,8055,up,0,C2,C2,54.93,-1.945,10.0,discharging,27.4651,50.0,"p3,seq=01458,d_pct=00025,v_mv=12280,i_ma=00656,p_mw=08055,mppt=up,f=0,chk=C2,raw=40"
2026-07-13T13:41:14.833273+00:00,1,,0,1459,26,12360,648,8009,dn,0,4E,4E,54.929,-1.991,10.0,discharging,27.4645,50.0,"p3,seq=01459,d_pct=00026,v_mv=12360,i_ma=00648,p_mw=08009,mppt=dn,f=0,chk=4E,raw=44"
2026-07-13T13:41:15.838971+00:00,1,,0,1460,25,12280,656,8055,up,0,C4,C4,54.928,-1.945,10.0,discharging,27.4639,50.0,"p3,seq=01460,d_pct=00025,v_mv=12280,i_ma=00656,p_mw=08055,mppt=up,f=0,chk=C4,raw=40"
2026-07-13T13:41:16.845810+00:00,1,,0,1461,23,12200,648,7905,dn,0,6B,6B,54.927,-2.095,10.0,discharging,27.4633,50.0,"p3,seq=01461,d_pct=00023,v_mv=12200,i_ma=00648,p_mw=07905,mppt=dn,f=0,chk=6B,raw=3C"
2026-07-13T13:41:17.851134+00:00,1,,0,1462,25,12280,656,8055,up,0,C6,C6,54.925,-1.945,10.0,discharging,27.4627,50.0,"p3,seq=01462,d_pct=00025,v_mv=12280,i_ma=00656,p_mw=08055,mppt=up,f=0,chk=C6,raw=40"
2026-07-13T13:41:18.858635+00:00,1,,0,1463,26,12360,648,8009,dn,0,4A,4A,54.924,-1.991,10.0,discharging,27.4621,50.0,"p3,seq=01463,d_pct=00026,v_mv=12360,i_ma=00648,p_mw=08009,mppt=dn,f=0,chk=4A,raw=44"
2026-07-13T13:41:19.869662+00:00,1,,0,1464,25,12280,656,8055,up,0,C8,C8,54.923,-1.945,10.0,discharging,27.4616,50.0,"p3,seq=01464,d_pct=00025,v_mv=12280,i_ma=00656,p_mw=08055,mppt=up,f=0,chk=C8,raw=40"
2026-07-13T13:41:20.877683+00:00,1,,0,1465,23,12200,648,7905,dn,0,67,67,54.922,-2.095,10.0,discharging,27.461,50.0,"p3,seq=01465,d_pct=00023,v_mv=12200,i_ma=00648,p_mw=07905,mppt=dn,f=0,chk=67,raw=3C"
2026-07-13T13:41:21.881333+00:00,1,,0,1466,25,12280,656,8055,up,0,CA,CA,54.921,-1.945,10.0,discharging,27.4604,50.0,"p3,seq=01466,d_pct=00025,v_mv=12280,i_ma=00656,p_mw=08055,mppt=up,f=0,chk=CA,raw=40"
2026-07-13T13:41:22.887934+00:00,1,,0,1467,26,12360,648,8009,dn,0,46,46,54.92,-1.991,10.0,discharging,27.4598,50.0,"p3,seq=01467,d_pct=00026,v_mv=12360,i_ma=00648,p_mw=08009,mppt=dn,f=0,chk=46,raw=44"
2026-07-13T13:41:23.901972+00:00,1,,0,1468,25,12280,656,8055,up,0,CC,CC,54.918,-1.945,10.0,discharging,27.4592,50.0,"p3,seq=01468,d_pct=00025,v_mv=12280,i_ma=00656,p_mw=08055,mppt=up,f=0,chk=CC,raw=40"
2026-07-13T13:41:24.905021+00:00,1,,0,1469,23,12200,648,7905,dn,0,63,63,54.917,-2.095,10.0,discharging,27.4586,50.0,"p3,seq=01469,d_pct=00023,v_mv=12200,i_ma=00648,p_mw=07905,mppt=dn,f=0,chk=63,raw=3C"
2026-07-13T13:41:25.912293+00:00,1,,0,1470,25,12280,656,8055,up,0,CE,CE,54.916,-1.945,10.0,discharging,27.458,50.0,"p3,seq=01470,d_pct=00025,v_mv=12280,i_ma=00656,p_mw=08055,mppt=up,f=0,chk=CE,raw=40"
2026-07-13T13:41:26.920340+00:00,1,,0,1471,26,12360,648,8009,dn,0,42,42,54.915,-1.991,10.0,discharging,27.4574,50.0,"p3,seq=01471,d_pct=00026,v_mv=12360,i_ma=00648,p_mw=08009,mppt=dn,f=0,chk=42,raw=44"
2026-07-13T13:41:27.924510+00:00,1,,0,1472,25,12280,656,8055,up,0,B0,B0,54.914,-1.945,10.0,discharging,27.4569,50.0,"p3,seq=01472,d_pct=00025,v_mv=12280,i_ma=00656,p_mw=08055,mppt=up,f=0,chk=B0,raw=40"
2026-07-13T13:41:28.936624+00:00,1,,0,1473,23,12200,648,7905,dn,0,1F,1F,54.913,-2.095,10.0,discharging,27.4563,50.0,"p3,seq=01473,d_pct=00023,v_mv=12200,i_ma=00648,p_mw=07905,mppt=dn,f=0,chk=1F,raw=3C"
2026-07-13T13:41:29.950437+00:00,1,,0,1474,25,12280,656,8055,up,0,B2,B2,54.911,-1.945,10.0,discharging,27.4557,50.0,"p3,seq=01474,d_pct=00025,v_mv=12280,i_ma=00656,p_mw=08055,mppt=up,f=0,chk=B2,raw=40"
2026-07-13T13:41:30.948824+00:00,1,,0,1475,26,12360,648,8009,dn,0,3E,3E,54.91,-1.991,10.0,discharging,27.4551,50.0,"p3,seq=01475,d_pct=00026,v_mv=12360,i_ma=00648,p_mw=08009,mppt=dn,f=0,chk=3E,raw=44"
2026-07-13T13:41:31.957823+00:00,1,,0,1476,25,12280,656,8055,up,0,B4,B4,54.909,-1.945,10.0,discharging,27.4545,50.0,"p3,seq=01476,d_pct=00025,v_mv=12280,i_ma=00656,p_mw=08055,mppt=up,f=0,chk=B4,raw=40"
2026-07-13T13:41:32.963980+00:00,1,,0,1477,23,12200,648,7905,dn,0,1B,1B,54.908,-2.095,10.0,discharging,27.4539,50.0,"p3,seq=01477,d_pct=00023,v_mv=12200,i_ma=00648,p_mw=07905,mppt=dn,f=0,chk=1B,raw=3C"
2026-07-13T13:41:33.973256+00:00,1,,0,1478,25,12280,656,8055,up,0,B6,B6,54.907,-1.945,10.0,discharging,27.4533,50.0,"p3,seq=01478,d_pct=00025,v_mv=12280,i_ma=00656,p_mw=08055,mppt=up,f=0,chk=B6,raw=40"
2026-07-13T13:41:34.981161+00:00,1,,0,1479,26,12360,648,8009,dn,0,3A,3A,54.905,-1.991,10.0,discharging,27.4527,50.0,"p3,seq=01479,d_pct=00026,v_mv=12360,i_ma=00648,p_mw=08009,mppt=dn,f=0,chk=3A,raw=44"
2026-07-13T13:41:35.985293+00:00,1,,0,1480,25,12280,656,8055,up,0,B8,B8,54.904,-1.945,10.0,discharging,27.4522,50.0,"p3,seq=01480,d_pct=00025,v_mv=12280,i_ma=00656,p_mw=08055,mppt=up,f=0,chk=B8,raw=40"
2026-07-13T13:41:36.993708+00:00,1,,0,1481,23,12200,648,7905,dn,0,17,17,54.903,-2.095,10.0,discharging,27.4516,50.0,"p3,seq=01481,d_pct=00023,v_mv=12200,i_ma=00648,p_mw=07905,mppt=dn,f=0,chk=17,raw=3C"
2026-07-13T13:41:38.001202+00:00,1,,0,1482,25,12280,656,8055,up,0,BA,BA,54.902,-1.945,10.0,discharging,27.451,50.0,"p3,seq=01482,d_pct=00025,v_mv=12280,i_ma=00656,p_mw=08055,mppt=up,f=0,chk=BA,raw=40"
2026-07-13T13:41:39.009676+00:00,1,,0,1483,26,12360,648,8009,dn,0,36,36,54.901,-1.991,10.0,discharging,27.4504,50.0,"p3,seq=01483,d_pct=00026,v_mv=12360,i_ma=00648,p_mw=08009,mppt=dn,f=0,chk=36,raw=44"
2026-07-13T13:41:40.019023+00:00,1,,0,1484,25,12280,656,8055,up,0,BC,BC,54.9,-1.945,10.0,discharging,27.4498,50.0,"p3,seq=01484,d_pct=00025,v_mv=12280,i_ma=00656,p_mw=08055,mppt=up,f=0,chk=BC,raw=40"
2026-07-13T13:41:41.022630+00:00,1,,0,1485,23,12200,648,7905,dn,0,13,13,54.898,-2.095,10.0,discharging,27.4492,50.0,"p3,seq=01485,d_pct=00023,v_mv=12200,i_ma=00648,p_mw=07905,mppt=dn,f=0,chk=13,raw=3C"
2026-07-13T13:41:42.029187+00:00,1,,0,1486,25,12280,656,8055,up,0,BE,BE,54.897,-1.945,10.0,discharging,27.4486,50.0,"p3,seq=01486,d_pct=00025,v_mv=12280,i_ma=00656,p_mw=08055,mppt=up,f=0,chk=BE,raw=40"
2026-07-13T13:41:43.038991+00:00,1,,0,1487,26,12360,648,8009,dn,0,32,32,54.896,-1.991,10.0,discharging,27.448,50.0,"p3,seq=01487,d_pct=00026,v_mv=12360,i_ma=00648,p_mw=08009,mppt=dn,f=0,chk=32,raw=44"
2026-07-13T13:41:44.047659+00:00,1,,0,1488,25,12280,656,8055,up,0,A0,A0,54.895,-1.945,10.0,discharging,27.4475,50.0,"p3,seq=01488,d_pct=00025,v_mv=12280,i_ma=00656,p_mw=08055,mppt=up,f=0,chk=A0,raw=40"
2026-07-13T13:41:45.052803+00:00,1,,0,1489,23,12200,648,7905,dn,0,0F,0F,54.894,-2.095,10.0,discharging,27.4469,50.0,"p3,seq=01489,d_pct=00023,v_mv=12200,i_ma=00648,p_mw=07905,mppt=dn,f=0,chk=0F,raw=3C"
2026-07-13T13:41:46.060171+00:00,1,,0,1490,25,12280,656,8055,up,0,A2,A2,54.893,-1.945,10.0,discharging,27.4463,50.0,"p3,seq=01490,d_pct=00025,v_mv=12280,i_ma=00656,p_mw=08055,mppt=up,f=0,chk=A2,raw=40"
2026-07-13T13:41:47.065858+00:00,1,,0,1491,26,12360,648,8009,dn,0,2E,2E,54.891,-1.991,10.0,discharging,27.4457,50.0,"p3,seq=01491,d_pct=00026,v_mv=12360,i_ma=00648,p_mw=08009,mppt=dn,f=0,chk=2E,raw=44"
2026-07-13T13:41:48.078400+00:00,1,,0,1492,25,12280,656,8055,up,0,A4,A4,54.89,-1.945,10.0,discharging,27.4451,50.0,"p3,seq=01492,d_pct=00025,v_mv=12280,i_ma=00656,p_mw=08055,mppt=up,f=0,chk=A4,raw=40"
2026-07-13T13:41:49.083144+00:00,1,,0,1493,23,12200,648,7905,dn,0,0B,0B,54.889,-2.095,10.0,discharging,27.4445,50.0,"p3,seq=01493,d_pct=00023,v_mv=12200,i_ma=00648,p_mw=07905,mppt=dn,f=0,chk=0B,raw=3C"
2026-07-13T13:41:50.090372+00:00,1,,0,1494,25,12280,656,8055,up,0,A6,A6,54.888,-1.945,10.0,discharging,27.4439,50.0,"p3,seq=01494,d_pct=00025,v_mv=12280,i_ma=00656,p_mw=08055,mppt=up,f=0,chk=A6,raw=40"
2026-07-13T13:41:51.098265+00:00,1,,0,1495,26,12360,648,8009,dn,0,2A,2A,54.887,-1.991,10.0,discharging,27.4434,50.0,"p3,seq=01495,d_pct=00026,v_mv=12360,i_ma=00648,p_mw=08009,mppt=dn,f=0,chk=2A,raw=44"
2026-07-13T13:41:52.102657+00:00,1,,0,1496,25,12280,656,8055,up,0,A8,A8,54.886,-1.945,10.0,discharging,27.4428,50.0,"p3,seq=01496,d_pct=00025,v_mv=12280,i_ma=00656,p_mw=08055,mppt=up,f=0,chk=A8,raw=40"
2026-07-13T13:41:53.115547+00:00,1,,0,1497,23,12200,648,7905,dn,0,07,07,54.884,-2.095,10.0,discharging,27.4422,50.0,"p3,seq=01497,d_pct=00023,v_mv=12200,i_ma=00648,p_mw=07905,mppt=dn,f=0,chk=07,raw=3C"
2026-07-13T13:41:54.120119+00:00,1,,0,1498,25,12280,656,8055,up,0,AA,AA,54.883,-1.945,10.0,discharging,27.4416,50.0,"p3,seq=01498,d_pct=00025,v_mv=12280,i_ma=00656,p_mw=08055,mppt=up,f=0,chk=AA,raw=40"
2026-07-13T13:41:55.125296+00:00,1,,0,1499,26,12360,648,8009,dn,0,26,26,54.882,-1.991,10.0,discharging,27.441,50.0,"p3,seq=01499,d_pct=00026,v_mv=12360,i_ma=00648,p_mw=08009,mppt=dn,f=0,chk=26,raw=44"
2026-07-13T13:41:56.133493+00:00,1,,0,1500,25,12280,656,8055,up,0,AC,AC,54.881,-1.945,10.0,discharging,27.4404,50.0,"p3,seq=01500,d_pct=00025,v_mv=12280,i_ma=00656,p_mw=08055,mppt=up,f=0,chk=AC,raw=40"
2026-07-13T13:41:57.145435+00:00,1,,0,1501,23,12200,648,7905,dn,0,03,03,54.88,-2.095,10.0,discharging,27.4398,50.0,"p3,seq=01501,d_pct=00023,v_mv=12200,i_ma=00648,p_mw=07905,mppt=dn,f=0,chk=03,raw=3C"
2026-07-13T13:41:58.150058+00:00,1,,0,1502,25,12280,656,8055,up,0,AE,AE,54.878,-1.945,10.0,discharging,27.4392,50.0,"p3,seq=01502,d_pct=00025,v_mv=12280,i_ma=00656,p_mw=08055,mppt=up,f=0,chk=AE,raw=40"
2026-07-13T13:41:59.159244+00:00,1,,0,1503,26,12360,648,8009,dn,0,22,22,54.877,-1.991,10.0,discharging,27.4387,50.0,"p3,seq=01503,d_pct=00026,v_mv=12360,i_ma=00648,p_mw=08009,mppt=dn,f=0,chk=22,raw=44"
2026-07-13T13:42:00.162352+00:00,1,,0,1504,25,12280,656,8055,up,0,90,90,54.876,-1.945,10.0,discharging,27.4381,50.0,"p3,seq=01504,d_pct=00025,v_mv=12280,i_ma=00656,p_mw=08055,mppt=up,f=0,chk=90,raw=40"
2026-07-13T13:42:01.170077+00:00,1,,0,1505,23,12200,648,7905,dn,0,3F,3F,54.875,-2.095,10.0,discharging,27.4375,50.0,"p3,seq=01505,d_pct=00023,v_mv=12200,i_ma=00648,p_mw=07905,mppt=dn,f=0,chk=3F,raw=3C"
2026-07-13T13:42:02.181201+00:00,1,,0,1506,25,12280,656,8055,up,0,92,92,54.874,-1.945,10.0,discharging,27.4369,50.0,"p3,seq=01506,d_pct=00025,v_mv=12280,i_ma=00656,p_mw=08055,mppt=up,f=0,chk=92,raw=40"
2026-07-13T13:42:03.186565+00:00,1,,0,1507,26,12360,648,8009,dn,0,1E,1E,54.873,-1.991,10.0,discharging,27.4363,50.0,"p3,seq=01507,d_pct=00026,v_mv=12360,i_ma=00648,p_mw=08009,mppt=dn,f=0,chk=1E,raw=44"
2026-07-13T13:42:04.192586+00:00,1,,0,1508,25,12280,656,8055,up,0,94,94,54.871,-1.945,10.0,discharging,27.4357,50.0,"p3,seq=01508,d_pct=00025,v_mv=12280,i_ma=00656,p_mw=08055,mppt=up,f=0,chk=94,raw=40"
2026-07-13T13:42:05.198603+00:00,1,,0,1509,23,12200,648,7905,dn,0,3B,3B,54.87,-2.095,10.0,discharging,27.4351,50.0,"p3,seq=01509,d_pct=00023,v_mv=12200,i_ma=00648,p_mw=07905,mppt=dn,f=0,chk=3B,raw=3C"
2026-07-13T13:42:06.210638+00:00,1,,0,1510,25,12280,656,8055,up,0,96,96,54.869,-1.945,10.0,discharging,27.4345,50.0,"p3,seq=01510,d_pct=00025,v_mv=12280,i_ma=00656,p_mw=08055,mppt=up,f=0,chk=96,raw=40"
2026-07-13T13:42:07.216500+00:00,1,,0,1511,26,12360,648,8009,dn,0,1A,1A,54.868,-1.991,10.0,discharging,27.434,50.0,"p3,seq=01511,d_pct=00026,v_mv=12360,i_ma=00648,p_mw=08009,mppt=dn,f=0,chk=1A,raw=44"
2026-07-13T13:42:08.222344+00:00,1,,0,1512,25,12280,656,8055,up,0,98,98,54.867,-1.945,10.0,discharging,27.4334,50.0,"p3,seq=01512,d_pct=00025,v_mv=12280,i_ma=00656,p_mw=08055,mppt=up,f=0,chk=98,raw=40"
2026-07-13T13:42:09.228173+00:00,1,,0,1513,23,12200,648,7905,dn,0,37,37,54.866,-2.095,10.0,discharging,27.4328,50.0,"p3,seq=01513,d_pct=00023,v_mv=12200,i_ma=00648,p_mw=07905,mppt=dn,f=0,chk=37,raw=3C"
2026-07-13T13:42:10.236609+00:00,1,,0,1514,25,12280,656,8055,up,0,9A,9A,54.864,-1.945,10.0,discharging,27.4322,50.0,"p3,seq=01514,d_pct=00025,v_mv=12280,i_ma=00656,p_mw=08055,mppt=up,f=0,chk=9A,raw=40"
2026-07-13T13:42:11.247702+00:00,1,,0,1515,26,12360,648,8009,dn,0,16,16,54.863,-1.991,10.0,discharging,27.4316,50.0,"p3,seq=01515,d_pct=00026,v_mv=12360,i_ma=00648,p_mw=08009,mppt=dn,f=0,chk=16,raw=44"
2026-07-13T13:42:12.251757+00:00,1,,0,1516,25,12280,656,8055,up,0,9C,9C,54.862,-1.945,10.0,discharging,27.431,50.0,"p3,seq=01516,d_pct=00025,v_mv=12280,i_ma=00656,p_mw=08055,mppt=up,f=0,chk=9C,raw=40"
2026-07-13T13:42:13.258914+00:00,1,,0,1517,23,12200,648,7905,dn,0,33,33,54.861,-2.095,10.0,discharging,27.4304,50.0,"p3,seq=01517,d_pct=00023,v_mv=12200,i_ma=00648,p_mw=07905,mppt=dn,f=0,chk=33,raw=3C"
2026-07-13T13:42:14.265925+00:00,1,,0,1518,25,12280,656,8055,up,0,9E,9E,54.86,-1.945,10.0,discharging,27.4298,50.0,"p3,seq=01518,d_pct=00025,v_mv=12280,i_ma=00656,p_mw=08055,mppt=up,f=0,chk=9E,raw=40"
2026-07-13T13:42:15.280365+00:00,1,,0,1519,26,12360,648,8009,dn,0,12,12,54.858,-1.991,10.0,discharging,27.4292,50.0,"p3,seq=01519,d_pct=00026,v_mv=12360,i_ma=00648,p_mw=08009,mppt=dn,f=0,chk=12,raw=44"
2026-07-13T13:42:16.287111+00:00,1,,0,1520,25,12280,656,8055,up,0,80,80,54.857,-1.945,10.0,discharging,27.4287,50.0,"p3,seq=01520,d_pct=00025,v_mv=12280,i_ma=00656,p_mw=08055,mppt=up,f=0,chk=80,raw=40"
2026-07-13T13:42:17.288394+00:00,1,,0,1521,23,12200,648,7905,dn,0,2F,2F,54.856,-2.095,10.0,discharging,27.4281,50.0,"p3,seq=01521,d_pct=00023,v_mv=12200,i_ma=00648,p_mw=07905,mppt=dn,f=0,chk=2F,raw=3C"
2026-07-13T13:42:18.296868+00:00,1,,0,1522,25,12280,656,8055,up,0,82,82,54.855,-1.945,10.0,discharging,27.4275,50.0,"p3,seq=01522,d_pct=00025,v_mv=12280,i_ma=00656,p_mw=08055,mppt=up,f=0,chk=82,raw=40"
2026-07-13T13:42:19.302154+00:00,1,,0,1523,26,12360,648,8009,dn,0,0E,0E,54.854,-1.991,10.0,discharging,27.4269,50.0,"p3,seq=01523,d_pct=00026,v_mv=12360,i_ma=00648,p_mw=08009,mppt=dn,f=0,chk=0E,raw=44"
2026-07-13T13:42:20.313958+00:00,1,,0,1524,25,12280,656,8055,up,0,84,84,54.853,-1.945,10.0,discharging,27.4263,50.0,"p3,seq=01524,d_pct=00025,v_mv=12280,i_ma=00656,p_mw=08055,mppt=up,f=0,chk=84,raw=40"
2026-07-13T13:42:21.318906+00:00,1,,0,1525,23,12200,648,7905,dn,0,2B,2B,54.851,-2.095,10.0,discharging,27.4257,50.0,"p3,seq=01525,d_pct=00023,v_mv=12200,i_ma=00648,p_mw=07905,mppt=dn,f=0,chk=2B,raw=3C"
2026-07-13T13:42:22.325788+00:00,1,,0,1526,25,12280,656,8055,up,0,86,86,54.85,-1.945,10.0,discharging,27.4251,50.0,"p3,seq=01526,d_pct=00025,v_mv=12280,i_ma=00656,p_mw=08055,mppt=up,f=0,chk=86,raw=40"
2026-07-13T13:42:23.331370+00:00,1,,0,1527,26,12360,648,8009,dn,0,0A,0A,54.849,-1.991,10.0,discharging,27.4246,50.0,"p3,seq=01527,d_pct=00026,v_mv=12360,i_ma=00648,p_mw=08009,mppt=dn,f=0,chk=0A,raw=44"
2026-07-13T13:42:24.343324+00:00,1,,0,1528,25,12280,656,8055,up,0,88,88,54.848,-1.945,10.0,discharging,27.424,50.0,"p3,seq=01528,d_pct=00025,v_mv=12280,i_ma=00656,p_mw=08055,mppt=up,f=0,chk=88,raw=40"
2026-07-13T13:42:25.350265+00:00,1,,0,1529,23,12200,648,7905,dn,0,27,27,54.847,-2.095,10.0,discharging,27.4234,50.0,"p3,seq=01529,d_pct=00023,v_mv=12200,i_ma=00648,p_mw=07905,mppt=dn,f=0,chk=27,raw=3C"
2026-07-13T13:42:26.356048+00:00,1,,0,1530,25,12280,656,8055,up,0,8A,8A,54.846,-1.945,10.0,discharging,27.4228,50.0,"p3,seq=01530,d_pct=00025,v_mv=12280,i_ma=00656,p_mw=08055,mppt=up,f=0,chk=8A,raw=40"
2026-07-13T13:42:27.361616+00:00,1,,0,1531,26,12360,648,8009,dn,0,06,06,54.844,-1.991,10.0,discharging,27.4222,50.0,"p3,seq=01531,d_pct=00026,v_mv=12360,i_ma=00648,p_mw=08009,mppt=dn,f=0,chk=06,raw=44"
2026-07-13T13:42:28.371245+00:00,1,,0,1532,25,12280,656,8055,up,0,8C,8C,54.843,-1.945,10.0,discharging,27.4216,50.0,"p3,seq=01532,d_pct=00025,v_mv=12280,i_ma=00656,p_mw=08055,mppt=up,f=0,chk=8C,raw=40"
2026-07-13T13:42:29.380015+00:00,1,,0,1533,23,12200,648,7905,dn,0,23,23,54.842,-2.095,10.0,discharging,27.421,50.0,"p3,seq=01533,d_pct=00023,v_mv=12200,i_ma=00648,p_mw=07905,mppt=dn,f=0,chk=23,raw=3C"
2026-07-13T13:42:30.387840+00:00,1,,0,1534,25,12280,656,8055,up,0,8E,8E,54.841,-1.945,10.0,discharging,27.4204,50.0,"p3,seq=01534,d_pct=00025,v_mv=12280,i_ma=00656,p_mw=08055,mppt=up,f=0,chk=8E,raw=40"
2026-07-13T13:42:31.392982+00:00,1,,0,1535,26,12360,648,8009,dn,0,02,02,54.84,-1.991,10.0,discharging,27.4199,50.0,"p3,seq=01535,d_pct=00026,v_mv=12360,i_ma=00648,p_mw=08009,mppt=dn,f=0,chk=02,raw=44"
2026-07-13T13:42:32.398965+00:00,1,,0,1536,25,12280,656,8055,up,0,73,73,54.839,-1.945,10.0,discharging,27.4193,50.0,"p3,seq=01536,d_pct=00025,v_mv=12280,i_ma=00656,p_mw=08055,mppt=up,f=0,chk=73,raw=40"
2026-07-13T13:42:33.412377+00:00,1,,0,1537,23,12200,648,7905,dn,0,DC,DC,54.837,-2.095,10.0,discharging,27.4187,50.0,"p3,seq=01537,d_pct=00023,v_mv=12200,i_ma=00648,p_mw=07905,mppt=dn,f=0,chk=DC,raw=3C"
2026-07-13T13:42:34.416644+00:00,1,,0,1538,25,12280,656,8055,up,0,71,71,54.836,-1.945,10.0,discharging,27.4181,50.0,"p3,seq=01538,d_pct=00025,v_mv=12280,i_ma=00656,p_mw=08055,mppt=up,f=0,chk=71,raw=40"
2026-07-13T13:42:35.422296+00:00,1,,0,1539,26,12360,648,8009,dn,0,FD,FD,54.835,-1.991,10.0,discharging,27.4175,50.0,"p3,seq=01539,d_pct=00026,v_mv=12360,i_ma=00648,p_mw=08009,mppt=dn,f=0,chk=FD,raw=44"
2026-07-13T13:42:36.430695+00:00,1,,0,1540,25,12280,656,8055,up,0,77,77,54.834,-1.945,10.0,discharging,27.4169,50.0,"p3,seq=01540,d_pct=00025,v_mv=12280,i_ma=00656,p_mw=08055,mppt=up,f=0,chk=77,raw=40"
2026-07-13T13:42:37.435285+00:00,1,,0,1541,23,12200,648,7905,dn,0,D8,D8,54.833,-2.095,10.0,discharging,27.4163,50.0,"p3,seq=01541,d_pct=00023,v_mv=12200,i_ma=00648,p_mw=07905,mppt=dn,f=0,chk=D8,raw=3C"
2026-07-13T13:42:38.448470+00:00,1,,0,1542,25,12280,656,8055,up,0,75,75,54.831,-1.945,10.0,discharging,27.4157,50.0,"p3,seq=01542,d_pct=00025,v_mv=12280,i_ma=00656,p_mw=08055,mppt=up,f=0,chk=75,raw=40"
2026-07-13T13:42:39.451996+00:00,1,,0,1543,26,12360,648,8009,dn,0,F9,F9,54.83,-1.991,10.0,discharging,27.4152,50.0,"p3,seq=01543,d_pct=00026,v_mv=12360,i_ma=00648,p_mw=08009,mppt=dn,f=0,chk=F9,raw=44"
2026-07-13T13:42:40.458923+00:00,1,,0,1544,25,12280,656,8055,up,0,7B,7B,54.829,-1.945,10.0,discharging,27.4146,50.0,"p3,seq=01544,d_pct=00025,v_mv=12280,i_ma=00656,p_mw=08055,mppt=up,f=0,chk=7B,raw=40"
2026-07-13T13:42:41.467632+00:00,1,,0,1545,23,12200,648,7905,dn,0,D4,D4,54.828,-2.095,10.0,discharging,27.414,50.0,"p3,seq=01545,d_pct=00023,v_mv=12200,i_ma=00648,p_mw=07905,mppt=dn,f=0,chk=D4,raw=3C"
2026-07-13T13:42:42.477001+00:00,1,,0,1546,25,12280,656,8055,up,0,79,79,54.827,-1.945,10.0,discharging,27.4134,50.0,"p3,seq=01546,d_pct=00025,v_mv=12280,i_ma=00656,p_mw=08055,mppt=up,f=0,chk=79,raw=40"
2026-07-13T13:42:43.485119+00:00,1,,0,1547,26,12360,648,8009,dn,0,F5,F5,54.826,-1.991,10.0,discharging,27.4128,50.0,"p3,seq=01547,d_pct=00026,v_mv=12360,i_ma=00648,p_mw=08009,mppt=dn,f=0,chk=F5,raw=44"
2026-07-13T13:42:44.490103+00:00,1,,0,1548,25,12280,656,8055,up,0,7F,7F,54.824,-1.945,10.0,discharging,27.4122,50.0,"p3,seq=01548,d_pct=00025,v_mv=12280,i_ma=00656,p_mw=08055,mppt=up,f=0,chk=7F,raw=40"
2026-07-13T13:42:45.495735+00:00,1,,0,1549,23,12200,648,7905,dn,0,D0,D0,54.823,-2.095,10.0,discharging,27.4116,50.0,"p3,seq=01549,d_pct=00023,v_mv=12200,i_ma=00648,p_mw=07905,mppt=dn,f=0,chk=D0,raw=3C"
2026-07-13T13:42:46.504293+00:00,1,,0,1550,25,12280,656,8055,up,0,7D,7D,54.822,-1.945,10.0,discharging,27.411,50.0,"p3,seq=01550,d_pct=00025,v_mv=12280,i_ma=00656,p_mw=08055,mppt=up,f=0,chk=7D,raw=40"
2026-07-13T13:42:47.513196+00:00,1,,0,1551,26,12360,648,8009,dn,0,F1,F1,54.821,-1.991,10.0,discharging,27.4105,50.0,"p3,seq=01551,d_pct=00026,v_mv=12360,i_ma=00648,p_mw=08009,mppt=dn,f=0,chk=F1,raw=44"
2026-07-13T13:42:48.521733+00:00,1,,0,1552,25,12280,656,8055,up,0,63,63,54.82,-1.945,10.0,discharging,27.4099,50.0,"p3,seq=01552,d_pct=00025,v_mv=12280,i_ma=00656,p_mw=08055,mppt=up,f=0,chk=63,raw=40"
2026-07-13T13:42:49.524419+00:00,1,,0,1553,23,12200,648,7905,dn,0,CC,CC,54.819,-2.095,10.0,discharging,27.4093,50.0,"p3,seq=01553,d_pct=00023,v_mv=12200,i_ma=00648,p_mw=07905,mppt=dn,f=0,chk=CC,raw=3C"
2026-07-13T13:42:50.531710+00:00,1,,0,1554,25,12280,656,8055,up,0,61,61,54.817,-1.945,10.0,discharging,27.4087,50.0,"p3,seq=01554,d_pct=00025,v_mv=12280,i_ma=00656,p_mw=08055,mppt=up,f=0,chk=61,raw=40"
2026-07-13T13:42:51.544477+00:00,1,,0,1555,26,12360,648,8009,dn,0,ED,ED,54.816,-1.991,10.0,discharging,27.4081,50.0,"p3,seq=01555,d_pct=00026,v_mv=12360,i_ma=00648,p_mw=08009,mppt=dn,f=0,chk=ED,raw=44"
2026-07-13T13:42:52.548824+00:00,1,,0,1556,25,12280,656,8055,up,0,67,67,54.815,-1.945,10.0,discharging,27.4075,50.0,"p3,seq=01556,d_pct=00025,v_mv=12280,i_ma=00656,p_mw=08055,mppt=up,f=0,chk=67,raw=40"
2026-07-13T13:42:53.555590+00:00,1,,0,1557,23,12200,648,7905,dn,0,C8,C8,54.814,-2.095,10.0,discharging,27.4069,50.0,"p3,seq=01557,d_pct=00023,v_mv=12200,i_ma=00648,p_mw=07905,mppt=dn,f=0,chk=C8,raw=3C"
2026-07-13T13:42:54.562816+00:00,1,,0,1558,25,12280,656,8055,up,0,65,65,54.813,-1.945,10.0,discharging,27.4063,50.0,"p3,seq=01558,d_pct=00025,v_mv=12280,i_ma=00656,p_mw=08055,mppt=up,f=0,chk=65,raw=40"
2026-07-13T13:42:55.568549+00:00,1,,0,1559,26,12360,648,8009,dn,0,E9,E9,54.812,-1.991,10.0,discharging,27.4058,50.0,"p3,seq=01559,d_pct=00026,v_mv=12360,i_ma=00648,p_mw=08009,mppt=dn,f=0,chk=E9,raw=44"
2026-07-13T13:42:56.580237+00:00,1,,0,1560,25,12280,656,8055,up,0,6B,6B,54.81,-1.945,10.0,discharging,27.4052,50.0,"p3,seq=01560,d_pct=00025,v_mv=12280,i_ma=00656,p_mw=08055,mppt=up,f=0,chk=6B,raw=40"
2026-07-13T13:42:57.586623+00:00,1,,0,1561,23,12200,648,7905,dn,0,C4,C4,54.809,-2.095,10.0,discharging,27.4046,50.0,"p3,seq=01561,d_pct=00023,v_mv=12200,i_ma=00648,p_mw=07905,mppt=dn,f=0,chk=C4,raw=3C"
2026-07-13T13:42:58.591670+00:00,1,,0,1562,25,12280,656,8055,up,0,69,69,54.808,-1.945,10.0,discharging,27.404,50.0,"p3,seq=01562,d_pct=00025,v_mv=12280,i_ma=00656,p_mw=08055,mppt=up,f=0,chk=69,raw=40"
2026-07-13T13:42:59.600727+00:00,1,,0,1563,26,12360,648,8009,dn,0,E5,E5,54.807,-1.991,10.0,discharging,27.4034,50.0,"p3,seq=01563,d_pct=00026,v_mv=12360,i_ma=00648,p_mw=08009,mppt=dn,f=0,chk=E5,raw=44"
2026-07-13T13:43:00.609962+00:00,1,,0,1564,25,12280,656,8055,up,0,6F,6F,54.806,-1.945,10.0,discharging,27.4028,50.0,"p3,seq=01564,d_pct=00025,v_mv=12280,i_ma=00656,p_mw=08055,mppt=up,f=0,chk=6F,raw=40"
2026-07-13T13:43:01.618289+00:00,1,,0,1565,23,12200,648,7905,dn,0,C0,C0,54.804,-2.095,10.0,discharging,27.4022,50.0,"p3,seq=01565,d_pct=00023,v_mv=12200,i_ma=00648,p_mw=07905,mppt=dn,f=0,chk=C0,raw=3C"
2026-07-13T13:43:02.623089+00:00,1,,0,1566,25,12280,656,8055,up,0,6D,6D,54.803,-1.945,10.0,discharging,27.4016,50.0,"p3,seq=01566,d_pct=00025,v_mv=12280,i_ma=00656,p_mw=08055,mppt=up,f=0,chk=6D,raw=40"
2026-07-13T13:43:03.629271+00:00,1,,0,1567,26,12360,648,8009,dn,0,E1,E1,54.802,-1.991,10.0,discharging,27.4011,50.0,"p3,seq=01567,d_pct=00026,v_mv=12360,i_ma=00648,p_mw=08009,mppt=dn,f=0,chk=E1,raw=44"
2026-07-13T13:43:04.636109+00:00,1,,0,1568,25,12280,656,8055,up,0,53,53,54.801,-1.945,10.0,discharging,27.4005,50.0,"p3,seq=01568,d_pct=00025,v_mv=12280,i_ma=00656,p_mw=08055,mppt=up,f=0,chk=53,raw=40"
2026-07-13T13:43:05.647078+00:00,1,,0,1569,23,12200,648,7905,dn,0,FC,FC,54.8,-2.095,10.0,discharging,27.3999,50.0,"p3,seq=01569,d_pct=00023,v_mv=12200,i_ma=00648,p_mw=07905,mppt=dn,f=0,chk=FC,raw=3C"
2026-07-13T13:43:06.655476+00:00,1,,0,1570,25,12280,656,8055,up,0,51,51,54.799,-1.945,10.0,discharging,27.3993,50.0,"p3,seq=01570,d_pct=00025,v_mv=12280,i_ma=00656,p_mw=08055,mppt=up,f=0,chk=51,raw=40"
2026-07-13T13:43:07.658887+00:00,1,,0,1571,26,12360,648,8009,dn,0,DD,DD,54.797,-1.991,10.0,discharging,27.3987,50.0,"p3,seq=01571,d_pct=00026,v_mv=12360,i_ma=00648,p_mw=08009,mppt=dn,f=0,chk=DD,raw=44"
2026-07-13T13:43:08.665765+00:00,1,,0,1572,25,12280,656,8055,up,0,57,57,54.796,-1.945,10.0,discharging,27.3981,50.0,"p3,seq=01572,d_pct=00025,v_mv=12280,i_ma=00656,p_mw=08055,mppt=up,f=0,chk=57,raw=40"
2026-07-13T13:43:09.675234+00:00,1,,0,1573,23,12200,648,7905,dn,0,F8,F8,54.795,-2.095,10.0,discharging,27.3975,50.0,"p3,seq=01573,d_pct=00023,v_mv=12200,i_ma=00648,p_mw=07905,mppt=dn,f=0,chk=F8,raw=3C"
2026-07-13T13:43:10.683234+00:00,1,,0,1574,25,12280,656,8055,up,0,55,55,54.794,-1.945,10.0,discharging,27.3969,50.0,"p3,seq=01574,d_pct=00025,v_mv=12280,i_ma=00656,p_mw=08055,mppt=up,f=0,chk=55,raw=40"
2026-07-13T13:43:11.689126+00:00,1,,0,1575,26,12360,648,8009,dn,0,D9,D9,54.793,-1.991,10.0,discharging,27.3964,50.0,"p3,seq=01575,d_pct=00026,v_mv=12360,i_ma=00648,p_mw=08009,mppt=dn,f=0,chk=D9,raw=44"
2026-07-13T13:43:12.695016+00:00,1,,0,1576,25,12280,656,8055,up,0,5B,5B,54.792,-1.945,10.0,discharging,27.3958,50.0,"p3,seq=01576,d_pct=00025,v_mv=12280,i_ma=00656,p_mw=08055,mppt=up,f=0,chk=5B,raw=40"
2026-07-27T20:00:56.568700+00:00,1,,0,0,0,11.25,-0.075,-0.001,meas,0,,,55.0,-0.1,0.1,discharging,27.5,50.0,"ina226,seq=00000,v_mv=11.250,i_ma=-0.075,p_mw=-0.001,shunt_uv=-7.500",Orin INA226 real solar sensor
2026-07-27T20:00:57.571138+00:00,1,,0,1,0,10.0,-0.075,-0.001,meas,0,,,55.0,-0.1,0.1,discharging,27.5,50.0,"ina226,seq=00001,v_mv=10.000,i_ma=-0.075,p_mw=-0.001,shunt_uv=-7.500",Orin INA226 real solar sensor
2026-07-27T20:00:58.573291+00:00,1,,0,2,0,11.25,-0.075,-0.001,meas,0,,,55.0,-0.1,0.1,discharging,27.4999,50.0,"ina226,seq=00002,v_mv=11.250,i_ma=-0.075,p_mw=-0.001,shunt_uv=-7.500",Orin INA226 real solar sensor
2026-07-27T20:00:59.575087+00:00,1,,0,3,0,11.25,-0.075,-0.001,meas,0,,,55.0,-0.1,0.1,discharging,27.4999,50.0,"ina226,seq=00003,v_mv=11.250,i_ma=-0.075,p_mw=-0.001,shunt_uv=-7.500",Orin INA226 real solar sensor
2026-07-27T20:01:00.576609+00:00,1,,0,4,0,10.0,-0.075,-0.001,meas,0,,,55.0,-0.1,0.1,discharging,27.4999,50.0,"ina226,seq=00004,v_mv=10.000,i_ma=-0.075,p_mw=-0.001,shunt_uv=-7.500",Orin INA226 real solar sensor
2026-07-27T20:01:01.579271+00:00,1,,0,5,0,10.0,-0.075,-0.001,meas,0,,,55.0,-0.1,0.1,discharging,27.4999,50.0,"ina226,seq=00005,v_mv=10.000,i_ma=-0.075,p_mw=-0.001,shunt_uv=-7.500",Orin INA226 real solar sensor
2026-07-27T20:01:02.581384+00:00,1,,0,6,0,10.0,-0.075,-0.001,meas,0,,,55.0,-0.1,0.1,discharging,27.4998,50.0,"ina226,seq=00006,v_mv=10.000,i_ma=-0.075,p_mw=-0.001,shunt_uv=-7.500",Orin INA226 real solar sensor
2026-07-27T20:01:03.583545+00:00,1,,0,7,0,10.0,-0.075,-0.001,meas,0,,,55.0,-0.1,0.1,discharging,27.4998,50.0,"ina226,seq=00007,v_mv=10.000,i_ma=-0.075,p_mw=-0.001,shunt_uv=-7.500",Orin INA226 real solar sensor
2026-07-27T20:01:04.585395+00:00,1,,0,8,0,10.0,-0.075,-0.001,meas,0,,,55.0,-0.1,0.1,discharging,27.4998,50.0,"ina226,seq=00008,v_mv=10.000,i_ma=-0.075,p_mw=-0.001,shunt_uv=-7.500",Orin INA226 real solar sensor
2026-07-27T20:01:05.586902+00:00,1,,0,9,0,10.0,-0.075,-0.001,meas,0,,,54.999,-0.1,0.1,discharging,27.4997,50.0,"ina226,seq=00009,v_mv=10.000,i_ma=-0.075,p_mw=-0.001,shunt_uv=-7.500",Orin INA226 real solar sensor
2026-07-27T20:01:06.589383+00:00,1,,0,10,0,10.0,-0.05,-0.001,meas,0,,,54.999,-0.1,0.1,discharging,27.4997,50.0,"ina226,seq=00010,v_mv=10.000,i_ma=-0.050,p_mw=-0.001,shunt_uv=-5.000",Orin INA226 real solar sensor
2026-07-27T20:01:07.592785+00:00,1,,0,11,0,8.75,-0.075,-0.001,meas,0,,,54.999,-0.1,0.1,discharging,27.4997,50.0,"ina226,seq=00011,v_mv=8.750,i_ma=-0.075,p_mw=-0.001,shunt_uv=-7.500",Orin INA226 real solar sensor
2026-07-27T20:01:08.595436+00:00,1,,0,12,0,8.75,-0.075,-0.001,meas,0,,,54.999,-0.1,0.1,discharging,27.4996,50.0,"ina226,seq=00012,v_mv=8.750,i_ma=-0.075,p_mw=-0.001,shunt_uv=-7.500",Orin INA226 real solar sensor
2026-07-27T20:01:09.595222+00:00,1,,0,13,0,8.75,-0.075,-0.001,meas,0,,,54.999,-0.1,0.1,discharging,27.4996,50.0,"ina226,seq=00013,v_mv=8.750,i_ma=-0.075,p_mw=-0.001,shunt_uv=-7.500",Orin INA226 real solar sensor
2026-07-27T20:01:10.597330+00:00,1,,0,14,0,7.5,-0.075,-0.001,meas,0,,,54.999,-0.1,0.1,discharging,27.4996,50.0,"ina226,seq=00014,v_mv=7.500,i_ma=-0.075,p_mw=-0.001,shunt_uv=-7.500",Orin INA226 real solar sensor
2026-07-27T20:01:11.599723+00:00,1,,0,15,0,10.0,-0.075,-0.001,meas,0,,,54.999,-0.1,0.1,discharging,27.4996,50.0,"ina226,seq=00015,v_mv=10.000,i_ma=-0.075,p_mw=-0.001,shunt_uv=-7.500",Orin INA226 real solar sensor
2026-07-27T20:01:12.601251+00:00,1,,0,16,0,11.25,-0.05,-0.001,meas,0,,,54.999,-0.1,0.1,discharging,27.4995,50.0,"ina226,seq=00016,v_mv=11.250,i_ma=-0.050,p_mw=-0.001,shunt_uv=-5.000",Orin INA226 real solar sensor
2026-07-27T20:01:13.603493+00:00,1,,0,17,0,8.75,-0.075,-0.001,meas,0,,,54.999,-0.1,0.1,discharging,27.4995,50.0,"ina226,seq=00017,v_mv=8.750,i_ma=-0.075,p_mw=-0.001,shunt_uv=-7.500",Orin INA226 real solar sensor
2026-07-27T20:01:14.605142+00:00,1,,0,18,0,10.0,-0.1,-0.001,meas,0,,,54.999,-0.1,0.1,discharging,27.4995,50.0,"ina226,seq=00018,v_mv=10.000,i_ma=-0.100,p_mw=-0.001,shunt_uv=-10.000",Orin INA226 real solar sensor
2026-07-27T20:01:15.607591+00:00,1,,0,19,0,10.0,-0.05,-0.001,meas,0,,,54.999,-0.1,0.1,discharging,27.4994,50.0,"ina226,seq=00019,v_mv=10.000,i_ma=-0.050,p_mw=-0.001,shunt_uv=-5.000",Orin INA226 real solar sensor
2026-07-27T20:01:16.609819+00:00,1,,0,20,0,67.5,-0.025,-0.002,meas,0,,,54.999,-0.1,0.1,discharging,27.4994,50.0,"ina226,seq=00020,v_mv=67.500,i_ma=-0.025,p_mw=-0.002,shunt_uv=-2.500",Orin INA226 real solar sensor
2026-07-27T20:01:17.611874+00:00,1,,0,21,0,632.5,0.5,0.316,meas,0,,,54.999,-0.1,0.1,discharging,27.4994,50.0,"ina226,seq=00021,v_mv=632.500,i_ma=0.500,p_mw=0.316,shunt_uv=50.000",Orin INA226 real solar sensor
2026-07-27T20:01:18.614336+00:00,1,,0,22,0,641.25,0.5,0.321,meas,0,,,54.999,-0.1,0.1,discharging,27.4994,50.0,"ina226,seq=00022,v_mv=641.250,i_ma=0.500,p_mw=0.321,shunt_uv=50.000",Orin INA226 real solar sensor
2026-07-27T20:01:19.615953+00:00,1,,0,23,0,633.75,0.5,0.317,meas,0,,,54.999,-0.1,0.1,discharging,27.4993,50.0,"ina226,seq=00023,v_mv=633.750,i_ma=0.500,p_mw=0.317,shunt_uv=50.000",Orin INA226 real solar sensor
2026-07-27T20:01:20.619685+00:00,1,,0,24,0,635.0,0.475,0.302,meas,0,,,54.999,-0.1,0.1,discharging,27.4993,50.0,"ina226,seq=00024,v_mv=635.000,i_ma=0.475,p_mw=0.302,shunt_uv=47.500",Orin INA226 real solar sensor
2026-07-27T20:01:21.624068+00:00,1,,0,25,0,622.5,0.5,0.311,meas,0,,,54.999,-0.1,0.1,discharging,27.4993,50.0,"ina226,seq=00025,v_mv=622.500,i_ma=0.500,p_mw=0.311,shunt_uv=50.000",Orin INA226 real solar sensor
2026-07-27T20:01:22.625452+00:00,1,,0,26,0,641.25,0.5,0.321,meas,0,,,54.998,-0.1,0.1,discharging,27.4992,50.0,"ina226,seq=00026,v_mv=641.250,i_ma=0.500,p_mw=0.321,shunt_uv=50.000",Orin INA226 real solar sensor
2026-07-27T20:01:23.629004+00:00,1,,0,27,0,425.0,0.275,0.117,meas,0,,,54.998,-0.1,0.1,discharging,27.4992,50.0,"ina226,seq=00027,v_mv=425.000,i_ma=0.275,p_mw=0.117,shunt_uv=27.500",Orin INA226 real solar sensor
2026-07-27T20:01:24.629527+00:00,1,,0,28,0,287.5,0.175,0.05,meas,0,,,54.998,-0.1,0.1,discharging,27.4992,50.0,"ina226,seq=00028,v_mv=287.500,i_ma=0.175,p_mw=0.050,shunt_uv=17.500",Orin INA226 real solar sensor
2026-07-27T20:01:25.628351+00:00,1,,0,29,0,396.25,0.275,0.109,meas,0,,,54.998,-0.1,0.1,discharging,27.4992,50.0,"ina226,seq=00029,v_mv=396.250,i_ma=0.275,p_mw=0.109,shunt_uv=27.500",Orin INA226 real solar sensor
2026-07-27T20:01:26.629446+00:00,1,,0,30,0,446.25,0.325,0.145,meas,0,,,54.998,-0.1,0.1,discharging,27.4991,50.0,"ina226,seq=00030,v_mv=446.250,i_ma=0.325,p_mw=0.145,shunt_uv=32.500",Orin INA226 real solar sensor
2026-07-27T20:01:27.631955+00:00,1,,0,31,0,150.0,0.075,0.011,meas,0,,,54.998,-0.1,0.1,discharging,27.4991,50.0,"ina226,seq=00031,v_mv=150.000,i_ma=0.075,p_mw=0.011,shunt_uv=7.500",Orin INA226 real solar sensor
2026-07-27T20:01:28.634103+00:00,1,,0,32,0,27.5,-0.05,-0.001,meas,0,,,54.998,-0.1,0.1,discharging,27.4991,50.0,"ina226,seq=00032,v_mv=27.500,i_ma=-0.050,p_mw=-0.001,shunt_uv=-5.000",Orin INA226 real solar sensor
2026-07-27T20:01:29.637900+00:00,1,,0,33,0,101.25,0.025,0.003,meas,0,,,54.998,-0.1,0.1,discharging,27.499,50.0,"ina226,seq=00033,v_mv=101.250,i_ma=0.025,p_mw=0.003,shunt_uv=2.500",Orin INA226 real solar sensor
2026-07-27T20:01:30.637316+00:00,1,,0,34,0,10.0,-0.1,-0.001,meas,0,,,54.998,-0.1,0.1,discharging,27.499,50.0,"ina226,seq=00034,v_mv=10.000,i_ma=-0.100,p_mw=-0.001,shunt_uv=-10.000",Orin INA226 real solar sensor
2026-07-27T20:01:31.640378+00:00,1,,0,35,0,10.0,-0.075,-0.001,meas,0,,,54.998,-0.1,0.1,discharging,27.499,50.0,"ina226,seq=00035,v_mv=10.000,i_ma=-0.075,p_mw=-0.001,shunt_uv=-7.500",Orin INA226 real solar sensor
2026-07-27T20:01:32.642463+00:00,1,,0,36,0,8.75,-0.1,-0.001,meas,0,,,54.998,-0.1,0.1,discharging,27.4989,50.0,"ina226,seq=00036,v_mv=8.750,i_ma=-0.100,p_mw=-0.001,shunt_uv=-10.000",Orin INA226 real solar sensor
2026-07-27T20:01:33.644501+00:00,1,,0,37,0,8.75,-0.075,-0.001,meas,0,,,54.998,-0.1,0.1,discharging,27.4989,50.0,"ina226,seq=00037,v_mv=8.750,i_ma=-0.075,p_mw=-0.001,shunt_uv=-7.500",Orin INA226 real solar sensor
2026-07-27T20:01:34.646053+00:00,1,,0,38,0,8.75,-0.075,-0.001,meas,0,,,54.998,-0.1,0.1,discharging,27.4989,50.0,"ina226,seq=00038,v_mv=8.750,i_ma=-0.075,p_mw=-0.001,shunt_uv=-7.500",Orin INA226 real solar sensor
2026-07-27T20:01:35.685267+00:00,1,,0,39,0,8.75,-0.05,-0.0,meas,0,,,54.998,-0.1,0.1,discharging,27.4989,50.0,"ina226,seq=00039,v_mv=8.750,i_ma=-0.050,p_mw=-0.000,shunt_uv=-5.000",Orin INA226 real solar sensor
2026-07-27T20:01:36.651715+00:00,1,,0,40,0,11.25,-0.075,-0.001,meas,0,,,54.998,-0.1,0.1,discharging,27.4988,50.0,"ina226,seq=00040,v_mv=11.250,i_ma=-0.075,p_mw=-0.001,shunt_uv=-7.500",Orin INA226 real solar sensor
2026-07-27T20:01:37.652774+00:00,1,,0,41,0,8.75,-0.075,-0.001,meas,0,,,54.998,-0.1,0.1,discharging,27.4988,50.0,"ina226,seq=00041,v_mv=8.750,i_ma=-0.075,p_mw=-0.001,shunt_uv=-7.500",Orin INA226 real solar sensor
2026-07-27T20:01:38.653479+00:00,1,,0,42,0,10.0,-0.05,-0.001,meas,0,,,54.998,-0.1,0.1,discharging,27.4988,50.0,"ina226,seq=00042,v_mv=10.000,i_ma=-0.050,p_mw=-0.001,shunt_uv=-5.000",Orin INA226 real solar sensor
2026-07-27T20:01:39.656055+00:00,1,,0,43,0,8.75,-0.075,-0.001,meas,0,,,54.997,-0.1,0.1,discharging,27.4987,50.0,"ina226,seq=00043,v_mv=8.750,i_ma=-0.075,p_mw=-0.001,shunt_uv=-7.500",Orin INA226 real solar sensor
2026-07-27T20:01:40.658197+00:00,1,,0,44,0,10.0,-0.075,-0.001,meas,0,,,54.997,-0.1,0.1,discharging,27.4987,50.0,"ina226,seq=00044,v_mv=10.000,i_ma=-0.075,p_mw=-0.001,shunt_uv=-7.500",Orin INA226 real solar sensor
2026-07-27T20:01:41.660079+00:00,1,,0,45,0,11.25,-0.075,-0.001,meas,0,,,54.997,-0.1,0.1,discharging,27.4987,50.0,"ina226,seq=00045,v_mv=11.250,i_ma=-0.075,p_mw=-0.001,shunt_uv=-7.500",Orin INA226 real solar sensor
2026-07-27T20:01:42.662163+00:00,1,,0,46,0,10.0,-0.05,-0.001,meas,0,,,54.997,-0.1,0.1,discharging,27.4987,50.0,"ina226,seq=00046,v_mv=10.000,i_ma=-0.050,p_mw=-0.001,shunt_uv=-5.000",Orin INA226 real solar sensor
2026-07-27T20:01:43.666048+00:00,1,,0,47,0,10.0,-0.05,-0.001,meas,0,,,54.997,-0.1,0.1,discharging,27.4986,50.0,"ina226,seq=00047,v_mv=10.000,i_ma=-0.050,p_mw=-0.001,shunt_uv=-5.000",Orin INA226 real solar sensor
2026-07-27T20:01:44.666316+00:00,1,,0,48,0,10.0,-0.075,-0.001,meas,0,,,54.997,-0.1,0.1,discharging,27.4986,50.0,"ina226,seq=00048,v_mv=10.000,i_ma=-0.075,p_mw=-0.001,shunt_uv=-7.500",Orin INA226 real solar sensor
2026-07-27T20:01:45.668169+00:00,1,,0,49,0,11.25,-0.075,-0.001,meas,0,,,54.997,-0.1,0.1,discharging,27.4986,50.0,"ina226,seq=00049,v_mv=11.250,i_ma=-0.075,p_mw=-0.001,shunt_uv=-7.500",Orin INA226 real solar sensor
2026-07-27T20:01:46.669854+00:00,1,,0,50,0,10.0,-0.075,-0.001,meas,0,,,54.997,-0.1,0.1,discharging,27.4985,50.0,"ina226,seq=00050,v_mv=10.000,i_ma=-0.075,p_mw=-0.001,shunt_uv=-7.500",Orin INA226 real solar sensor
2026-07-27T20:01:47.672846+00:00,1,,0,51,0,11.25,-0.05,-0.001,meas,0,,,54.997,-0.1,0.1,discharging,27.4985,50.0,"ina226,seq=00051,v_mv=11.250,i_ma=-0.050,p_mw=-0.001,shunt_uv=-5.000",Orin INA226 real solar sensor
2026-07-27T20:01:48.675227+00:00,1,,0,52,0,11.25,-0.1,-0.001,meas,0,,,54.997,-0.1,0.1,discharging,27.4985,50.0,"ina226,seq=00052,v_mv=11.250,i_ma=-0.100,p_mw=-0.001,shunt_uv=-10.000",Orin INA226 real solar sensor
2026-07-27T20:01:49.676838+00:00,1,,0,53,0,11.25,-0.05,-0.001,meas,0,,,54.997,-0.1,0.1,discharging,27.4984,50.0,"ina226,seq=00053,v_mv=11.250,i_ma=-0.050,p_mw=-0.001,shunt_uv=-5.000",Orin INA226 real solar sensor
2026-07-27T20:01:50.682432+00:00,1,,0,54,0,8.75,-0.075,-0.001,meas,0,,,54.997,-0.1,0.1,discharging,27.4984,50.0,"ina226,seq=00054,v_mv=8.750,i_ma=-0.075,p_mw=-0.001,shunt_uv=-7.500",Orin INA226 real solar sensor
2026-07-27T20:01:51.680836+00:00,1,,0,55,0,10.0,-0.075,-0.001,meas,0,,,54.997,-0.1,0.1,discharging,27.4984,50.0,"ina226,seq=00055,v_mv=10.000,i_ma=-0.075,p_mw=-0.001,shunt_uv=-7.500",Orin INA226 real solar sensor
2026-07-27T20:01:52.682638+00:00,1,,0,56,0,10.0,-0.075,-0.001,meas,0,,,54.997,-0.1,0.1,discharging,27.4984,50.0,"ina226,seq=00056,v_mv=10.000,i_ma=-0.075,p_mw=-0.001,shunt_uv=-7.500",Orin INA226 real solar sensor
2026-07-27T20:01:53.683702+00:00,1,,0,57,0,12.5,-0.05,-0.001,meas,0,,,54.997,-0.1,0.1,discharging,27.4983,50.0,"ina226,seq=00057,v_mv=12.500,i_ma=-0.050,p_mw=-0.001,shunt_uv=-5.000",Orin INA226 real solar sensor
2026-07-27T20:01:54.686635+00:00,1,,0,58,0,11.25,-0.075,-0.001,meas,0,,,54.997,-0.1,0.1,discharging,27.4983,50.0,"ina226,seq=00058,v_mv=11.250,i_ma=-0.075,p_mw=-0.001,shunt_uv=-7.500",Orin INA226 real solar sensor
2026-07-27T20:01:55.689409+00:00,1,,0,59,0,10.0,-0.075,-0.001,meas,0,,,54.997,-0.1,0.1,discharging,27.4983,50.0,"ina226,seq=00059,v_mv=10.000,i_ma=-0.075,p_mw=-0.001,shunt_uv=-7.500",Orin INA226 real solar sensor
2026-07-27T20:01:56.692033+00:00,1,,0,60,0,11.25,-0.075,-0.001,meas,0,,,54.996,-0.1,0.1,discharging,27.4982,50.0,"ina226,seq=00060,v_mv=11.250,i_ma=-0.075,p_mw=-0.001,shunt_uv=-7.500",Orin INA226 real solar sensor
2026-07-27T20:01:57.693688+00:00,1,,0,61,0,11.25,-0.05,-0.001,meas,0,,,54.996,-0.1,0.1,discharging,27.4982,50.0,"ina226,seq=00061,v_mv=11.250,i_ma=-0.050,p_mw=-0.001,shunt_uv=-5.000",Orin INA226 real solar sensor
2026-07-27T20:01:58.693719+00:00,1,,0,62,0,11.25,-0.075,-0.001,meas,0,,,54.996,-0.1,0.1,discharging,27.4982,50.0,"ina226,seq=00062,v_mv=11.250,i_ma=-0.075,p_mw=-0.001,shunt_uv=-7.500",Orin INA226 real solar sensor
2026-07-27T20:01:59.697379+00:00,1,,0,63,0,10.0,-0.075,-0.001,meas,0,,,54.996,-0.1,0.1,discharging,27.4982,50.0,"ina226,seq=00063,v_mv=10.000,i_ma=-0.075,p_mw=-0.001,shunt_uv=-7.500",Orin INA226 real solar sensor
2026-07-27T20:02:00.698584+00:00,1,,0,64,0,8.75,-0.075,-0.001,meas,0,,,54.996,-0.1,0.1,discharging,27.4981,50.0,"ina226,seq=00064,v_mv=8.750,i_ma=-0.075,p_mw=-0.001,shunt_uv=-7.500",Orin INA226 real solar sensor
2026-07-27T20:02:01.701116+00:00,1,,0,65,0,11.25,-0.1,-0.001,meas,0,,,54.996,-0.1,0.1,discharging,27.4981,50.0,"ina226,seq=00065,v_mv=11.250,i_ma=-0.100,p_mw=-0.001,shunt_uv=-10.000",Orin INA226 real solar sensor
2026-07-27T20:02:02.702533+00:00,1,,0,66,0,11.25,-0.075,-0.001,meas,0,,,54.996,-0.1,0.1,discharging,27.4981,50.0,"ina226,seq=00066,v_mv=11.250,i_ma=-0.075,p_mw=-0.001,shunt_uv=-7.500",Orin INA226 real solar sensor
2026-07-27T20:02:03.705250+00:00,1,,0,67,0,12.5,-0.05,-0.001,meas,0,,,54.996,-0.1,0.1,discharging,27.498,50.0,"ina226,seq=00067,v_mv=12.500,i_ma=-0.050,p_mw=-0.001,shunt_uv=-5.000",Orin INA226 real solar sensor
2026-07-27T20:02:04.710516+00:00,1,,0,68,0,11.25,-0.05,-0.001,meas,0,,,54.996,-0.1,0.1,discharging,27.498,50.0,"ina226,seq=00068,v_mv=11.250,i_ma=-0.050,p_mw=-0.001,shunt_uv=-5.000",Orin INA226 real solar sensor
2026-07-27T20:02:05.709448+00:00,1,,0,69,0,10.0,-0.05,-0.001,meas,0,,,54.996,-0.1,0.1,discharging,27.498,50.0,"ina226,seq=00069,v_mv=10.000,i_ma=-0.050,p_mw=-0.001,shunt_uv=-5.000",Orin INA226 real solar sensor
2026-07-27T20:02:06.711171+00:00,1,,0,70,0,11.25,-0.075,-0.001,meas,0,,,54.996,-0.1,0.1,discharging,27.4979,50.0,"ina226,seq=00070,v_mv=11.250,i_ma=-0.075,p_mw=-0.001,shunt_uv=-7.500",Orin INA226 real solar sensor
2026-07-27T20:05:58.929520+00:00,1,,0,0,0,11.25,-0.05,-0.001,meas,0,,,55.0,-0.1,0.1,discharging,27.5,50.0,"ina226,seq=00000,v_mv=11.250,i_ma=-0.050,p_mw=-0.001,shunt_uv=-5.000",Orin INA226 real solar sensor
2026-07-27T20:05:59.931300+00:00,1,,0,1,0,11.25,-0.05,-0.001,meas,0,,,55.0,-0.1,0.1,discharging,27.5,50.0,"ina226,seq=00001,v_mv=11.250,i_ma=-0.050,p_mw=-0.001,shunt_uv=-5.000",Orin INA226 real solar sensor
2026-07-27T20:06:00.934278+00:00,1,,0,2,0,11.25,-0.075,-0.001,meas,0,,,55.0,-0.1,0.1,discharging,27.4999,50.0,"ina226,seq=00002,v_mv=11.250,i_ma=-0.075,p_mw=-0.001,shunt_uv=-7.500",Orin INA226 real solar sensor
2026-07-27T20:06:01.935821+00:00,1,,0,3,0,10.0,-0.075,-0.001,meas,0,,,55.0,-0.1,0.1,discharging,27.4999,50.0,"ina226,seq=00003,v_mv=10.000,i_ma=-0.075,p_mw=-0.001,shunt_uv=-7.500",Orin INA226 real solar sensor
2026-07-27T20:06:02.938576+00:00,1,,0,4,0,11.25,-0.075,-0.001,meas,0,,,55.0,-0.1,0.1,discharging,27.4999,50.0,"ina226,seq=00004,v_mv=11.250,i_ma=-0.075,p_mw=-0.001,shunt_uv=-7.500",Orin INA226 real solar sensor
2026-07-27T20:06:03.939725+00:00,1,,0,5,0,10.0,-0.075,-0.001,meas,0,,,55.0,-0.1,0.1,discharging,27.4999,50.0,"ina226,seq=00005,v_mv=10.000,i_ma=-0.075,p_mw=-0.001,shunt_uv=-7.500",Orin INA226 real solar sensor
2026-07-27T20:06:04.945907+00:00,1,,0,6,0,12.5,-0.075,-0.001,meas,0,,,55.0,-0.1,0.1,discharging,27.4998,50.0,"ina226,seq=00006,v_mv=12.500,i_ma=-0.075,p_mw=-0.001,shunt_uv=-7.500",Orin INA226 real solar sensor
2026-07-27T20:06:05.944715+00:00,1,,0,7,0,8.75,-0.05,-0.0,meas,0,,,55.0,-0.1,0.1,discharging,27.4998,50.0,"ina226,seq=00007,v_mv=8.750,i_ma=-0.050,p_mw=-0.000,shunt_uv=-5.000",Orin INA226 real solar sensor
2026-07-27T20:06:06.946525+00:00,1,,0,8,0,8.75,-0.075,-0.001,meas,0,,,55.0,-0.1,0.1,discharging,27.4998,50.0,"ina226,seq=00008,v_mv=8.750,i_ma=-0.075,p_mw=-0.001,shunt_uv=-7.500",Orin INA226 real solar sensor
2026-07-27T20:06:07.948206+00:00,1,,0,9,0,96.25,0.0,0.0,meas,0,,,54.999,-0.1,0.1,discharging,27.4997,50.0,"ina226,seq=00009,v_mv=96.250,i_ma=0.000,p_mw=0.000,shunt_uv=0.000",Orin INA226 real solar sensor
2026-07-27T20:06:08.950631+00:00,1,,0,10,0,272.5,0.175,0.048,meas,0,,,54.999,-0.1,0.1,discharging,27.4997,50.0,"ina226,seq=00010,v_mv=272.500,i_ma=0.175,p_mw=0.048,shunt_uv=17.500",Orin INA226 real solar sensor
2026-07-27T20:06:09.952526+00:00,1,,0,11,0,141.25,0.05,0.007,meas,0,,,54.999,-0.1,0.1,discharging,27.4997,50.0,"ina226,seq=00011,v_mv=141.250,i_ma=0.050,p_mw=0.007,shunt_uv=5.000",Orin INA226 real solar sensor
2026-07-27T20:06:10.954023+00:00,1,,0,12,0,161.25,0.075,0.012,meas,0,,,54.999,-0.1,0.1,discharging,27.4996,50.0,"ina226,seq=00012,v_mv=161.250,i_ma=0.075,p_mw=0.012,shunt_uv=7.500",Orin INA226 real solar sensor
2026-07-27T20:06:11.956736+00:00,1,,0,13,0,176.25,0.05,0.009,meas,0,,,54.999,-0.1,0.1,discharging,27.4996,50.0,"ina226,seq=00013,v_mv=176.250,i_ma=0.050,p_mw=0.009,shunt_uv=5.000",Orin INA226 real solar sensor
2026-07-27T20:06:12.958697+00:00,1,,0,14,0,142.5,0.025,0.004,meas,0,,,54.999,-0.1,0.1,discharging,27.4996,50.0,"ina226,seq=00014,v_mv=142.500,i_ma=0.025,p_mw=0.004,shunt_uv=2.500",Orin INA226 real solar sensor
2026-07-27T20:06:13.961048+00:00,1,,0,15,0,120.0,-0.025,-0.003,meas,0,,,54.999,-0.1,0.1,discharging,27.4996,50.0,"ina226,seq=00015,v_mv=120.000,i_ma=-0.025,p_mw=-0.003,shunt_uv=-2.500",Orin INA226 real solar sensor
2026-07-27T20:06:14.962711+00:00,1,,0,16,0,117.5,0.025,0.003,meas,0,,,54.999,-0.1,0.1,discharging,27.4995,50.0,"ina226,seq=00016,v_mv=117.500,i_ma=0.025,p_mw=0.003,shunt_uv=2.500",Orin INA226 real solar sensor
2026-07-27T20:06:15.964490+00:00,1,,0,17,0,116.25,0.025,0.003,meas,0,,,54.999,-0.1,0.1,discharging,27.4995,50.0,"ina226,seq=00017,v_mv=116.250,i_ma=0.025,p_mw=0.003,shunt_uv=2.500",Orin INA226 real solar sensor
2026-07-27T20:06:16.966884+00:00,1,,0,18,0,113.75,0.0,0.0,meas,0,,,54.999,-0.1,0.1,discharging,27.4995,50.0,"ina226,seq=00018,v_mv=113.750,i_ma=0.000,p_mw=0.000,shunt_uv=0.000",Orin INA226 real solar sensor
2026-07-27T20:06:17.968425+00:00,1,,0,19,0,112.5,0.025,0.003,meas,0,,,54.999,-0.1,0.1,discharging,27.4994,50.0,"ina226,seq=00019,v_mv=112.500,i_ma=0.025,p_mw=0.003,shunt_uv=2.500",Orin INA226 real solar sensor
2026-07-27T20:06:18.974684+00:00,1,,0,20,0,113.75,0.0,0.0,meas,0,,,54.999,-0.1,0.1,discharging,27.4994,50.0,"ina226,seq=00020,v_mv=113.750,i_ma=0.000,p_mw=0.000,shunt_uv=0.000",Orin INA226 real solar sensor
2026-07-27T20:06:19.971695+00:00,1,,0,21,0,116.25,0.025,0.003,meas,0,,,54.999,-0.1,0.1,discharging,27.4994,50.0,"ina226,seq=00021,v_mv=116.250,i_ma=0.025,p_mw=0.003,shunt_uv=2.500",Orin INA226 real solar sensor
2026-07-27T20:06:20.974714+00:00,1,,0,22,0,117.5,0.025,0.003,meas,0,,,54.999,-0.1,0.1,discharging,27.4994,50.0,"ina226,seq=00022,v_mv=117.500,i_ma=0.025,p_mw=0.003,shunt_uv=2.500",Orin INA226 real solar sensor
2026-07-27T20:06:21.975889+00:00,1,,0,23,0,28.75,-0.05,-0.001,meas,0,,,54.999,-0.1,0.1,discharging,27.4993,50.0,"ina226,seq=00023,v_mv=28.750,i_ma=-0.050,p_mw=-0.001,shunt_uv=-5.000",Orin INA226 real solar sensor
2026-07-27T20:06:22.978670+00:00,1,,0,24,0,11.25,-0.075,-0.001,meas,0,,,54.999,-0.1,0.1,discharging,27.4993,50.0,"ina226,seq=00024,v_mv=11.250,i_ma=-0.075,p_mw=-0.001,shunt_uv=-7.500",Orin INA226 real solar sensor
2026-07-27T20:06:23.980713+00:00,1,,0,25,0,11.25,-0.1,-0.001,meas,0,,,54.999,-0.1,0.1,discharging,27.4993,50.0,"ina226,seq=00025,v_mv=11.250,i_ma=-0.100,p_mw=-0.001,shunt_uv=-10.000",Orin INA226 real solar sensor
2026-07-27T20:06:24.984282+00:00,1,,0,26,0,11.25,-0.075,-0.001,meas,0,,,54.998,-0.1,0.1,discharging,27.4992,50.0,"ina226,seq=00026,v_mv=11.250,i_ma=-0.075,p_mw=-0.001,shunt_uv=-7.500",Orin INA226 real solar sensor
2026-07-27T20:06:25.985385+00:00,1,,0,27,0,63.75,-0.025,-0.002,meas,0,,,54.998,-0.1,0.1,discharging,27.4992,50.0,"ina226,seq=00027,v_mv=63.750,i_ma=-0.025,p_mw=-0.002,shunt_uv=-2.500",Orin INA226 real solar sensor
2026-07-27T20:06:26.987366+00:00,1,,0,28,0,50.0,-0.05,-0.003,meas,0,,,54.998,-0.1,0.1,discharging,27.4992,50.0,"ina226,seq=00028,v_mv=50.000,i_ma=-0.050,p_mw=-0.003,shunt_uv=-5.000",Orin INA226 real solar sensor
2026-07-27T20:06:27.988685+00:00,1,,0,29,0,53.75,-0.05,-0.003,meas,0,,,54.998,-0.1,0.1,discharging,27.4992,50.0,"ina226,seq=00029,v_mv=53.750,i_ma=-0.050,p_mw=-0.003,shunt_uv=-5.000",Orin INA226 real solar sensor
2026-07-27T20:06:28.990369+00:00,1,,0,30,0,67.5,-0.025,-0.002,meas,0,,,54.998,-0.1,0.1,discharging,27.4991,50.0,"ina226,seq=00030,v_mv=67.500,i_ma=-0.025,p_mw=-0.002,shunt_uv=-2.500",Orin INA226 real solar sensor
2026-07-27T20:06:29.993482+00:00,1,,0,31,0,91.25,0.0,0.0,meas,0,,,54.998,-0.1,0.1,discharging,27.4991,50.0,"ina226,seq=00031,v_mv=91.250,i_ma=0.000,p_mw=0.000,shunt_uv=0.000",Orin INA226 real solar sensor
2026-07-27T20:06:30.996310+00:00,1,,0,32,0,147.5,0.05,0.007,meas,0,,,54.998,-0.1,0.1,discharging,27.4991,50.0,"ina226,seq=00032,v_mv=147.500,i_ma=0.050,p_mw=0.007,shunt_uv=5.000",Orin INA226 real solar sensor
2026-07-27T20:06:31.996455+00:00,1,,0,33,0,310.0,0.2,0.062,meas,0,,,54.998,-0.1,0.1,discharging,27.499,50.0,"ina226,seq=00033,v_mv=310.000,i_ma=0.200,p_mw=0.062,shunt_uv=20.000",Orin INA226 real solar sensor
2026-07-27T20:06:33.001708+00:00,1,,0,34,0,495.0,0.375,0.186,meas,0,,,54.998,-0.1,0.1,discharging,27.499,50.0,"ina226,seq=00034,v_mv=495.000,i_ma=0.375,p_mw=0.186,shunt_uv=37.500",Orin INA226 real solar sensor
2026-07-27T20:06:34.006844+00:00,1,,0,35,0,568.75,0.4,0.228,meas,0,,,54.998,-0.1,0.1,discharging,27.499,50.0,"ina226,seq=00035,v_mv=568.750,i_ma=0.400,p_mw=0.228,shunt_uv=40.000",Orin INA226 real solar sensor
2026-07-27T20:06:35.002678+00:00,1,,0,36,0,357.5,0.25,0.089,meas,0,,,54.998,-0.1,0.1,discharging,27.4989,50.0,"ina226,seq=00036,v_mv=357.500,i_ma=0.250,p_mw=0.089,shunt_uv=25.000",Orin INA226 real solar sensor
2026-07-27T20:06:36.004962+00:00,1,,0,37,0,203.75,0.075,0.015,meas,0,,,54.998,-0.1,0.1,discharging,27.4989,50.0,"ina226,seq=00037,v_mv=203.750,i_ma=0.075,p_mw=0.015,shunt_uv=7.500",Orin INA226 real solar sensor
2026-07-27T20:06:37.007416+00:00,1,,0,38,0,81.25,-0.025,-0.002,meas,0,,,54.998,-0.1,0.1,discharging,27.4989,50.0,"ina226,seq=00038,v_mv=81.250,i_ma=-0.025,p_mw=-0.002,shunt_uv=-2.500",Orin INA226 real solar sensor
2026-07-27T20:06:38.008397+00:00,1,,0,39,0,10.0,-0.05,-0.001,meas,0,,,54.998,-0.1,0.1,discharging,27.4989,50.0,"ina226,seq=00039,v_mv=10.000,i_ma=-0.050,p_mw=-0.001,shunt_uv=-5.000",Orin INA226 real solar sensor
2026-07-27T20:06:39.010970+00:00,1,,0,40,0,8.75,-0.05,-0.0,meas,0,,,54.998,-0.1,0.1,discharging,27.4988,50.0,"ina226,seq=00040,v_mv=8.750,i_ma=-0.050,p_mw=-0.000,shunt_uv=-5.000",Orin INA226 real solar sensor
2026-07-27T20:06:40.012704+00:00,1,,0,41,0,10.0,-0.075,-0.001,meas,0,,,54.998,-0.1,0.1,discharging,27.4988,50.0,"ina226,seq=00041,v_mv=10.000,i_ma=-0.075,p_mw=-0.001,shunt_uv=-7.500",Orin INA226 real solar sensor
2026-07-27T20:06:41.015367+00:00,1,,0,42,0,11.25,-0.05,-0.001,meas,0,,,54.998,-0.1,0.1,discharging,27.4988,50.0,"ina226,seq=00042,v_mv=11.250,i_ma=-0.050,p_mw=-0.001,shunt_uv=-5.000",Orin INA226 real solar sensor
2026-07-27T20:06:42.016911+00:00,1,,0,43,0,10.0,-0.075,-0.001,meas,0,,,54.997,-0.1,0.1,discharging,27.4987,50.0,"ina226,seq=00043,v_mv=10.000,i_ma=-0.075,p_mw=-0.001,shunt_uv=-7.500",Orin INA226 real solar sensor
2026-07-27T20:06:43.018513+00:00,1,,0,44,0,10.0,-0.075,-0.001,meas,0,,,54.997,-0.1,0.1,discharging,27.4987,50.0,"ina226,seq=00044,v_mv=10.000,i_ma=-0.075,p_mw=-0.001,shunt_uv=-7.500",Orin INA226 real solar sensor
2026-07-27T20:06:44.020416+00:00,1,,0,45,0,10.0,-0.075,-0.001,meas,0,,,54.997,-0.1,0.1,discharging,27.4987,50.0,"ina226,seq=00045,v_mv=10.000,i_ma=-0.075,p_mw=-0.001,shunt_uv=-7.500",Orin INA226 real solar sensor
2026-07-27T20:06:45.024593+00:00,1,,0,46,0,11.25,-0.075,-0.001,meas,0,,,54.997,-0.1,0.1,discharging,27.4987,50.0,"ina226,seq=00046,v_mv=11.250,i_ma=-0.075,p_mw=-0.001,shunt_uv=-7.500",Orin INA226 real solar sensor
2026-07-27T20:06:46.024956+00:00,1,,0,47,0,10.0,-0.075,-0.001,meas,0,,,54.997,-0.1,0.1,discharging,27.4986,50.0,"ina226,seq=00047,v_mv=10.000,i_ma=-0.075,p_mw=-0.001,shunt_uv=-7.500",Orin INA226 real solar sensor
2026-07-27T20:06:47.026695+00:00,1,,0,48,0,10.0,-0.05,-0.001,meas,0,,,54.997,-0.1,0.1,discharging,27.4986,50.0,"ina226,seq=00048,v_mv=10.000,i_ma=-0.050,p_mw=-0.001,shunt_uv=-5.000",Orin INA226 real solar sensor
2026-07-27T20:06:48.031501+00:00,1,,0,49,0,10.0,-0.075,-0.001,meas,0,,,54.997,-0.1,0.1,discharging,27.4986,50.0,"ina226,seq=00049,v_mv=10.000,i_ma=-0.075,p_mw=-0.001,shunt_uv=-7.500",Orin INA226 real solar sensor
2026-07-27T20:06:49.030979+00:00,1,,0,50,0,10.0,-0.075,-0.001,meas,0,,,54.997,-0.1,0.1,discharging,27.4985,50.0,"ina226,seq=00050,v_mv=10.000,i_ma=-0.075,p_mw=-0.001,shunt_uv=-7.500",Orin INA226 real solar sensor
2026-07-27T20:06:50.033160+00:00,1,,0,51,0,8.75,-0.075,-0.001,meas,0,,,54.997,-0.1,0.1,discharging,27.4985,50.0,"ina226,seq=00051,v_mv=8.750,i_ma=-0.075,p_mw=-0.001,shunt_uv=-7.500",Orin INA226 real solar sensor
2026-07-27T20:06:51.035385+00:00,1,,0,52,0,11.25,-0.05,-0.001,meas,0,,,54.997,-0.1,0.1,discharging,27.4985,50.0,"ina226,seq=00052,v_mv=11.250,i_ma=-0.050,p_mw=-0.001,shunt_uv=-5.000",Orin INA226 real solar sensor
2026-07-27T20:06:52.037148+00:00,1,,0,53,0,10.0,-0.075,-0.001,meas,0,,,54.997,-0.1,0.1,discharging,27.4984,50.0,"ina226,seq=00053,v_mv=10.000,i_ma=-0.075,p_mw=-0.001,shunt_uv=-7.500",Orin INA226 real solar sensor
2026-07-27T20:06:53.039020+00:00,1,,0,54,0,11.25,-0.075,-0.001,meas,0,,,54.997,-0.1,0.1,discharging,27.4984,50.0,"ina226,seq=00054,v_mv=11.250,i_ma=-0.075,p_mw=-0.001,shunt_uv=-7.500",Orin INA226 real solar sensor
2026-07-27T20:06:54.040802+00:00,1,,0,55,0,10.0,-0.075,-0.001,meas,0,,,54.997,-0.1,0.1,discharging,27.4984,50.0,"ina226,seq=00055,v_mv=10.000,i_ma=-0.075,p_mw=-0.001,shunt_uv=-7.500",Orin INA226 real solar sensor
2026-07-27T20:06:55.043262+00:00,1,,0,56,0,11.25,-0.05,-0.001,meas,0,,,54.997,-0.1,0.1,discharging,27.4984,50.0,"ina226,seq=00056,v_mv=11.250,i_ma=-0.050,p_mw=-0.001,shunt_uv=-5.000",Orin INA226 real solar sensor
2026-07-27T20:06:56.045981+00:00,1,,0,57,0,11.25,-0.075,-0.001,meas,0,,,54.997,-0.1,0.1,discharging,27.4983,50.0,"ina226,seq=00057,v_mv=11.250,i_ma=-0.075,p_mw=-0.001,shunt_uv=-7.500",Orin INA226 real solar sensor
2026-07-27T20:06:57.047325+00:00,1,,0,58,0,10.0,-0.075,-0.001,meas,0,,,54.997,-0.1,0.1,discharging,27.4983,50.0,"ina226,seq=00058,v_mv=10.000,i_ma=-0.075,p_mw=-0.001,shunt_uv=-7.500",Orin INA226 real solar sensor
2026-07-27T20:06:58.049305+00:00,1,,0,59,0,10.0,-0.1,-0.001,meas,0,,,54.997,-0.1,0.1,discharging,27.4983,50.0,"ina226,seq=00059,v_mv=10.000,i_ma=-0.100,p_mw=-0.001,shunt_uv=-10.000",Orin INA226 real solar sensor
2026-07-27T20:06:59.050829+00:00,1,,0,60,0,10.0,-0.075,-0.001,meas,0,,,54.996,-0.1,0.1,discharging,27.4982,50.0,"ina226,seq=00060,v_mv=10.000,i_ma=-0.075,p_mw=-0.001,shunt_uv=-7.500",Orin INA226 real solar sensor
2026-07-27T20:07:00.052995+00:00,1,,0,61,0,11.25,-0.075,-0.001,meas,0,,,54.996,-0.1,0.1,discharging,27.4982,50.0,"ina226,seq=00061,v_mv=11.250,i_ma=-0.075,p_mw=-0.001,shunt_uv=-7.500",Orin INA226 real solar sensor
2026-07-27T20:07:01.055712+00:00,1,,0,62,0,11.25,-0.075,-0.001,meas,0,,,54.996,-0.1,0.1,discharging,27.4982,50.0,"ina226,seq=00062,v_mv=11.250,i_ma=-0.075,p_mw=-0.001,shunt_uv=-7.500",Orin INA226 real solar sensor
2026-07-27T20:07:02.057693+00:00,1,,0,63,0,11.25,-0.075,-0.001,meas,0,,,54.996,-0.1,0.1,discharging,27.4982,50.0,"ina226,seq=00063,v_mv=11.250,i_ma=-0.075,p_mw=-0.001,shunt_uv=-7.500",Orin INA226 real solar sensor
2026-07-27T20:07:03.058653+00:00,1,,0,64,0,11.25,-0.05,-0.001,meas,0,,,54.996,-0.1,0.1,discharging,27.4981,50.0,"ina226,seq=00064,v_mv=11.250,i_ma=-0.050,p_mw=-0.001,shunt_uv=-5.000",Orin INA226 real solar sensor
2026-07-27T20:07:04.060972+00:00,1,,0,65,0,10.0,-0.1,-0.001,meas,0,,,54.996,-0.1,0.1,discharging,27.4981,50.0,"ina226,seq=00065,v_mv=10.000,i_ma=-0.100,p_mw=-0.001,shunt_uv=-10.000",Orin INA226 real solar sensor
2026-07-27T20:07:05.063550+00:00,1,,0,66,0,12.5,-0.075,-0.001,meas,0,,,54.996,-0.1,0.1,discharging,27.4981,50.0,"ina226,seq=00066,v_mv=12.500,i_ma=-0.075,p_mw=-0.001,shunt_uv=-7.500",Orin INA226 real solar sensor
2026-07-27T20:07:06.065344+00:00,1,,0,67,0,11.25,-0.05,-0.001,meas,0,,,54.996,-0.1,0.1,discharging,27.498,50.0,"ina226,seq=00067,v_mv=11.250,i_ma=-0.050,p_mw=-0.001,shunt_uv=-5.000",Orin INA226 real solar sensor
2026-07-27T20:07:07.067423+00:00,1,,0,68,0,11.25,-0.05,-0.001,meas,0,,,54.996,-0.1,0.1,discharging,27.498,50.0,"ina226,seq=00068,v_mv=11.250,i_ma=-0.050,p_mw=-0.001,shunt_uv=-5.000",Orin INA226 real solar sensor
2026-07-27T20:07:08.069617+00:00,1,,0,69,0,10.0,-0.05,-0.001,meas,0,,,54.996,-0.1,0.1,discharging,27.498,50.0,"ina226,seq=00069,v_mv=10.000,i_ma=-0.050,p_mw=-0.001,shunt_uv=-5.000",Orin INA226 real solar sensor
2026-07-27T20:07:09.071609+00:00,1,,0,70,0,10.0,-0.05,-0.001,meas,0,,,54.996,-0.1,0.1,discharging,27.4979,50.0,"ina226,seq=00070,v_mv=10.000,i_ma=-0.050,p_mw=-0.001,shunt_uv=-5.000",Orin INA226 real solar sensor
2026-07-27T20:07:10.073385+00:00,1,,0,71,0,10.0,-0.05,-0.001,meas,0,,,54.996,-0.1,0.1,discharging,27.4979,50.0,"ina226,seq=00071,v_mv=10.000,i_ma=-0.050,p_mw=-0.001,shunt_uv=-5.000",Orin INA226 real solar sensor
2026-07-27T20:07:11.075599+00:00,1,,0,72,0,10.0,-0.075,-0.001,meas,0,,,54.996,-0.1,0.1,discharging,27.4979,50.0,"ina226,seq=00072,v_mv=10.000,i_ma=-0.075,p_mw=-0.001,shunt_uv=-7.500",Orin INA226 real solar sensor
2026-07-27T20:07:12.077699+00:00,1,,0,73,0,11.25,-0.05,-0.001,meas,0,,,54.996,-0.1,0.1,discharging,27.4979,50.0,"ina226,seq=00073,v_mv=11.250,i_ma=-0.050,p_mw=-0.001,shunt_uv=-5.000",Orin INA226 real solar sensor
2026-07-27T20:07:13.078279+00:00,1,,0,74,0,10.0,-0.075,-0.001,meas,0,,,54.996,-0.1,0.1,discharging,27.4978,50.0,"ina226,seq=00074,v_mv=10.000,i_ma=-0.075,p_mw=-0.001,shunt_uv=-7.500",Orin INA226 real solar sensor
2026-07-27T20:07:14.081118+00:00,1,,0,75,0,10.0,-0.1,-0.001,meas,0,,,54.996,-0.1,0.1,discharging,27.4978,50.0,"ina226,seq=00075,v_mv=10.000,i_ma=-0.100,p_mw=-0.001,shunt_uv=-10.000",Orin INA226 real solar sensor
2026-07-27T20:07:15.083568+00:00,1,,0,76,0,10.0,-0.05,-0.001,meas,0,,,54.996,-0.1,0.1,discharging,27.4978,50.0,"ina226,seq=00076,v_mv=10.000,i_ma=-0.050,p_mw=-0.001,shunt_uv=-5.000",Orin INA226 real solar sensor
2026-07-27T20:07:16.088687+00:00,1,,0,77,0,10.0,-0.075,-0.001,meas,0,,,54.995,-0.1,0.1,discharging,27.4977,50.0,"ina226,seq=00077,v_mv=10.000,i_ma=-0.075,p_mw=-0.001,shunt_uv=-7.500",Orin INA226 real solar sensor
2026-07-27T20:07:17.086758+00:00,1,,0,78,0,11.25,-0.05,-0.001,meas,0,,,54.995,-0.1,0.1,discharging,27.4977,50.0,"ina226,seq=00078,v_mv=11.250,i_ma=-0.050,p_mw=-0.001,shunt_uv=-5.000",Orin INA226 real solar sensor
2026-07-27T20:07:18.089163+00:00,1,,0,79,0,10.0,-0.05,-0.001,meas,0,,,54.995,-0.1,0.1,discharging,27.4977,50.0,"ina226,seq=00079,v_mv=10.000,i_ma=-0.050,p_mw=-0.001,shunt_uv=-5.000",Orin INA226 real solar sensor
2026-07-27T20:07:19.091469+00:00,1,,0,80,0,11.25,-0.075,-0.001,meas,0,,,54.995,-0.1,0.1,discharging,27.4977,50.0,"ina226,seq=00080,v_mv=11.250,i_ma=-0.075,p_mw=-0.001,shunt_uv=-7.500",Orin INA226 real solar sensor
2026-07-27T20:07:20.094797+00:00,1,,0,81,0,10.0,-0.05,-0.001,meas,0,,,54.995,-0.1,0.1,discharging,27.4976,50.0,"ina226,seq=00081,v_mv=10.000,i_ma=-0.050,p_mw=-0.001,shunt_uv=-5.000",Orin INA226 real solar sensor
2026-07-27T20:07:21.095583+00:00,1,,0,82,0,10.0,-0.075,-0.001,meas,0,,,54.995,-0.1,0.1,discharging,27.4976,50.0,"ina226,seq=00082,v_mv=10.000,i_ma=-0.075,p_mw=-0.001,shunt_uv=-7.500",Orin INA226 real solar sensor
2026-07-27T20:07:22.097100+00:00,1,,0,83,0,10.0,-0.075,-0.001,meas,0,,,54.995,-0.1,0.1,discharging,27.4976,50.0,"ina226,seq=00083,v_mv=10.000,i_ma=-0.075,p_mw=-0.001,shunt_uv=-7.500",Orin INA226 real solar sensor
2026-07-27T20:07:23.102703+00:00,1,,0,84,0,10.0,-0.075,-0.001,meas,0,,,54.995,-0.1,0.1,discharging,27.4975,50.0,"ina226,seq=00084,v_mv=10.000,i_ma=-0.075,p_mw=-0.001,shunt_uv=-7.500",Orin INA226 real solar sensor
2026-07-27T20:07:24.101252+00:00,1,,0,85,0,10.0,-0.075,-0.001,meas,0,,,54.995,-0.1,0.1,discharging,27.4975,50.0,"ina226,seq=00085,v_mv=10.000,i_ma=-0.075,p_mw=-0.001,shunt_uv=-7.500",Orin INA226 real solar sensor
2026-07-27T20:07:25.103439+00:00,1,,0,86,0,11.25,-0.075,-0.001,meas,0,,,54.995,-0.1,0.1,discharging,27.4975,50.0,"ina226,seq=00086,v_mv=11.250,i_ma=-0.075,p_mw=-0.001,shunt_uv=-7.500",Orin INA226 real solar sensor
2026-07-27T20:07:26.106749+00:00,1,,0,87,0,10.0,-0.075,-0.001,meas,0,,,54.995,-0.1,0.1,discharging,27.4975,50.0,"ina226,seq=00087,v_mv=10.000,i_ma=-0.075,p_mw=-0.001,shunt_uv=-7.500",Orin INA226 real solar sensor
2026-07-27T20:07:27.107768+00:00,1,,0,88,0,11.25,-0.05,-0.001,meas,0,,,54.995,-0.1,0.1,discharging,27.4974,50.0,"ina226,seq=00088,v_mv=11.250,i_ma=-0.050,p_mw=-0.001,shunt_uv=-5.000",Orin INA226 real solar sensor
2026-07-27T20:07:28.109872+00:00,1,,0,89,0,10.0,-0.075,-0.001,meas,0,,,54.995,-0.1,0.1,discharging,27.4974,50.0,"ina226,seq=00089,v_mv=10.000,i_ma=-0.075,p_mw=-0.001,shunt_uv=-7.500",Orin INA226 real solar sensor
2026-07-27T20:07:29.110804+00:00,1,,0,90,0,10.0,-0.075,-0.001,meas,0,,,54.995,-0.1,0.1,discharging,27.4974,50.0,"ina226,seq=00090,v_mv=10.000,i_ma=-0.075,p_mw=-0.001,shunt_uv=-7.500",Orin INA226 real solar sensor
2026-07-27T20:07:30.113276+00:00,1,,0,91,0,10.0,-0.075,-0.001,meas,0,,,54.995,-0.1,0.1,discharging,27.4973,50.0,"ina226,seq=00091,v_mv=10.000,i_ma=-0.075,p_mw=-0.001,shunt_uv=-7.500",Orin INA226 real solar sensor
2026-07-27T20:07:31.115389+00:00,1,,0,92,0,10.0,-0.075,-0.001,meas,0,,,54.995,-0.1,0.1,discharging,27.4973,50.0,"ina226,seq=00092,v_mv=10.000,i_ma=-0.075,p_mw=-0.001,shunt_uv=-7.500",Orin INA226 real solar sensor
2026-07-27T20:07:32.118290+00:00,1,,0,93,0,10.0,-0.075,-0.001,meas,0,,,54.995,-0.1,0.1,discharging,27.4973,50.0,"ina226,seq=00093,v_mv=10.000,i_ma=-0.075,p_mw=-0.001,shunt_uv=-7.500",Orin INA226 real solar sensor
2026-07-27T20:07:33.119434+00:00,1,,0,94,0,11.25,-0.1,-0.001,meas,0,,,54.994,-0.1,0.1,discharging,27.4972,50.0,"ina226,seq=00094,v_mv=11.250,i_ma=-0.100,p_mw=-0.001,shunt_uv=-10.000",Orin INA226 real solar sensor
2026-07-27T20:07:34.121622+00:00,1,,0,95,0,10.0,-0.075,-0.001,meas,0,,,54.994,-0.1,0.1,discharging,27.4972,50.0,"ina226,seq=00095,v_mv=10.000,i_ma=-0.075,p_mw=-0.001,shunt_uv=-7.500",Orin INA226 real solar sensor
2026-07-27T20:07:35.123613+00:00,1,,0,96,0,8.75,-0.075,-0.001,meas,0,,,54.994,-0.1,0.1,discharging,27.4972,50.0,"ina226,seq=00096,v_mv=8.750,i_ma=-0.075,p_mw=-0.001,shunt_uv=-7.500",Orin INA226 real solar sensor
2026-07-27T20:07:36.125552+00:00,1,,0,97,0,10.0,-0.075,-0.001,meas,0,,,54.994,-0.1,0.1,discharging,27.4972,50.0,"ina226,seq=00097,v_mv=10.000,i_ma=-0.075,p_mw=-0.001,shunt_uv=-7.500",Orin INA226 real solar sensor
2026-07-27T20:07:37.130674+00:00,1,,0,98,0,11.25,-0.05,-0.001,meas,0,,,54.994,-0.1,0.1,discharging,27.4971,50.0,"ina226,seq=00098,v_mv=11.250,i_ma=-0.050,p_mw=-0.001,shunt_uv=-5.000",Orin INA226 real solar sensor
2026-07-27T20:07:38.129772+00:00,1,,0,99,0,10.0,-0.05,-0.001,meas,0,,,54.994,-0.1,0.1,discharging,27.4971,50.0,"ina226,seq=00099,v_mv=10.000,i_ma=-0.050,p_mw=-0.001,shunt_uv=-5.000",Orin INA226 real solar sensor
2026-07-27T20:07:39.130930+00:00,1,,0,100,0,11.25,-0.05,-0.001,meas,0,,,54.994,-0.1,0.1,discharging,27.4971,50.0,"ina226,seq=00100,v_mv=11.250,i_ma=-0.050,p_mw=-0.001,shunt_uv=-5.000",Orin INA226 real solar sensor
2026-07-27T20:07:40.134148+00:00,1,,0,101,0,11.25,-0.075,-0.001,meas,0,,,54.994,-0.1,0.1,discharging,27.497,50.0,"ina226,seq=00101,v_mv=11.250,i_ma=-0.075,p_mw=-0.001,shunt_uv=-7.500",Orin INA226 real solar sensor
2026-07-27T20:07:41.135487+00:00,1,,0,102,0,8.75,-0.075,-0.001,meas,0,,,54.994,-0.1,0.1,discharging,27.497,50.0,"ina226,seq=00102,v_mv=8.750,i_ma=-0.075,p_mw=-0.001,shunt_uv=-7.500",Orin INA226 real solar sensor
2026-07-27T20:07:42.137755+00:00,1,,0,103,0,11.25,-0.05,-0.001,meas,0,,,54.994,-0.1,0.1,discharging,27.497,50.0,"ina226,seq=00103,v_mv=11.250,i_ma=-0.050,p_mw=-0.001,shunt_uv=-5.000",Orin INA226 real solar sensor
2026-07-27T20:07:43.139215+00:00,1,,0,104,0,10.0,-0.075,-0.001,meas,0,,,54.994,-0.1,0.1,discharging,27.497,50.0,"ina226,seq=00104,v_mv=10.000,i_ma=-0.075,p_mw=-0.001,shunt_uv=-7.500",Orin INA226 real solar sensor
2026-07-27T20:07:44.141449+00:00,1,,0,105,0,10.0,-0.075,-0.001,meas,0,,,54.994,-0.1,0.1,discharging,27.4969,50.0,"ina226,seq=00105,v_mv=10.000,i_ma=-0.075,p_mw=-0.001,shunt_uv=-7.500",Orin INA226 real solar sensor
2026-07-27T20:07:45.143794+00:00,1,,0,106,0,8.75,-0.075,-0.001,meas,0,,,54.994,-0.1,0.1,discharging,27.4969,50.0,"ina226,seq=00106,v_mv=8.750,i_ma=-0.075,p_mw=-0.001,shunt_uv=-7.500",Orin INA226 real solar sensor
2026-07-27T20:07:46.146351+00:00,1,,0,107,0,10.0,-0.075,-0.001,meas,0,,,54.994,-0.1,0.1,discharging,27.4969,50.0,"ina226,seq=00107,v_mv=10.000,i_ma=-0.075,p_mw=-0.001,shunt_uv=-7.500",Orin INA226 real solar sensor
2026-07-27T20:07:47.147680+00:00,1,,0,108,0,10.0,-0.075,-0.001,meas,0,,,54.994,-0.1,0.1,discharging,27.4968,50.0,"ina226,seq=00108,v_mv=10.000,i_ma=-0.075,p_mw=-0.001,shunt_uv=-7.500",Orin INA226 real solar sensor
2026-07-27T20:07:48.150016+00:00,1,,0,109,0,8.75,-0.075,-0.001,meas,0,,,54.994,-0.1,0.1,discharging,27.4968,50.0,"ina226,seq=00109,v_mv=8.750,i_ma=-0.075,p_mw=-0.001,shunt_uv=-7.500",Orin INA226 real solar sensor
2026-07-27T20:07:49.150905+00:00,1,,0,110,0,10.0,-0.05,-0.001,meas,0,,,54.994,-0.1,0.1,discharging,27.4968,50.0,"ina226,seq=00110,v_mv=10.000,i_ma=-0.050,p_mw=-0.001,shunt_uv=-5.000",Orin INA226 real solar sensor
2026-07-27T20:07:50.153994+00:00,1,,0,111,0,10.0,-0.05,-0.001,meas,0,,,54.993,-0.1,0.1,discharging,27.4967,50.0,"ina226,seq=00111,v_mv=10.000,i_ma=-0.050,p_mw=-0.001,shunt_uv=-5.000",Orin INA226 real solar sensor
2026-07-27T20:07:51.160201+00:00,1,,0,112,0,10.0,-0.1,-0.001,meas,0,,,54.993,-0.1,0.1,discharging,27.4967,50.0,"ina226,seq=00112,v_mv=10.000,i_ma=-0.100,p_mw=-0.001,shunt_uv=-10.000",Orin INA226 real solar sensor
2026-07-27T20:07:52.158500+00:00,1,,0,113,0,10.0,-0.075,-0.001,meas,0,,,54.993,-0.1,0.1,discharging,27.4967,50.0,"ina226,seq=00113,v_mv=10.000,i_ma=-0.075,p_mw=-0.001,shunt_uv=-7.500",Orin INA226 real solar sensor
2026-07-27T20:07:53.159861+00:00,1,,0,114,0,10.0,-0.075,-0.001,meas,0,,,54.993,-0.1,0.1,discharging,27.4967,50.0,"ina226,seq=00114,v_mv=10.000,i_ma=-0.075,p_mw=-0.001,shunt_uv=-7.500",Orin INA226 real solar sensor
2026-07-27T20:07:54.162726+00:00,1,,0,115,0,10.0,-0.075,-0.001,meas,0,,,54.993,-0.1,0.1,discharging,27.4966,50.0,"ina226,seq=00115,v_mv=10.000,i_ma=-0.075,p_mw=-0.001,shunt_uv=-7.500",Orin INA226 real solar sensor
2026-07-27T20:07:55.164376+00:00,1,,0,116,0,10.0,-0.075,-0.001,meas,0,,,54.993,-0.1,0.1,discharging,27.4966,50.0,"ina226,seq=00116,v_mv=10.000,i_ma=-0.075,p_mw=-0.001,shunt_uv=-7.500",Orin INA226 real solar sensor
2026-07-27T20:07:56.165683+00:00,1,,0,117,0,10.0,-0.05,-0.001,meas,0,,,54.993,-0.1,0.1,discharging,27.4966,50.0,"ina226,seq=00117,v_mv=10.000,i_ma=-0.050,p_mw=-0.001,shunt_uv=-5.000",Orin INA226 real solar sensor
2026-07-27T20:07:57.168377+00:00,1,,0,118,0,10.0,-0.05,-0.001,meas,0,,,54.993,-0.1,0.1,discharging,27.4965,50.0,"ina226,seq=00118,v_mv=10.000,i_ma=-0.050,p_mw=-0.001,shunt_uv=-5.000",Orin INA226 real solar sensor
2026-07-27T20:07:58.169745+00:00,1,,0,119,0,10.0,-0.075,-0.001,meas,0,,,54.993,-0.1,0.1,discharging,27.4965,50.0,"ina226,seq=00119,v_mv=10.000,i_ma=-0.075,p_mw=-0.001,shunt_uv=-7.500",Orin INA226 real solar sensor
2026-07-27T20:07:59.172578+00:00,1,,0,120,0,11.25,-0.05,-0.001,meas,0,,,54.993,-0.1,0.1,discharging,27.4965,50.0,"ina226,seq=00120,v_mv=11.250,i_ma=-0.050,p_mw=-0.001,shunt_uv=-5.000",Orin INA226 real solar sensor
2026-07-27T20:08:00.173829+00:00,1,,0,121,0,11.25,-0.075,-0.001,meas,0,,,54.993,-0.1,0.1,discharging,27.4965,50.0,"ina226,seq=00121,v_mv=11.250,i_ma=-0.075,p_mw=-0.001,shunt_uv=-7.500",Orin INA226 real solar sensor
2026-07-27T20:08:01.175347+00:00,1,,0,122,0,11.25,-0.05,-0.001,meas,0,,,54.993,-0.1,0.1,discharging,27.4964,50.0,"ina226,seq=00122,v_mv=11.250,i_ma=-0.050,p_mw=-0.001,shunt_uv=-5.000",Orin INA226 real solar sensor
2026-07-27T20:08:02.178650+00:00,1,,0,123,0,10.0,-0.075,-0.001,meas,0,,,54.993,-0.1,0.1,discharging,27.4964,50.0,"ina226,seq=00123,v_mv=10.000,i_ma=-0.075,p_mw=-0.001,shunt_uv=-7.500",Orin INA226 real solar sensor
2026-07-27T20:08:03.179784+00:00,1,,0,124,0,11.25,-0.075,-0.001,meas,0,,,54.993,-0.1,0.1,discharging,27.4964,50.0,"ina226,seq=00124,v_mv=11.250,i_ma=-0.075,p_mw=-0.001,shunt_uv=-7.500",Orin INA226 real solar sensor
2026-07-27T20:08:04.182473+00:00,1,,0,125,0,10.0,-0.075,-0.001,meas,0,,,54.993,-0.1,0.1,discharging,27.4963,50.0,"ina226,seq=00125,v_mv=10.000,i_ma=-0.075,p_mw=-0.001,shunt_uv=-7.500",Orin INA226 real solar sensor
2026-07-27T20:08:05.183805+00:00,1,,0,126,0,10.0,-0.075,-0.001,meas,0,,,54.993,-0.1,0.1,discharging,27.4963,50.0,"ina226,seq=00126,v_mv=10.000,i_ma=-0.075,p_mw=-0.001,shunt_uv=-7.500",Orin INA226 real solar sensor
2026-07-27T20:08:06.188383+00:00,1,,0,127,0,8.75,-0.075,-0.001,meas,0,,,54.993,-0.1,0.1,discharging,27.4963,50.0,"ina226,seq=00127,v_mv=8.750,i_ma=-0.075,p_mw=-0.001,shunt_uv=-7.500",Orin INA226 real solar sensor
2026-07-27T20:08:07.188345+00:00,1,,0,128,0,11.25,-0.05,-0.001,meas,0,,,54.993,-0.1,0.1,discharging,27.4963,50.0,"ina226,seq=00128,v_mv=11.250,i_ma=-0.050,p_mw=-0.001,shunt_uv=-5.000",Orin INA226 real solar sensor
2026-07-27T20:08:08.189603+00:00,1,,0,129,0,10.0,-0.075,-0.001,meas,0,,,54.992,-0.1,0.1,discharging,27.4962,50.0,"ina226,seq=00129,v_mv=10.000,i_ma=-0.075,p_mw=-0.001,shunt_uv=-7.500",Orin INA226 real solar sensor
2026-07-27T20:08:09.192835+00:00,1,,0,130,0,10.0,-0.075,-0.001,meas,0,,,54.992,-0.1,0.1,discharging,27.4962,50.0,"ina226,seq=00130,v_mv=10.000,i_ma=-0.075,p_mw=-0.001,shunt_uv=-7.500",Orin INA226 real solar sensor
2026-07-27T20:08:10.194866+00:00,1,,0,131,0,8.75,-0.075,-0.001,meas,0,,,54.992,-0.1,0.1,discharging,27.4962,50.0,"ina226,seq=00131,v_mv=8.750,i_ma=-0.075,p_mw=-0.001,shunt_uv=-7.500",Orin INA226 real solar sensor
2026-07-27T20:08:11.196374+00:00,1,,0,132,0,11.25,-0.075,-0.001,meas,0,,,54.992,-0.1,0.1,discharging,27.4961,50.0,"ina226,seq=00132,v_mv=11.250,i_ma=-0.075,p_mw=-0.001,shunt_uv=-7.500",Orin INA226 real solar sensor
2026-07-27T20:08:12.198265+00:00,1,,0,133,0,10.0,-0.075,-0.001,meas,0,,,54.992,-0.1,0.1,discharging,27.4961,50.0,"ina226,seq=00133,v_mv=10.000,i_ma=-0.075,p_mw=-0.001,shunt_uv=-7.500",Orin INA226 real solar sensor
2026-07-27T20:08:13.200590+00:00,1,,0,134,0,10.0,-0.075,-0.001,meas,0,,,54.992,-0.1,0.1,discharging,27.4961,50.0,"ina226,seq=00134,v_mv=10.000,i_ma=-0.075,p_mw=-0.001,shunt_uv=-7.500",Orin INA226 real solar sensor
2026-07-27T20:08:14.202239+00:00,1,,0,135,0,10.0,-0.075,-0.001,meas,0,,,54.992,-0.1,0.1,discharging,27.496,50.0,"ina226,seq=00135,v_mv=10.000,i_ma=-0.075,p_mw=-0.001,shunt_uv=-7.500",Orin INA226 real solar sensor
2026-07-27T20:08:15.204160+00:00,1,,0,136,0,10.0,-0.075,-0.001,meas,0,,,54.992,-0.1,0.1,discharging,27.496,50.0,"ina226,seq=00136,v_mv=10.000,i_ma=-0.075,p_mw=-0.001,shunt_uv=-7.500",Orin INA226 real solar sensor
2026-07-27T20:08:16.206505+00:00,1,,0,137,0,8.75,-0.075,-0.001,meas,0,,,54.992,-0.1,0.1,discharging,27.496,50.0,"ina226,seq=00137,v_mv=8.750,i_ma=-0.075,p_mw=-0.001,shunt_uv=-7.500",Orin INA226 real solar sensor
2026-07-27T20:08:17.207589+00:00,1,,0,138,0,10.0,-0.075,-0.001,meas,0,,,54.992,-0.1,0.1,discharging,27.496,50.0,"ina226,seq=00138,v_mv=10.000,i_ma=-0.075,p_mw=-0.001,shunt_uv=-7.500",Orin INA226 real solar sensor
2026-07-27T20:08:18.209950+00:00,1,,0,139,0,10.0,-0.1,-0.001,meas,0,,,54.992,-0.1,0.1,discharging,27.4959,50.0,"ina226,seq=00139,v_mv=10.000,i_ma=-0.100,p_mw=-0.001,shunt_uv=-10.000",Orin INA226 real solar sensor
2026-07-27T20:08:19.212426+00:00,1,,0,140,0,10.0,-0.075,-0.001,meas,0,,,54.992,-0.1,0.1,discharging,27.4959,50.0,"ina226,seq=00140,v_mv=10.000,i_ma=-0.075,p_mw=-0.001,shunt_uv=-7.500",Orin INA226 real solar sensor
2026-07-27T20:08:20.215885+00:00,1,,0,141,0,10.0,-0.1,-0.001,meas,0,,,54.992,-0.1,0.1,discharging,27.4959,50.0,"ina226,seq=00141,v_mv=10.000,i_ma=-0.100,p_mw=-0.001,shunt_uv=-10.000",Orin INA226 real solar sensor
2026-07-27T20:08:21.216343+00:00,1,,0,142,0,10.0,-0.075,-0.001,meas,0,,,54.992,-0.1,0.1,discharging,27.4958,50.0,"ina226,seq=00142,v_mv=10.000,i_ma=-0.075,p_mw=-0.001,shunt_uv=-7.500",Orin INA226 real solar sensor
2026-07-27T20:08:22.218628+00:00,1,,0,143,0,10.0,-0.05,-0.001,meas,0,,,54.992,-0.1,0.1,discharging,27.4958,50.0,"ina226,seq=00143,v_mv=10.000,i_ma=-0.050,p_mw=-0.001,shunt_uv=-5.000",Orin INA226 real solar sensor
2026-07-27T20:08:23.220183+00:00,1,,0,144,0,10.0,-0.05,-0.001,meas,0,,,54.992,-0.1,0.1,discharging,27.4958,50.0,"ina226,seq=00144,v_mv=10.000,i_ma=-0.050,p_mw=-0.001,shunt_uv=-5.000",Orin INA226 real solar sensor
2026-07-27T20:08:24.223769+00:00,1,,0,145,0,10.0,-0.075,-0.001,meas,0,,,54.992,-0.1,0.1,discharging,27.4958,50.0,"ina226,seq=00145,v_mv=10.000,i_ma=-0.075,p_mw=-0.001,shunt_uv=-7.500",Orin INA226 real solar sensor
2026-07-27T20:08:25.224092+00:00,1,,0,146,0,10.0,-0.075,-0.001,meas,0,,,54.991,-0.1,0.1,discharging,27.4957,50.0,"ina226,seq=00146,v_mv=10.000,i_ma=-0.075,p_mw=-0.001,shunt_uv=-7.500",Orin INA226 real solar sensor
2026-07-27T20:08:26.225507+00:00,1,,0,147,0,10.0,-0.05,-0.001,meas,0,,,54.991,-0.1,0.1,discharging,27.4957,50.0,"ina226,seq=00147,v_mv=10.000,i_ma=-0.050,p_mw=-0.001,shunt_uv=-5.000",Orin INA226 real solar sensor
2026-07-27T20:08:27.229535+00:00,1,,0,148,0,8.75,-0.075,-0.001,meas,0,,,54.991,-0.1,0.1,discharging,27.4957,50.0,"ina226,seq=00148,v_mv=8.750,i_ma=-0.075,p_mw=-0.001,shunt_uv=-7.500",Orin INA226 real solar sensor
2026-07-27T20:08:28.236968+00:00,1,,0,149,0,11.25,-0.075,-0.001,meas,0,,,54.991,-0.1,0.1,discharging,27.4956,50.0,"ina226,seq=00149,v_mv=11.250,i_ma=-0.075,p_mw=-0.001,shunt_uv=-7.500",Orin INA226 real solar sensor
2026-07-27T20:08:29.232596+00:00,1,,0,150,0,10.0,-0.1,-0.001,meas,0,,,54.991,-0.1,0.1,discharging,27.4956,50.0,"ina226,seq=00150,v_mv=10.000,i_ma=-0.100,p_mw=-0.001,shunt_uv=-10.000",Orin INA226 real solar sensor
2026-07-27T20:08:30.234486+00:00,1,,0,151,0,11.25,-0.05,-0.001,meas,0,,,54.991,-0.1,0.1,discharging,27.4956,50.0,"ina226,seq=00151,v_mv=11.250,i_ma=-0.050,p_mw=-0.001,shunt_uv=-5.000",Orin INA226 real solar sensor
2026-07-27T20:08:31.236611+00:00,1,,0,152,0,11.25,-0.075,-0.001,meas,0,,,54.991,-0.1,0.1,discharging,27.4955,50.0,"ina226,seq=00152,v_mv=11.250,i_ma=-0.075,p_mw=-0.001,shunt_uv=-7.500",Orin INA226 real solar sensor
2026-07-27T20:08:32.238310+00:00,1,,0,153,0,10.0,-0.075,-0.001,meas,0,,,54.991,-0.1,0.1,discharging,27.4955,50.0,"ina226,seq=00153,v_mv=10.000,i_ma=-0.075,p_mw=-0.001,shunt_uv=-7.500",Orin INA226 real solar sensor
2026-07-27T20:08:33.240308+00:00,1,,0,154,0,10.0,-0.075,-0.001,meas,0,,,54.991,-0.1,0.1,discharging,27.4955,50.0,"ina226,seq=00154,v_mv=10.000,i_ma=-0.075,p_mw=-0.001,shunt_uv=-7.500",Orin INA226 real solar sensor
2026-07-27T20:08:34.245302+00:00,1,,0,155,0,10.0,-0.05,-0.001,meas,0,,,54.991,-0.1,0.1,discharging,27.4955,50.0,"ina226,seq=00155,v_mv=10.000,i_ma=-0.050,p_mw=-0.001,shunt_uv=-5.000",Orin INA226 real solar sensor
2026-07-27T20:08:35.245308+00:00,1,,0,156,0,10.0,-0.075,-0.001,meas,0,,,54.991,-0.1,0.1,discharging,27.4954,50.0,"ina226,seq=00156,v_mv=10.000,i_ma=-0.075,p_mw=-0.001,shunt_uv=-7.500",Orin INA226 real solar sensor
2026-07-27T20:08:36.245639+00:00,1,,0,157,0,10.0,-0.05,-0.001,meas,0,,,54.991,-0.1,0.1,discharging,27.4954,50.0,"ina226,seq=00157,v_mv=10.000,i_ma=-0.050,p_mw=-0.001,shunt_uv=-5.000",Orin INA226 real solar sensor
2026-07-27T20:08:37.250359+00:00,1,,0,158,0,11.25,-0.075,-0.001,meas,0,,,54.991,-0.1,0.1,discharging,27.4954,50.0,"ina226,seq=00158,v_mv=11.250,i_ma=-0.075,p_mw=-0.001,shunt_uv=-7.500",Orin INA226 real solar sensor
2026-08-05T04:47:34.222010+00:00,1,,0,0,50,5377.125,322.111,1732.03,trk,0,,,55.0,1.632,0.1,charging,27.5,50.0,seeking,90.0,91.142,90.0,102.347,11.205,0,"trk,seq=00000,pan=090.00,tilt=091.14,sun_pan=090.00,sun_tilt=102.35,err=11.21,state=seeking,ldr=4073/4073/3587/3587",Orin software solar tracker
2026-08-05T04:47:35.223088+00:00,1,,0,1,50,5375.697,321.415,1727.829,trk,0,,,55.001,1.628,0.1,charging,27.5004,50.0,seeking,90.239,92.232,93.77,103.23,11.551,0,"trk,seq=00001,pan=090.24,tilt=092.23,sun_pan=093.77,sun_tilt=103.23,err=11.55,state=seeking,ldr=4007/4095/3531/3646",Orin software solar tracker
2026-08-05T04:47:36.224092+00:00,1,,0,2,51,5370.367,318.823,1712.198,trk,0,,,55.002,1.612,0.1,charging,27.5009,50.0,seeking,90.694,93.26,97.51,104.047,12.76,0,"trk,seq=00002,pan=090.69,tilt=093.26,sun_pan=097.51,sun_tilt=104.05,err=12.76,state=seeking,ldr=3933/4095/3469/3691",Orin software solar tracker
2026-08-05T04:47:37.225799+00:00,1,,0,3,51,5362.186,314.862,1688.347,trk,0,,,55.003,1.588,0.1,charging,27.5013,50.0,seeking,91.36,94.242,101.189,104.795,14.422,0,"trk,seq=00003,pan=091.36,tilt=094.24,sun_pan=101.19,sun_tilt=104.80,err=14.42,state=seeking,ldr=3855/4095/3405/3723",Orin software solar tracker
2026-08-05T04:47:38.230319+00:00,1,,0,4,52,5352.21,310.056,1659.486,trk,0,,,55.003,1.559,0.1,charging,27.5017,50.0,seeking,92.229,95.185,104.776,105.471,16.224,0,"trk,seq=00004,pan=092.23,tilt=095.19,sun_pan=104.78,sun_tilt=105.47,err=16.22,state=seeking,ldr=3776/4095/3342/3745",Orin software solar tracker
2026-08-05T04:47:39.229056+00:00,1,,0,5,53,5341.412,304.887,1628.528,trk,0,,,55.004,1.529,0.1,charging,27.5021,50.0,seeking,93.288,96.099,108.246,106.072,17.978,0,"trk,seq=00005,pan=093.29,tilt=096.10,sun_pan=108.25,sun_tilt=106.07,err=17.98,state=seeking,ldr=3700/4095/3282/3760",Orin software solar tracker
2026-08-05T04:47:40.267727+00:00,1,,0,6,54,5330.678,299.782,1598.042,trk,0,,,55.005,1.498,0.1,charging,27.5025,50.0,seeking,94.521,96.984,111.569,106.595,19.57,0,"trk,seq=00006,pan=094.52,tilt=096.98,sun_pan=111.57,sun_tilt=106.59,err=19.57,state=seeking,ldr=3628/4095/3229/3770",Orin software solar tracker
2026-08-05T04:47:41.292007+00:00,1,,0,7,55,5320.771,295.1,1570.16,trk,0,,,55.006,1.47,0.1,charging,27.5029,50.0,seeking,95.906,97.842,114.715,107.037,20.937,0,"trk,seq=00007,pan=095.91,tilt=097.84,sun_pan=114.72,sun_tilt=107.04,err=20.94,state=seeking,ldr=3563/4095/3184/3777",Orin software solar tracker
2026-08-05T04:47:42.231639+00:00,1,,0,8,57,5312.264,291.103,1546.415,trk,0,,,55.007,1.446,0.1,charging,27.5033,50.0,seeking,97.419,98.672,117.664,107.398,22.045,0,"trk,seq=00008,pan=097.42,tilt=098.67,sun_pan=117.66,sun_tilt=107.40,err=22.05,state=seeking,ldr=3507/4095/3149/3783",Orin software solar tracker
2026-08-05T04:47:43.340051+00:00,1,,0,9,58,5305.623,287.997,1528.002,trk,0,,,55.007,1.428,0.1,charging,27.5037,50.0,seeking,99.038,99.467,120.389,107.676,22.875,0,"trk,seq=00009,pan=099.04,tilt=099.47,sun_pan=120.39,sun_tilt=107.68,err=22.88,state=seeking,ldr=3460/4095/3125/3791",Orin software solar tracker
2026-08-05T04:47:44.234825+00:00,1,,0,10,60,5301.158,285.916,1515.687,trk,0,,,55.008,1.416,0.1,charging,27.504,50.0,seeking,100.734,100.223,122.868,107.869,23.418,0,"trk,seq=00010,pan=100.73,tilt=100.22,sun_pan=122.87,sun_tilt=107.87,err=23.42,state=seeking,ldr=3424/4095/3112/3801",Orin software solar tracker
2026-08-05T04:47:45.264327+00:00,1,,0,11,61,5299.011,284.918,1509.781,trk,0,,,55.009,1.41,0.1,charging,27.5044,50.0,seeking,102.48,100.933,125.083,107.976,23.674,0,"trk,seq=00011,pan=102.48,tilt=100.93,sun_pan=125.08,sun_tilt=107.98,err=23.67,state=seeking,ldr=3399/4095/3111/3814",Orin software solar tracker
2026-08-05T04:47:46.237843+00:00,1,,0,12,63,5299.188,285.0,1510.268,trk,0,,,55.01,1.41,0.1,charging,27.5048,50.0,seeking,104.246,101.588,127.014,107.997,23.653,0,"trk,seq=00012,pan=104.25,tilt=101.59,sun_pan=127.01,sun_tilt=108.00,err=23.65,state=seeking,ldr=3384/4092/3122/3829",Orin software solar tracker
2026-08-05T04:47:47.239124+00:00,1,,0,13,65,5301.608,286.126,1516.925,trk,0,,,55.01,1.417,0.1,charging,27.5051,50.0,seeking,106.003,102.174,128.646,107.933,23.364,0,"trk,seq=00013,pan=106.00,tilt=102.17,sun_pan=128.65,sun_tilt=107.93,err=23.36,state=seeking,ldr=3379/4084/3143/3849",Orin software solar tracker
2026-08-05T04:47:48.239945+00:00,1,,0,14,66,5306.125,288.231,1529.39,trk,0,,,55.011,1.429,0.1,charging,27.5055,50.0,seeking,107.727,102.693,129.966,107.782,22.814,0,"trk,seq=00014,pan=107.73,tilt=102.69,sun_pan=129.97,sun_tilt=107.78,err=22.81,state=seeking,ldr=3384/4079/3175/3870",Orin software solar tracker
2026-08-05T04:47:49.242807+00:00,1,,0,15,68,5312.557,291.24,1547.229,trk,0,,,55.012,1.447,0.1,charging,27.5059,50.0,seeking,109.401,103.142,130.964,107.546,22.008,0,"trk,seq=00015,pan=109.40,tilt=103.14,sun_pan=130.96,sun_tilt=107.55,err=22.01,state=seeking,ldr=3398/4076/3216/3894",Orin software solar tracker
2026-08-05T04:47:50.242567+00:00,1,,0,16,69,5320.592,295.016,1569.658,trk,0,,,55.013,1.47,0.1,charging,27.5063,50.0,seeking,111.0,103.52,131.631,107.227,20.961,0,"trk,seq=00016,pan=111.00,tilt=103.52,sun_pan=131.63,sun_tilt=107.23,err=20.96,state=seeking,ldr=3420/4072/3266/3918",Orin software solar tracker
2026-08-05T04:47:51.244814+00:00,1,,0,17,70,5329.899,299.413,1595.839,trk,0,,,55.013,1.496,0.1,charging,27.5067,50.0,seeking,112.51,103.827,131.961,106.824,19.681,0,"trk,seq=00017,pan=112.51,tilt=103.83,sun_pan=131.96,sun_tilt=106.82,err=19.68,state=seeking,ldr=3449/4069/3323/3943",Orin software solar tracker
2026-08-05T04:47:52.246138+00:00,1,,0,18,72,5340.051,304.238,1624.644,trk,0,,,55.014,1.525,0.1,charging,27.5071,50.0,seeking,113.91,104.06,131.953,106.34,18.187,0,"trk,seq=00018,pan=113.91,tilt=104.06,sun_pan=131.95,sun_tilt=106.34,err=18.19,state=seeking,ldr=3484/4064/3388/3967",Orin software solar tracker
2026-08-05T04:47:53.247158+00:00,1,,0,19,73,5350.606,309.286,1654.868,trk,0,,,55.015,1.555,0.1,charging,27.5075,50.0,seeking,115.185,104.218,131.607,105.778,16.496,0,"trk,seq=00019,pan=115.18,tilt=104.22,sun_pan=131.61,sun_tilt=105.78,err=16.50,state=seeking,ldr=3523/4055/3457/3989",Orin software solar tracker
2026-08-05T04:47:54.248172+00:00,1,,0,20,74,5361.093,314.334,1685.172,trk,0,,,55.016,1.585,0.1,charging,27.5079,50.0,seeking,116.318,104.304,130.924,105.139,14.63,0,"trk,seq=00020,pan=116.32,tilt=104.30,sun_pan=130.92,sun_tilt=105.14,err=14.63,state=seeking,ldr=3566/4043/3530/4007",Orin software solar tracker
2026-08-05T04:47:55.250465+00:00,1,,0,21,75,5371.034,319.147,1714.15,trk,0,,,55.017,1.614,0.1,charging,27.5083,50.0,seeking,117.297,104.313,129.911,104.426,12.615,0,"trk,seq=00021,pan=117.30,tilt=104.31,sun_pan=129.91,sun_tilt=104.43,err=12.61,state=seeking,ldr=3610/4025/3606/4021",Orin software solar tracker
2026-08-05T04:47:56.251375+00:00,1,,0,22,76,5379.963,323.495,1740.39,trk,0,,,55.018,1.64,0.1,charging,27.5088,50.0,seeking,118.109,104.251,128.577,103.643,10.485,0,"trk,seq=00022,pan=118.11,tilt=104.25,sun_pan=128.58,sun_tilt=103.64,err=10.49,state=seeking,ldr=3655/4001/3681/4028",Orin software solar tracker
2026-08-05T04:47:57.252600+00:00,1,,0,23,76,5387.451,327.159,1762.55,trk,0,,,55.018,1.663,0.1,charging,27.5092,50.0,seeking,118.743,104.116,126.93,102.792,8.293,0,"trk,seq=00023,pan=118.74,tilt=104.12,sun_pan=126.93,sun_tilt=102.79,err=08.29,state=seeking,ldr=3698/3970/3756/4028",Orin software solar tracker
2026-08-05T04:47:58.254008+00:00,1,,0,24,77,5393.121,329.943,1779.422,trk,0,,,55.019,1.679,0.1,charging,27.5096,50.0,seeking,119.193,103.909,124.985,101.878,6.138,0,"trk,seq=00024,pan=119.19,tilt=103.91,sun_pan=124.98,sun_tilt=101.88,err=06.14,state=seeking,ldr=3738/3932/3827/4021",Orin software solar tracker
2026-08-05T04:47:59.255112+00:00,1,,0,25,77,5396.641,331.676,1789.937,trk,0,,,55.02,1.69,0.1,charging,27.5101,50.0,locked,119.45,103.632,122.759,100.904,4.288,0,"trk,seq=00025,pan=119.45,tilt=103.63,sun_pan=122.76,sun_tilt=100.90,err=04.29,state=locked,ldr=3774/3885/3894/4005",Orin software solar tracker
2026-08-05T04:48:00.255908+00:00,1,,0,26,77,5397.771,332.233,1793.32,trk,0,,,55.021,1.693,0.1,charging,27.5105,50.0,locked,119.509,103.284,120.267,99.874,3.493,0,"trk,seq=00026,pan=119.51,tilt=103.28,sun_pan=120.27,sun_tilt=099.87,err=03.49,state=locked,ldr=3805/3830/3955/3981",Orin software solar tracker
2026-08-05T04:48:01.257953+00:00,1,,0,27,77,5396.352,331.534,1789.072,trk,0,,,55.022,1.689,0.1,charging,27.511,50.0,locked,119.368,102.867,117.53,98.793,4.469,0,"trk,seq=00027,pan=119.37,tilt=102.87,sun_pan=117.53,sun_tilt=098.79,err=04.47,state=locked,ldr=3829/3768/4009/3948",Orin software solar tracker
2026-08-05T04:48:02.258786+00:00,1,,0,28,76,5392.32,329.549,1777.033,trk,0,,,55.023,1.677,0.1,charging,27.5114,50.0,seeking,119.023,102.385,114.573,97.667,6.486,0,"trk,seq=00028,pan=119.02,tilt=102.39,sun_pan=114.57,sun_tilt=097.67,err=06.49,state=seeking,ldr=3847/3699/4055/3906",Orin software solar tracker
2026-08-05T04:48:03.260178+00:00,1,,0,29,76,5385.707,326.304,1757.378,trk,0,,,55.024,1.657,0.1,charging,27.5119,50.0,seeking,118.475,101.84,111.416,96.498,8.852,0,"trk,seq=00029,pan=118.47,tilt=101.84,sun_pan=111.42,sun_tilt=096.50,err=08.85,state=seeking,ldr=3858/3623/4092/3857",Orin software solar tracker
2026-08-05T04:48:04.263691+00:00,1,,0,30,75,5376.482,321.797,1730.136,trk,0,,,55.025,1.63,0.1,charging,27.5123,50.0,seeking,117.755,101.261,108.086,95.292,11.362,0,"trk,seq=00030,pan=117.75,tilt=101.26,sun_pan=108.09,sun_tilt=095.29,err=11.36,state=seeking,ldr=3861/3543/4095/3801",Orin software solar tracker
2026-08-05T04:48:05.262116+00:00,1,,0,31,74,5364.84,316.144,1696.064,trk,0,,,55.025,1.596,0.1,charging,27.5127,50.0,seeking,116.857,100.642,104.612,94.056,13.904,0,"trk,seq=00031,pan=116.86,tilt=100.64,sun_pan=104.61,sun_tilt=094.06,err=13.90,state=seeking,ldr=3856/3457/4095/3739",Orin software solar tracker
2026-08-05T04:48:06.265300+00:00,1,,0,32,73,5351.099,309.523,1656.287,trk,0,,,55.026,1.556,0.1,charging,27.5131,50.0,seeking,115.776,99.976,101.018,92.793,16.413,0,"trk,seq=00032,pan=115.78,tilt=099.98,sun_pan=101.02,sun_tilt=092.79,err=16.41,state=seeking,ldr=3844/3368/4095/3671",Orin software solar tracker
2026-08-05T04:48:07.266110+00:00,1,,0,33,72,5335.709,302.171,1612.294,trk,0,,,55.027,1.512,0.1,charging,27.5135,50.0,seeking,114.508,99.256,97.335,91.509,18.84,0,"trk,seq=00033,pan=114.51,tilt=099.26,sun_pan=097.33,sun_tilt=091.51,err=18.84,state=seeking,ldr=3826/3278/4095/3601",Orin software solar tracker
2026-08-05T04:48:08.271133+00:00,1,,0,34,71,5319.225,294.372,1565.832,trk,0,,,55.028,1.466,0.1,charging,27.5139,50.0,seeking,113.055,98.475,93.595,90.211,21.142,0,"trk,seq=00034,pan=113.06,tilt=098.47,sun_pan=093.59,sun_tilt=090.21,err=21.14,state=seeking,ldr=3802/3188/4095/3529",Orin software solar tracker
2026-08-05T04:48:09.268546+00:00,1,,0,35,69,5302.173,286.388,1518.481,trk,0,,,55.029,1.418,0.1,charging,27.5143,50.0,seeking,111.422,97.63,89.823,88.903,23.296,0,"trk,seq=00035,pan=111.42,tilt=097.63,sun_pan=089.82,sun_tilt=088.90,err=23.30,state=seeking,ldr=3774/3102/4095/3458",Orin software solar tracker
2026-08-05T04:48:10.269216+00:00,1,,0,36,68,5285.183,278.52,1472.027,trk,0,,,55.029,1.372,0.1,charging,27.5147,50.0,seeking,109.614,96.722,86.053,87.591,25.268,0,"trk,seq=00036,pan=109.61,tilt=096.72,sun_pan=086.05,sun_tilt=087.59,err=25.27,state=seeking,ldr=3744/3020/4095/3388",Orin software solar tracker
2026-08-05T04:50:15.928005+00:00,1,,0,0,50,5377.125,322.111,1732.03,trk,0,,,55.0,1.632,0.1,charging,27.5,50.0,seeking,90.0,91.142,90.0,102.347,11.205,0,"trk,seq=00000,pan=090.00,tilt=091.14,sun_pan=090.00,sun_tilt=102.35,err=11.21,state=seeking,ldr=4073/4073/3587/3587",Orin software solar tracker
2026-08-05T04:50:16.928835+00:00,1,,0,1,50,5375.695,321.414,1727.823,trk,0,,,55.001,1.628,0.1,charging,27.5004,50.0,seeking,90.239,92.232,93.771,103.23,11.551,0,"trk,seq=00001,pan=090.24,tilt=092.23,sun_pan=093.77,sun_tilt=103.23,err=11.55,state=seeking,ldr=4007/4095/3531/3646",Orin software solar tracker
2026-08-05T04:50:17.931067+00:00,1,,0,2,51,5370.362,318.821,1712.185,trk,0,,,55.002,1.612,0.1,charging,27.5009,50.0,seeking,90.694,93.26,97.511,104.047,12.76,0,"trk,seq=00002,pan=090.69,tilt=093.26,sun_pan=097.51,sun_tilt=104.05,err=12.76,state=seeking,ldr=3933/4095/3469/3691",Orin software solar tracker
2026-08-05T04:50:18.930605+00:00,1,,0,3,51,5362.196,314.866,1688.375,trk,0,,,55.003,1.588,0.1,charging,27.5013,50.0,seeking,91.36,94.242,101.187,104.795,14.42,0,"trk,seq=00003,pan=091.36,tilt=094.24,sun_pan=101.19,sun_tilt=104.79,err=14.42,state=seeking,ldr=3855/4095/3405/3723",Orin software solar tracker
2026-08-05T04:50:19.933705+00:00,1,,0,4,52,5352.212,310.057,1659.491,trk,0,,,55.003,1.559,0.1,charging,27.5017,50.0,seeking,92.229,95.185,104.776,105.471,16.224,0,"trk,seq=00004,pan=092.23,tilt=095.19,sun_pan=104.78,sun_tilt=105.47,err=16.22,state=seeking,ldr=3776/4095/3342/3745",Orin software solar tracker
2026-08-05T04:50:20.934631+00:00,1,,0,5,53,5341.415,304.888,1628.536,trk,0,,,55.004,1.529,0.1,charging,27.5021,50.0,seeking,93.288,96.099,108.246,106.072,17.977,0,"trk,seq=00005,pan=093.29,tilt=096.10,sun_pan=108.25,sun_tilt=106.07,err=17.98,state=seeking,ldr=3700/4095/3282/3760",Orin software solar tracker
2026-08-05T04:50:21.935671+00:00,1,,0,6,54,5330.69,299.788,1598.074,trk,0,,,55.005,1.498,0.1,charging,27.5025,50.0,seeking,94.521,96.984,111.567,106.594,19.569,0,"trk,seq=00006,pan=094.52,tilt=096.98,sun_pan=111.57,sun_tilt=106.59,err=19.57,state=seeking,ldr=3628/4095/3229/3770",Orin software solar tracker
2026-08-05T04:50:22.938196+00:00,1,,0,7,55,5320.773,295.101,1570.164,trk,0,,,55.006,1.47,0.1,charging,27.5029,50.0,seeking,95.906,97.842,114.715,107.037,20.936,0,"trk,seq=00007,pan=095.91,tilt=097.84,sun_pan=114.72,sun_tilt=107.04,err=20.94,state=seeking,ldr=3563/4095/3184/3777",Orin software solar tracker
2026-08-05T04:50:23.936555+00:00,1,,0,8,57,5312.287,291.114,1546.479,trk,0,,,55.007,1.446,0.1,charging,27.5033,50.0,seeking,97.419,98.672,117.661,107.398,22.042,0,"trk,seq=00008,pan=097.42,tilt=098.67,sun_pan=117.66,sun_tilt=107.40,err=22.04,state=seeking,ldr=3507/4095/3149/3783",Orin software solar tracker
2026-08-05T04:50:24.939021+00:00,1,,0,9,58,5305.645,288.007,1528.063,trk,0,,,55.007,1.428,0.1,charging,27.5036,50.0,seeking,99.038,99.467,120.387,107.676,22.873,0,"trk,seq=00009,pan=099.04,tilt=099.47,sun_pan=120.39,sun_tilt=107.68,err=22.87,state=seeking,ldr=3460/4095/3125/3791",Orin software solar tracker
2026-08-05T04:50:25.939138+00:00,1,,0,10,60,5301.188,285.93,1515.769,trk,0,,,55.008,1.416,0.1,charging,27.504,50.0,seeking,100.734,100.223,122.864,107.868,23.414,0,"trk,seq=00010,pan=100.73,tilt=100.22,sun_pan=122.86,sun_tilt=107.87,err=23.41,state=seeking,ldr=3424/4095/3112/3801",Orin software solar tracker
2026-08-05T04:50:26.941017+00:00,1,,0,11,61,5299.036,284.929,1509.851,trk,0,,,55.009,1.41,0.1,charging,27.5044,50.0,seeking,102.48,100.933,125.08,107.976,23.671,0,"trk,seq=00011,pan=102.48,tilt=100.93,sun_pan=125.08,sun_tilt=107.98,err=23.67,state=seeking,ldr=3399/4095/3111/3814",Orin software solar tracker
2026-08-05T04:50:27.942351+00:00,1,,0,12,63,5299.213,285.012,1510.338,trk,0,,,55.01,1.41,0.1,charging,27.5048,50.0,seeking,104.247,101.587,127.012,107.997,23.65,0,"trk,seq=00012,pan=104.25,tilt=101.59,sun_pan=127.01,sun_tilt=108.00,err=23.65,state=seeking,ldr=3384/4092/3122/3830",Orin software solar tracker
2026-08-05T04:50:28.945395+00:00,1,,0,13,65,5301.633,286.137,1516.993,trk,0,,,55.01,1.417,0.1,charging,27.5051,50.0,seeking,106.004,102.173,128.643,107.933,23.361,0,"trk,seq=00013,pan=106.00,tilt=102.17,sun_pan=128.64,sun_tilt=107.93,err=23.36,state=seeking,ldr=3379/4084/3143/3849",Orin software solar tracker
2026-08-05T04:50:29.944958+00:00,1,,0,14,66,5306.145,288.241,1529.447,trk,0,,,55.011,1.429,0.1,charging,27.5055,50.0,seeking,107.728,102.692,129.964,107.782,22.811,0,"trk,seq=00014,pan=107.73,tilt=102.69,sun_pan=129.96,sun_tilt=107.78,err=22.81,state=seeking,ldr=3384/4079/3175/3870",Orin software solar tracker
2026-08-05T04:50:30.946882+00:00,1,,0,15,68,5312.573,291.248,1547.274,trk,0,,,55.012,1.447,0.1,charging,27.5059,50.0,seeking,109.402,103.141,130.963,107.547,22.006,0,"trk,seq=00015,pan=109.40,tilt=103.14,sun_pan=130.96,sun_tilt=107.55,err=22.01,state=seeking,ldr=3398/4076/3216/3894",Orin software solar tracker
2026-08-05T04:50:31.947218+00:00,1,,0,16,69,5320.613,295.026,1569.718,trk,0,,,55.013,1.47,0.1,charging,27.5063,50.0,seeking,111.003,103.52,131.63,107.227,20.958,0,"trk,seq=00016,pan=111.00,tilt=103.52,sun_pan=131.63,sun_tilt=107.23,err=20.96,state=seeking,ldr=3420/4073/3266/3918",Orin software solar tracker
2026-08-05T04:50:32.949244+00:00,1,,0,17,70,5329.916,299.421,1595.887,trk,0,,,55.013,1.496,0.1,charging,27.5067,50.0,seeking,112.512,103.827,131.961,106.825,19.679,0,"trk,seq=00017,pan=112.51,tilt=103.83,sun_pan=131.96,sun_tilt=106.83,err=19.68,state=seeking,ldr=3449/4069/3323/3943",Orin software solar tracker
2026-08-05T04:50:33.948489+00:00,1,,0,18,72,5340.061,304.242,1624.673,trk,0,,,55.014,1.525,0.1,charging,27.5071,50.0,seeking,113.912,104.06,131.954,106.342,18.186,0,"trk,seq=00018,pan=113.91,tilt=104.06,sun_pan=131.95,sun_tilt=106.34,err=18.19,state=seeking,ldr=3484/4064/3388/3967",Orin software solar tracker
2026-08-05T04:50:34.951168+00:00,1,,0,19,73,5350.605,309.285,1654.864,trk,0,,,55.015,1.555,0.1,charging,27.5075,50.0,seeking,115.186,104.219,131.608,105.78,16.496,0,"trk,seq=00019,pan=115.19,tilt=104.22,sun_pan=131.61,sun_tilt=105.78,err=16.50,state=seeking,ldr=3524/4055/3457/3989",Orin software solar tracker
2026-08-05T04:50:35.951130+00:00,1,,0,20,74,5361.084,314.329,1685.146,trk,0,,,55.016,1.585,0.1,charging,27.5079,50.0,seeking,116.319,104.305,130.927,105.141,14.632,0,"trk,seq=00020,pan=116.32,tilt=104.30,sun_pan=130.93,sun_tilt=105.14,err=14.63,state=seeking,ldr=3566/4043/3530/4007",Orin software solar tracker
2026-08-05T04:50:36.952443+00:00,1,,0,21,75,5371.023,319.142,1714.119,trk,0,,,55.017,1.614,0.1,charging,27.5083,50.0,seeking,117.3,104.315,129.916,104.429,12.617,0,"trk,seq=00021,pan=117.30,tilt=104.32,sun_pan=129.92,sun_tilt=104.43,err=12.62,state=seeking,ldr=3610/4025/3605/4021",Orin software solar tracker
2026-08-05T04:50:37.954466+00:00,1,,0,22,76,5379.952,323.49,1740.359,trk,0,,,55.018,1.64,0.1,charging,27.5088,50.0,seeking,118.111,104.253,128.582,103.646,10.488,0,"trk,seq=00022,pan=118.11,tilt=104.25,sun_pan=128.58,sun_tilt=103.65,err=10.49,state=seeking,ldr=3655/4001/3681/4028",Orin software solar tracker
2026-08-05T04:50:38.955049+00:00,1,,0,23,76,5387.44,327.153,1762.517,trk,0,,,55.018,1.663,0.1,charging,27.5092,50.0,seeking,118.745,104.118,126.936,102.795,8.297,0,"trk,seq=00023,pan=118.75,tilt=104.12,sun_pan=126.94,sun_tilt=102.80,err=08.30,state=seeking,ldr=3698/3970/3756/4028",Orin software solar tracker
2026-08-05T04:58:01.618171+00:00,1,,0,11,61,1.25,-0.125,-0.0,trk,0,,,55.0,-0.1,0.1,discharging,27.5,50.0,seeking,102.488,100.938,125.1,107.976,23.681,0,"trk,seq=00011,pan=102.49,tilt=100.94,sun_pan=125.10,sun_tilt=107.98,err=23.68,state=seeking,ldr=3398/4095/3111/3814",Orin software solar tracker
2026-08-05T04:58:02.672333+00:00,1,,0,12,63,1.25,-0.1,-0.0,trk,0,,,55.0,-0.1,0.1,discharging,27.5,50.0,seeking,104.257,101.591,127.029,107.997,23.656,0,"trk,seq=00012,pan=104.26,tilt=101.59,sun_pan=127.03,sun_tilt=108.00,err=23.66,state=seeking,ldr=3383/4091/3121/3830",Orin software solar tracker
2026-08-05T04:58:03.693251+00:00,1,,0,13,65,1.25,-0.075,-0.0,trk,0,,,55.0,-0.1,0.1,discharging,27.4999,50.0,seeking,106.014,102.177,128.66,107.932,23.366,0,"trk,seq=00013,pan=106.01,tilt=102.18,sun_pan=128.66,sun_tilt=107.93,err=23.37,state=seeking,ldr=3379/4084/3143/3849",Orin software solar tracker
2026-08-05T04:58:04.623416+00:00,1,,0,14,66,1.25,-0.075,-0.0,trk,0,,,55.0,-0.1,0.1,discharging,27.4999,50.0,seeking,107.738,102.696,129.978,107.78,22.813,0,"trk,seq=00014,pan=107.74,tilt=102.70,sun_pan=129.98,sun_tilt=107.78,err=22.81,state=seeking,ldr=3384/4079/3175/3870",Orin software solar tracker
2026-08-05T04:58:05.734373+00:00,1,,0,15,68,1.25,-0.075,-0.0,trk,0,,,55.0,-0.1,0.1,discharging,27.4999,50.0,seeking,109.412,103.145,130.973,107.543,22.005,0,"trk,seq=00015,pan=109.41,tilt=103.15,sun_pan=130.97,sun_tilt=107.54,err=22.00,state=seeking,ldr=3398/4076/3216/3894",Orin software solar tracker
2026-08-05T04:58:06.628380+00:00,1,,0,16,69,0.0,-0.075,-0.0,trk,0,,,55.0,-0.1,0.1,discharging,27.4999,50.0,seeking,111.012,103.522,131.636,107.223,20.953,0,"trk,seq=00016,pan=111.01,tilt=103.52,sun_pan=131.64,sun_tilt=107.22,err=20.95,state=seeking,ldr=3420/4072/3266/3919",Orin software solar tracker
2026-08-05T04:58:07.629857+00:00,1,,0,17,70,1.25,-0.075,-0.0,trk,0,,,55.0,-0.1,0.1,discharging,27.4998,50.0,seeking,112.521,103.827,131.963,106.819,19.671,0,"trk,seq=00017,pan=112.52,tilt=103.83,sun_pan=131.96,sun_tilt=106.82,err=19.67,state=seeking,ldr=3449/4069/3324/3943",Orin software solar tracker
2026-08-05T04:58:08.634716+00:00,1,,0,18,72,0.0,-0.1,-0.0,trk,0,,,55.0,-0.1,0.1,discharging,27.4998,50.0,seeking,113.919,104.059,131.951,106.334,18.175,0,"trk,seq=00018,pan=113.92,tilt=104.06,sun_pan=131.95,sun_tilt=106.33,err=18.17,state=seeking,ldr=3484/4063/3388/3967",Orin software solar tracker
2026-08-05T04:58:09.634929+00:00,1,,0,19,73,1.25,-0.075,-0.0,trk,0,,,55.0,-0.1,0.1,discharging,27.4998,50.0,seeking,115.192,104.217,131.6,105.77,16.482,0,"trk,seq=00019,pan=115.19,tilt=104.22,sun_pan=131.60,sun_tilt=105.77,err=16.48,state=seeking,ldr=3524/4055/3458/3989",Orin software solar tracker
2026-08-05T04:58:10.651643+00:00,1,,0,20,74,0.0,-0.075,-0.0,trk,0,,,54.999,-0.1,0.1,discharging,27.4997,50.0,seeking,116.323,104.303,130.912,105.13,14.613,0,"trk,seq=00020,pan=116.32,tilt=104.30,sun_pan=130.91,sun_tilt=105.13,err=14.61,state=seeking,ldr=3567/4043/3531/4007",Orin software solar tracker
2026-08-05T04:58:11.640377+00:00,1,,0,21,75,0.0,-0.075,-0.0,trk,0,,,54.999,-0.1,0.1,discharging,27.4997,50.0,seeking,117.301,104.314,129.894,104.416,12.594,0,"trk,seq=00021,pan=117.30,tilt=104.31,sun_pan=129.89,sun_tilt=104.42,err=12.59,state=seeking,ldr=3611/4025/3606/4021",Orin software solar tracker
2026-08-05T04:58:12.640028+00:00,1,,0,22,76,1.25,-0.075,-0.0,trk,0,,,54.999,-0.1,0.1,discharging,27.4997,50.0,seeking,118.111,104.25,128.554,103.631,10.461,0,"trk,seq=00022,pan=118.11,tilt=104.25,sun_pan=128.55,sun_tilt=103.63,err=10.46,state=seeking,ldr=3655/4001/3682/4028",Orin software solar tracker
2026-08-05T04:58:13.641374+00:00,1,,0,23,76,0.0,-0.075,-0.0,trk,0,,,54.999,-0.1,0.1,discharging,27.4996,50.0,locked,118.744,104.114,126.901,102.778,8.266,0,"trk,seq=00023,pan=118.74,tilt=104.11,sun_pan=126.90,sun_tilt=102.78,err=08.27,state=locked,ldr=3698/3970/3757/4028",Orin software solar tracker
2026-08-05T04:58:14.643402+00:00,1,,0,24,77,1.25,-0.1,-0.0,trk,0,,,54.999,-0.1,0.1,discharging,27.4996,50.0,locked,119.191,103.905,124.951,101.862,6.111,0,"trk,seq=00024,pan=119.19,tilt=103.91,sun_pan=124.95,sun_tilt=101.86,err=06.11,state=locked,ldr=3738/3931/3828/4021",Orin software solar tracker
2026-08-05T04:58:15.648200+00:00,1,,0,25,77,1.25,-0.1,-0.0,trk,0,,,54.999,-0.1,0.1,discharging,27.4996,50.0,locked,119.446,103.625,122.717,100.887,4.266,0,"trk,seq=00025,pan=119.45,tilt=103.63,sun_pan=122.72,sun_tilt=100.89,err=04.27,state=locked,ldr=3774/3884/3895/4005",Orin software solar tracker
2026-08-05T04:58:16.650850+00:00,1,,0,26,77,0.0,-0.1,-0.0,trk,0,,,54.999,-0.1,0.1,discharging,27.4996,50.0,locked,119.501,103.276,120.22,99.855,3.495,0,"trk,seq=00026,pan=119.50,tilt=103.28,sun_pan=120.22,sun_tilt=099.86,err=03.50,state=locked,ldr=3805/3829/3956/3980",Orin software solar tracker
2026-08-05T04:58:17.650645+00:00,1,,0,27,77,0.0,-0.05,-0.0,trk,0,,,54.999,-0.1,0.1,discharging,27.4995,50.0,locked,119.356,102.859,117.478,98.773,4.497,0,"trk,seq=00027,pan=119.36,tilt=102.86,sun_pan=117.48,sun_tilt=098.77,err=04.50,state=locked,ldr=3830/3767/4010/3947",Orin software solar tracker
2026-08-05T04:58:18.651829+00:00,1,,0,28,76,0.0,-0.075,-0.0,trk,0,,,54.999,-0.1,0.1,discharging,27.4995,50.0,locked,119.007,102.377,114.514,97.644,6.526,0,"trk,seq=00028,pan=119.01,tilt=102.38,sun_pan=114.51,sun_tilt=097.64,err=06.53,state=locked,ldr=3847/3697/4055/3905",Orin software solar tracker
2026-08-05T04:58:19.653604+00:00,1,,0,29,76,0.0,-0.075,-0.0,trk,0,,,54.999,-0.1,0.1,discharging,27.4995,50.0,locked,118.457,101.83,111.351,96.474,8.898,0,"trk,seq=00029,pan=118.46,tilt=101.83,sun_pan=111.35,sun_tilt=096.47,err=08.90,state=locked,ldr=3858/3622/4092/3856",Orin software solar tracker
2026-08-05T04:58:20.656623+00:00,1,,0,30,75,0.0,-0.075,-0.0,trk,0,,,54.999,-0.1,0.1,discharging,27.4994,50.0,seeking,117.733,101.25,108.017,95.267,11.411,0,"trk,seq=00030,pan=117.73,tilt=101.25,sun_pan=108.02,sun_tilt=095.27,err=11.41,state=seeking,ldr=3861/3541/4095/3800",Orin software solar tracker
2026-08-05T04:58:21.658931+00:00,1,,0,31,74,0.0,-0.1,-0.0,trk,0,,,54.999,-0.1,0.1,discharging,27.4994,50.0,seeking,116.831,100.631,104.536,94.029,13.955,0,"trk,seq=00031,pan=116.83,tilt=100.63,sun_pan=104.54,sun_tilt=094.03,err=13.96,state=seeking,ldr=3856/3455/4095/3737",Orin software solar tracker
2026-08-05T04:58:22.660902+00:00,1,,0,32,73,1.25,-0.1,-0.0,trk,0,,,54.999,-0.1,0.1,discharging,27.4994,50.0,seeking,115.745,99.964,100.938,92.765,16.464,0,"trk,seq=00032,pan=115.75,tilt=099.96,sun_pan=100.94,sun_tilt=092.77,err=16.46,state=seeking,ldr=3844/3366/4095/3670",Orin software solar tracker
2026-08-05T04:58:23.661016+00:00,1,,0,33,72,1.25,-0.075,-0.0,trk,0,,,54.999,-0.1,0.1,discharging,27.4994,50.0,seeking,114.475,99.241,97.251,91.48,18.892,0,"trk,seq=00033,pan=114.48,tilt=099.24,sun_pan=097.25,sun_tilt=091.48,err=18.89,state=seeking,ldr=3825/3276/4095/3600",Orin software solar tracker
2026-08-05T04:58:24.665195+00:00,1,,0,34,71,1.25,-0.075,-0.0,trk,0,,,54.999,-0.1,0.1,discharging,27.4993,50.0,seeking,113.019,98.458,93.507,90.181,21.195,0,"trk,seq=00034,pan=113.02,tilt=098.46,sun_pan=093.51,sun_tilt=090.18,err=21.20,state=seeking,ldr=3801/3186/4095/3528",Orin software solar tracker
2026-08-05T04:58:25.665710+00:00,1,,0,35,69,1.25,-0.075,-0.0,trk,0,,,54.999,-0.1,0.1,discharging,27.4993,50.0,seeking,111.38,97.61,89.733,88.872,23.344,0,"trk,seq=00035,pan=111.38,tilt=097.61,sun_pan=089.73,sun_tilt=088.87,err=23.34,state=seeking,ldr=3773/3099/4095/3456",Orin software solar tracker
2026-08-05T04:58:26.668757+00:00,1,,0,36,68,1.25,-0.075,-0.0,trk,0,,,54.999,-0.1,0.1,discharging,27.4993,50.0,seeking,109.568,96.7,85.962,87.559,25.314,0,"trk,seq=00036,pan=109.57,tilt=096.70,sun_pan=085.96,sun_tilt=087.56,err=25.31,state=seeking,ldr=3743/3018/4095/3386",Orin software solar tracker
2026-08-05T04:58:27.671383+00:00,1,,0,37,66,1.25,-0.1,-0.0,trk,0,,,54.998,-0.1,0.1,discharging,27.4992,50.0,seeking,107.6,95.733,82.224,86.248,27.091,0,"trk,seq=00037,pan=107.60,tilt=095.73,sun_pan=082.22,sun_tilt=086.25,err=27.09,state=seeking,ldr=3712/2943/4090/3321",Orin software solar tracker
2026-08-05T04:58:28.674075+00:00,1,,0,38,64,0.0,-0.05,-0.0,trk,0,,,54.998,-0.1,0.1,discharging,27.4992,50.0,seeking,105.507,94.735,78.548,84.945,28.682,0,"trk,seq=00038,pan=105.51,tilt=094.73,sun_pan=078.55,sun_tilt=084.94,err=28.68,state=seeking,ldr=3682/2875/4067/3260",Orin software solar tracker
2026-08-05T04:58:29.677586+00:00,1,,0,39,62,1.25,-0.075,-0.0,trk,0,,,54.998,-0.1,0.1,discharging,27.4992,50.0,seeking,103.307,93.71,74.963,83.654,30.075,0,"trk,seq=00039,pan=103.31,tilt=093.71,sun_pan=074.96,sun_tilt=083.65,err=30.08,state=seeking,ldr=3654/2815/4044/3206",Orin software solar tracker
2026-08-05T04:58:30.677977+00:00,1,,0,40,60,0.0,-0.075,-0.0,trk,0,,,54.998,-0.1,0.1,discharging,27.4992,50.0,seeking,101.016,92.662,71.5,82.382,31.254,0,"trk,seq=00040,pan=101.02,tilt=092.66,sun_pan=071.50,sun_tilt=082.38,err=31.25,state=seeking,ldr=3628/2764/4023/3159",Orin software solar tracker
2026-08-05T04:58:31.680145+00:00,1,,0,41,58,0.0,-0.1,-0.0,trk,0,,,54.998,-0.1,0.1,discharging,27.4991,50.0,seeking,98.653,91.595,68.188,81.135,32.21,0,"trk,seq=00041,pan=098.65,tilt=091.59,sun_pan=068.19,sun_tilt=081.13,err=32.21,state=seeking,ldr=3605/2722/4004/3121",Orin software solar tracker
2026-08-05T04:58:32.681961+00:00,1,,0,42,56,1.25,-0.075,-0.0,trk,0,,,54.998,-0.1,0.1,discharging,27.4991,50.0,seeking,96.232,90.514,65.055,79.918,32.928,0,"trk,seq=00042,pan=096.23,tilt=090.51,sun_pan=065.06,sun_tilt=079.92,err=32.93,state=seeking,ldr=3588/2690/3989/3091",Orin software solar tracker
2026-08-05T04:58:33.683259+00:00,1,,0,43,53,1.25,-0.075,-0.0,trk,0,,,54.998,-0.1,0.1,discharging,27.4991,50.0,seeking,93.777,89.423,62.121,78.735,33.411,0,"trk,seq=00043,pan=093.78,tilt=089.42,sun_pan=062.12,sun_tilt=078.74,err=33.41,state=seeking,ldr=3576/2669/3979/3072",Orin software solar tracker
2026-08-05T04:58:34.686191+00:00,1,,0,44,51,0.0,-0.075,-0.0,trk,0,,,54.998,-0.1,0.1,discharging,27.499,50.0,seeking,91.301,88.326,59.413,77.592,33.647,0,"trk,seq=00044,pan=091.30,tilt=088.33,sun_pan=059.41,sun_tilt=077.59,err=33.65,state=seeking,ldr=3570/2658/3974/3062",Orin software solar tracker
2026-08-05T04:58:35.687261+00:00,1,,0,45,49,2.5,-0.1,-0.0,trk,0,,,54.998,-0.1,0.1,discharging,27.499,50.0,seeking,88.828,87.231,56.951,76.494,33.636,0,"trk,seq=00045,pan=088.83,tilt=087.23,sun_pan=056.95,sun_tilt=076.49,err=33.64,state=seeking,ldr=3570/2659/3974/3062",Orin software solar tracker
2026-08-05T04:58:36.689162+00:00,1,,0,46,47,1.25,-0.075,-0.0,trk,0,,,54.998,-0.1,0.1,discharging,27.499,50.0,seeking,86.373,86.14,54.757,75.446,33.376,0,"trk,seq=00046,pan=086.37,tilt=086.14,sun_pan=054.76,sun_tilt=075.45,err=33.38,state=seeking,ldr=3577/2670/3980/3073",Orin software solar tracker
2026-08-05T04:58:37.691709+00:00,1,,0,47,45,1.25,-0.1,-0.0,trk,0,,,54.998,-0.1,0.1,discharging,27.4989,50.0,seeking,83.958,85.059,52.847,74.451,32.87,0,"trk,seq=00047,pan=083.96,tilt=085.06,sun_pan=052.85,sun_tilt=074.45,err=32.87,state=seeking,ldr=3589/2693/3991/3094",Orin software solar tracker
2026-08-05T04:58:38.696404+00:00,1,,0,48,42,1.25,-0.075,-0.0,trk,0,,,54.998,-0.1,0.1,discharging,27.4989,50.0,seeking,81.601,83.991,51.238,73.515,32.12,0,"trk,seq=00048,pan=081.60,tilt=083.99,sun_pan=051.24,sun_tilt=073.52,err=32.12,state=seeking,ldr=3607/2726/4007/3125",Orin software solar tracker
2026-08-05T04:58:39.695699+00:00,1,,0,49,40,0.0,-0.1,-0.0,trk,0,,,54.998,-0.1,0.1,discharging,27.4989,50.0,seeking,79.322,82.941,49.942,72.642,31.133,0,"trk,seq=00049,pan=079.32,tilt=082.94,sun_pan=049.94,sun_tilt=072.64,err=31.13,state=seeking,ldr=3629/2769/4026/3165",Orin software solar tracker
2026-08-05T04:58:40.695286+00:00,1,,0,50,38,1.25,-0.075,-0.0,trk,0,,,54.998,-0.1,0.1,discharging,27.4989,50.0,seeking,77.135,81.912,48.97,71.834,29.914,0,"trk,seq=00050,pan=077.14,tilt=081.91,sun_pan=048.97,sun_tilt=071.83,err=29.91,state=seeking,ldr=3656/2821/4048/3214",Orin software solar tracker
2026-08-05T04:58:41.699444+00:00,1,,0,51,36,0.0,-0.075,-0.0,trk,0,,,54.998,-0.1,0.1,discharging,27.4988,50.0,seeking,75.062,80.91,48.33,71.097,28.476,0,"trk,seq=00051,pan=075.06,tilt=080.91,sun_pan=048.33,sun_tilt=071.10,err=28.48,state=seeking,ldr=3684/2883/4071/3270",Orin software solar tracker
2026-08-05T04:58:42.699311+00:00,1,,0,52,35,0.0,-0.075,-0.0,trk,0,,,54.998,-0.1,0.1,discharging,27.4988,50.0,seeking,73.114,79.941,48.026,70.432,26.829,0,"trk,seq=00052,pan=073.11,tilt=079.94,sun_pan=048.03,sun_tilt=070.43,err=26.83,state=seeking,ldr=3715/2952/4094/3332",Orin software solar tracker
2026-08-05T04:58:43.703626+00:00,1,,0,53,33,0.0,-0.1,-0.0,trk,0,,,54.998,-0.1,0.1,discharging,27.4988,50.0,seeking,71.334,79.031,48.062,69.842,25.02,0,"trk,seq=00053,pan=071.33,tilt=079.03,sun_pan=048.06,sun_tilt=069.84,err=25.02,state=seeking,ldr=3745/3029/4095/3400",Orin software solar tracker
2026-08-05T04:58:44.706159+00:00,1,,0,54,32,0.0,-0.075,-0.0,trk,0,,,54.997,-0.1,0.1,discharging,27.4987,50.0,seeking,69.729,78.179,48.437,69.331,23.057,0,"trk,seq=00054,pan=069.73,tilt=078.18,sun_pan=048.44,sun_tilt=069.33,err=23.06,state=seeking,ldr=3772/3109/4095/3470",Orin software solar tracker
2026-08-05T04:58:45.707893+00:00,1,,0,55,30,1.25,-0.1,-0.0,trk,0,,,54.997,-0.1,0.1,discharging,27.4987,50.0,seeking,68.305,77.38,49.148,68.901,20.95,0,"trk,seq=00055,pan=068.31,tilt=077.38,sun_pan=049.15,sun_tilt=068.90,err=20.95,state=seeking,ldr=3797/3192/4095/3543",Orin software solar tracker
2026-08-05T04:58:46.708651+00:00,1,,0,56,29,0.0,-0.075,-0.0,trk,0,,,54.997,-0.1,0.1,discharging,27.4987,50.0,seeking,67.068,76.631,50.189,68.553,18.712,0,"trk,seq=00056,pan=067.07,tilt=076.63,sun_pan=050.19,sun_tilt=068.55,err=18.71,state=seeking,ldr=3816/3278/4095/3615",Orin software solar tracker
2026-08-05T04:58:47.711774+00:00,1,,0,57,28,1.25,-0.05,-0.0,trk,0,,,54.997,-0.1,0.1,discharging,27.4987,50.0,seeking,66.016,75.926,51.552,68.288,16.357,0,"trk,seq=00057,pan=066.02,tilt=075.93,sun_pan=051.55,sun_tilt=068.29,err=16.36,state=seeking,ldr=3831/3364/4095/3687",Orin software solar tracker
2026-08-05T04:58:48.713405+00:00,1,,0,58,27,1.25,-0.075,-0.0,trk,0,,,54.997,-0.1,0.1,discharging,27.4986,50.0,seeking,65.15,75.258,53.226,68.109,13.904,0,"trk,seq=00058,pan=065.15,tilt=075.26,sun_pan=053.23,sun_tilt=068.11,err=13.90,state=seeking,ldr=3839/3450/4095/3756",Orin software solar tracker
2026-08-05T04:58:49.715562+00:00,1,,0,59,27,1.25,-0.075,-0.0,trk,0,,,54.997,-0.1,0.1,discharging,27.4986,50.0,seeking,64.469,74.621,55.197,68.015,11.385,0,"trk,seq=00059,pan=064.47,tilt=074.62,sun_pan=055.20,sun_tilt=068.01,err=11.38,state=seeking,ldr=3840/3535/4095/3821",Orin software solar tracker
2026-08-05T04:58:50.717126+00:00,1,,0,60,26,0.0,-0.1,-0.0,trk,0,,,54.997,-0.1,0.1,discharging,27.4986,50.0,locked,63.966,74.011,57.449,68.007,8.861,0,"trk,seq=00060,pan=063.97,tilt=074.01,sun_pan=057.45,sun_tilt=068.01,err=08.86,state=locked,ldr=3834/3618/4095/3880",Orin software solar tracker
2026-08-05T04:58:51.719449+00:00,1,,0,61,26,0.0,-0.075,-0.0,trk,0,,,54.997,-0.1,0.1,discharging,27.4985,50.0,locked,63.678,73.463,59.964,68.086,6.535,0,"trk,seq=00061,pan=063.68,tilt=073.46,sun_pan=059.96,sun_tilt=068.09,err=06.53,state=locked,ldr=3820/3696/4056/3932",Orin software solar tracker
2026-08-05T04:58:52.722224+00:00,1,,0,62,26,1.25,-0.1,-0.0,trk,0,,,54.997,-0.1,0.1,discharging,27.4985,50.0,locked,63.61,72.98,62.723,68.25,4.812,0,"trk,seq=00062,pan=063.61,tilt=072.98,sun_pan=062.72,sun_tilt=068.25,err=04.81,state=locked,ldr=3797/3768/4006/3976",Orin software solar tracker
2026-08-05T04:58:53.723559+00:00,1,,0,63,26,0.0,-0.075,-0.0,trk,0,,,54.997,-0.1,0.1,discharging,27.4985,50.0,locked,63.76,72.566,65.701,68.5,4.506,0,"trk,seq=00063,pan=063.76,tilt=072.57,sun_pan=065.70,sun_tilt=068.50,err=04.51,state=locked,ldr=3766/3831/3945/4010",Orin software solar tracker
2026-08-05T04:58:54.725884+00:00,1,,0,64,26,0.0,-0.075,-0.0,trk,0,,,54.997,-0.1,0.1,discharging,27.4984,50.0,locked,64.129,72.22,68.876,68.833,5.832,0,"trk,seq=00064,pan=064.13,tilt=072.22,sun_pan=068.88,sun_tilt=068.83,err=05.83,state=locked,ldr=3727/3886/3876/4035",Orin software solar tracker
2026-08-05T04:58:55.728917+00:00,1,,0,65,27,1.25,-0.075,-0.0,trk,0,,,54.997,-0.1,0.1,discharging,27.4984,50.0,locked,64.712,71.944,72.222,69.249,7.979,0,"trk,seq=00065,pan=064.71,tilt=071.94,sun_pan=072.22,sun_tilt=069.25,err=07.98,state=locked,ldr=3681/3932/3800/4050",Orin software solar tracker
2026-08-05T04:58:56.728726+00:00,1,,0,66,28,0.0,-0.05,-0.0,trk,0,,,54.997,-0.1,0.1,discharging,27.4984,50.0,seeking,65.504,71.74,75.712,69.746,10.401,0,"trk,seq=00066,pan=065.50,tilt=071.74,sun_pan=075.71,sun_tilt=069.75,err=10.40,state=seeking,ldr=3630/3968/3717/4055",Orin software solar tracker
2026-08-05T04:58:57.731470+00:00,1,,0,67,29,1.25,-0.075,-0.0,trk,0,,,54.997,-0.1,0.1,discharging,27.4984,50.0,seeking,66.499,71.609,79.317,70.321,12.882,0,"trk,seq=00067,pan=066.50,tilt=071.61,sun_pan=079.32,sun_tilt=070.32,err=12.88,state=seeking,ldr=3573/3995/3629/4050",Orin software solar tracker
2026-08-05T04:58:58.734058+00:00,1,,0,68,30,0.0,-0.1,-0.0,trk,0,,,54.997,-0.1,0.1,discharging,27.4983,50.0,seeking,67.687,71.551,83.008,70.973,15.332,0,"trk,seq=00068,pan=067.69,tilt=071.55,sun_pan=083.01,sun_tilt=070.97,err=15.33,state=seeking,ldr=3514/4013/3539/4037",Orin software solar tracker
2026-08-05T04:58:59.736048+00:00,1,,0,69,31,1.25,-0.1,-0.0,trk,0,,,54.997,-0.1,0.1,discharging,27.4983,50.0,seeking,69.061,71.565,86.756,71.698,17.696,0,"trk,seq=00069,pan=069.06,tilt=071.57,sun_pan=086.76,sun_tilt=071.70,err=17.70,state=seeking,ldr=3453/4023/3447/4017",Orin software solar tracker
2026-08-05T04:59:00.738508+00:00,1,,0,70,32,1.25,-0.075,-0.0,trk,0,,,54.997,-0.1,0.1,discharging,27.4983,50.0,seeking,70.606,74.427,90.53,102.475,34.404,0,"trk,seq=00070,pan=070.61,tilt=074.43,sun_pan=090.53,sun_tilt=102.47,err=34.40,state=seeking,ldr=3515/4077/2473/3036",Orin software solar tracker
2026-08-05T04:59:01.738988+00:00,1,,0,71,34,0.0,-0.075,-0.0,trk,0,,,54.996,-0.1,0.1,discharging,27.4982,50.0,seeking,72.313,77.104,94.3,103.349,34.238,0,"trk,seq=00071,pan=072.31,tilt=077.10,sun_pan=094.30,sun_tilt=103.35,err=34.24,state=seeking,ldr=3460/4083/2484/3106",Orin software solar tracker
2026-08-05T04:59:02.742118+00:00,1,,0,72,36,1.25,-0.075,-0.0,trk,0,,,54.996,-0.1,0.1,discharging,27.4982,50.0,seeking,74.165,79.608,98.035,104.157,34.241,0,"trk,seq=00072,pan=074.16,tilt=079.61,sun_pan=098.04,sun_tilt=104.16,err=34.24,state=seeking,ldr=3404/4080/2490/3166",Orin software solar tracker
2026-08-05T04:59:03.744512+00:00,1,,0,73,37,2.5,-0.1,-0.0,trk,0,,,54.996,-0.1,0.1,discharging,27.4982,50.0,seeking,76.15,81.949,101.706,104.896,34.346,0,"trk,seq=00073,pan=076.15,tilt=081.95,sun_pan=101.71,sun_tilt=104.90,err=34.35,state=seeking,ldr=3348/4072/2494/3218",Orin software solar tracker
2026-08-05T04:59:04.746328+00:00,1,,0,74,39,0.0,-0.075,-0.0,trk,0,,,54.996,-0.1,0.1,discharging,27.4982,50.0,seeking,78.246,84.137,105.281,105.562,34.495,0,"trk,seq=00074,pan=078.25,tilt=084.14,sun_pan=105.28,sun_tilt=105.56,err=34.50,state=seeking,ldr=3296/4060/2499/3263",Orin software solar tracker
2026-08-05T04:59:05.748133+00:00,1,,0,75,41,1.25,-0.1,-0.0,trk,0,,,54.996,-0.1,0.1,discharging,27.4981,50.0,seeking,80.441,86.175,108.733,106.152,34.634,0,"trk,seq=00075,pan=080.44,tilt=086.17,sun_pan=108.73,sun_tilt=106.15,err=34.63,state=seeking,ldr=3248/4047/2506/3305",Orin software solar tracker
2026-08-05T04:59:06.750212+00:00,1,,0,76,43,1.25,-0.075,-0.0,trk,0,,,54.996,-0.1,0.1,discharging,27.4981,50.0,seeking,82.715,88.072,112.034,106.664,34.716,0,"trk,seq=00076,pan=082.72,tilt=088.07,sun_pan=112.03,sun_tilt=106.66,err=34.72,state=seeking,ldr=3206/4034/2516/3343",Orin software solar tracker
2026-08-05T04:59:07.751661+00:00,1,,0,77,46,0.0,-0.075,-0.0,trk,0,,,54.996,-0.1,0.1,discharging,27.4981,50.0,seeking,85.052,89.835,115.156,107.095,34.702,0,"trk,seq=00077,pan=085.05,tilt=089.83,sun_pan=115.16,sun_tilt=107.09,err=34.70,state=seeking,ldr=3172/4022/2530/3381",Orin software solar tracker
2026-08-05T04:59:08.752613+00:00,1,,0,78,48,0.0,-0.075,-0.0,trk,0,,,54.996,-0.1,0.1,discharging,27.498,50.0,seeking,87.429,91.466,118.076,107.444,34.561,0,"trk,seq=00078,pan=087.43,tilt=091.47,sun_pan=118.08,sun_tilt=107.44,err=34.56,state=seeking,ldr=3146/4013/2551/3418",Orin software solar tracker
2026-08-05T04:59:09.753772+00:00,1,,0,79,50,1.25,-0.05,-0.0,trk,0,,,54.996,-0.1,0.1,discharging,27.498,50.0,seeking,89.83,92.971,120.768,107.709,34.269,0,"trk,seq=00079,pan=089.83,tilt=092.97,sun_pan=120.77,sun_tilt=107.71,err=34.27,state=seeking,ldr=3129/4007/2578/3457",Orin software solar tracker
2026-08-05T04:59:10.758377+00:00,1,,0,80,52,0.0,-0.075,-0.0,trk,0,,,54.996,-0.1,0.1,discharging,27.498,50.0,seeking,92.235,94.353,123.211,107.89,33.805,0,"trk,seq=00080,pan=092.23,tilt=094.35,sun_pan=123.21,sun_tilt=107.89,err=33.81,state=seeking,ldr=3121/4005/2613/3497",Orin software solar tracker
2026-08-05T04:59:11.758839+00:00,1,,0,81,54,1.25,-0.075,-0.0,trk,0,,,54.996,-0.1,0.1,discharging,27.4979,50.0,seeking,94.623,95.614,125.386,107.985,33.157,0,"trk,seq=00081,pan=094.62,tilt=095.61,sun_pan=125.39,sun_tilt=107.98,err=33.16,state=seeking,ldr=3123/4007/2656/3540",Orin software solar tracker
2026-08-05T04:59:12.763165+00:00,1,,0,82,56,1.25,-0.075,-0.0,trk,0,,,54.996,-0.1,0.1,discharging,27.4979,50.0,seeking,96.974,96.76,127.275,107.993,32.317,0,"trk,seq=00082,pan=096.97,tilt=096.76,sun_pan=127.28,sun_tilt=107.99,err=32.32,state=seeking,ldr=3134/4012/2707/3584",Orin software solar tracker
2026-08-05T04:59:13.765261+00:00,1,,0,83,58,1.25,-0.075,-0.0,trk,0,,,54.996,-0.1,0.1,discharging,27.4979,50.0,seeking,99.27,97.793,128.863,107.915,31.277,0,"trk,seq=00083,pan=099.27,tilt=097.79,sun_pan=128.86,sun_tilt=107.92,err=31.28,state=seeking,ldr=3155/4020/2765/3631",Orin software solar tracker
2026-08-05T04:59:14.764934+00:00,1,,0,84,60,1.25,-0.075,-0.0,trk,0,,,54.996,-0.1,0.1,discharging,27.4979,50.0,seeking,101.491,98.716,130.136,107.752,30.037,0,"trk,seq=00084,pan=101.49,tilt=098.72,sun_pan=130.14,sun_tilt=107.75,err=30.04,state=seeking,ldr=3184/4031/2832/3679",Orin software solar tracker
2026-08-05T04:59:15.768141+00:00,1,,0,85,62,1.25,-0.075,-0.0,trk,0,,,54.996,-0.1,0.1,discharging,27.4978,50.0,seeking,103.623,99.529,131.085,107.504,28.597,0,"trk,seq=00085,pan=103.62,tilt=099.53,sun_pan=131.09,sun_tilt=107.50,err=28.60,state=seeking,ldr=3220/4043/2906/3729",Orin software solar tracker
2026-08-05T04:59:16.770626+00:00,1,,0,86,64,1.25,-0.075,-0.0,trk,0,,,54.996,-0.1,0.1,discharging,27.4978,50.0,seeking,105.645,100.237,131.702,107.171,26.964,0,"trk,seq=00086,pan=105.64,tilt=100.24,sun_pan=131.70,sun_tilt=107.17,err=26.96,state=seeking,ldr=3264/4055/2987/3778",Orin software solar tracker
2026-08-05T04:59:17.834345+00:00,1,,0,87,66,0.0,-0.075,-0.0,trk,0,,,54.996,-0.1,0.1,discharging,27.4978,50.0,seeking,107.541,100.84,131.982,106.756,25.147,0,"trk,seq=00087,pan=107.54,tilt=100.84,sun_pan=131.98,sun_tilt=106.76,err=25.15,state=seeking,ldr=3313/4065/3074/3826",Orin software solar tracker
2026-08-05T04:59:18.772740+00:00,1,,0,88,68,1.25,-0.075,-0.0,trk,0,,,54.995,-0.1,0.1,discharging,27.4977,50.0,seeking,109.297,101.342,131.923,106.26,23.154,0,"trk,seq=00088,pan=109.30,tilt=101.34,sun_pan=131.92,sun_tilt=106.26,err=23.15,state=seeking,ldr=3367/4073/3165/3871",Orin software solar tracker
2026-08-05T04:59:19.886122+00:00,1,,0,89,69,0.0,-0.1,-0.0,trk,0,,,54.995,-0.1,0.1,discharging,27.4977,50.0,seeking,110.896,101.745,131.524,105.685,21.001,0,"trk,seq=00089,pan=110.90,tilt=101.74,sun_pan=131.52,sun_tilt=105.69,err=21.00,state=seeking,ldr=3424/4076/3260/3912",Orin software solar tracker
2026-08-05T04:59:20.781552+00:00,1,,0,90,70,0.0,-0.1,-0.0,trk,0,,,54.995,-0.1,0.1,discharging,27.4977,50.0,seeking,112.328,102.05,130.79,105.034,18.702,0,"trk,seq=00090,pan=112.33,tilt=102.05,sun_pan=130.79,sun_tilt=105.03,err=18.70,state=seeking,ldr=3483/4074/3357/3948",Orin software solar tracker
2026-08-05T04:59:21.782568+00:00,1,,0,91,71,1.25,-0.1,-0.0,trk,0,,,54.995,-0.1,0.1,discharging,27.4977,50.0,seeking,113.58,102.258,129.726,104.31,16.276,0,"trk,seq=00091,pan=113.58,tilt=102.26,sun_pan=129.73,sun_tilt=104.31,err=16.28,state=seeking,ldr=3542/4065/3455/3978",Orin software solar tracker
2026-08-05T04:59:22.781853+00:00,1,,0,92,72,0.0,-0.1,-0.0,trk,0,,,54.995,-0.1,0.1,discharging,27.4976,50.0,seeking,114.643,102.374,128.341,103.515,13.745,0,"trk,seq=00092,pan=114.64,tilt=102.37,sun_pan=128.34,sun_tilt=103.52,err=13.75,state=seeking,ldr=3600/4049/3551/4000",Orin software solar tracker
2026-08-05T04:59:23.784182+00:00,1,,0,93,73,0.0,-0.1,-0.0,trk,0,,,54.995,-0.1,0.1,discharging,27.4976,50.0,seeking,115.507,102.4,126.646,102.654,11.142,0,"trk,seq=00093,pan=115.51,tilt=102.40,sun_pan=126.65,sun_tilt=102.65,err=11.14,state=seeking,ldr=3655/4023/3644/4012",Orin software solar tracker
2026-08-05T04:59:24.786070+00:00,1,,0,94,74,1.25,-0.1,-0.0,trk,0,,,54.995,-0.1,0.1,discharging,27.4976,50.0,locked,116.166,102.338,124.655,101.729,8.511,0,"trk,seq=00094,pan=116.17,tilt=102.34,sun_pan=124.65,sun_tilt=101.73,err=08.51,state=locked,ldr=3707/3989/3733/4016",Orin software solar tracker
2026-08-05T04:59:25.788107+00:00,1,,0,95,74,1.25,-0.1,-0.0,trk,0,,,54.995,-0.1,0.1,discharging,27.4975,50.0,locked,116.613,102.19,122.383,100.746,5.948,0,"trk,seq=00095,pan=116.61,tilt=102.19,sun_pan=122.38,sun_tilt=100.75,err=05.95,state=locked,ldr=3752/3945/3816/4009",Orin software solar tracker
2026-08-05T04:59:26.790921+00:00,1,,0,96,74,0.0,-0.1,-0.0,trk,0,,,54.995,-0.1,0.1,discharging,27.4975,50.0,locked,116.847,101.961,119.85,99.707,3.755,0,"trk,seq=00096,pan=116.85,tilt=101.96,sun_pan=119.85,sun_tilt=099.71,err=03.76,state=locked,ldr=3792/3893/3891/3992",Orin software solar tracker
2026-08-05T04:59:27.793043+00:00,1,,0,97,74,1.25,-0.1,-0.0,trk,0,,,54.995,-0.1,0.1,discharging,27.4975,50.0,locked,116.863,101.651,117.076,98.618,3.041,0,"trk,seq=00097,pan=116.86,tilt=101.65,sun_pan=117.08,sun_tilt=098.62,err=03.04,state=locked,ldr=3824/3831/3958/3965",Orin software solar tracker
2026-08-05T04:59:28.793688+00:00,1,,0,98,74,1.25,-0.075,-0.0,trk,0,,,54.995,-0.1,0.1,discharging,27.4975,50.0,locked,116.662,101.265,114.083,97.483,4.577,0,"trk,seq=00098,pan=116.66,tilt=101.26,sun_pan=114.08,sun_tilt=097.48,err=04.58,state=locked,ldr=3848/3761/4015/3928",Orin software solar tracker
2026-08-05T04:59:29.799817+00:00,1,,0,99,74,0.0,-0.075,-0.0,trk,0,,,54.995,-0.1,0.1,discharging,27.4974,50.0,locked,116.247,100.806,110.895,96.308,6.991,0,"trk,seq=00099,pan=116.25,tilt=100.81,sun_pan=110.90,sun_tilt=096.31,err=06.99,state=locked,ldr=3864/3685/4061/3883",Orin software solar tracker
2026-08-05T04:59:30.799758+00:00,1,,0,100,73,0.0,-0.025,-0.0,trk,0,,,54.995,-0.1,0.1,discharging,27.4974,50.0,locked,115.623,100.28,107.539,95.096,9.603,0,"trk,seq=00100,pan=115.62,tilt=100.28,sun_pan=107.54,sun_tilt=095.10,err=09.60,state=locked,ldr=3871/3603/4095/3829",Orin software solar tracker
2026-08-05T04:59:31.801137+00:00,1,,0,101,73,1.25,-0.1,-0.0,trk,0,,,54.995,-0.1,0.1,discharging,27.4974,50.0,seeking,114.82,99.716,104.04,93.854,12.271,0,"trk,seq=00101,pan=114.82,tilt=099.72,sun_pan=104.04,sun_tilt=093.85,err=12.27,state=seeking,ldr=3870/3516/4095/3769",Orin software solar tracker
2026-08-05T04:59:32.804567+00:00,1,,0,102,72,1.25,-0.1,-0.0,trk,0,,,54.995,-0.1,0.1,discharging,27.4973,50.0,seeking,113.833,99.106,100.428,92.587,14.907,0,"trk,seq=00102,pan=113.83,tilt=099.11,sun_pan=100.43,sun_tilt=092.59,err=14.91,state=seeking,ldr=3861/3426/4095/3703",Orin software solar tracker
2026-08-05T04:59:33.804196+00:00,1,,0,103,71,0.0,-0.075,-0.0,trk,0,,,54.995,-0.1,0.1,discharging,27.4973,50.0,seeking,112.658,98.441,96.731,91.299,17.455,0,"trk,seq=00103,pan=112.66,tilt=098.44,sun_pan=096.73,sun_tilt=091.30,err=17.45,state=seeking,ldr=3845/3333/4095/3634",Orin software solar tracker
2026-08-05T04:59:34.805565+00:00,1,,0,104,69,0.0,-0.075,-0.0,trk,0,,,54.995,-0.1,0.1,discharging,27.4973,50.0,seeking,111.295,97.715,92.981,89.998,19.874,0,"trk,seq=00104,pan=111.30,tilt=097.72,sun_pan=092.98,sun_tilt=090.00,err=19.87,state=seeking,ldr=3823/3241/4095/3562",Orin software solar tracker
2026-08-05T04:59:35.811205+00:00,1,,0,105,68,1.25,-0.1,-0.0,trk,0,,,54.994,-0.1,0.1,discharging,27.4972,50.0,seeking,109.748,96.926,89.206,88.688,22.133,0,"trk,seq=00105,pan=109.75,tilt=096.93,sun_pan=089.21,sun_tilt=088.69,err=22.13,state=seeking,ldr=3796/3152/4095/3490",Orin software solar tracker
2026-08-05T04:59:36.811886+00:00,1,,0,106,66,0.0,-0.075,-0.0,trk,0,,,54.994,-0.1,0.1,discharging,27.4972,50.0,seeking,108.024,96.071,85.437,87.375,24.203,0,"trk,seq=00106,pan=108.02,tilt=096.07,sun_pan=085.44,sun_tilt=087.38,err=24.20,state=seeking,ldr=3766/3067/4095/3420",Orin software solar tracker
2026-08-05T04:59:37.810104+00:00,1,,0,107,65,1.25,-0.075,-0.0,trk,0,,,54.994,-0.1,0.1,discharging,27.4972,50.0,seeking,106.136,95.15,81.705,86.065,26.065,0,"trk,seq=00107,pan=106.14,tilt=095.15,sun_pan=081.71,sun_tilt=086.07,err=26.07,state=seeking,ldr=3735/2989/4095/3354",Orin software solar tracker
2026-08-05T04:59:38.815549+00:00,1,,0,108,63,1.25,-0.075,-0.0,trk,0,,,54.994,-0.1,0.1,discharging,27.4972,50.0,seeking,104.113,94.189,78.04,84.763,27.724,0,"trk,seq=00108,pan=104.11,tilt=094.19,sun_pan=078.04,sun_tilt=084.76,err=27.72,state=seeking,ldr=3705/2919/4079/3292",Orin software solar tracker
2026-08-05T04:59:39.816852+00:00,1,,0,109,61,0.0,-0.075,-0.0,trk,0,,,54.994,-0.1,0.1,discharging,27.4971,50.0,seeking,101.98,93.197,74.472,83.475,29.176,0,"trk,seq=00109,pan=101.98,tilt=093.20,sun_pan=074.47,sun_tilt=083.48,err=29.18,state=seeking,ldr=3676/2857/4057/3238",Orin software solar tracker
2026-08-05T04:59:40.818928+00:00,1,,0,110,59,0.0,-0.1,-0.0,trk,0,,,54.994,-0.1,0.1,discharging,27.4971,50.0,seeking,99.752,92.179,71.03,82.207,30.403,0,"trk,seq=00110,pan=099.75,tilt=092.18,sun_pan=071.03,sun_tilt=082.21,err=30.40,state=seeking,ldr=3650/2803/4037/3190",Orin software solar tracker
2026-08-05T04:59:41.821773+00:00,1,,0,111,57,1.25,-0.05,-0.0,trk,0,,,54.994,-0.1,0.1,discharging,27.4971,50.0,seeking,97.446,91.138,67.741,80.963,31.4,0,"trk,seq=00111,pan=097.45,tilt=091.14,sun_pan=067.74,sun_tilt=080.96,err=31.40,state=seeking,ldr=3627/2759/4019/3151",Orin software solar tracker
2026-08-05T04:59:42.822474+00:00,1,,0,112,55,0.0,-0.075,-0.0,trk,0,,,54.994,-0.1,0.1,discharging,27.497,50.0,seeking,95.082,90.084,64.633,79.751,32.155,0,"trk,seq=00112,pan=095.08,tilt=090.08,sun_pan=064.63,sun_tilt=079.75,err=32.15,state=seeking,ldr=3610/2726/4004/3120",Orin software solar tracker
2026-08-05T04:59:43.825309+00:00,1,,0,113,52,1.25,-0.1,-0.0,trk,0,,,54.994,-0.1,0.1,discharging,27.497,50.0,seeking,92.68,89.018,61.729,78.573,32.667,0,"trk,seq=00113,pan=092.68,tilt=089.02,sun_pan=061.73,sun_tilt=078.57,err=32.67,state=seeking,ldr=3597/2703/3993/3100",Orin software solar tracker
2026-08-05T04:59:44.830000+00:00,1,,0,114,50,0.0,-0.075,-0.0,trk,0,,,54.994,-0.1,0.1,discharging,27.497,50.0,seeking,90.261,87.946,59.053,77.436,32.93,0,"trk,seq=00114,pan=090.26,tilt=087.95,sun_pan=059.05,sun_tilt=077.44,err=32.93,state=seeking,ldr=3590/2692/3988/3090",Orin software solar tracker
2026-08-05T04:59:45.828859+00:00,1,,0,115,48,1.25,-0.075,-0.0,trk,0,,,54.994,-0.1,0.1,discharging,27.497,50.0,seeking,87.838,86.873,56.628,76.345,32.938,0,"trk,seq=00115,pan=087.84,tilt=086.87,sun_pan=056.63,sun_tilt=076.34,err=32.94,state=seeking,ldr=3590/2691/3988/3089",Orin software solar tracker
2026-08-05T04:59:46.830908+00:00,1,,0,116,46,0.0,-0.1,-0.0,trk,0,,,54.994,-0.1,0.1,discharging,27.4969,50.0,seeking,85.434,85.801,54.472,75.303,32.693,0,"trk,seq=00116,pan=085.43,tilt=085.80,sun_pan=054.47,sun_tilt=075.30,err=32.69,state=seeking,ldr=3595/2701/3994/3100",Orin software solar tracker
2026-08-05T04:59:47.834686+00:00,1,,0,117,44,0.0,-0.075,-0.0,trk,0,,,54.994,-0.1,0.1,discharging,27.4969,50.0,seeking,83.069,84.738,52.604,74.317,32.198,0,"trk,seq=00117,pan=083.07,tilt=084.74,sun_pan=052.60,sun_tilt=074.32,err=32.20,state=seeking,ldr=3607/2723/4004/3120",Orin software solar tracker
2026-08-05T04:59:48.835046+00:00,1,,0,118,42,1.25,-0.1,-0.0,trk,0,,,54.994,-0.1,0.1,discharging,27.4969,50.0,seeking,80.762,83.686,51.038,73.389,31.457,0,"trk,seq=00118,pan=080.76,tilt=083.69,sun_pan=051.04,sun_tilt=073.39,err=31.46,state=seeking,ldr=3623/2755/4019/3151",Orin software solar tracker
2026-08-05T04:59:49.836413+00:00,1,,0,119,40,1.25,-0.075,-0.0,trk,0,,,54.994,-0.1,0.1,discharging,27.4968,50.0,seeking,78.532,82.654,49.787,72.525,30.477,0,"trk,seq=00119,pan=078.53,tilt=082.65,sun_pan=049.79,sun_tilt=072.52,err=30.48,state=seeking,ldr=3645/2798/4037/3190",Orin software solar tracker
2026-08-05T04:59:50.838192+00:00,1,,0,120,38,0.0,-0.075,-0.0,trk,0,,,54.994,-0.1,0.1,discharging,27.4968,50.0,seeking,76.395,81.643,48.861,71.728,29.265,0,"trk,seq=00120,pan=076.40,tilt=081.64,sun_pan=048.86,sun_tilt=071.73,err=29.26,state=seeking,ldr=3670/2850/4058/3238",Orin software solar tracker
2026-08-05T04:59:51.841150+00:00,1,,0,121,36,1.25,-0.1,-0.0,trk,0,,,54.994,-0.1,0.1,discharging,27.4968,50.0,seeking,74.37,80.658,48.267,71.0,27.832,0,"trk,seq=00121,pan=074.37,tilt=080.66,sun_pan=048.27,sun_tilt=071.00,err=27.83,state=seeking,ldr=3698/2911/4080/3294",Orin software solar tracker
2026-08-05T05:03:37.115254+00:00,1,,0,0,50,0.0,-0.075,-0.0,trk,0,,,55.0,-0.1,0.1,discharging,27.5,50.0,seeking,90.0,91.142,90.003,102.348,11.206,0,"trk,seq=00000,pan=090.00,tilt=091.14,sun_pan=090.00,sun_tilt=102.35,err=11.21,state=seeking,ldr=4073/4073/3587/3587",Orin software solar tracker
2026-08-05T05:03:38.117004+00:00,1,,0,1,50,2.5,-0.075,-0.0,trk,0,,,55.0,-0.1,0.1,discharging,27.5,50.0,seeking,90.239,92.232,93.777,103.231,11.554,0,"trk,seq=00001,pan=090.24,tilt=092.23,sun_pan=093.78,sun_tilt=103.23,err=11.55,state=seeking,ldr=4007/4095/3531/3646",Orin software solar tracker
2026-08-05T05:03:39.118525+00:00,1,,0,2,51,1.25,-0.1,-0.0,trk,0,,,55.0,-0.1,0.1,discharging,27.4999,50.0,seeking,90.694,93.26,97.518,104.049,12.766,0,"trk,seq=00002,pan=090.69,tilt=093.26,sun_pan=097.52,sun_tilt=104.05,err=12.77,state=seeking,ldr=3933/4095/3469/3691",Orin software solar tracker
2026-08-05T05:03:40.121668+00:00,1,,0,3,51,0.0,-0.075,-0.0,trk,0,,,55.0,-0.1,0.1,discharging,27.4999,50.0,seeking,91.36,94.242,101.2,104.797,14.43,0,"trk,seq=00003,pan=091.36,tilt=094.24,sun_pan=101.20,sun_tilt=104.80,err=14.43,state=seeking,ldr=3855/4095/3405/3723",Orin software solar tracker
2026-08-05T05:03:41.122908+00:00,1,,0,4,52,1.25,-0.05,-0.0,trk,0,,,55.0,-0.1,0.1,discharging,27.4999,50.0,seeking,92.23,95.186,104.79,105.473,16.235,0,"trk,seq=00004,pan=092.23,tilt=095.19,sun_pan=104.79,sun_tilt=105.47,err=16.23,state=seeking,ldr=3776/4095/3341/3745",Orin software solar tracker
2026-08-05T05:03:42.126754+00:00,1,,0,5,53,1.25,-0.075,-0.0,trk,0,,,55.0,-0.1,0.1,discharging,27.4999,50.0,seeking,93.292,96.1,108.261,106.074,17.988,0,"trk,seq=00005,pan=093.29,tilt=096.10,sun_pan=108.26,sun_tilt=106.07,err=17.99,state=seeking,ldr=3699/4095/3281/3760",Orin software solar tracker
2026-08-05T05:03:44.129514+00:00,1,,1,7,55,1.25,-0.1,-0.0,trk,0,,,55.0,-0.1,0.1,discharging,27.4998,50.0,seeking,95.912,97.846,114.734,107.04,20.947,0,"trk,seq=00007,pan=095.91,tilt=097.85,sun_pan=114.73,sun_tilt=107.04,err=20.95,state=seeking,ldr=3563/4095/3183/3777",Orin software solar tracker
2026-08-05T05:03:45.131247+00:00,0,proxy_injected_corruption,0,8,57,0.0,-0.075,-0.0,trk,0,,,55.0,-0.1,0.1,discharging,27.4998,50.0,seeking,97.427,98.677,117.683,107.401,22.054,0,"trk,seq=00008,pan=097.43,tilt=098.68,sun_pan=117.68,sun_tilt=107.40,err=22.05,state=seeking,ldr=3507/4095/3148/3783",Orin software solar tracker
2026-08-05T05:03:46.134310+00:00,1,,0,9,58,1.25,-0.075,-0.0,trk,0,,,54.999,-0.1,0.1,discharging,27.4997,50.0,seeking,99.047,99.473,120.408,107.678,22.883,0,"trk,seq=00009,pan=099.05,tilt=099.47,sun_pan=120.41,sun_tilt=107.68,err=22.88,state=seeking,ldr=3460/4095/3124/3791",Orin software solar tracker
2026-08-05T05:03:47.135404+00:00,1,,0,10,60,1.25,-0.1,-0.0,trk,0,,,54.999,-0.1,0.1,discharging,27.4997,50.0,seeking,100.743,100.229,122.887,107.87,23.425,0,"trk,seq=00010,pan=100.74,tilt=100.23,sun_pan=122.89,sun_tilt=107.87,err=23.43,state=seeking,ldr=3424/4095/3112/3801",Orin software solar tracker
2026-08-05T05:03:48.137267+00:00,1,,0,11,61,1.25,-0.075,-0.0,trk,0,,,54.999,-0.1,0.1,discharging,27.4997,50.0,seeking,102.491,100.938,125.101,107.976,23.68,0,"trk,seq=00011,pan=102.49,tilt=100.94,sun_pan=125.10,sun_tilt=107.98,err=23.68,state=seeking,ldr=3398/4095/3111/3814",Orin software solar tracker
2026-08-05T05:03:49.139377+00:00,1,,0,12,63,0.0,-0.05,-0.0,trk,0,,,54.999,-0.1,0.1,discharging,27.4996,50.0,seeking,104.259,101.591,127.031,107.997,23.656,0,"trk,seq=00012,pan=104.26,tilt=101.59,sun_pan=127.03,sun_tilt=108.00,err=23.66,state=seeking,ldr=3383/4091/3121/3830",Orin software solar tracker
2026-08-05T05:03:51.149932+00:00,1,,1,14,66,1.25,-0.075,-0.0,trk,0,,,54.999,-0.1,0.1,discharging,27.4996,50.0,seeking,107.741,102.696,129.979,107.78,22.812,0,"trk,seq=00014,pan=107.74,tilt=102.70,sun_pan=129.98,sun_tilt=107.78,err=22.81,state=seeking,ldr=3384/4079/3175/3870",Orin software solar tracker
2026-08-05T05:03:52.146403+00:00,1,,0,15,68,0.0,-0.075,-0.0,trk,0,,,54.999,-0.1,0.1,discharging,27.4996,50.0,seeking,109.414,103.145,130.973,107.543,22.003,0,"trk,seq=00015,pan=109.41,tilt=103.15,sun_pan=130.97,sun_tilt=107.54,err=22.00,state=seeking,ldr=3398/4076/3216/3894",Orin software solar tracker
2026-08-05T05:03:53.146920+00:00,1,,0,16,69,1.25,-0.075,-0.0,trk,0,,,54.999,-0.1,0.1,discharging,27.4995,50.0,seeking,111.015,103.522,131.637,107.222,20.951,0,"trk,seq=00016,pan=111.01,tilt=103.52,sun_pan=131.64,sun_tilt=107.22,err=20.95,state=seeking,ldr=3420/4072/3266/3919",Orin software solar tracker
2026-08-05T05:03:54.149357+00:00,0,proxy_injected_corruption,0,17,70,2.5,-0.075,-0.0,trk,0,,,54.999,-0.1,0.1,discharging,27.4995,50.0,seeking,112.523,103.827,131.964,106.818,19.669,0,"trk,seq=00017,pan=112.52,tilt=103.83,sun_pan=131.96,sun_tilt=106.82,err=19.67,state=seeking,ldr=3449/4069/3324/3943",Orin software solar tracker
2026-08-05T05:03:55.151848+00:00,1,,0,18,72,0.0,-0.1,-0.0,trk,0,,,54.999,-0.1,0.1,discharging,27.4995,50.0,seeking,113.922,104.059,131.951,106.334,18.172,0,"trk,seq=00018,pan=113.92,tilt=104.06,sun_pan=131.95,sun_tilt=106.33,err=18.17,state=seeking,ldr=3484/4063/3388/3967",Orin software solar tracker
2026-08-05T05:03:56.161014+00:00,1,,0,19,73,1.25,-0.1,-0.0,trk,0,,,54.999,-0.1,0.1,discharging,27.4994,50.0,seeking,115.194,104.217,131.6,105.77,16.479,0,"trk,seq=00019,pan=115.19,tilt=104.22,sun_pan=131.60,sun_tilt=105.77,err=16.48,state=seeking,ldr=3524/4055/3458/3989",Orin software solar tracker
2026-08-05T05:03:58.168149+00:00,1,,1,21,75,1.25,-0.075,-0.0,trk,0,,,54.999,-0.1,0.1,discharging,27.4994,50.0,seeking,117.303,104.314,129.893,104.415,12.591,0,"trk,seq=00021,pan=117.30,tilt=104.31,sun_pan=129.89,sun_tilt=104.41,err=12.59,state=seeking,ldr=3611/4025/3606/4021",Orin software solar tracker
2026-08-05T05:03:59.158088+00:00,1,,0,22,76,1.25,-0.075,-0.0,trk,0,,,54.999,-0.1,0.1,discharging,27.4994,50.0,seeking,118.114,104.25,128.552,103.63,10.457,0,"trk,seq=00022,pan=118.11,tilt=104.25,sun_pan=128.55,sun_tilt=103.63,err=10.46,state=seeking,ldr=3655/4001/3682/4028",Orin software solar tracker
2026-08-05T05:04:00.161354+00:00,1,,0,23,76,1.25,-0.075,-0.0,trk,0,,,54.999,-0.1,0.1,discharging,27.4993,50.0,locked,118.746,104.114,126.899,102.778,8.262,0,"trk,seq=00023,pan=118.75,tilt=104.11,sun_pan=126.90,sun_tilt=102.78,err=08.26,state=locked,ldr=3698/3970/3757/4028",Orin software solar tracker
2026-08-05T05:04:01.161725+00:00,1,,0,24,77,1.25,-0.075,-0.0,trk,0,,,54.999,-0.1,0.1,discharging,27.4993,50.0,locked,119.194,103.905,124.95,101.862,6.108,0,"trk,seq=00024,pan=119.19,tilt=103.91,sun_pan=124.95,sun_tilt=101.86,err=06.11,state=locked,ldr=3738/3931/3828/4021",Orin software solar tracker
2026-08-05T05:04:02.166430+00:00,1,,0,25,77,1.25,-0.1,-0.0,trk,0,,,54.999,-0.1,0.1,discharging,27.4993,50.0,locked,119.448,103.625,122.716,100.886,4.264,0,"trk,seq=00025,pan=119.45,tilt=103.63,sun_pan=122.72,sun_tilt=100.89,err=04.26,state=locked,ldr=3774/3884/3895/4005",Orin software solar tracker
2026-08-05T05:04:03.162741+00:00,0,proxy_injected_corruption,0,26,77,0.0,-0.075,-0.0,trk,0,,,54.998,-0.1,0.1,discharging,27.4992,50.0,locked,119.504,103.276,120.218,99.855,3.495,0,"trk,seq=00026,pan=119.50,tilt=103.28,sun_pan=120.22,sun_tilt=099.85,err=03.50,state=locked,ldr=3805/3829/3956/3980",Orin software solar tracker
2026-08-05T05:04:05.170914+00:00,1,,1,28,76,0.0,-0.1,-0.0,trk,0,,,54.998,-0.1,0.1,discharging,27.4992,50.0,locked,119.007,102.377,114.511,97.643,6.528,0,"trk,seq=00028,pan=119.01,tilt=102.38,sun_pan=114.51,sun_tilt=097.64,err=06.53,state=locked,ldr=3848/3697/4056/3905",Orin software solar tracker
2026-08-05T05:04:06.173340+00:00,1,,0,29,76,1.25,-0.1,-0.0,trk,0,,,54.998,-0.1,0.1,discharging,27.4992,50.0,locked,118.457,101.831,111.349,96.473,8.901,0,"trk,seq=00029,pan=118.46,tilt=101.83,sun_pan=111.35,sun_tilt=096.47,err=08.90,state=locked,ldr=3858/3622/4092/3856",Orin software solar tracker
2026-08-05T05:04:07.171784+00:00,1,,0,30,75,1.25,-0.075,-0.0,trk,0,,,54.998,-0.1,0.1,discharging,27.4991,50.0,seeking,117.733,101.25,108.013,95.266,11.414,0,"trk,seq=00030,pan=117.73,tilt=101.25,sun_pan=108.01,sun_tilt=095.27,err=11.41,state=seeking,ldr=3861/3541/4095/3800",Orin software solar tracker
2026-08-05T05:04:08.176601+00:00,1,,0,31,74,1.25,-0.075,-0.0,trk,0,,,54.998,-0.1,0.1,discharging,27.4991,50.0,seeking,116.831,100.631,104.533,94.028,13.959,0,"trk,seq=00031,pan=116.83,tilt=100.63,sun_pan=104.53,sun_tilt=094.03,err=13.96,state=seeking,ldr=3856/3455/4095/3737",Orin software solar tracker
2026-08-05T05:04:09.179658+00:00,1,,0,32,73,0.0,-0.075,-0.0,trk,0,,,54.998,-0.1,0.1,discharging,27.4991,50.0,seeking,115.745,99.964,100.934,92.764,16.469,0,"trk,seq=00032,pan=115.75,tilt=099.96,sun_pan=100.93,sun_tilt=092.76,err=16.47,state=seeking,ldr=3844/3366/4095/3670",Orin software solar tracker
2026-08-05T05:04:10.179677+00:00,1,,0,33,72,1.25,-0.1,-0.0,trk,0,,,54.998,-0.1,0.1,discharging,27.499,50.0,seeking,114.475,99.241,97.248,91.479,18.895,0,"trk,seq=00033,pan=114.48,tilt=099.24,sun_pan=097.25,sun_tilt=091.48,err=18.90,state=seeking,ldr=3825/3276/4095/3600",Orin software solar tracker
2026-08-05T05:04:12.184454+00:00,0,proxy_injected_corruption,1,35,69,1.25,-0.075,-0.0,trk,0,,,54.998,-0.1,0.1,discharging,27.499,50.0,seeking,111.381,97.61,89.73,88.87,23.349,0,"trk,seq=00035,pan=111.38,tilt=097.61,sun_pan=089.73,sun_tilt=088.87,err=23.35,state=seeking,ldr=3773/3099/4095/3456",Orin software solar tracker
2026-08-05T05:04:13.187972+00:00,1,,0,36,68,1.25,-0.075,-0.0,trk,0,,,54.998,-0.1,0.1,discharging,27.4989,50.0,seeking,109.568,96.7,85.958,87.557,25.318,0,"trk,seq=00036,pan=109.57,tilt=096.70,sun_pan=085.96,sun_tilt=087.56,err=25.32,state=seeking,ldr=3743/3018/4095/3386",Orin software solar tracker
2026-08-05T05:04:14.189160+00:00,1,,0,37,66,1.25,-0.075,-0.0,trk,0,,,54.998,-0.1,0.1,discharging,27.4989,50.0,seeking,107.599,95.732,82.22,86.247,27.093,0,"trk,seq=00037,pan=107.60,tilt=095.73,sun_pan=082.22,sun_tilt=086.25,err=27.09,state=seeking,ldr=3712/2942/4090/3321",Orin software solar tracker
2026-08-05T05:04:15.190106+00:00,1,,0,38,64,1.25,-0.075,-0.0,trk,0,,,54.998,-0.1,0.1,discharging,27.4989,50.0,seeking,105.506,94.733,78.544,84.943,28.684,0,"trk,seq=00038,pan=105.51,tilt=094.73,sun_pan=078.54,sun_tilt=084.94,err=28.68,state=seeking,ldr=3682/2875/4067/3260",Orin software solar tracker
2026-08-05T05:04:16.193753+00:00,1,,0,39,62,0.0,-0.075,-0.0,trk,0,,,54.998,-0.1,0.1,discharging,27.4989,50.0,seeking,103.306,93.709,74.961,83.653,30.075,0,"trk,seq=00039,pan=103.31,tilt=093.71,sun_pan=074.96,sun_tilt=083.65,err=30.08,state=seeking,ldr=3654/2815/4044/3206",Orin software solar tracker
2026-08-05T05:04:17.195590+00:00,1,,0,40,60,0.0,-0.1,-0.0,trk,0,,,54.998,-0.1,0.1,discharging,27.4988,50.0,seeking,101.014,92.661,71.5,82.382,31.254,0,"trk,seq=00040,pan=101.01,tilt=092.66,sun_pan=071.50,sun_tilt=082.38,err=31.25,state=seeking,ldr=3628/2764/4023/3159",Orin software solar tracker
2026-08-05T05:04:19.200214+00:00,1,,1,42,56,1.25,-0.075,-0.0,trk,0,,,54.998,-0.1,0.1,discharging,27.4988,50.0,seeking,96.231,90.513,65.052,79.917,32.931,0,"trk,seq=00042,pan=096.23,tilt=090.51,sun_pan=065.05,sun_tilt=079.92,err=32.93,state=seeking,ldr=3588/2690/3989/3091",Orin software solar tracker
2026-08-05T05:04:20.200357+00:00,1,,0,43,53,0.0,-0.075,-0.0,trk,0,,,54.997,-0.1,0.1,discharging,27.4987,50.0,seeking,93.775,89.421,62.118,78.734,33.413,0,"trk,seq=00043,pan=093.78,tilt=089.42,sun_pan=062.12,sun_tilt=078.73,err=33.41,state=seeking,ldr=3576/2669/3979/3072",Orin software solar tracker
2026-08-05T05:04:21.202688+00:00,0,proxy_injected_corruption,0,44,51,0.0,-0.075,-0.0,trk,0,,,54.997,-0.1,0.1,discharging,27.4987,50.0,seeking,91.3,88.325,59.409,77.591,33.649,0,"trk,seq=00044,pan=091.30,tilt=088.32,sun_pan=059.41,sun_tilt=077.59,err=33.65,state=seeking,ldr=3570/2658/3974/3062",Orin software solar tracker
2026-08-05T05:04:22.205383+00:00,1,,0,45,49,1.25,-0.1,-0.0,trk,0,,,54.997,-0.1,0.1,discharging,27.4987,50.0,seeking,88.826,87.23,56.948,76.493,33.638,0,"trk,seq=00045,pan=088.83,tilt=087.23,sun_pan=056.95,sun_tilt=076.49,err=33.64,state=seeking,ldr=3570/2659/3974/3062",Orin software solar tracker
2026-08-05T05:04:23.204906+00:00,1,,0,46,47,1.25,-0.1,-0.0,trk,0,,,54.997,-0.1,0.1,discharging,27.4987,50.0,seeking,86.371,86.139,54.754,75.444,33.377,0,"trk,seq=00046,pan=086.37,tilt=086.14,sun_pan=054.75,sun_tilt=075.44,err=33.38,state=seeking,ldr=3577/2670/3980/3073",Orin software solar tracker
2026-08-05T05:04:24.209449+00:00,1,,0,47,45,1.25,-0.125,-0.0,trk,0,,,54.997,-0.1,0.1,discharging,27.4986,50.0,seeking,83.957,85.058,52.845,74.45,32.87,0,"trk,seq=00047,pan=083.96,tilt=085.06,sun_pan=052.85,sun_tilt=074.45,err=32.87,state=seeking,ldr=3589/2693/3991/3094",Orin software solar tracker
2026-08-05T05:04:26.213279+00:00,1,,1,49,40,0.0,-0.075,-0.0,trk,0,,,54.997,-0.1,0.1,discharging,27.4986,50.0,seeking,79.322,82.94,49.941,72.641,31.134,0,"trk,seq=00049,pan=079.32,tilt=082.94,sun_pan=049.94,sun_tilt=072.64,err=31.13,state=seeking,ldr=3629/2769/4026/3165",Orin software solar tracker
2026-08-05T05:04:27.214445+00:00,1,,0,50,38,2.5,-0.05,-0.0,trk,0,,,54.997,-0.1,0.1,discharging,27.4985,50.0,seeking,77.135,81.912,48.969,71.833,29.915,0,"trk,seq=00050,pan=077.14,tilt=081.91,sun_pan=048.97,sun_tilt=071.83,err=29.91,state=seeking,ldr=3656/2821/4048/3214",Orin software solar tracker
2026-08-05T05:04:28.216656+00:00,1,,0,51,36,1.25,-0.1,-0.0,trk,0,,,54.997,-0.1,0.1,discharging,27.4985,50.0,seeking,75.062,80.91,48.329,71.096,28.477,0,"trk,seq=00051,pan=075.06,tilt=080.91,sun_pan=048.33,sun_tilt=071.10,err=28.48,state=seeking,ldr=3684/2883/4071/3270",Orin software solar tracker
2026-08-05T05:04:29.218765+00:00,1,,0,52,35,0.0,-0.1,-0.0,trk,0,,,54.997,-0.1,0.1,discharging,27.4985,50.0,seeking,73.114,79.941,48.026,70.431,26.83,0,"trk,seq=00052,pan=073.11,tilt=079.94,sun_pan=048.03,sun_tilt=070.43,err=26.83,state=seeking,ldr=3715/2952/4094/3332",Orin software solar tracker
2026-08-05T05:04:30.222131+00:00,0,proxy_injected_corruption,0,53,33,0.0,-0.1,-0.0,trk,0,,,54.997,-0.1,0.1,discharging,27.4984,50.0,seeking,71.334,79.031,48.062,69.842,25.02,0,"trk,seq=00053,pan=071.33,tilt=079.03,sun_pan=048.06,sun_tilt=069.84,err=25.02,state=seeking,ldr=3745/3029/4095/3400",Orin software solar tracker
2026-08-05T05:04:31.224232+00:00,1,,0,54,32,1.25,-0.075,-0.0,trk,0,,,54.997,-0.1,0.1,discharging,27.4984,50.0,seeking,69.729,78.179,48.438,69.331,23.057,0,"trk,seq=00054,pan=069.73,tilt=078.18,sun_pan=048.44,sun_tilt=069.33,err=23.06,state=seeking,ldr=3772/3109/4095/3470",Orin software solar tracker
2026-08-05T05:04:33.228451+00:00,1,,1,56,29,1.25,-0.075,-0.0,trk,0,,,54.997,-0.1,0.1,discharging,27.4984,50.0,seeking,67.067,76.631,50.19,68.552,18.711,0,"trk,seq=00056,pan=067.07,tilt=076.63,sun_pan=050.19,sun_tilt=068.55,err=18.71,state=seeking,ldr=3816/3278/4095/3615",Orin software solar tracker
2026-08-05T05:04:34.229096+00:00,1,,0,57,28,2.5,-0.05,-0.0,trk,0,,,54.997,-0.1,0.1,discharging,27.4983,50.0,seeking,66.016,75.926,51.554,68.288,16.355,0,"trk,seq=00057,pan=066.02,tilt=075.93,sun_pan=051.55,sun_tilt=068.29,err=16.36,state=seeking,ldr=3831/3364/4095/3687",Orin software solar tracker
2026-08-05T05:04:35.231708+00:00,1,,0,58,27,1.25,-0.1,-0.0,trk,0,,,54.997,-0.1,0.1,discharging,27.4983,50.0,seeking,65.15,75.258,53.228,68.109,13.901,0,"trk,seq=00058,pan=065.15,tilt=075.26,sun_pan=053.23,sun_tilt=068.11,err=13.90,state=seeking,ldr=3839/3450/4095/3756",Orin software solar tracker
2026-08-05T05:04:36.230931+00:00,1,,0,59,27,0.0,-0.1,-0.0,trk,0,,,54.997,-0.1,0.1,discharging,27.4983,50.0,seeking,64.469,74.621,55.198,68.015,11.383,0,"trk,seq=00059,pan=064.47,tilt=074.62,sun_pan=055.20,sun_tilt=068.01,err=11.38,state=seeking,ldr=3840/3535/4095/3821",Orin software solar tracker
2026-08-05T05:04:37.233205+00:00,1,,0,60,26,0.0,-0.075,-0.0,trk,0,,,54.996,-0.1,0.1,discharging,27.4982,50.0,locked,63.966,74.011,57.451,68.007,8.859,0,"trk,seq=00060,pan=063.97,tilt=074.01,sun_pan=057.45,sun_tilt=068.01,err=08.86,state=locked,ldr=3834/3618/4095/3880",Orin software solar tracker
2026-08-05T05:04:38.237987+00:00,1,,0,61,26,1.25,-0.075,-0.0,trk,0,,,54.996,-0.1,0.1,discharging,27.4982,50.0,locked,63.678,73.463,59.967,68.086,6.533,0,"trk,seq=00061,pan=063.68,tilt=073.46,sun_pan=059.97,sun_tilt=068.09,err=06.53,state=locked,ldr=3820/3696/4056/3932",Orin software solar tracker
2026-08-05T05:04:40.240228+00:00,1,,1,63,26,1.25,-0.075,-0.0,trk,0,,,54.996,-0.1,0.1,discharging,27.4982,50.0,locked,63.761,72.564,65.704,68.5,4.505,0,"trk,seq=00063,pan=063.76,tilt=072.56,sun_pan=065.70,sun_tilt=068.50,err=04.51,state=locked,ldr=3766/3831/3945/4011",Orin software solar tracker
2026-08-05T05:04:41.242032+00:00,1,,0,64,26,1.25,-0.075,-0.0,trk,0,,,54.996,-0.1,0.1,discharging,27.4981,50.0,locked,64.13,72.219,68.88,68.833,5.833,0,"trk,seq=00064,pan=064.13,tilt=072.22,sun_pan=068.88,sun_tilt=068.83,err=05.83,state=locked,ldr=3727/3886/3876/4035",Orin software solar tracker
2026-08-05T05:04:42.244528+00:00,1,,0,65,27,1.25,-0.075,-0.0,trk,0,,,54.996,-0.1,0.1,discharging,27.4981,50.0,locked,64.714,71.944,72.226,69.249,7.98,0,"trk,seq=00065,pan=064.71,tilt=071.94,sun_pan=072.23,sun_tilt=069.25,err=07.98,state=locked,ldr=3681/3932/3799/4050",Orin software solar tracker
2026-08-05T05:04:43.246809+00:00,1,,0,66,28,1.25,-0.075,-0.0,trk,0,,,54.996,-0.1,0.1,discharging,27.4981,50.0,seeking,65.506,71.74,75.714,69.746,10.401,0,"trk,seq=00066,pan=065.51,tilt=071.74,sun_pan=075.71,sun_tilt=069.75,err=10.40,state=seeking,ldr=3630/3968/3717/4055",Orin software solar tracker
2026-08-05T05:04:44.248524+00:00,1,,0,67,29,1.25,-0.075,-0.0,trk,0,,,54.996,-0.1,0.1,discharging,27.498,50.0,seeking,66.501,71.609,79.32,70.322,12.883,0,"trk,seq=00067,pan=066.50,tilt=071.61,sun_pan=079.32,sun_tilt=070.32,err=12.88,state=seeking,ldr=3573/3995/3629/4050",Orin software solar tracker
2026-08-05T07:14:15.227280+00:00,1,,0,0,50,1.25,-0.075,-0.0,trk,0,,,55.0,-0.1,0.1,discharging,27.5,50.0,seeking,90.0,91.142,90.003,102.348,11.206,0,"trk,seq=00000,pan=090.00,tilt=091.14,sun_pan=090.00,sun_tilt=102.35,err=11.21,state=seeking,ldr=4073/4073/3587/3587",Orin software solar tracker
2026-08-05T07:14:16.228674+00:00,1,,0,1,50,0.0,-0.075,-0.0,trk,0,,,55.0,-0.1,0.1,discharging,27.5,50.0,seeking,90.239,92.232,93.776,103.231,11.554,0,"trk,seq=00001,pan=090.24,tilt=092.23,sun_pan=093.78,sun_tilt=103.23,err=11.55,state=seeking,ldr=4007/4095/3531/3646",Orin software solar tracker
2026-08-05T07:14:17.230149+00:00,1,,0,2,51,0.0,-0.075,-0.0,trk,0,,,55.0,-0.1,0.1,discharging,27.4999,50.0,seeking,90.694,93.26,97.519,104.049,12.766,0,"trk,seq=00002,pan=090.69,tilt=093.26,sun_pan=097.52,sun_tilt=104.05,err=12.77,state=seeking,ldr=3933/4095/3469/3691",Orin software solar tracker
2026-08-05T07:14:18.229402+00:00,1,,0,3,51,1.25,-0.075,-0.0,trk,0,,,55.0,-0.1,0.1,discharging,27.4999,50.0,seeking,91.36,94.242,101.2,104.798,14.431,0,"trk,seq=00003,pan=091.36,tilt=094.24,sun_pan=101.20,sun_tilt=104.80,err=14.43,state=seeking,ldr=3855/4095/3405/3723",Orin software solar tracker
2026-08-05T07:14:19.232064+00:00,1,,0,4,52,1.25,-0.075,-0.0,trk,0,,,55.0,-0.1,0.1,discharging,27.4999,50.0,seeking,92.23,95.186,104.791,105.474,16.235,0,"trk,seq=00004,pan=092.23,tilt=095.19,sun_pan=104.79,sun_tilt=105.47,err=16.24,state=seeking,ldr=3776/4095/3341/3745",Orin software solar tracker
2026-08-05T07:14:20.234920+00:00,1,,0,5,53,1.25,-0.075,-0.0,trk,0,,,55.0,-0.1,0.1,discharging,27.4999,50.0,seeking,93.292,96.1,108.262,106.074,17.988,0,"trk,seq=00005,pan=093.29,tilt=096.10,sun_pan=108.26,sun_tilt=106.07,err=17.99,state=seeking,ldr=3699/4095/3281/3760",Orin software solar tracker
2026-08-05T07:14:21.238852+00:00,1,,0,6,54,1.25,-0.1,-0.0,trk,0,,,55.0,-0.1,0.1,discharging,27.4998,50.0,seeking,94.526,96.987,111.585,106.597,19.58,0,"trk,seq=00006,pan=094.53,tilt=096.99,sun_pan=111.59,sun_tilt=106.60,err=19.58,state=seeking,ldr=3628/4095/3228/3770",Orin software solar tracker
2026-08-05T07:14:22.238799+00:00,1,,0,7,55,1.25,-0.075,-0.0,trk,0,,,55.0,-0.1,0.1,discharging,27.4998,50.0,seeking,95.912,97.846,114.734,107.04,20.947,0,"trk,seq=00007,pan=095.91,tilt=097.85,sun_pan=114.73,sun_tilt=107.04,err=20.95,state=seeking,ldr=3563/4095/3183/3777",Orin software solar tracker
2026-08-05T07:14:23.243968+00:00,1,,0,8,57,0.0,-0.1,-0.0,trk,0,,,55.0,-0.1,0.1,discharging,27.4998,50.0,seeking,97.427,98.677,117.683,107.401,22.055,0,"trk,seq=00008,pan=097.43,tilt=098.68,sun_pan=117.68,sun_tilt=107.40,err=22.05,state=seeking,ldr=3507/4095/3148/3783",Orin software solar tracker
2026-08-05T07:14:24.242278+00:00,1,,0,9,58,1.25,-0.1,-0.0,trk,0,,,54.999,-0.1,0.1,discharging,27.4997,50.0,seeking,99.047,99.473,120.406,107.677,22.88,0,"trk,seq=00009,pan=099.05,tilt=099.47,sun_pan=120.41,sun_tilt=107.68,err=22.88,state=seeking,ldr=3460/4095/3124/3791",Orin software solar tracker
2026-08-05T07:14:25.244149+00:00,1,,0,10,60,1.25,-0.075,-0.0,trk,0,,,54.999,-0.1,0.1,discharging,27.4997,50.0,seeking,100.743,100.229,122.884,107.87,23.422,0,"trk,seq=00010,pan=100.74,tilt=100.23,sun_pan=122.88,sun_tilt=107.87,err=23.42,state=seeking,ldr=3424/4095/3112/3801",Orin software solar tracker
2026-08-05T07:14:26.244419+00:00,1,,0,11,61,0.0,-0.075,-0.0,trk,0,,,54.999,-0.1,0.1,discharging,27.4997,50.0,seeking,102.491,100.938,125.098,107.976,23.677,0,"trk,seq=00011,pan=102.49,tilt=100.94,sun_pan=125.10,sun_tilt=107.98,err=23.68,state=seeking,ldr=3398/4095/3111/3814",Orin software solar tracker
2026-08-05T07:14:27.246849+00:00,1,,0,12,63,1.25,-0.1,-0.0,trk,0,,,54.999,-0.1,0.1,discharging,27.4996,50.0,seeking,104.259,101.591,127.028,107.997,23.653,0,"trk,seq=00012,pan=104.26,tilt=101.59,sun_pan=127.03,sun_tilt=108.00,err=23.65,state=seeking,ldr=3383/4092/3122/3830",Orin software solar tracker
2026-08-05T07:14:28.248071+00:00,1,,0,13,65,1.25,-0.075,-0.0,trk,0,,,54.999,-0.1,0.1,discharging,27.4996,50.0,seeking,106.016,102.177,128.658,107.932,23.362,0,"trk,seq=00013,pan=106.02,tilt=102.18,sun_pan=128.66,sun_tilt=107.93,err=23.36,state=seeking,ldr=3379/4084/3143/3849",Orin software solar tracker
2026-08-05T07:14:29.252515+00:00,1,,0,14,66,0.0,-0.05,-0.0,trk,0,,,54.999,-0.1,0.1,discharging,27.4996,50.0,seeking,107.74,102.696,129.977,107.78,22.81,0,"trk,seq=00014,pan=107.74,tilt=102.70,sun_pan=129.98,sun_tilt=107.78,err=22.81,state=seeking,ldr=3384/4079/3175/3870",Orin software solar tracker
2026-08-05T07:14:30.252538+00:00,1,,0,15,68,0.0,-0.05,-0.0,trk,0,,,54.999,-0.1,0.1,discharging,27.4996,50.0,seeking,109.414,103.145,130.971,107.544,22.002,0,"trk,seq=00015,pan=109.41,tilt=103.15,sun_pan=130.97,sun_tilt=107.54,err=22.00,state=seeking,ldr=3398/4076/3216/3894",Orin software solar tracker
2026-08-05T07:14:31.253855+00:00,1,,0,16,69,1.25,-0.075,-0.0,trk,0,,,54.999,-0.1,0.1,discharging,27.4995,50.0,seeking,111.014,103.522,131.636,107.223,20.951,0,"trk,seq=00016,pan=111.01,tilt=103.52,sun_pan=131.64,sun_tilt=107.22,err=20.95,state=seeking,ldr=3420/4072/3266/3919",Orin software solar tracker
2026-08-05T07:14:32.256259+00:00,1,,0,17,70,1.25,-0.1,-0.0,trk,0,,,54.999,-0.1,0.1,discharging,27.4995,50.0,seeking,112.523,103.827,131.963,106.819,19.669,0,"trk,seq=00017,pan=112.52,tilt=103.83,sun_pan=131.96,sun_tilt=106.82,err=19.67,state=seeking,ldr=3449/4069/3324/3943",Orin software solar tracker
2026-08-05T07:14:33.258235+00:00,1,,0,18,72,1.25,-0.1,-0.0,trk,0,,,54.999,-0.1,0.1,discharging,27.4995,50.0,seeking,113.922,104.059,131.952,106.335,18.173,0,"trk,seq=00018,pan=113.92,tilt=104.06,sun_pan=131.95,sun_tilt=106.33,err=18.17,state=seeking,ldr=3484/4063/3388/3967",Orin software solar tracker
2026-08-07T06:35:22.151464+00:00,1,,0,0,50,5300.0,301.887,1600.0,cv,0,,,55.0,1.5,0.1,charging,27.5,50.0,lost,90.0,90.0,90.0,90.0,0.0,1,csi,0,0.0,,,0.0,0.0,640,480,36,0,CRC/QPSK/OFDM,1,0,129,133,1064,532,12,44,960,192,48,"p1br,seq=00000,frame_b=00133,bits=01064,qpsk=00532,ofdm=012,pad_q=00044,gap=0,ok=1","cvtrk,seq=00000,det=0,conf=0.00,x=+0.000,y=+0.000,pan=090.0,tilt=090.0,target=090.0/090.0,err=00.0,st=lost",Orin CSI camera solar tracker
2026-08-07T06:35:22.407577+00:00,1,,0,1,50,5300.0,301.887,1600.0,cv,0,,,55.0,1.5,0.1,charging,27.5001,50.0,lost,90.0,90.0,90.0,90.0,0.0,1,csi,0,0.0,,,0.0,0.0,640,480,67,0,CRC/QPSK/OFDM,1,0,129,133,1064,532,12,44,960,192,48,"p1br,seq=00001,frame_b=00133,bits=01064,qpsk=00532,ofdm=012,pad_q=00044,gap=0,ok=1","cvtrk,seq=00001,det=0,conf=0.00,x=+0.000,y=+0.000,pan=090.0,tilt=090.0,target=090.0/090.0,err=00.0,st=lost",Orin CSI camera solar tracker
2026-08-07T06:35:22.664639+00:00,1,,0,2,50,5300.0,301.887,1600.0,cv,0,,,55.0,1.5,0.1,charging,27.5002,50.0,lost,90.0,90.0,90.0,90.0,0.0,1,csi,0,0.0,,,0.0,0.0,640,480,117,0,CRC/QPSK/OFDM,1,0,129,133,1064,532,12,44,960,192,48,"p1br,seq=00002,frame_b=00133,bits=01064,qpsk=00532,ofdm=012,pad_q=00044,gap=0,ok=1","cvtrk,seq=00002,det=0,conf=0.00,x=+0.000,y=+0.000,pan=090.0,tilt=090.0,target=090.0/090.0,err=00.0,st=lost",Orin CSI camera solar tracker
2026-08-07T06:35:22.920147+00:00,1,,0,3,50,5300.0,301.887,1600.0,cv,0,,,55.001,1.5,0.1,charging,27.5003,50.0,lost,90.0,90.0,90.0,90.0,0.0,1,csi,0,0.0,,,0.0,0.0,640,480,142,0,CRC/QPSK/OFDM,1,0,129,133,1064,532,12,44,960,192,48,"p1br,seq=00003,frame_b=00133,bits=01064,qpsk=00532,ofdm=012,pad_q=00044,gap=0,ok=1","cvtrk,seq=00003,det=0,conf=0.00,x=+0.000,y=+0.000,pan=090.0,tilt=090.0,target=090.0/090.0,err=00.0,st=lost",Orin CSI camera solar tracker
2026-08-07T06:35:23.177819+00:00,1,,0,4,50,5300.0,301.887,1600.0,cv,0,,,55.001,1.5,0.1,charging,27.5004,50.0,lost,90.0,90.0,90.0,90.0,0.0,1,csi,0,0.0,,,0.0,0.0,640,480,149,0,CRC/QPSK/OFDM,1,0,129,133,1064,532,12,44,960,192,48,"p1br,seq=00004,frame_b=00133,bits=01064,qpsk=00532,ofdm=012,pad_q=00044,gap=0,ok=1","cvtrk,seq=00004,det=0,conf=0.00,x=+0.000,y=+0.000,pan=090.0,tilt=090.0,target=090.0/090.0,err=00.0,st=lost",Orin CSI camera solar tracker
2026-08-07T06:35:23.435599+00:00,1,,0,5,50,5300.0,301.887,1600.0,cv,0,,,55.001,1.5,0.1,charging,27.5005,50.0,lost,90.0,90.0,90.0,90.0,0.0,1,csi,0,0.0,,,0.0,0.0,640,480,146,0,CRC/QPSK/OFDM,1,0,129,133,1064,532,12,44,960,192,48,"p1br,seq=00005,frame_b=00133,bits=01064,qpsk=00532,ofdm=012,pad_q=00044,gap=0,ok=1","cvtrk,seq=00005,det=0,conf=0.00,x=+0.000,y=+0.000,pan=090.0,tilt=090.0,target=090.0/090.0,err=00.0,st=lost",Orin CSI camera solar tracker
2026-08-07T06:35:23.691171+00:00,1,,0,6,50,5300.0,301.887,1600.0,cv,0,,,55.001,1.5,0.1,charging,27.5006,50.0,lost,90.0,90.0,90.0,90.0,0.0,1,csi,0,0.0,,,0.0,0.0,640,480,146,0,CRC/QPSK/OFDM,1,0,129,133,1064,532,12,44,960,192,48,"p1br,seq=00006,frame_b=00133,bits=01064,qpsk=00532,ofdm=012,pad_q=00044,gap=0,ok=1","cvtrk,seq=00006,det=0,conf=0.00,x=+0.000,y=+0.000,pan=090.0,tilt=090.0,target=090.0/090.0,err=00.0,st=lost",Orin CSI camera solar tracker
2026-08-07T06:35:23.945307+00:00,1,,0,7,50,5300.0,301.887,1600.0,cv,0,,,55.001,1.5,0.1,charging,27.5007,50.0,lost,90.0,90.0,90.0,90.0,0.0,1,csi,0,0.0,,,0.0,0.0,640,480,146,0,CRC/QPSK/OFDM,1,0,129,133,1064,532,12,44,960,192,48,"p1br,seq=00007,frame_b=00133,bits=01064,qpsk=00532,ofdm=012,pad_q=00044,gap=0,ok=1","cvtrk,seq=00007,det=0,conf=0.00,x=+0.000,y=+0.000,pan=090.0,tilt=090.0,target=090.0/090.0,err=00.0,st=lost",Orin CSI camera solar tracker
2026-08-07T06:35:24.205247+00:00,1,,0,8,50,5300.0,301.887,1600.0,cv,0,,,55.002,1.5,0.1,charging,27.5008,50.0,lost,90.0,90.0,90.0,90.0,0.0,1,csi,0,0.0,,,0.0,0.0,640,480,160,0,CRC/QPSK/OFDM,1,0,129,133,1064,532,12,44,960,192,48,"p1br,seq=00008,frame_b=00133,bits=01064,qpsk=00532,ofdm=012,pad_q=00044,gap=0,ok=1","cvtrk,seq=00008,det=0,conf=0.00,x=+0.000,y=+0.000,pan=090.0,tilt=090.0,target=090.0/090.0,err=00.0,st=lost",Orin CSI camera solar tracker
2026-08-07T06:35:24.461858+00:00,1,,0,9,50,5300.0,301.887,1600.0,cv,0,,,55.002,1.5,0.1,charging,27.5009,50.0,lost,90.0,90.0,90.0,90.0,0.0,1,csi,0,0.0,,,0.0,0.0,640,480,128,0,CRC/QPSK/OFDM,1,0,129,133,1064,532,12,44,960,192,48,"p1br,seq=00009,frame_b=00133,bits=01064,qpsk=00532,ofdm=012,pad_q=00044,gap=0,ok=1","cvtrk,seq=00009,det=0,conf=0.00,x=+0.000,y=+0.000,pan=090.0,tilt=090.0,target=090.0/090.0,err=00.0,st=lost",Orin CSI camera solar tracker
2026-08-07T06:35:24.720056+00:00,1,,0,10,50,5300.0,301.887,1600.0,cv,0,,,55.002,1.5,0.1,charging,27.501,50.0,lost,90.0,90.0,90.0,90.0,0.0,1,csi,0,0.0,,,0.0,0.0,640,480,123,0,CRC/QPSK/OFDM,1,0,129,133,1064,532,12,44,960,192,48,"p1br,seq=00010,frame_b=00133,bits=01064,qpsk=00532,ofdm=012,pad_q=00044,gap=0,ok=1","cvtrk,seq=00010,det=0,conf=0.00,x=+0.000,y=+0.000,pan=090.0,tilt=090.0,target=090.0/090.0,err=00.0,st=lost",Orin CSI camera solar tracker
2026-08-07T06:35:24.975200+00:00,1,,0,11,50,5300.0,301.887,1600.0,cv,0,,,55.002,1.5,0.1,charging,27.5011,50.0,lost,90.0,90.0,90.0,90.0,0.0,1,csi,0,0.0,,,0.0,0.0,640,480,125,0,CRC/QPSK/OFDM,1,0,129,133,1064,532,12,44,960,192,48,"p1br,seq=00011,frame_b=00133,bits=01064,qpsk=00532,ofdm=012,pad_q=00044,gap=0,ok=1","cvtrk,seq=00011,det=0,conf=0.00,x=+0.000,y=+0.000,pan=090.0,tilt=090.0,target=090.0/090.0,err=00.0,st=lost",Orin CSI camera solar tracker
2026-08-07T06:35:25.232900+00:00,1,,0,12,50,5300.0,301.887,1600.0,cv,0,,,55.002,1.5,0.1,charging,27.5012,50.0,lost,90.0,90.0,90.0,90.0,0.0,1,csi,0,0.0,,,0.0,0.0,640,480,123,0,CRC/QPSK/OFDM,1,0,129,133,1064,532,12,44,960,192,48,"p1br,seq=00012,frame_b=00133,bits=01064,qpsk=00532,ofdm=012,pad_q=00044,gap=0,ok=1","cvtrk,seq=00012,det=0,conf=0.00,x=+0.000,y=+0.000,pan=090.0,tilt=090.0,target=090.0/090.0,err=00.0,st=lost",Orin CSI camera solar tracker
2026-08-07T06:35:25.487769+00:00,1,,0,13,50,5300.0,301.887,1600.0,cv,0,,,55.003,1.5,0.1,charging,27.5013,50.0,lost,90.0,90.0,90.0,90.0,0.0,1,csi,0,0.0,,,0.0,0.0,640,480,123,0,CRC/QPSK/OFDM,1,0,129,133,1064,532,12,44,960,192,48,"p1br,seq=00013,frame_b=00133,bits=01064,qpsk=00532,ofdm=012,pad_q=00044,gap=0,ok=1","cvtrk,seq=00013,det=0,conf=0.00,x=+0.000,y=+0.000,pan=090.0,tilt=090.0,target=090.0/090.0,err=00.0,st=lost",Orin CSI camera solar tracker
2026-08-07T06:35:25.745569+00:00,1,,0,14,50,5300.0,301.887,1600.0,cv,0,,,55.003,1.5,0.1,charging,27.5014,50.0,lost,90.0,90.0,90.0,90.0,0.0,1,csi,0,0.0,,,0.0,0.0,640,480,121,0,CRC/QPSK/OFDM,1,0,129,133,1064,532,12,44,960,192,48,"p1br,seq=00014,frame_b=00133,bits=01064,qpsk=00532,ofdm=012,pad_q=00044,gap=0,ok=1","cvtrk,seq=00014,det=0,conf=0.00,x=+0.000,y=+0.000,pan=090.0,tilt=090.0,target=090.0/090.0,err=00.0,st=lost",Orin CSI camera solar tracker
2026-08-07T06:35:26.004041+00:00,1,,0,15,50,5300.0,301.887,1600.0,cv,0,,,55.003,1.5,0.1,charging,27.5015,50.0,lost,90.0,90.0,90.0,90.0,0.0,1,csi,0,0.0,,,0.0,0.0,640,480,116,0,CRC/QPSK/OFDM,1,0,129,133,1064,532,12,44,960,192,48,"p1br,seq=00015,frame_b=00133,bits=01064,qpsk=00532,ofdm=012,pad_q=00044,gap=0,ok=1","cvtrk,seq=00015,det=0,conf=0.00,x=+0.000,y=+0.000,pan=090.0,tilt=090.0,target=090.0/090.0,err=00.0,st=lost",Orin CSI camera solar tracker
2026-08-07T06:35:26.262280+00:00,1,,0,16,50,5300.0,301.887,1600.0,cv,0,,,55.003,1.5,0.1,charging,27.5016,50.0,lost,90.0,90.0,90.0,90.0,0.0,1,csi,0,0.0,,,0.0,0.0,640,480,115,0,CRC/QPSK/OFDM,1,0,129,133,1064,532,12,44,960,192,48,"p1br,seq=00016,frame_b=00133,bits=01064,qpsk=00532,ofdm=012,pad_q=00044,gap=0,ok=1","cvtrk,seq=00016,det=0,conf=0.00,x=+0.000,y=+0.000,pan=090.0,tilt=090.0,target=090.0/090.0,err=00.0,st=lost",Orin CSI camera solar tracker
2026-08-07T06:35:26.518659+00:00,1,,0,17,50,5300.0,301.887,1600.0,cv,0,,,55.003,1.5,0.1,charging,27.5017,50.0,lost,90.0,90.0,90.0,90.0,0.0,1,csi,0,0.0,,,0.0,0.0,640,480,124,0,CRC/QPSK/OFDM,1,0,129,133,1064,532,12,44,960,192,48,"p1br,seq=00017,frame_b=00133,bits=01064,qpsk=00532,ofdm=012,pad_q=00044,gap=0,ok=1","cvtrk,seq=00017,det=0,conf=0.00,x=+0.000,y=+0.000,pan=090.0,tilt=090.0,target=090.0/090.0,err=00.0,st=lost",Orin CSI camera solar tracker
2026-08-07T06:35:26.774996+00:00,1,,0,18,50,5300.0,301.887,1600.0,cv,0,,,55.004,1.5,0.1,charging,27.5018,50.0,lost,90.0,90.0,90.0,90.0,0.0,1,csi,0,0.0,,,0.0,0.0,640,480,125,0,CRC/QPSK/OFDM,1,0,129,133,1064,532,12,44,960,192,48,"p1br,seq=00018,frame_b=00133,bits=01064,qpsk=00532,ofdm=012,pad_q=00044,gap=0,ok=1","cvtrk,seq=00018,det=0,conf=0.00,x=+0.000,y=+0.000,pan=090.0,tilt=090.0,target=090.0/090.0,err=00.0,st=lost",Orin CSI camera solar tracker
2026-08-07T06:35:27.033126+00:00,1,,0,19,50,5300.0,301.887,1600.0,cv,0,,,55.004,1.5,0.1,charging,27.5019,50.0,lost,90.0,90.0,90.0,90.0,0.0,1,csi,0,0.0,,,0.0,0.0,640,480,126,0,CRC/QPSK/OFDM,1,0,129,133,1064,532,12,44,960,192,48,"p1br,seq=00019,frame_b=00133,bits=01064,qpsk=00532,ofdm=012,pad_q=00044,gap=0,ok=1","cvtrk,seq=00019,det=0,conf=0.00,x=+0.000,y=+0.000,pan=090.0,tilt=090.0,target=090.0/090.0,err=00.0,st=lost",Orin CSI camera solar tracker
2026-08-07T06:35:27.288718+00:00,1,,0,20,50,5300.0,301.887,1600.0,cv,0,,,55.004,1.5,0.1,charging,27.502,50.0,lost,90.0,90.0,90.0,90.0,0.0,1,csi,0,0.0,,,0.0,0.0,640,480,126,0,CRC/QPSK/OFDM,1,0,129,133,1064,532,12,44,960,192,48,"p1br,seq=00020,frame_b=00133,bits=01064,qpsk=00532,ofdm=012,pad_q=00044,gap=0,ok=1","cvtrk,seq=00020,det=0,conf=0.00,x=+0.000,y=+0.000,pan=090.0,tilt=090.0,target=090.0/090.0,err=00.0,st=lost",Orin CSI camera solar tracker
2026-08-07T06:35:27.549742+00:00,1,,0,21,50,5300.0,301.887,1600.0,cv,0,,,55.004,1.5,0.1,charging,27.5021,50.0,lost,90.0,90.0,90.0,90.0,0.0,1,csi,0,0.0,,,0.0,0.0,640,480,125,0,CRC/QPSK/OFDM,1,0,129,133,1064,532,12,44,960,192,48,"p1br,seq=00021,frame_b=00133,bits=01064,qpsk=00532,ofdm=012,pad_q=00044,gap=0,ok=1","cvtrk,seq=00021,det=0,conf=0.00,x=+0.000,y=+0.000,pan=090.0,tilt=090.0,target=090.0/090.0,err=00.0,st=lost",Orin CSI camera solar tracker
2026-08-07T06:35:27.803815+00:00,1,,0,22,50,5300.0,301.887,1600.0,cv,0,,,55.004,1.5,0.1,charging,27.5022,50.0,lost,90.0,90.0,90.0,90.0,0.0,1,csi,0,0.0,,,0.0,0.0,640,480,124,0,CRC/QPSK/OFDM,1,0,129,133,1064,532,12,44,960,192,48,"p1br,seq=00022,frame_b=00133,bits=01064,qpsk=00532,ofdm=012,pad_q=00044,gap=0,ok=1","cvtrk,seq=00022,det=0,conf=0.00,x=+0.000,y=+0.000,pan=090.0,tilt=090.0,target=090.0/090.0,err=00.0,st=lost",Orin CSI camera solar tracker
2026-08-07T06:35:28.066503+00:00,1,,0,23,50,5300.0,301.887,1600.0,cv,0,,,55.005,1.5,0.1,charging,27.5023,50.0,lost,90.0,90.0,90.0,90.0,0.0,1,csi,0,0.0,,,0.0,0.0,640,480,124,0,CRC/QPSK/OFDM,1,0,129,133,1064,532,12,44,960,192,48,"p1br,seq=00023,frame_b=00133,bits=01064,qpsk=00532,ofdm=012,pad_q=00044,gap=0,ok=1","cvtrk,seq=00023,det=0,conf=0.00,x=+0.000,y=+0.000,pan=090.0,tilt=090.0,target=090.0/090.0,err=00.0,st=lost",Orin CSI camera solar tracker
2026-08-07T06:35:28.327457+00:00,1,,0,24,50,5300.0,301.887,1600.0,cv,0,,,55.005,1.5,0.1,charging,27.5024,50.0,lost,90.0,90.0,90.0,90.0,0.0,1,csi,0,0.0,,,0.0,0.0,640,480,124,0,CRC/QPSK/OFDM,1,0,129,133,1064,532,12,44,960,192,48,"p1br,seq=00024,frame_b=00133,bits=01064,qpsk=00532,ofdm=012,pad_q=00044,gap=0,ok=1","cvtrk,seq=00024,det=0,conf=0.00,x=+0.000,y=+0.000,pan=090.0,tilt=090.0,target=090.0/090.0,err=00.0,st=lost",Orin CSI camera solar tracker
2026-08-07T06:35:28.583911+00:00,1,,0,25,50,5300.0,301.887,1600.0,cv,0,,,55.005,1.5,0.1,charging,27.5025,50.0,lost,90.0,90.0,90.0,90.0,0.0,1,csi,0,0.0,,,0.0,0.0,640,480,126,0,CRC/QPSK/OFDM,1,0,129,133,1064,532,12,44,960,192,48,"p1br,seq=00025,frame_b=00133,bits=01064,qpsk=00532,ofdm=012,pad_q=00044,gap=0,ok=1","cvtrk,seq=00025,det=0,conf=0.00,x=+0.000,y=+0.000,pan=090.0,tilt=090.0,target=090.0/090.0,err=00.0,st=lost",Orin CSI camera solar tracker
2026-08-07T06:35:28.840738+00:00,1,,0,26,50,5300.0,301.887,1600.0,cv,0,,,55.005,1.5,0.1,charging,27.5027,50.0,lost,90.0,90.0,90.0,90.0,0.0,1,csi,0,0.0,,,0.0,0.0,640,480,127,0,CRC/QPSK/OFDM,1,0,129,133,1064,532,12,44,960,192,48,"p1br,seq=00026,frame_b=00133,bits=01064,qpsk=00532,ofdm=012,pad_q=00044,gap=0,ok=1","cvtrk,seq=00026,det=0,conf=0.00,x=+0.000,y=+0.000,pan=090.0,tilt=090.0,target=090.0/090.0,err=00.0,st=lost",Orin CSI camera solar tracker
2026-08-07T06:35:29.095719+00:00,1,,0,27,50,5300.0,301.887,1600.0,cv,0,,,55.006,1.5,0.1,charging,27.5028,50.0,lost,90.0,90.0,90.0,90.0,0.0,1,csi,0,0.0,,,0.0,0.0,640,480,126,0,CRC/QPSK/OFDM,1,0,129,133,1064,532,12,44,960,192,48,"p1br,seq=00027,frame_b=00133,bits=01064,qpsk=00532,ofdm=012,pad_q=00044,gap=0,ok=1","cvtrk,seq=00027,det=0,conf=0.00,x=+0.000,y=+0.000,pan=090.0,tilt=090.0,target=090.0/090.0,err=00.0,st=lost",Orin CSI camera solar tracker
2026-08-07T06:35:29.353788+00:00,1,,0,28,50,5300.0,301.887,1600.0,cv,0,,,55.006,1.5,0.1,charging,27.5029,50.0,lost,90.0,90.0,90.0,90.0,0.0,1,csi,0,0.0,,,0.0,0.0,640,480,128,0,CRC/QPSK/OFDM,1,0,129,133,1064,532,12,44,960,192,48,"p1br,seq=00028,frame_b=00133,bits=01064,qpsk=00532,ofdm=012,pad_q=00044,gap=0,ok=1","cvtrk,seq=00028,det=0,conf=0.00,x=+0.000,y=+0.000,pan=090.0,tilt=090.0,target=090.0/090.0,err=00.0,st=lost",Orin CSI camera solar tracker
2026-08-07T06:35:29.610566+00:00,1,,0,29,50,5300.0,301.887,1600.0,cv,0,,,55.006,1.5,0.1,charging,27.503,50.0,lost,90.0,90.0,90.0,90.0,0.0,1,csi,0,0.0,,,0.0,0.0,640,480,127,0,CRC/QPSK/OFDM,1,0,129,133,1064,532,12,44,960,192,48,"p1br,seq=00029,frame_b=00133,bits=01064,qpsk=00532,ofdm=012,pad_q=00044,gap=0,ok=1","cvtrk,seq=00029,det=0,conf=0.00,x=+0.000,y=+0.000,pan=090.0,tilt=090.0,target=090.0/090.0,err=00.0,st=lost",Orin CSI camera solar tracker
2026-08-07T06:35:29.866848+00:00,1,,0,30,50,5300.0,301.887,1600.0,cv,0,,,55.006,1.5,0.1,charging,27.5031,50.0,lost,90.0,90.0,90.0,90.0,0.0,1,csi,0,0.0,,,0.0,0.0,640,480,128,0,CRC/QPSK/OFDM,1,0,129,133,1064,532,12,44,960,192,48,"p1br,seq=00030,frame_b=00133,bits=01064,qpsk=00532,ofdm=012,pad_q=00044,gap=0,ok=1","cvtrk,seq=00030,det=0,conf=0.00,x=+0.000,y=+0.000,pan=090.0,tilt=090.0,target=090.0/090.0,err=00.0,st=lost",Orin CSI camera solar tracker
2026-08-07T06:35:30.125063+00:00,1,,0,31,50,5300.0,301.887,1600.0,cv,0,,,55.006,1.5,0.1,charging,27.5032,50.0,lost,90.0,90.0,90.0,90.0,0.0,1,csi,0,0.0,,,0.0,0.0,640,480,127,0,CRC/QPSK/OFDM,1,0,129,133,1064,532,12,44,960,192,48,"p1br,seq=00031,frame_b=00133,bits=01064,qpsk=00532,ofdm=012,pad_q=00044,gap=0,ok=1","cvtrk,seq=00031,det=0,conf=0.00,x=+0.000,y=+0.000,pan=090.0,tilt=090.0,target=090.0/090.0,err=00.0,st=lost",Orin CSI camera solar tracker
2026-08-07T06:35:30.383309+00:00,1,,0,32,50,5300.0,301.887,1600.0,cv,0,,,55.007,1.5,0.1,charging,27.5033,50.0,lost,90.0,90.0,90.0,90.0,0.0,1,csi,0,0.0,,,0.0,0.0,640,480,127,0,CRC/QPSK/OFDM,1,0,129,133,1064,532,12,44,960,192,48,"p1br,seq=00032,frame_b=00133,bits=01064,qpsk=00532,ofdm=012,pad_q=00044,gap=0,ok=1","cvtrk,seq=00032,det=0,conf=0.00,x=+0.000,y=+0.000,pan=090.0,tilt=090.0,target=090.0/090.0,err=00.0,st=lost",Orin CSI camera solar tracker
2026-08-07T06:35:30.641659+00:00,1,,0,33,50,5300.0,301.887,1600.0,cv,0,,,55.007,1.5,0.1,charging,27.5034,50.0,lost,90.0,90.0,90.0,90.0,0.0,1,csi,0,0.0,,,0.0,0.0,640,480,126,0,CRC/QPSK/OFDM,1,0,129,133,1064,532,12,44,960,192,48,"p1br,seq=00033,frame_b=00133,bits=01064,qpsk=00532,ofdm=012,pad_q=00044,gap=0,ok=1","cvtrk,seq=00033,det=0,conf=0.00,x=+0.000,y=+0.000,pan=090.0,tilt=090.0,target=090.0/090.0,err=00.0,st=lost",Orin CSI camera solar tracker
2026-08-07T06:35:30.898047+00:00,1,,0,34,50,5300.0,301.887,1600.0,cv,0,,,55.007,1.5,0.1,charging,27.5035,50.0,lost,90.0,90.0,90.0,90.0,0.0,1,csi,0,0.0,,,0.0,0.0,640,480,126,0,CRC/QPSK/OFDM,1,0,129,133,1064,532,12,44,960,192,48,"p1br,seq=00034,frame_b=00133,bits=01064,qpsk=00532,ofdm=012,pad_q=00044,gap=0,ok=1","cvtrk,seq=00034,det=0,conf=0.00,x=+0.000,y=+0.000,pan=090.0,tilt=090.0,target=090.0/090.0,err=00.0,st=lost",Orin CSI camera solar tracker
2026-08-07T06:35:31.155683+00:00,1,,0,35,50,5300.0,301.887,1600.0,cv,0,,,55.007,1.5,0.1,charging,27.5036,50.0,lost,90.0,90.0,90.0,90.0,0.0,1,csi,0,0.0,,,0.0,0.0,640,480,127,0,CRC/QPSK/OFDM,1,0,129,133,1064,532,12,44,960,192,48,"p1br,seq=00035,frame_b=00133,bits=01064,qpsk=00532,ofdm=012,pad_q=00044,gap=0,ok=1","cvtrk,seq=00035,det=0,conf=0.00,x=+0.000,y=+0.000,pan=090.0,tilt=090.0,target=090.0/090.0,err=00.0,st=lost",Orin CSI camera solar tracker
2026-08-07T06:35:31.412496+00:00,1,,0,36,50,5300.0,301.887,1600.0,cv,0,,,55.007,1.5,0.1,charging,27.5037,50.0,lost,90.0,90.0,90.0,90.0,0.0,1,csi,0,0.0,,,0.0,0.0,640,480,131,0,CRC/QPSK/OFDM,1,0,129,133,1064,532,12,44,960,192,48,"p1br,seq=00036,frame_b=00133,bits=01064,qpsk=00532,ofdm=012,pad_q=00044,gap=0,ok=1","cvtrk,seq=00036,det=0,conf=0.00,x=+0.000,y=+0.000,pan=090.0,tilt=090.0,target=090.0/090.0,err=00.0,st=lost",Orin CSI camera solar tracker
2026-08-07T06:35:31.669873+00:00,1,,0,37,50,5300.0,301.887,1600.0,cv,0,,,55.008,1.5,0.1,charging,27.5038,50.0,lost,90.0,90.0,90.0,90.0,0.0,1,csi,0,0.0,,,0.0,0.0,640,480,124,0,CRC/QPSK/OFDM,1,0,129,133,1064,532,12,44,960,192,48,"p1br,seq=00037,frame_b=00133,bits=01064,qpsk=00532,ofdm=012,pad_q=00044,gap=0,ok=1","cvtrk,seq=00037,det=0,conf=0.00,x=+0.000,y=+0.000,pan=090.0,tilt=090.0,target=090.0/090.0,err=00.0,st=lost",Orin CSI camera solar tracker
2026-08-07T06:35:31.925117+00:00,1,,0,38,50,5300.0,301.887,1600.0,cv,0,,,55.008,1.5,0.1,charging,27.5039,50.0,lost,90.0,90.0,90.0,90.0,0.0,1,csi,0,0.0,,,0.0,0.0,640,480,125,0,CRC/QPSK/OFDM,1,0,129,133,1064,532,12,44,960,192,48,"p1br,seq=00038,frame_b=00133,bits=01064,qpsk=00532,ofdm=012,pad_q=00044,gap=0,ok=1","cvtrk,seq=00038,det=0,conf=0.00,x=+0.000,y=+0.000,pan=090.0,tilt=090.0,target=090.0/090.0,err=00.0,st=lost",Orin CSI camera solar tracker
2026-08-07T06:35:32.183447+00:00,1,,0,39,50,5300.0,301.887,1600.0,cv,0,,,55.008,1.5,0.1,charging,27.504,50.0,lost,90.0,90.0,90.0,90.0,0.0,1,csi,0,0.0,,,0.0,0.0,640,480,125,0,CRC/QPSK/OFDM,1,0,129,133,1064,532,12,44,960,192,48,"p1br,seq=00039,frame_b=00133,bits=01064,qpsk=00532,ofdm=012,pad_q=00044,gap=0,ok=1","cvtrk,seq=00039,det=0,conf=0.00,x=+0.000,y=+0.000,pan=090.0,tilt=090.0,target=090.0/090.0,err=00.0,st=lost",Orin CSI camera solar tracker
2026-08-07T06:35:32.441759+00:00,1,,0,40,50,5300.0,301.887,1600.0,cv,0,,,55.008,1.5,0.1,charging,27.5041,50.0,lost,90.0,90.0,90.0,90.0,0.0,1,csi,0,0.0,,,0.0,0.0,640,480,126,0,CRC/QPSK/OFDM,1,0,129,133,1064,532,12,44,960,192,48,"p1br,seq=00040,frame_b=00133,bits=01064,qpsk=00532,ofdm=012,pad_q=00044,gap=0,ok=1","cvtrk,seq=00040,det=0,conf=0.00,x=+0.000,y=+0.000,pan=090.0,tilt=090.0,target=090.0/090.0,err=00.0,st=lost",Orin CSI camera solar tracker
2026-08-07T06:35:32.696977+00:00,1,,0,41,50,5300.0,301.887,1600.0,cv,0,,,55.008,1.5,0.1,charging,27.5042,50.0,lost,90.0,90.0,90.0,90.0,0.0,1,csi,0,0.0,,,0.0,0.0,640,480,127,0,CRC/QPSK/OFDM,1,0,129,133,1064,532,12,44,960,192,48,"p1br,seq=00041,frame_b=00133,bits=01064,qpsk=00532,ofdm=012,pad_q=00044,gap=0,ok=1","cvtrk,seq=00041,det=0,conf=0.00,x=+0.000,y=+0.000,pan=090.0,tilt=090.0,target=090.0/090.0,err=00.0,st=lost",Orin CSI camera solar tracker
2026-08-07T06:35:32.953890+00:00,1,,0,42,50,5300.0,301.887,1600.0,cv,0,,,55.009,1.5,0.1,charging,27.5043,50.0,lost,90.0,90.0,90.0,90.0,0.0,1,csi,0,0.0,,,0.0,0.0,640,480,128,0,CRC/QPSK/OFDM,1,0,129,133,1064,532,12,44,960,192,48,"p1br,seq=00042,frame_b=00133,bits=01064,qpsk=00532,ofdm=012,pad_q=00044,gap=0,ok=1","cvtrk,seq=00042,det=0,conf=0.00,x=+0.000,y=+0.000,pan=090.0,tilt=090.0,target=090.0/090.0,err=00.0,st=lost",Orin CSI camera solar tracker
2026-08-07T06:35:33.213643+00:00,1,,0,43,50,5300.0,301.887,1600.0,cv,0,,,55.009,1.5,0.1,charging,27.5044,50.0,lost,90.0,90.0,90.0,90.0,0.0,1,csi,0,0.0,,,0.0,0.0,640,480,127,0,CRC/QPSK/OFDM,1,0,129,133,1064,532,12,44,960,192,48,"p1br,seq=00043,frame_b=00133,bits=01064,qpsk=00532,ofdm=012,pad_q=00044,gap=0,ok=1","cvtrk,seq=00043,det=0,conf=0.00,x=+0.000,y=+0.000,pan=090.0,tilt=090.0,target=090.0/090.0,err=00.0,st=lost",Orin CSI camera solar tracker
2026-08-07T06:35:33.469713+00:00,1,,0,44,50,5300.0,301.887,1600.0,cv,0,,,55.009,1.5,0.1,charging,27.5045,50.0,lost,90.0,90.0,90.0,90.0,0.0,1,csi,0,0.0,,,0.0,0.0,640,480,127,0,CRC/QPSK/OFDM,1,0,129,133,1064,532,12,44,960,192,48,"p1br,seq=00044,frame_b=00133,bits=01064,qpsk=00532,ofdm=012,pad_q=00044,gap=0,ok=1","cvtrk,seq=00044,det=0,conf=0.00,x=+0.000,y=+0.000,pan=090.0,tilt=090.0,target=090.0/090.0,err=00.0,st=lost",Orin CSI camera solar tracker
2026-08-07T06:35:33.727642+00:00,1,,0,45,50,5300.0,301.887,1600.0,cv,0,,,55.009,1.5,0.1,charging,27.5046,50.0,lost,90.0,90.0,90.0,90.0,0.0,1,csi,0,0.0,,,0.0,0.0,640,480,126,0,CRC/QPSK/OFDM,1,0,129,133,1064,532,12,44,960,192,48,"p1br,seq=00045,frame_b=00133,bits=01064,qpsk=00532,ofdm=012,pad_q=00044,gap=0,ok=1","cvtrk,seq=00045,det=0,conf=0.00,x=+0.000,y=+0.000,pan=090.0,tilt=090.0,target=090.0/090.0,err=00.0,st=lost",Orin CSI camera solar tracker
2026-08-07T06:35:33.985683+00:00,1,,0,46,50,5300.0,301.887,1600.0,cv,0,,,55.009,1.5,0.1,charging,27.5047,50.0,lost,90.0,90.0,90.0,90.0,0.0,1,csi,0,0.0,,,0.0,0.0,640,480,126,0,CRC/QPSK/OFDM,1,0,129,133,1064,532,12,44,960,192,48,"p1br,seq=00046,frame_b=00133,bits=01064,qpsk=00532,ofdm=012,pad_q=00044,gap=0,ok=1","cvtrk,seq=00046,det=0,conf=0.00,x=+0.000,y=+0.000,pan=090.0,tilt=090.0,target=090.0/090.0,err=00.0,st=lost",Orin CSI camera solar tracker
2026-08-07T06:35:34.242358+00:00,1,,0,47,50,5300.0,301.887,1600.0,cv,0,,,55.01,1.5,0.1,charging,27.5048,50.0,lost,90.0,90.0,90.0,90.0,0.0,1,csi,0,0.0,,,0.0,0.0,640,480,127,0,CRC/QPSK/OFDM,1,0,129,133,1064,532,12,44,960,192,48,"p1br,seq=00047,frame_b=00133,bits=01064,qpsk=00532,ofdm=012,pad_q=00044,gap=0,ok=1","cvtrk,seq=00047,det=0,conf=0.00,x=+0.000,y=+0.000,pan=090.0,tilt=090.0,target=090.0/090.0,err=00.0,st=lost",Orin CSI camera solar tracker
2026-08-07T06:35:34.498769+00:00,1,,0,48,50,5300.0,301.887,1600.0,cv,0,,,55.01,1.5,0.1,charging,27.5049,50.0,lost,90.0,90.0,90.0,90.0,0.0,1,csi,0,0.0,,,0.0,0.0,640,480,130,0,CRC/QPSK/OFDM,1,0,129,133,1064,532,12,44,960,192,48,"p1br,seq=00048,frame_b=00133,bits=01064,qpsk=00532,ofdm=012,pad_q=00044,gap=0,ok=1","cvtrk,seq=00048,det=0,conf=0.00,x=+0.000,y=+0.000,pan=090.0,tilt=090.0,target=090.0/090.0,err=00.0,st=lost",Orin CSI camera solar tracker
2026-08-07T06:35:34.754808+00:00,1,,0,49,50,5300.0,301.887,1600.0,cv,0,,,55.01,1.5,0.1,charging,27.505,50.0,lost,90.0,90.0,90.0,90.0,0.0,1,csi,0,0.0,,,0.0,0.0,640,480,128,0,CRC/QPSK/OFDM,1,0,129,133,1064,532,12,44,960,192,48,"p1br,seq=00049,frame_b=00133,bits=01064,qpsk=00532,ofdm=012,pad_q=00044,gap=0,ok=1","cvtrk,seq=00049,det=0,conf=0.00,x=+0.000,y=+0.000,pan=090.0,tilt=090.0,target=090.0/090.0,err=00.0,st=lost",Orin CSI camera solar tracker
2026-08-07T06:35:35.012451+00:00,1,,0,50,50,5300.0,301.887,1600.0,cv,0,,,55.01,1.5,0.1,charging,27.5051,50.0,lost,90.0,90.0,90.0,90.0,0.0,1,csi,0,0.0,,,0.0,0.0,640,480,130,0,CRC/QPSK/OFDM,1,0,129,133,1064,532,12,44,960,192,48,"p1br,seq=00050,frame_b=00133,bits=01064,qpsk=00532,ofdm=012,pad_q=00044,gap=0,ok=1","cvtrk,seq=00050,det=0,conf=0.00,x=+0.000,y=+0.000,pan=090.0,tilt=090.0,target=090.0/090.0,err=00.0,st=lost",Orin CSI camera solar tracker
2026-08-07T06:35:35.270471+00:00,1,,0,51,50,5300.0,301.887,1600.0,cv,0,,,55.01,1.5,0.1,charging,27.5052,50.0,lost,90.0,90.0,90.0,90.0,0.0,1,csi,0,0.0,,,0.0,0.0,640,480,130,0,CRC/QPSK/OFDM,1,0,129,133,1064,532,12,44,960,192,48,"p1br,seq=00051,frame_b=00133,bits=01064,qpsk=00532,ofdm=012,pad_q=00044,gap=0,ok=1","cvtrk,seq=00051,det=0,conf=0.00,x=+0.000,y=+0.000,pan=090.0,tilt=090.0,target=090.0/090.0,err=00.0,st=lost",Orin CSI camera solar tracker
2026-08-07T06:35:35.528184+00:00,1,,0,52,50,5300.0,301.887,1600.0,cv,0,,,55.011,1.5,0.1,charging,27.5053,50.0,lost,90.0,90.0,90.0,90.0,0.0,1,csi,0,0.0,,,0.0,0.0,640,480,129,0,CRC/QPSK/OFDM,1,0,129,133,1064,532,12,44,960,192,48,"p1br,seq=00052,frame_b=00133,bits=01064,qpsk=00532,ofdm=012,pad_q=00044,gap=0,ok=1","cvtrk,seq=00052,det=0,conf=0.00,x=+0.000,y=+0.000,pan=090.0,tilt=090.0,target=090.0/090.0,err=00.0,st=lost",Orin CSI camera solar tracker
2026-08-07T06:35:35.785711+00:00,1,,0,53,50,5300.0,301.887,1600.0,cv,0,,,55.011,1.5,0.1,charging,27.5054,50.0,lost,90.0,90.0,90.0,90.0,0.0,1,csi,0,0.0,,,0.0,0.0,640,480,130,0,CRC/QPSK/OFDM,1,0,129,133,1064,532,12,44,960,192,48,"p1br,seq=00053,frame_b=00133,bits=01064,qpsk=00532,ofdm=012,pad_q=00044,gap=0,ok=1","cvtrk,seq=00053,det=0,conf=0.00,x=+0.000,y=+0.000,pan=090.0,tilt=090.0,target=090.0/090.0,err=00.0,st=lost",Orin CSI camera solar tracker
2026-08-07T06:35:36.045671+00:00,1,,0,54,50,5300.0,301.887,1600.0,cv,0,,,55.011,1.5,0.1,charging,27.5055,50.0,lost,90.0,90.0,90.0,90.0,0.0,1,csi,0,0.0,,,0.0,0.0,640,480,130,0,CRC/QPSK/OFDM,1,0,129,133,1064,532,12,44,960,192,48,"p1br,seq=00054,frame_b=00133,bits=01064,qpsk=00532,ofdm=012,pad_q=00044,gap=0,ok=1","cvtrk,seq=00054,det=0,conf=0.00,x=+0.000,y=+0.000,pan=090.0,tilt=090.0,target=090.0/090.0,err=00.0,st=lost",Orin CSI camera solar tracker
2026-08-07T06:35:36.303883+00:00,1,,0,55,50,5300.0,301.887,1600.0,cv,0,,,55.011,1.5,0.1,charging,27.5056,50.0,lost,90.0,90.0,90.0,90.0,0.0,1,csi,0,0.0,,,0.0,0.0,640,480,129,0,CRC/QPSK/OFDM,1,0,129,133,1064,532,12,44,960,192,48,"p1br,seq=00055,frame_b=00133,bits=01064,qpsk=00532,ofdm=012,pad_q=00044,gap=0,ok=1","cvtrk,seq=00055,det=0,conf=0.00,x=+0.000,y=+0.000,pan=090.0,tilt=090.0,target=090.0/090.0,err=00.0,st=lost",Orin CSI camera solar tracker
2026-08-07T06:35:36.560139+00:00,1,,0,56,50,5300.0,301.887,1600.0,cv,0,,,55.011,1.5,0.1,charging,27.5057,50.0,lost,90.0,90.0,90.0,90.0,0.0,1,csi,0,0.0,,,0.0,0.0,640,480,129,0,CRC/QPSK/OFDM,1,0,129,133,1064,532,12,44,960,192,48,"p1br,seq=00056,frame_b=00133,bits=01064,qpsk=00532,ofdm=012,pad_q=00044,gap=0,ok=1","cvtrk,seq=00056,det=0,conf=0.00,x=+0.000,y=+0.000,pan=090.0,tilt=090.0,target=090.0/090.0,err=00.0,st=lost",Orin CSI camera solar tracker
2026-08-07T06:35:36.818514+00:00,1,,0,57,50,5300.0,301.887,1600.0,cv,0,,,55.012,1.5,0.1,charging,27.5058,50.0,lost,90.0,90.0,90.0,90.0,0.0,1,csi,0,0.0,,,0.0,0.0,640,480,129,0,CRC/QPSK/OFDM,1,0,129,133,1064,532,12,44,960,192,48,"p1br,seq=00057,frame_b=00133,bits=01064,qpsk=00532,ofdm=012,pad_q=00044,gap=0,ok=1","cvtrk,seq=00057,det=0,conf=0.00,x=+0.000,y=+0.000,pan=090.0,tilt=090.0,target=090.0/090.0,err=00.0,st=lost",Orin CSI camera solar tracker
2026-08-07T06:35:37.074057+00:00,1,,0,58,50,5300.0,301.887,1600.0,cv,0,,,55.012,1.5,0.1,charging,27.5059,50.0,lost,90.0,90.0,90.0,90.0,0.0,1,csi,0,0.0,,,0.0,0.0,640,480,129,0,CRC/QPSK/OFDM,1,0,129,133,1064,532,12,44,960,192,48,"p1br,seq=00058,frame_b=00133,bits=01064,qpsk=00532,ofdm=012,pad_q=00044,gap=0,ok=1","cvtrk,seq=00058,det=0,conf=0.00,x=+0.000,y=+0.000,pan=090.0,tilt=090.0,target=090.0/090.0,err=00.0,st=lost",Orin CSI camera solar tracker
2026-08-07T06:35:37.331522+00:00,1,,0,59,50,5300.0,301.887,1600.0,cv,0,,,55.012,1.5,0.1,charging,27.506,50.0,lost,90.0,90.0,90.0,90.0,0.0,1,csi,0,0.0,,,0.0,0.0,640,480,130,0,CRC/QPSK/OFDM,1,0,129,133,1064,532,12,44,960,192,48,"p1br,seq=00059,frame_b=00133,bits=01064,qpsk=00532,ofdm=012,pad_q=00044,gap=0,ok=1","cvtrk,seq=00059,det=0,conf=0.00,x=+0.000,y=+0.000,pan=090.0,tilt=090.0,target=090.0/090.0,err=00.0,st=lost",Orin CSI camera solar tracker
2026-08-07T06:35:37.592217+00:00,1,,0,60,50,5300.0,301.887,1600.0,cv,0,,,55.012,1.5,0.1,charging,27.5061,50.0,lost,90.0,90.0,90.0,90.0,0.0,1,csi,0,0.0,,,0.0,0.0,640,480,129,0,CRC/QPSK/OFDM,1,0,129,133,1064,532,12,44,960,192,48,"p1br,seq=00060,frame_b=00133,bits=01064,qpsk=00532,ofdm=012,pad_q=00044,gap=0,ok=1","cvtrk,seq=00060,det=0,conf=0.00,x=+0.000,y=+0.000,pan=090.0,tilt=090.0,target=090.0/090.0,err=00.0,st=lost",Orin CSI camera solar tracker
2026-08-07T06:35:37.849437+00:00,1,,0,61,50,5300.0,301.887,1600.0,cv,0,,,55.012,1.5,0.1,charging,27.5062,50.0,lost,90.0,90.0,90.0,90.0,0.0,1,csi,0,0.0,,,0.0,0.0,640,480,129,0,CRC/QPSK/OFDM,1,0,129,133,1064,532,12,44,960,192,48,"p1br,seq=00061,frame_b=00133,bits=01064,qpsk=00532,ofdm=012,pad_q=00044,gap=0,ok=1","cvtrk,seq=00061,det=0,conf=0.00,x=+0.000,y=+0.000,pan=090.0,tilt=090.0,target=090.0/090.0,err=00.0,st=lost",Orin CSI camera solar tracker
2026-08-07T06:35:38.107663+00:00,1,,0,62,50,5300.0,301.887,1600.0,cv,0,,,55.013,1.5,0.1,charging,27.5063,50.0,lost,90.0,90.0,90.0,90.0,0.0,1,csi,0,0.0,,,0.0,0.0,640,480,130,0,CRC/QPSK/OFDM,1,0,129,133,1064,532,12,44,960,192,48,"p1br,seq=00062,frame_b=00133,bits=01064,qpsk=00532,ofdm=012,pad_q=00044,gap=0,ok=1","cvtrk,seq=00062,det=0,conf=0.00,x=+0.000,y=+0.000,pan=090.0,tilt=090.0,target=090.0/090.0,err=00.0,st=lost",Orin CSI camera solar tracker
2026-08-07T06:35:38.363792+00:00,1,,0,63,50,5300.0,301.887,1600.0,cv,0,,,55.013,1.5,0.1,charging,27.5064,50.0,lost,90.0,90.0,90.0,90.0,0.0,1,csi,0,0.0,,,0.0,0.0,640,480,129,0,CRC/QPSK/OFDM,1,0,129,133,1064,532,12,44,960,192,48,"p1br,seq=00063,frame_b=00133,bits=01064,qpsk=00532,ofdm=012,pad_q=00044,gap=0,ok=1","cvtrk,seq=00063,det=0,conf=0.00,x=+0.000,y=+0.000,pan=090.0,tilt=090.0,target=090.0/090.0,err=00.0,st=lost",Orin CSI camera solar tracker
2026-08-07T06:35:38.625775+00:00,1,,0,64,50,5300.0,301.887,1600.0,cv,0,,,55.013,1.5,0.1,charging,27.5065,50.0,lost,90.0,90.0,90.0,90.0,0.0,1,csi,0,0.0,,,0.0,0.0,640,480,131,0,CRC/QPSK/OFDM,1,0,129,133,1064,532,12,44,960,192,48,"p1br,seq=00064,frame_b=00133,bits=01064,qpsk=00532,ofdm=012,pad_q=00044,gap=0,ok=1","cvtrk,seq=00064,det=0,conf=0.00,x=+0.000,y=+0.000,pan=090.0,tilt=090.0,target=090.0/090.0,err=00.0,st=lost",Orin CSI camera solar tracker
2026-08-07T06:35:38.883986+00:00,1,,0,65,50,5300.0,301.887,1600.0,cv,0,,,55.013,1.5,0.1,charging,27.5066,50.0,lost,90.0,90.0,90.0,90.0,0.0,1,csi,0,0.0,,,0.0,0.0,640,480,131,0,CRC/QPSK/OFDM,1,0,129,133,1064,532,12,44,960,192,48,"p1br,seq=00065,frame_b=00133,bits=01064,qpsk=00532,ofdm=012,pad_q=00044,gap=0,ok=1","cvtrk,seq=00065,det=0,conf=0.00,x=+0.000,y=+0.000,pan=090.0,tilt=090.0,target=090.0/090.0,err=00.0,st=lost",Orin CSI camera solar tracker
2026-08-07T06:35:39.144350+00:00,1,,0,66,50,5300.0,301.887,1600.0,cv,0,,,55.013,1.5,0.1,charging,27.5067,50.0,lost,90.0,90.0,90.0,90.0,0.0,1,csi,0,0.0,,,0.0,0.0,640,480,126,0,CRC/QPSK/OFDM,1,0,129,133,1064,532,12,44,960,192,48,"p1br,seq=00066,frame_b=00133,bits=01064,qpsk=00532,ofdm=012,pad_q=00044,gap=0,ok=1","cvtrk,seq=00066,det=0,conf=0.00,x=+0.000,y=+0.000,pan=090.0,tilt=090.0,target=090.0/090.0,err=00.0,st=lost",Orin CSI camera solar tracker
2026-08-07T06:35:39.401668+00:00,1,,0,67,50,5300.0,301.887,1600.0,cv,0,,,55.014,1.5,0.1,charging,27.5068,50.0,lost,90.0,90.0,90.0,90.0,0.0,1,csi,0,0.0,,,0.0,0.0,640,480,123,0,CRC/QPSK/OFDM,1,0,129,133,1064,532,12,44,960,192,48,"p1br,seq=00067,frame_b=00133,bits=01064,qpsk=00532,ofdm=012,pad_q=00044,gap=0,ok=1","cvtrk,seq=00067,det=0,conf=0.00,x=+0.000,y=+0.000,pan=090.0,tilt=090.0,target=090.0/090.0,err=00.0,st=lost",Orin CSI camera solar tracker
2026-08-07T06:35:39.659387+00:00,1,,0,68,50,5300.0,301.887,1600.0,cv,0,,,55.014,1.5,0.1,charging,27.5069,50.0,lost,90.0,90.0,90.0,90.0,0.0,1,csi,0,0.0,,,0.0,0.0,640,480,123,0,CRC/QPSK/OFDM,1,0,129,133,1064,532,12,44,960,192,48,"p1br,seq=00068,frame_b=00133,bits=01064,qpsk=00532,ofdm=012,pad_q=00044,gap=0,ok=1","cvtrk,seq=00068,det=0,conf=0.00,x=+0.000,y=+0.000,pan=090.0,tilt=090.0,target=090.0/090.0,err=00.0,st=lost",Orin CSI camera solar tracker
2026-08-07T06:35:39.918376+00:00,1,,0,69,50,5300.0,301.887,1600.0,cv,0,,,55.014,1.5,0.1,charging,27.507,50.0,lost,90.0,90.0,90.0,90.0,0.0,1,csi,0,0.0,,,0.0,0.0,640,480,124,0,CRC/QPSK/OFDM,1,0,129,133,1064,532,12,44,960,192,48,"p1br,seq=00069,frame_b=00133,bits=01064,qpsk=00532,ofdm=012,pad_q=00044,gap=0,ok=1","cvtrk,seq=00069,det=0,conf=0.00,x=+0.000,y=+0.000,pan=090.0,tilt=090.0,target=090.0/090.0,err=00.0,st=lost",Orin CSI camera solar tracker
2026-08-07T06:35:40.179795+00:00,1,,0,70,50,5300.0,301.887,1600.0,cv,0,,,55.014,1.5,0.1,charging,27.5071,50.0,lost,90.0,90.0,90.0,90.0,0.0,1,csi,0,0.0,,,0.0,0.0,640,480,123,0,CRC/QPSK/OFDM,1,0,129,133,1064,532,12,44,960,192,48,"p1br,seq=00070,frame_b=00133,bits=01064,qpsk=00532,ofdm=012,pad_q=00044,gap=0,ok=1","cvtrk,seq=00070,det=0,conf=0.00,x=+0.000,y=+0.000,pan=090.0,tilt=090.0,target=090.0/090.0,err=00.0,st=lost",Orin CSI camera solar tracker
2026-08-07T06:35:40.434211+00:00,1,,0,71,50,5300.0,301.887,1600.0,cv,0,,,55.014,1.5,0.1,charging,27.5072,50.0,lost,90.0,90.0,90.0,90.0,0.0,1,csi,0,0.0,,,0.0,0.0,640,480,123,0,CRC/QPSK/OFDM,1,0,129,133,1064,532,12,44,960,192,48,"p1br,seq=00071,frame_b=00133,bits=01064,qpsk=00532,ofdm=012,pad_q=00044,gap=0,ok=1","cvtrk,seq=00071,det=0,conf=0.00,x=+0.000,y=+0.000,pan=090.0,tilt=090.0,target=090.0/090.0,err=00.0,st=lost",Orin CSI camera solar tracker
2026-08-07T06:35:40.694229+00:00,1,,0,72,50,5300.0,301.887,1600.0,cv,0,,,55.015,1.5,0.1,charging,27.5073,50.0,lost,90.0,90.0,90.0,90.0,0.0,1,csi,0,0.0,,,0.0,0.0,640,480,124,0,CRC/QPSK/OFDM,1,0,129,133,1064,532,12,44,960,192,48,"p1br,seq=00072,frame_b=00133,bits=01064,qpsk=00532,ofdm=012,pad_q=00044,gap=0,ok=1","cvtrk,seq=00072,det=0,conf=0.00,x=+0.000,y=+0.000,pan=090.0,tilt=090.0,target=090.0/090.0,err=00.0,st=lost",Orin CSI camera solar tracker
2026-08-07T06:35:40.951877+00:00,1,,0,73,50,5300.0,301.887,1600.0,cv,0,,,55.015,1.5,0.1,charging,27.5074,50.0,lost,90.0,90.0,90.0,90.0,0.0,1,csi,0,0.0,,,0.0,0.0,640,480,123,0,CRC/QPSK/OFDM,1,0,129,133,1064,532,12,44,960,192,48,"p1br,seq=00073,frame_b=00133,bits=01064,qpsk=00532,ofdm=012,pad_q=00044,gap=0,ok=1","cvtrk,seq=00073,det=0,conf=0.00,x=+0.000,y=+0.000,pan=090.0,tilt=090.0,target=090.0/090.0,err=00.0,st=lost",Orin CSI camera solar tracker
2026-08-07T06:35:41.207236+00:00,1,,0,74,50,5300.0,301.887,1600.0,cv,0,,,55.015,1.5,0.1,charging,27.5075,50.0,lost,90.0,90.0,90.0,90.0,0.0,1,csi,0,0.0,,,0.0,0.0,640,480,122,0,CRC/QPSK/OFDM,1,0,129,133,1064,532,12,44,960,192,48,"p1br,seq=00074,frame_b=00133,bits=01064,qpsk=00532,ofdm=012,pad_q=00044,gap=0,ok=1","cvtrk,seq=00074,det=0,conf=0.00,x=+0.000,y=+0.000,pan=090.0,tilt=090.0,target=090.0/090.0,err=00.0,st=lost",Orin CSI camera solar tracker
2026-08-07T06:35:41.464578+00:00,1,,0,75,50,5300.0,301.887,1600.0,cv,0,,,55.015,1.5,0.1,charging,27.5076,50.0,lost,90.0,90.0,90.0,90.0,0.0,1,csi,0,0.0,,,0.0,0.0,640,480,125,0,CRC/QPSK/OFDM,1,0,129,133,1064,532,12,44,960,192,48,"p1br,seq=00075,frame_b=00133,bits=01064,qpsk=00532,ofdm=012,pad_q=00044,gap=0,ok=1","cvtrk,seq=00075,det=0,conf=0.00,x=+0.000,y=+0.000,pan=090.0,tilt=090.0,target=090.0/090.0,err=00.0,st=lost",Orin CSI camera solar tracker
2026-08-07T06:35:41.721840+00:00,1,,0,76,50,5300.0,301.887,1600.0,cv,0,,,55.016,1.5,0.1,charging,27.5078,50.0,lost,90.0,90.0,90.0,90.0,0.0,1,csi,0,0.0,,,0.0,0.0,640,480,124,0,CRC/QPSK/OFDM,1,0,129,133,1064,532,12,44,960,192,48,"p1br,seq=00076,frame_b=00133,bits=01064,qpsk=00532,ofdm=012,pad_q=00044,gap=0,ok=1","cvtrk,seq=00076,det=0,conf=0.00,x=+0.000,y=+0.000,pan=090.0,tilt=090.0,target=090.0/090.0,err=00.0,st=lost",Orin CSI camera solar tracker
2026-08-07T06:37:00.674145+00:00,1,,0,0,50,5300.0,301.887,1600.0,cv,0,,,55.019,1.5,0.1,charging,27.5097,50.0,lost,90.0,90.0,90.0,90.0,0.0,1,csi,0,0.0,,,0.0,0.0,640,480,54,0,CRC/QPSK/OFDM,1,1,129,133,1064,532,12,44,960,192,48,"p1br,seq=00000,frame_b=00133,bits=01064,qpsk=00532,ofdm=012,pad_q=00044,gap=1,ok=1","cvtrk,seq=00000,det=0,conf=0.00,x=+0.000,y=+0.000,pan=090.0,tilt=090.0,target=090.0/090.0,err=00.0,st=lost",Orin CSI camera solar tracker
2026-08-07T06:37:01.029690+00:00,1,,0,1,42,5295.646,299.748,1587.359,cv,0,,,55.02,1.487,0.1,charging,27.5099,50.0,seeking,86.779,100.0,81.68,100.0,5.099,1,csi,1,0.5663,234.12,23.96,-0.26839,0.90016,640,480,117,7126,CRC/QPSK/OFDM,1,0,129,133,1064,532,12,44,960,192,48,"p1br,seq=00001,frame_b=00133,bits=01064,qpsk=00532,ofdm=012,pad_q=00044,gap=0,ok=1","cvtrk,seq=00001,det=1,conf=0.57,x=-0.268,y=+0.900,pan=086.8,tilt=100.0,target=081.7/100.0,err=05.1,st=seeking",Orin CSI camera solar tracker
2026-08-07T06:37:01.308247+00:00,1,,0,2,35,5296.951,300.389,1591.144,cv,0,,,55.02,1.491,0.1,charging,27.51,50.0,locked,84.085,100.0,79.818,100.0,4.267,1,csi,1,0.6166,248.14,31.62,-0.22456,0.86823,640,480,133,7488,CRC/QPSK/OFDM,1,0,129,133,1064,532,12,44,960,192,48,"p1br,seq=00002,frame_b=00133,bits=01064,qpsk=00532,ofdm=012,pad_q=00044,gap=0,ok=1","cvtrk,seq=00002,det=1,conf=0.62,x=-0.225,y=+0.868,pan=084.1,tilt=100.0,target=079.8/100.0,err=04.3,st=locked",Orin CSI camera solar tracker
2026-08-07T06:37:01.569179+00:00,1,,0,3,30,5298.183,300.993,1594.719,cv,0,,,55.02,1.495,0.1,charging,27.5101,50.0,locked,82.004,100.0,78.711,100.0,3.294,1,csi,1,0.6669,264.53,30.79,-0.17335,0.87172,640,480,149,7736,CRC/QPSK/OFDM,1,0,129,133,1064,532,12,44,960,192,48,"p1br,seq=00003,frame_b=00133,bits=01064,qpsk=00532,ofdm=012,pad_q=00044,gap=0,ok=1","cvtrk,seq=00003,det=1,conf=0.67,x=-0.173,y=+0.872,pan=082.0,tilt=100.0,target=078.7/100.0,err=03.3,st=locked",Orin CSI camera solar tracker
2026-08-07T06:37:01.840909+00:00,1,,0,4,21,5281.188,292.689,1545.743,cv,0,,,55.02,1.446,0.1,charging,27.5102,50.0,seeking,78.365,88.911,72.602,80.0,10.611,1,csi,1,0.9214,222.95,461.79,-0.30329,-0.92412,640,480,230,6579,CRC/QPSK/OFDM,1,0,129,133,1064,532,12,44,960,192,48,"p1br,seq=00004,frame_b=00133,bits=01064,qpsk=00532,ofdm=012,pad_q=00044,gap=0,ok=1","cvtrk,seq=00004,det=1,conf=0.92,x=-0.303,y=-0.924,pan=078.4,tilt=088.9,target=072.6/080.0,err=10.6,st=seeking",Orin CSI camera solar tracker
2026-08-07T06:37:02.104095+00:00,1,,0,5,36,5282.454,293.304,1549.365,cv,0,,,55.021,1.449,0.1,charging,27.5103,50.0,seeking,84.476,96.626,94.152,100.0,10.247,1,csi,1,0.7454,482.96,85.69,0.50925,0.64296,640,480,174,6243,CRC/QPSK/OFDM,1,0,129,133,1064,532,12,44,960,192,48,"p1br,seq=00005,frame_b=00133,bits=01064,qpsk=00532,ofdm=012,pad_q=00044,gap=0,ok=1","cvtrk,seq=00005,det=1,conf=0.75,x=+0.509,y=+0.643,pan=084.5,tilt=096.6,target=094.2/100.0,err=10.2,st=seeking",Orin CSI camera solar tracker
2026-08-07T06:37:02.370073+00:00,1,,0,6,10,5297.477,300.646,1592.667,cv,0,,,55.021,1.493,0.1,charging,27.5104,50.0,locked,73.882,100.0,70.0,100.0,3.882,1,csi,1,0.9309,37.49,35.94,-0.88286,0.85026,640,480,233,6144,CRC/QPSK/OFDM,1,0,129,133,1064,532,12,44,960,192,48,"p1br,seq=00006,frame_b=00133,bits=01064,qpsk=00532,ofdm=012,pad_q=00044,gap=0,ok=1","cvtrk,seq=00006,det=1,conf=0.93,x=-0.883,y=+0.850,pan=073.9,tilt=100.0,target=070.0/100.0,err=03.9,st=locked",Orin CSI camera solar tracker
2026-08-07T06:37:02.629462+00:00,1,,0,7,34,5260.716,282.806,1487.761,cv,0,,,55.021,1.388,0.1,charging,27.5105,50.0,seeking,83.582,100.0,98.94,100.0,15.358,1,csi,1,1.0,578.67,39.64,0.80834,0.83483,640,480,255,9432,CRC/QPSK/OFDM,1,0,129,133,1064,532,12,44,960,192,48,"p1br,seq=00007,frame_b=00133,bits=01064,qpsk=00532,ofdm=012,pad_q=00044,gap=0,ok=1","cvtrk,seq=00007,det=1,conf=1.00,x=+0.808,y=+0.835,pan=083.6,tilt=100.0,target=098.9/100.0,err=15.4,st=seeking",Orin CSI camera solar tracker
2026-08-07T06:37:02.887280+00:00,1,,0,8,34,5299.354,301.569,1598.122,cv,0,,,55.021,1.498,0.1,charging,27.5106,50.0,locked,83.526,98.117,83.438,96.155,1.963,1,csi,1,1.0,318.51,277.66,-0.00464,-0.15692,640,480,255,64616,CRC/QPSK/OFDM,1,0,129,133,1064,532,12,44,960,192,48,"p1br,seq=00008,frame_b=00133,bits=01064,qpsk=00532,ofdm=012,pad_q=00044,gap=0,ok=1","cvtrk,seq=00008,det=1,conf=1.00,x=-0.005,y=-0.157,pan=083.5,tilt=098.1,target=083.4/096.2,err=02.0,st=locked",Orin CSI camera solar tracker
2026-08-07T06:37:03.150749+00:00,1,,0,9,34,5299.524,301.653,1598.615,cv,0,,,55.021,1.499,0.1,charging,27.5107,50.0,locked,83.494,96.499,83.444,94.814,1.686,1,csi,1,1.0,319.15,272.36,-0.00265,-0.13484,640,480,255,169732,CRC/QPSK/OFDM,1,0,129,133,1064,532,12,44,960,192,48,"p1br,seq=00009,frame_b=00133,bits=01064,qpsk=00532,ofdm=012,pad_q=00044,gap=0,ok=1","cvtrk,seq=00009,det=1,conf=1.00,x=-0.003,y=-0.135,pan=083.5,tilt=096.5,target=083.4/094.8,err=01.7,st=locked",Orin CSI camera solar tracker
2026-08-07T06:37:03.414047+00:00,1,,0,10,14,5294.951,299.407,1585.345,cv,0,,,55.022,1.485,0.1,charging,27.5108,50.0,seeking,75.492,100.0,70.0,100.0,5.492,1,csi,1,0.89,106.6,121.51,-0.66687,0.49372,640,480,220,6406,CRC/QPSK/OFDM,1,0,129,133,1064,532,12,44,960,192,48,"p1br,seq=00010,frame_b=00133,bits=01064,qpsk=00532,ofdm=012,pad_q=00044,gap=0,ok=1","cvtrk,seq=00010,det=1,conf=0.89,x=-0.667,y=+0.494,pan=075.5,tilt=100.0,target=070.0/100.0,err=05.5,st=seeking",Orin CSI camera solar tracker
2026-08-07T06:37:03.671972+00:00,1,,0,11,30,5281.834,293.002,1547.59,cv,0,,,55.022,1.448,0.1,charging,27.5109,50.0,seeking,82.077,100.0,92.505,100.0,10.427,1,csi,1,1.0,495.62,24.06,0.5488,0.89974,640,480,255,6189,CRC/QPSK/OFDM,1,0,129,133,1064,532,12,44,960,192,48,"p1br,seq=00011,frame_b=00133,bits=01064,qpsk=00532,ofdm=012,pad_q=00044,gap=0,ok=1","cvtrk,seq=00011,det=1,conf=1.00,x=+0.549,y=+0.900,pan=082.1,tilt=100.0,target=092.5/100.0,err=10.4,st=seeking",Orin CSI camera solar tracker
2026-08-07T06:37:03.932283+00:00,1,,0,12,9,5282.126,293.145,1548.426,cv,0,,,55.022,1.448,0.1,charging,27.511,50.0,seeking,73.718,89.651,70.0,80.0,10.343,1,csi,1,0.5726,97.09,446.98,-0.69658,-0.8624,640,480,119,8184,CRC/QPSK/OFDM,1,0,129,133,1064,532,12,44,960,192,48,"p1br,seq=00012,frame_b=00133,bits=01064,qpsk=00532,ofdm=012,pad_q=00044,gap=0,ok=1","cvtrk,seq=00012,det=1,conf=0.57,x=-0.697,y=-0.862,pan=073.7,tilt=089.7,target=070.0/080.0,err=10.3,st=seeking",Orin CSI camera solar tracker
2026-08-07T06:37:04.191179+00:00,1,,0,13,10,5298.29,301.046,1595.03,cv,0,,,55.022,1.495,0.1,charging,27.5111,50.0,locked,73.807,83.192,73.948,80.0,3.195,1,csi,1,1.0,322.37,369.19,0.00741,-0.53827,640,480,255,54328,CRC/QPSK/OFDM,1,0,129,133,1064,532,12,44,960,192,48,"p1br,seq=00013,frame_b=00133,bits=01064,qpsk=00532,ofdm=012,pad_q=00044,gap=0,ok=1","cvtrk,seq=00013,det=1,conf=1.00,x=+0.007,y=-0.538,pan=073.8,tilt=083.2,target=073.9/080.0,err=03.2,st=locked",Orin CSI camera solar tracker
2026-08-07T06:37:04.453862+00:00,1,,0,14,0,5292.401,298.158,1577.969,cv,0,,,55.022,1.478,0.1,charging,27.5112,50.0,seeking,70.091,89.661,70.0,96.399,6.739,1,csi,1,1.0,220.89,110.63,-0.30971,0.53905,640,480,255,39719,CRC/QPSK/OFDM,1,0,129,133,1064,532,12,44,960,192,48,"p1br,seq=00014,frame_b=00133,bits=01064,qpsk=00532,ofdm=012,pad_q=00044,gap=0,ok=1","cvtrk,seq=00014,det=1,conf=1.00,x=-0.310,y=+0.539,pan=070.1,tilt=089.7,target=070.0/096.4,err=06.7,st=seeking",Orin CSI camera solar tracker
2026-08-07T06:37:04.711874+00:00,1,,0,15,0,5298.552,301.175,1595.792,cv,0,,,55.023,1.496,0.1,charging,27.5113,50.0,locked,70.0,97.06,70.0,100.0,2.94,1,csi,1,1.0,176.1,92.01,-0.44968,0.61665,640,480,255,30053,CRC/QPSK/OFDM,1,0,129,133,1064,532,12,44,960,192,48,"p1br,seq=00015,frame_b=00133,bits=01064,qpsk=00532,ofdm=012,pad_q=00044,gap=0,ok=1","cvtrk,seq=00015,det=1,conf=1.00,x=-0.450,y=+0.617,pan=070.0,tilt=097.1,target=070.0/100.0,err=02.9,st=locked",Orin CSI camera solar tracker
2026-08-07T06:37:04.970469+00:00,1,,0,16,0,5300.0,301.887,1600.0,cv,0,,,55.023,1.5,0.1,charging,27.5114,50.0,locked,70.0,100.0,70.0,100.0,0.0,1,csi,1,1.0,201.49,29.92,-0.37034,0.87535,640,480,255,6252,CRC/QPSK/OFDM,1,0,129,133,1064,532,12,44,960,192,48,"p1br,seq=00016,frame_b=00133,bits=01064,qpsk=00532,ofdm=012,pad_q=00044,gap=0,ok=1","cvtrk,seq=00016,det=1,conf=1.00,x=-0.370,y=+0.875,pan=070.0,tilt=100.0,target=070.0/100.0,err=00.0,st=locked",Orin CSI camera solar tracker
2026-08-07T06:37:05.228062+00:00,1,,0,17,0,5300.0,301.887,1600.0,cv,0,,,55.023,1.5,0.1,charging,27.5115,50.0,locked,70.0,100.0,70.0,100.0,0.0,1,csi,1,1.0,198.25,69.49,-0.38048,0.71048,640,480,255,20547,CRC/QPSK/OFDM,1,0,129,133,1064,532,12,44,960,192,48,"p1br,seq=00017,frame_b=00133,bits=01064,qpsk=00532,ofdm=012,pad_q=00044,gap=0,ok=1","cvtrk,seq=00017,det=1,conf=1.00,x=-0.380,y=+0.710,pan=070.0,tilt=100.0,target=070.0/100.0,err=00.0,st=locked",Orin CSI camera solar tracker
2026-08-07T06:37:05.489546+00:00,1,,0,18,0,5300.0,301.887,1600.0,cv,0,,,55.023,1.5,0.1,charging,27.5116,50.0,locked,70.0,100.0,70.0,100.0,0.0,1,csi,1,1.0,214.57,54.71,-0.32946,0.77202,640,480,255,18035,CRC/QPSK/OFDM,1,0,129,133,1064,532,12,44,960,192,48,"p1br,seq=00018,frame_b=00133,bits=01064,qpsk=00532,ofdm=012,pad_q=00044,gap=0,ok=1","cvtrk,seq=00018,det=1,conf=1.00,x=-0.329,y=+0.772,pan=070.0,tilt=100.0,target=070.0/100.0,err=00.0,st=locked",Orin CSI camera solar tracker
2026-08-07T06:37:05.752941+00:00,1,,0,19,0,5300.0,301.887,1600.0,cv,0,,,55.023,1.5,0.1,charging,27.5117,50.0,locked,70.0,100.0,70.0,100.0,0.0,1,csi,1,1.0,242.33,20.74,-0.24272,0.91359,640,480,255,6226,CRC/QPSK/OFDM,1,0,129,133,1064,532,12,44,960,192,48,"p1br,seq=00019,frame_b=00133,bits=01064,qpsk=00532,ofdm=012,pad_q=00044,gap=0,ok=1","cvtrk,seq=00019,det=1,conf=1.00,x=-0.243,y=+0.914,pan=070.0,tilt=100.0,target=070.0/100.0,err=00.0,st=locked",Orin CSI camera solar tracker
2026-08-07T06:37:06.009915+00:00,1,,0,20,0,5300.0,301.887,1600.0,cv,0,,,55.024,1.5,0.1,charging,27.5118,50.0,locked,70.0,100.0,70.0,100.0,0.0,1,csi,1,1.0,247.31,20.46,-0.22715,0.91475,640,480,255,6231,CRC/QPSK/OFDM,1,0,129,133,1064,532,12,44,960,192,48,"p1br,seq=00020,frame_b=00133,bits=01064,qpsk=00532,ofdm=012,pad_q=00044,gap=0,ok=1","cvtrk,seq=00020,det=1,conf=1.00,x=-0.227,y=+0.915,pan=070.0,tilt=100.0,target=070.0/100.0,err=00.0,st=locked",Orin CSI camera solar tracker
2026-08-07T06:37:06.349059+00:00,1,,0,21,0,5300.0,301.887,1600.0,cv,0,,,55.024,1.5,0.1,charging,27.5119,50.0,locked,70.0,100.0,70.0,100.0,0.0,1,csi,1,1.0,167.03,162.82,-0.47802,0.32158,640,480,255,46531,CRC/QPSK/OFDM,1,0,129,133,1064,532,12,44,960,192,48,"p1br,seq=00021,frame_b=00133,bits=01064,qpsk=00532,ofdm=012,pad_q=00044,gap=0,ok=1","cvtrk,seq=00021,det=1,conf=1.00,x=-0.478,y=+0.322,pan=070.0,tilt=100.0,target=070.0/100.0,err=00.0,st=locked",Orin CSI camera solar tracker
2026-08-07T06:37:06.533800+00:00,1,,0,22,0,5300.0,301.887,1600.0,cv,0,,,55.024,1.5,0.1,charging,27.512,50.0,locked,70.0,100.0,70.0,100.0,0.0,1,csi,1,1.0,154.69,231.57,-0.51658,0.03512,640,480,255,29344,CRC/QPSK/OFDM,1,0,129,133,1064,532,12,44,960,192,48,"p1br,seq=00022,frame_b=00133,bits=01064,qpsk=00532,ofdm=012,pad_q=00044,gap=0,ok=1","cvtrk,seq=00022,det=1,conf=1.00,x=-0.517,y=+0.035,pan=070.0,tilt=100.0,target=070.0/100.0,err=00.0,st=locked",Orin CSI camera solar tracker
2026-08-07T06:37:06.791178+00:00,1,,0,23,0,5298.604,301.2,1595.941,cv,0,,,55.024,1.496,0.1,charging,27.5121,50.0,locked,70.0,97.229,70.0,94.342,2.887,1,csi,1,1.0,149.82,295.43,-0.53183,-0.23095,640,480,255,24095,CRC/QPSK/OFDM,1,0,129,133,1064,532,12,44,960,192,48,"p1br,seq=00023,frame_b=00133,bits=01064,qpsk=00532,ofdm=012,pad_q=00044,gap=0,ok=1","cvtrk,seq=00023,det=1,conf=1.00,x=-0.532,y=-0.231,pan=070.0,tilt=097.2,target=070.0/094.3,err=02.9,st=locked",Orin CSI camera solar tracker
2026-08-07T06:37:07.148240+00:00,1,,0,24,0,5299.753,301.765,1599.282,cv,0,,,55.025,1.499,0.1,charging,27.5123,50.0,locked,70.0,96.064,70.0,94.85,1.214,1,csi,1,1.0,154.74,263.3,-0.51644,-0.09709,640,480,255,22701,CRC/QPSK/OFDM,1,0,129,133,1064,532,12,44,960,192,48,"p1br,seq=00024,frame_b=00133,bits=01064,qpsk=00532,ofdm=012,pad_q=00044,gap=0,ok=1","cvtrk,seq=00024,det=1,conf=1.00,x=-0.516,y=-0.097,pan=070.0,tilt=096.1,target=070.0/094.8,err=01.2,st=locked",Orin CSI camera solar tracker
2026-08-07T06:37:07.315783+00:00,1,,0,25,0,5299.648,301.714,1598.976,cv,0,,,55.025,1.499,0.1,charging,27.5123,50.0,locked,70.0,94.672,70.0,93.222,1.45,1,csi,1,1.0,164.17,267.83,-0.48697,-0.11597,640,480,255,22298,CRC/QPSK/OFDM,1,0,129,133,1064,532,12,44,960,192,48,"p1br,seq=00025,frame_b=00133,bits=01064,qpsk=00532,ofdm=012,pad_q=00044,gap=0,ok=1","cvtrk,seq=00025,det=1,conf=1.00,x=-0.487,y=-0.116,pan=070.0,tilt=094.7,target=070.0/093.2,err=01.4,st=locked",Orin CSI camera solar tracker
2026-08-07T06:37:07.569861+00:00,1,,0,26,0,5298.783,301.289,1596.463,cv,0,,,55.025,1.496,0.1,charging,27.5124,50.0,locked,70.0,97.305,70.0,100.0,2.695,1,csi,1,1.0,175.93,187.34,-0.45022,0.21942,640,480,255,19687,CRC/QPSK/OFDM,1,0,129,133,1064,532,12,44,960,192,48,"p1br,seq=00026,frame_b=00133,bits=01064,qpsk=00532,ofdm=012,pad_q=00044,gap=0,ok=1","cvtrk,seq=00026,det=1,conf=1.00,x=-0.450,y=+0.219,pan=070.0,tilt=097.3,target=070.0/100.0,err=02.7,st=locked",Orin CSI camera solar tracker
2026-08-07T06:37:07.828111+00:00,1,,0,27,0,5300.0,301.887,1600.0,cv,0,,,55.025,1.5,0.1,charging,27.5125,50.0,locked,70.0,100.0,70.0,100.0,0.0,1,csi,1,1.0,187.13,121.19,-0.41522,0.49503,640,480,255,18513,CRC/QPSK/OFDM,1,0,129,133,1064,532,12,44,960,192,48,"p1br,seq=00027,frame_b=00133,bits=01064,qpsk=00532,ofdm=012,pad_q=00044,gap=0,ok=1","cvtrk,seq=00027,det=1,conf=1.00,x=-0.415,y=+0.495,pan=070.0,tilt=100.0,target=070.0/100.0,err=00.0,st=locked",Orin CSI camera solar tracker
2026-08-07T06:37:08.091366+00:00,1,,0,28,0,5300.0,301.887,1600.0,cv,0,,,55.025,1.5,0.1,charging,27.5126,50.0,locked,70.0,100.0,70.0,100.0,0.0,1,csi,1,1.0,196.03,133.04,-0.38742,0.44567,640,480,255,19933,CRC/QPSK/OFDM,1,0,129,133,1064,532,12,44,960,192,48,"p1br,seq=00028,frame_b=00133,bits=01064,qpsk=00532,ofdm=012,pad_q=00044,gap=0,ok=1","cvtrk,seq=00028,det=1,conf=1.00,x=-0.387,y=+0.446,pan=070.0,tilt=100.0,target=070.0/100.0,err=00.0,st=locked",Orin CSI camera solar tracker
2026-08-07T06:37:08.379903+00:00,1,,0,29,0,5300.0,301.887,1600.0,cv,0,,,55.025,1.5,0.1,charging,27.5127,50.0,locked,70.0,100.0,70.0,100.0,0.0,1,csi,1,1.0,184.02,194.45,-0.42495,0.18981,640,480,255,21642,CRC/QPSK/OFDM,1,0,129,133,1064,532,12,44,960,192,48,"p1br,seq=00029,frame_b=00133,bits=01064,qpsk=00532,ofdm=012,pad_q=00044,gap=0,ok=1","cvtrk,seq=00029,det=1,conf=1.00,x=-0.425,y=+0.190,pan=070.0,tilt=100.0,target=070.0/100.0,err=00.0,st=locked",Orin CSI camera solar tracker
2026-08-07T06:37:08.611595+00:00,1,,0,30,0,5300.0,301.887,1600.0,cv,0,,,55.026,1.5,0.1,charging,27.5128,50.0,locked,70.0,100.0,70.0,100.0,0.0,1,csi,1,1.0,182.34,185.91,-0.4302,0.22539,640,480,255,21475,CRC/QPSK/OFDM,1,0,129,133,1064,532,12,44,960,192,48,"p1br,seq=00030,frame_b=00133,bits=01064,qpsk=00532,ofdm=012,pad_q=00044,gap=0,ok=1","cvtrk,seq=00030,det=1,conf=1.00,x=-0.430,y=+0.225,pan=070.0,tilt=100.0,target=070.0/100.0,err=00.0,st=locked",Orin CSI camera solar tracker
2026-08-07T06:37:08.870849+00:00,1,,0,31,0,5299.837,301.807,1599.526,cv,0,,,55.026,1.5,0.1,charging,27.5129,50.0,locked,70.0,99.054,70.0,98.068,0.986,1,csi,1,1.0,165.84,258.93,-0.48175,-0.07887,640,480,255,24688,CRC/QPSK/OFDM,1,0,129,133,1064,532,12,44,960,192,48,"p1br,seq=00031,frame_b=00133,bits=01064,qpsk=00532,ofdm=012,pad_q=00044,gap=0,ok=1","cvtrk,seq=00031,det=1,conf=1.00,x=-0.482,y=-0.079,pan=070.0,tilt=099.1,target=070.0/098.1,err=01.0,st=locked",Orin CSI camera solar tracker
2026-08-07T06:37:09.195508+00:00,1,,0,32,0,5300.0,301.887,1600.0,cv,0,,,55.026,1.5,0.1,charging,27.5131,50.0,locked,70.0,100.0,70.0,100.0,0.0,1,csi,1,1.0,236.26,161.78,-0.26168,0.32593,640,480,255,30678,CRC/QPSK/OFDM,1,0,129,133,1064,532,12,44,960,192,48,"p1br,seq=00032,frame_b=00133,bits=01064,qpsk=00532,ofdm=012,pad_q=00044,gap=0,ok=1","cvtrk,seq=00032,det=1,conf=1.00,x=-0.262,y=+0.326,pan=070.0,tilt=100.0,target=070.0/100.0,err=00.0,st=locked",Orin CSI camera solar tracker
2026-08-07T06:37:09.403762+00:00,1,,0,33,2,5299.814,301.795,1599.46,cv,0,,,55.026,1.499,0.1,charging,27.5132,50.0,locked,70.665,100.0,71.718,100.0,1.053,1,csi,1,1.0,337.74,59.63,0.05542,0.75154,640,480,255,17442,CRC/QPSK/OFDM,1,0,129,133,1064,532,12,44,960,192,48,"p1br,seq=00033,frame_b=00133,bits=01064,qpsk=00532,ofdm=012,pad_q=00044,gap=0,ok=1","cvtrk,seq=00033,det=1,conf=1.00,x=+0.055,y=+0.752,pan=070.7,tilt=100.0,target=071.7/100.0,err=01.1,st=locked",Orin CSI camera solar tracker
2026-08-07T06:37:09.650353+00:00,1,,0,34,0,5300.0,301.887,1600.0,cv,0,,,55.026,1.5,0.1,charging,27.5132,50.0,locked,70.0,100.0,70.0,100.0,0.0,1,csi,1,1.0,241.93,67.4,-0.24396,0.71918,640,480,255,16281,CRC/QPSK/OFDM,1,0,129,133,1064,532,12,44,960,192,48,"p1br,seq=00034,frame_b=00133,bits=01064,qpsk=00532,ofdm=012,pad_q=00044,gap=0,ok=1","cvtrk,seq=00034,det=1,conf=1.00,x=-0.244,y=+0.719,pan=070.0,tilt=100.0,target=070.0/100.0,err=00.0,st=locked",Orin CSI camera solar tracker
2026-08-07T06:37:10.017361+00:00,1,,0,35,0,5300.0,301.887,1600.0,cv,0,,,55.027,1.5,0.1,charging,27.5134,50.0,locked,70.0,100.0,70.0,100.0,0.0,1,csi,1,1.0,226.47,111.96,-0.29229,0.5335,640,480,255,21780,CRC/QPSK/OFDM,1,0,129,133,1064,532,12,44,960,192,48,"p1br,seq=00035,frame_b=00133,bits=01064,qpsk=00532,ofdm=012,pad_q=00044,gap=0,ok=1","cvtrk,seq=00035,det=1,conf=1.00,x=-0.292,y=+0.534,pan=070.0,tilt=100.0,target=070.0/100.0,err=00.0,st=locked",Orin CSI camera solar tracker
2026-08-07T06:37:10.191861+00:00,1,,0,36,0,5300.0,301.887,1600.0,cv,0,,,55.027,1.5,0.1,charging,27.5135,50.0,locked,70.0,100.0,70.0,100.0,0.0,1,csi,1,1.0,238.82,80.72,-0.25368,0.66366,640,480,255,20638,CRC/QPSK/OFDM,1,0,129,133,1064,532,12,44,960,192,48,"p1br,seq=00036,frame_b=00133,bits=01064,qpsk=00532,ofdm=012,pad_q=00044,gap=0,ok=1","cvtrk,seq=00036,det=1,conf=1.00,x=-0.254,y=+0.664,pan=070.0,tilt=100.0,target=070.0/100.0,err=00.0,st=locked",Orin CSI camera solar tracker
2026-08-07T06:37:10.433951+00:00,1,,0,37,0,5300.0,301.887,1600.0,cv,0,,,55.027,1.5,0.1,charging,27.5136,50.0,lost,70.0,100.0,70.0,100.0,0.0,1,csi,0,0.0,,,0.0,0.0,640,480,57,0,CRC/QPSK/OFDM,1,0,129,133,1064,532,12,44,960,192,48,"p1br,seq=00037,frame_b=00133,bits=01064,qpsk=00532,ofdm=012,pad_q=00044,gap=0,ok=1","cvtrk,seq=00037,det=0,conf=0.00,x=+0.000,y=+0.000,pan=070.0,tilt=100.0,target=070.0/100.0,err=00.0,st=lost",Orin CSI camera solar tracker
2026-08-07T06:37:10.691096+00:00,1,,0,38,0,5300.0,301.887,1600.0,cv,0,,,55.027,1.5,0.1,charging,27.5137,50.0,locked,70.0,100.0,70.0,100.0,0.0,1,csi,1,0.8146,45.93,169.17,-0.85648,0.29514,640,480,196,6340,CRC/QPSK/OFDM,1,0,129,133,1064,532,12,44,960,192,48,"p1br,seq=00038,frame_b=00133,bits=01064,qpsk=00532,ofdm=012,pad_q=00044,gap=0,ok=1","cvtrk,seq=00038,det=1,conf=0.81,x=-0.856,y=+0.295,pan=070.0,tilt=100.0,target=070.0/100.0,err=00.0,st=locked",Orin CSI camera solar tracker
2026-08-07T06:37:10.949466+00:00,1,,0,39,0,5300.0,301.887,1600.0,cv,0,,,55.028,1.5,0.1,charging,27.5138,50.0,locked,70.0,100.0,70.0,100.0,0.0,1,csi,1,0.9969,41.18,180.16,-0.87131,0.24935,640,480,254,6319,CRC/QPSK/OFDM,1,0,129,133,1064,532,12,44,960,192,48,"p1br,seq=00039,frame_b=00133,bits=01064,qpsk=00532,ofdm=012,pad_q=00044,gap=0,ok=1","cvtrk,seq=00039,det=1,conf=1.00,x=-0.871,y=+0.249,pan=070.0,tilt=100.0,target=070.0/100.0,err=00.0,st=locked",Orin CSI camera solar tracker
2026-08-07T06:37:11.213868+00:00,1,,0,40,0,5300.0,301.887,1600.0,cv,0,,,55.028,1.5,0.1,charging,27.5139,50.0,locked,70.0,100.0,70.0,100.0,0.0,1,csi,1,0.978,34.21,162.21,-0.8931,0.32412,640,480,248,6170,CRC/QPSK/OFDM,1,0,129,133,1064,532,12,44,960,192,48,"p1br,seq=00040,frame_b=00133,bits=01064,qpsk=00532,ofdm=012,pad_q=00044,gap=0,ok=1","cvtrk,seq=00040,det=1,conf=0.98,x=-0.893,y=+0.324,pan=070.0,tilt=100.0,target=070.0/100.0,err=00.0,st=locked",Orin CSI camera solar tracker
2026-08-07T06:37:11.473669+00:00,1,,0,41,0,5300.0,301.887,1600.0,cv,0,,,55.028,1.5,0.1,charging,27.514,50.0,locked,70.0,100.0,70.0,100.0,0.0,1,csi,1,1.0,45.24,112.1,-0.85864,0.53292,640,480,255,6214,CRC/QPSK/OFDM,1,0,129,133,1064,532,12,44,960,192,48,"p1br,seq=00041,frame_b=00133,bits=01064,qpsk=00532,ofdm=012,pad_q=00044,gap=0,ok=1","cvtrk,seq=00041,det=1,conf=1.00,x=-0.859,y=+0.533,pan=070.0,tilt=100.0,target=070.0/100.0,err=00.0,st=locked",Orin CSI camera solar tracker
2026-08-07T06:37:11.735811+00:00,1,,0,42,0,5300.0,301.887,1600.0,cv,0,,,55.028,1.5,0.1,charging,27.5141,50.0,locked,70.0,100.0,70.0,100.0,0.0,1,csi,1,0.9969,43.9,119.2,-0.8628,0.50332,640,480,254,6148,CRC/QPSK/OFDM,1,0,129,133,1064,532,12,44,960,192,48,"p1br,seq=00042,frame_b=00133,bits=01064,qpsk=00532,ofdm=012,pad_q=00044,gap=0,ok=1","cvtrk,seq=00042,det=1,conf=1.00,x=-0.863,y=+0.503,pan=070.0,tilt=100.0,target=070.0/100.0,err=00.0,st=locked",Orin CSI camera solar tracker
2026-08-07T06:37:12.065587+00:00,1,,0,43,0,5300.0,301.887,1600.0,cv,0,,,55.028,1.5,0.1,charging,27.5142,50.0,locked,70.0,100.0,70.0,100.0,0.0,1,csi,1,0.9874,34.36,148.38,-0.89262,0.38173,640,480,251,6183,CRC/QPSK/OFDM,1,0,129,133,1064,532,12,44,960,192,48,"p1br,seq=00043,frame_b=00133,bits=01064,qpsk=00532,ofdm=012,pad_q=00044,gap=0,ok=1","cvtrk,seq=00043,det=1,conf=0.99,x=-0.893,y=+0.382,pan=070.0,tilt=100.0,target=070.0/100.0,err=00.0,st=locked",Orin CSI camera solar tracker
2026-08-07T06:37:12.269761+00:00,1,,0,44,0,5299.748,301.763,1599.267,cv,0,,,55.029,1.499,0.1,charging,27.5143,50.0,locked,70.0,98.822,70.0,97.595,1.227,1,csi,1,1.0,28.26,263.56,-0.91169,-0.09815,640,480,255,6144,CRC/QPSK/OFDM,1,0,129,133,1064,532,12,44,960,192,48,"p1br,seq=00044,frame_b=00133,bits=01064,qpsk=00532,ofdm=012,pad_q=00044,gap=0,ok=1","cvtrk,seq=00044,det=1,conf=1.00,x=-0.912,y=-0.098,pan=070.0,tilt=098.8,target=070.0/097.6,err=01.2,st=locked",Orin CSI camera solar tracker
2026-08-07T06:37:12.516327+00:00,1,,0,45,28,5234.297,270.251,1414.572,cv,0,,,55.029,1.315,0.1,charging,27.5144,50.0,seeking,81.021,89.571,98.472,80.0,19.903,1,csi,1,0.8271,613.9,425.02,0.91845,-0.77091,640,480,200,6245,CRC/QPSK/OFDM,1,0,129,133,1064,532,12,44,960,192,48,"p1br,seq=00045,frame_b=00133,bits=01064,qpsk=00532,ofdm=012,pad_q=00044,gap=0,ok=1","cvtrk,seq=00045,det=1,conf=0.83,x=+0.918,y=-0.771,pan=081.0,tilt=089.6,target=098.5/080.0,err=19.9,st=seeking",Orin CSI camera solar tracker
2026-08-07T06:37:12.884281+00:00,1,,0,46,51,5263.168,283.982,1494.646,cv,0,,,55.029,1.395,0.1,charging,27.5145,50.0,seeking,90.412,80.0,105.281,80.0,14.869,1,csi,1,1.0,570.42,453.99,0.78256,-0.89161,640,480,255,6305,CRC/QPSK/OFDM,1,0,129,133,1064,532,12,44,960,192,48,"p1br,seq=00046,frame_b=00133,bits=01064,qpsk=00532,ofdm=012,pad_q=00044,gap=0,ok=1","cvtrk,seq=00046,det=1,conf=1.00,x=+0.783,y=-0.892,pan=090.4,tilt=080.0,target=105.3/080.0,err=14.9,st=seeking",Orin CSI camera solar tracker
2026-08-07T06:37:13.091523+00:00,1,,0,47,23,5285.526,294.8,1558.171,cv,0,,,55.029,1.458,0.1,charging,27.5146,50.0,seeking,79.305,80.0,70.0,80.0,9.305,1,csi,1,0.9246,23.8,397.86,-0.92561,-0.65775,640,480,231,6187,CRC/QPSK/OFDM,1,0,129,133,1064,532,12,44,960,192,48,"p1br,seq=00047,frame_b=00133,bits=01064,qpsk=00532,ofdm=012,pad_q=00044,gap=0,ok=1","cvtrk,seq=00047,det=1,conf=0.92,x=-0.926,y=-0.658,pan=079.3,tilt=080.0,target=070.0/080.0,err=09.3,st=seeking",Orin CSI camera solar tracker
2026-08-07T06:37:13.299600+00:00,1,,0,48,1,5299.967,301.87,1599.903,cv,0,,,55.029,1.5,0.1,charging,27.5147,50.0,locked,70.445,80.0,70.0,80.0,0.445,1,csi,1,0.5317,83.74,261.52,-0.73831,-0.08967,640,480,106,16854,CRC/QPSK/OFDM,1,0,129,133,1064,532,12,44,960,192,48,"p1br,seq=00048,frame_b=00133,bits=01064,qpsk=00532,ofdm=012,pad_q=00044,gap=0,ok=1","cvtrk,seq=00048,det=1,conf=0.53,x=-0.738,y=-0.090,pan=070.4,tilt=080.0,target=070.0/080.0,err=00.4,st=locked",Orin CSI camera solar tracker
2026-08-07T06:37:13.561217+00:00,1,,0,49,0,5294.539,299.205,1584.152,cv,0,,,55.03,1.484,0.1,charging,27.5148,50.0,seeking,70.0,85.483,70.0,91.195,5.712,1,csi,1,0.05,77.89,130.33,-0.7566,0.45694,640,480,83,9,CRC/QPSK/OFDM,1,0,129,133,1064,532,12,44,960,192,48,"p1br,seq=00049,frame_b=00133,bits=01064,qpsk=00532,ofdm=012,pad_q=00044,gap=0,ok=1","cvtrk,seq=00049,det=1,conf=0.05,x=-0.757,y=+0.457,pan=070.0,tilt=085.5,target=070.0/091.2,err=05.7,st=seeking",Orin CSI camera solar tracker
2026-08-07T06:37:13.820078+00:00,1,,0,50,0,5300.0,301.887,1600.0,cv,0,,,55.03,1.5,0.1,charging,27.5149,50.0,lost,70.0,85.483,70.0,85.483,0.0,1,csi,0,0.0,,,0.0,0.0,640,480,75,0,CRC/QPSK/OFDM,1,0,129,133,1064,532,12,44,960,192,48,"p1br,seq=00050,frame_b=00133,bits=01064,qpsk=00532,ofdm=012,pad_q=00044,gap=0,ok=1","cvtrk,seq=00050,det=0,conf=0.00,x=+0.000,y=+0.000,pan=070.0,tilt=085.5,target=070.0/085.5,err=00.0,st=lost",Orin CSI camera solar tracker
2026-08-07T06:37:14.079566+00:00,1,,0,51,1,5299.817,301.797,1599.467,cv,0,,,55.03,1.499,0.1,charging,27.515,50.0,locked,70.49,84.81,71.265,84.109,1.046,1,csi,1,0.6166,333.06,253.47,0.04081,-0.05612,640,480,133,6502,CRC/QPSK/OFDM,1,0,129,133,1064,532,12,44,960,192,48,"p1br,seq=00051,frame_b=00133,bits=01064,qpsk=00532,ofdm=012,pad_q=00044,gap=0,ok=1","cvtrk,seq=00051,det=1,conf=0.62,x=+0.041,y=-0.056,pan=070.5,tilt=084.8,target=071.3/084.1,err=01.0,st=locked",Orin CSI camera solar tracker
2026-08-07T06:37:14.400361+00:00,1,,0,52,4,5299.145,301.466,1597.513,cv,0,,,55.03,1.498,0.1,charging,27.5151,50.0,locked,71.708,83.681,73.637,82.504,2.259,1,csi,1,0.6857,352.49,262.59,0.10152,-0.09411,640,480,155,7082,CRC/QPSK/OFDM,1,0,129,133,1064,532,12,44,960,192,48,"p1br,seq=00052,frame_b=00133,bits=01064,qpsk=00532,ofdm=012,pad_q=00044,gap=0,ok=1","cvtrk,seq=00052,det=1,conf=0.69,x=+0.102,y=-0.094,pan=071.7,tilt=083.7,target=073.6/082.5,err=02.3,st=locked",Orin CSI camera solar tracker
2026-08-07T06:37:14.600264+00:00,1,,0,53,4,5299.81,301.793,1599.446,cv,0,,,55.03,1.499,0.1,charging,27.5152,50.0,locked,71.739,82.658,71.787,81.593,1.066,1,csi,1,0.7297,320.81,260.45,0.00254,-0.08519,640,480,169,6151,CRC/QPSK/OFDM,1,0,129,133,1064,532,12,44,960,192,48,"p1br,seq=00053,frame_b=00133,bits=01064,qpsk=00532,ofdm=012,pad_q=00044,gap=0,ok=1","cvtrk,seq=00053,det=1,conf=0.73,x=+0.003,y=-0.085,pan=071.7,tilt=082.7,target=071.8/081.6,err=01.1,st=locked",Orin CSI camera solar tracker
2026-08-07T06:37:14.860230+00:00,1,,0,54,6,5299.806,301.791,1599.435,cv,0,,,55.031,1.499,0.1,charging,27.5153,50.0,locked,72.227,81.938,72.999,81.188,1.077,1,csi,1,0.7297,333.02,254.41,0.04067,-0.06002,640,480,169,7082,CRC/QPSK/OFDM,1,0,129,133,1064,532,12,44,960,192,48,"p1br,seq=00054,frame_b=00133,bits=01064,qpsk=00532,ofdm=012,pad_q=00044,gap=0,ok=1","cvtrk,seq=00054,det=1,conf=0.73,x=+0.041,y=-0.060,pan=072.2,tilt=081.9,target=073.0/081.2,err=01.1,st=locked",Orin CSI camera solar tracker
2026-08-07T06:37:15.120819+00:00,1,,0,55,6,5299.895,301.835,1599.696,cv,0,,,55.031,1.5,0.1,charging,27.5154,50.0,locked,72.544,81.353,73.047,80.744,0.79,1,csi,1,0.7203,328.47,251.7,0.02647,-0.04874,640,480,166,6690,CRC/QPSK/OFDM,1,0,129,133,1064,532,12,44,960,192,48,"p1br,seq=00055,frame_b=00133,bits=01064,qpsk=00532,ofdm=012,pad_q=00044,gap=0,ok=1","cvtrk,seq=00055,det=1,conf=0.72,x=+0.026,y=-0.049,pan=072.5,tilt=081.4,target=073.0/080.7,err=00.8,st=locked",Orin CSI camera solar tracker
2026-08-07T06:37:15.382804+00:00,1,,0,56,0,5299.986,301.88,1599.959,cv,0,,,55.031,1.5,0.1,charging,27.5155,50.0,locked,70.0,80.288,70.0,80.0,0.288,1,csi,1,0.8209,130.58,261.29,-0.59194,-0.08873,640,480,198,6764,CRC/QPSK/OFDM,1,0,129,133,1064,532,12,44,960,192,48,"p1br,seq=00056,frame_b=00133,bits=01064,qpsk=00532,ofdm=012,pad_q=00044,gap=0,ok=1","cvtrk,seq=00056,det=1,conf=0.82,x=-0.592,y=-0.089,pan=070.0,tilt=080.3,target=070.0/080.0,err=00.3,st=locked",Orin CSI camera solar tracker
2026-08-07T06:37:15.645027+00:00,1,,0,57,1,5299.942,301.858,1599.831,cv,0,,,55.031,1.5,0.1,charging,27.5156,50.0,locked,70.346,80.497,70.894,80.715,0.589,1,csi,1,1.0,329.23,235.82,0.02883,0.0174,640,480,255,296121,CRC/QPSK/OFDM,1,0,129,133,1064,532,12,44,960,192,48,"p1br,seq=00057,frame_b=00133,bits=01064,qpsk=00532,ofdm=012,pad_q=00044,gap=0,ok=1","cvtrk,seq=00057,det=1,conf=1.00,x=+0.029,y=+0.017,pan=070.3,tilt=080.5,target=070.9/080.7,err=00.6,st=locked",Orin CSI camera solar tracker
2026-08-07T06:37:15.905529+00:00,1,,0,58,0,5296.714,300.272,1590.456,cv,0,,,55.031,1.49,0.1,charging,27.5157,50.0,locked,70.0,84.75,70.0,89.179,4.43,1,csi,1,1.0,83.29,154.95,-0.73973,0.35436,640,480,255,29736,CRC/QPSK/OFDM,1,0,129,133,1064,532,12,44,960,192,48,"p1br,seq=00058,frame_b=00133,bits=01064,qpsk=00532,ofdm=012,pad_q=00044,gap=0,ok=1","cvtrk,seq=00058,det=1,conf=1.00,x=-0.740,y=+0.354,pan=070.0,tilt=084.7,target=070.0/089.2,err=04.4,st=locked",Orin CSI camera solar tracker
2026-08-07T06:37:16.166766+00:00,1,,0,59,0,5291.774,297.851,1576.16,cv,0,,,55.032,1.476,0.1,charging,27.5158,50.0,seeking,70.0,92.989,70.0,100.0,7.011,1,csi,1,1.0,105.61,75.22,-0.66997,0.68658,640,480,255,6177,CRC/QPSK/OFDM,1,0,129,133,1064,532,12,44,960,192,48,"p1br,seq=00059,frame_b=00133,bits=01064,qpsk=00532,ofdm=012,pad_q=00044,gap=0,ok=1","cvtrk,seq=00059,det=1,conf=1.00,x=-0.670,y=+0.687,pan=070.0,tilt=093.0,target=070.0/100.0,err=07.0,st=seeking",Orin CSI camera solar tracker
2026-08-07T06:37:16.426677+00:00,1,,0,60,6,5296.491,300.163,1589.809,cv,0,,,55.032,1.49,0.1,charging,27.5159,50.0,locked,72.37,97.379,76.124,100.0,4.578,1,csi,1,1.0,383.21,152.18,0.19753,0.3659,640,480,255,157945,CRC/QPSK/OFDM,1,0,129,133,1064,532,12,44,960,192,48,"p1br,seq=00060,frame_b=00133,bits=01064,qpsk=00532,ofdm=012,pad_q=00044,gap=0,ok=1","cvtrk,seq=00060,det=1,conf=1.00,x=+0.198,y=+0.366,pan=072.4,tilt=097.4,target=076.1/100.0,err=04.6,st=locked",Orin CSI camera solar tracker
2026-08-07T06:37:16.691961+00:00,1,,0,61,2,5299.905,301.84,1599.724,cv,0,,,55.032,1.5,0.1,charging,27.516,50.0,locked,70.752,100.0,70.0,100.0,0.752,1,csi,1,1.0,276.84,83.42,-0.13488,0.65241,640,480,255,40621,CRC/QPSK/OFDM,1,0,129,133,1064,532,12,44,960,192,48,"p1br,seq=00061,frame_b=00133,bits=01064,qpsk=00532,ofdm=012,pad_q=00044,gap=0,ok=1","cvtrk,seq=00061,det=1,conf=1.00,x=-0.135,y=+0.652,pan=070.8,tilt=100.0,target=070.0/100.0,err=00.8,st=locked",Orin CSI camera solar tracker
2026-08-07T06:37:16.953912+00:00,1,,0,62,0,5300.0,301.887,1600.0,cv,0,,,55.032,1.5,0.1,charging,27.5161,50.0,locked,70.0,100.0,70.0,100.0,0.0,1,csi,1,1.0,273.92,89.24,-0.14401,0.62818,640,480,255,32535,CRC/QPSK/OFDM,1,0,129,133,1064,532,12,44,960,192,48,"p1br,seq=00062,frame_b=00133,bits=01064,qpsk=00532,ofdm=012,pad_q=00044,gap=0,ok=1","cvtrk,seq=00062,det=1,conf=1.00,x=-0.144,y=+0.628,pan=070.0,tilt=100.0,target=070.0/100.0,err=00.0,st=locked",Orin CSI camera solar tracker
2026-08-07T06:37:17.212248+00:00,1,,0,63,0,5300.0,301.887,1600.0,cv,0,,,55.032,1.5,0.1,charging,27.5162,50.0,locked,70.0,100.0,70.0,100.0,0.0,1,csi,1,1.0,274.26,84.32,-0.14295,0.64867,640,480,255,24633,CRC/QPSK/OFDM,1,0,129,133,1064,532,12,44,960,192,48,"p1br,seq=00063,frame_b=00133,bits=01064,qpsk=00532,ofdm=012,pad_q=00044,gap=0,ok=1","cvtrk,seq=00063,det=1,conf=1.00,x=-0.143,y=+0.649,pan=070.0,tilt=100.0,target=070.0/100.0,err=00.0,st=locked",Orin CSI camera solar tracker
2026-08-07T06:37:17.472104+00:00,1,,0,64,0,5300.0,301.887,1600.0,cv,0,,,55.033,1.5,0.1,charging,27.5163,50.0,locked,70.0,100.0,70.0,100.0,0.0,1,csi,1,1.0,281.6,92.32,-0.12001,0.61535,640,480,255,22253,CRC/QPSK/OFDM,1,0,129,133,1064,532,12,44,960,192,48,"p1br,seq=00064,frame_b=00133,bits=01064,qpsk=00532,ofdm=012,pad_q=00044,gap=0,ok=1","cvtrk,seq=00064,det=1,conf=1.00,x=-0.120,y=+0.615,pan=070.0,tilt=100.0,target=070.0/100.0,err=00.0,st=locked",Orin CSI camera solar tracker
2026-08-07T06:37:17.729613+00:00,1,,0,65,0,5300.0,301.887,1600.0,cv,0,,,55.033,1.5,0.1,charging,27.5164,50.0,locked,70.0,100.0,70.0,100.0,0.0,1,csi,1,1.0,279.13,85.17,-0.12773,0.64512,640,480,255,21240,CRC/QPSK/OFDM,1,0,129,133,1064,532,12,44,960,192,48,"p1br,seq=00065,frame_b=00133,bits=01064,qpsk=00532,ofdm=012,pad_q=00044,gap=0,ok=1","cvtrk,seq=00065,det=1,conf=1.00,x=-0.128,y=+0.645,pan=070.0,tilt=100.0,target=070.0/100.0,err=00.0,st=locked",Orin CSI camera solar tracker
2026-08-07T06:37:17.991932+00:00,1,,0,66,0,5300.0,301.887,1600.0,cv,0,,,55.033,1.5,0.1,charging,27.5165,50.0,locked,70.0,100.0,70.0,100.0,0.0,1,csi,1,1.0,277.19,86.87,-0.13378,0.63804,640,480,255,21585,CRC/QPSK/OFDM,1,0,129,133,1064,532,12,44,960,192,48,"p1br,seq=00066,frame_b=00133,bits=01064,qpsk=00532,ofdm=012,pad_q=00044,gap=0,ok=1","cvtrk,seq=00066,det=1,conf=1.00,x=-0.134,y=+0.638,pan=070.0,tilt=100.0,target=070.0/100.0,err=00.0,st=locked",Orin CSI camera solar tracker
2026-08-07T06:37:18.250394+00:00,1,,0,67,0,5300.0,301.887,1600.0,cv,0,,,55.033,1.5,0.1,charging,27.5166,50.0,locked,70.0,100.0,70.0,100.0,0.0,1,csi,1,1.0,280.39,81.08,-0.12378,0.66218,640,480,255,21185,CRC/QPSK/OFDM,1,0,129,133,1064,532,12,44,960,192,48,"p1br,seq=00067,frame_b=00133,bits=01064,qpsk=00532,ofdm=012,pad_q=00044,gap=0,ok=1","cvtrk,seq=00067,det=1,conf=1.00,x=-0.124,y=+0.662,pan=070.0,tilt=100.0,target=070.0/100.0,err=00.0,st=locked",Orin CSI camera solar tracker
2026-08-07T06:37:18.512601+00:00,1,,0,68,0,5300.0,301.887,1600.0,cv,0,,,55.033,1.5,0.1,charging,27.5167,50.0,locked,70.0,100.0,70.0,100.0,0.0,1,csi,1,1.0,291.14,84.24,-0.09019,0.64898,640,480,255,20939,CRC/QPSK/OFDM,1,0,129,133,1064,532,12,44,960,192,48,"p1br,seq=00068,frame_b=00133,bits=01064,qpsk=00532,ofdm=012,pad_q=00044,gap=0,ok=1","cvtrk,seq=00068,det=1,conf=1.00,x=-0.090,y=+0.649,pan=070.0,tilt=100.0,target=070.0/100.0,err=00.0,st=locked",Orin CSI camera solar tracker
2026-08-07T06:37:18.777450+00:00,1,,0,69,0,5300.0,301.887,1600.0,cv,0,,,55.034,1.5,0.1,charging,27.5168,50.0,locked,70.0,100.0,70.0,100.0,0.0,1,csi,1,1.0,310.08,90.87,-0.03099,0.62137,640,480,255,21888,CRC/QPSK/OFDM,1,0,129,133,1064,532,12,44,960,192,48,"p1br,seq=00069,frame_b=00133,bits=01064,qpsk=00532,ofdm=012,pad_q=00044,gap=0,ok=1","cvtrk,seq=00069,det=1,conf=1.00,x=-0.031,y=+0.621,pan=070.0,tilt=100.0,target=070.0/100.0,err=00.0,st=locked",Orin CSI camera solar tracker
2026-08-07T06:37:19.038239+00:00,1,,0,70,26,5255.961,280.529,1474.452,cv,0,,,55.034,1.374,0.1,charging,27.5169,50.0,seeking,80.274,100.0,96.542,100.0,16.267,1,csi,1,0.6826,593.98,30.0,0.85618,0.875,640,480,154,6169,CRC/QPSK/OFDM,1,0,129,133,1064,532,12,44,960,192,48,"p1br,seq=00070,frame_b=00133,bits=01064,qpsk=00532,ofdm=012,pad_q=00044,gap=0,ok=1","cvtrk,seq=00070,det=1,conf=0.68,x=+0.856,y=+0.875,pan=080.3,tilt=100.0,target=096.5/100.0,err=16.3,st=seeking",Orin CSI camera solar tracker
2026-08-07T06:37:19.295610+00:00,1,,0,71,53,5242.175,273.971,1436.202,cv,0,,,55.034,1.336,0.1,charging,27.517,50.0,seeking,91.188,93.237,108.467,86.193,18.66,1,csi,1,0.6669,611.03,375.25,0.90946,-0.56356,640,480,149,6372,CRC/QPSK/OFDM,1,0,129,133,1064,532,12,44,960,192,48,"p1br,seq=00071,frame_b=00133,bits=01064,qpsk=00532,ofdm=012,pad_q=00044,gap=0,ok=1","cvtrk,seq=00071,det=1,conf=0.67,x=+0.909,y=-0.564,pan=091.2,tilt=093.2,target=108.5/086.2,err=18.7,st=seeking",Orin CSI camera solar tracker
2026-08-07T06:37:19.558709+00:00,1,,0,72,56,5299.28,301.533,1597.906,cv,0,,,55.034,1.498,0.1,charging,27.5171,50.0,locked,92.497,100.0,94.57,100.0,2.073,1,csi,1,0.8429,354.92,68.91,0.10912,0.71287,640,480,205,6255,CRC/QPSK/OFDM,1,0,129,133,1064,532,12,44,960,192,48,"p1br,seq=00072,frame_b=00133,bits=01064,qpsk=00532,ofdm=012,pad_q=00044,gap=0,ok=1","cvtrk,seq=00072,det=1,conf=0.84,x=+0.109,y=+0.713,pan=092.5,tilt=100.0,target=094.6/100.0,err=02.1,st=locked",Orin CSI camera solar tracker
2026-08-07T06:37:19.817221+00:00,1,,0,73,68,5275.263,289.814,1528.847,cv,0,,,55.034,1.429,0.1,charging,27.5172,50.0,seeking,97.147,89.696,104.509,80.0,12.174,1,csi,1,0.7046,443.99,446.08,0.38746,-0.85868,640,480,161,7652,CRC/QPSK/OFDM,1,0,129,133,1064,532,12,44,960,192,48,"p1br,seq=00073,frame_b=00133,bits=01064,qpsk=00532,ofdm=012,pad_q=00044,gap=0,ok=1","cvtrk,seq=00073,det=1,conf=0.70,x=+0.387,y=-0.859,pan=097.1,tilt=089.7,target=104.5/080.0,err=12.2,st=seeking",Orin CSI camera solar tracker
2026-08-07T06:37:20.074739+00:00,1,,0,74,40,5258.1,281.552,1480.431,cv,0,,,55.035,1.38,0.1,charging,27.5173,50.0,seeking,85.864,80.168,70.0,80.0,15.865,1,csi,1,0.0955,19.13,430.56,-0.94023,-0.79399,640,480,88,720,CRC/QPSK/OFDM,1,0,129,133,1064,532,12,44,960,192,48,"p1br,seq=00074,frame_b=00133,bits=01064,qpsk=00532,ofdm=012,pad_q=00044,gap=0,ok=1","cvtrk,seq=00074,det=1,conf=0.10,x=-0.940,y=-0.794,pan=085.9,tilt=080.2,target=070.0/080.0,err=15.9,st=seeking",Orin CSI camera solar tracker
2026-08-07T06:37:20.333938+00:00,1,,0,75,50,5284.343,294.223,1554.776,cv,0,,,55.035,1.455,0.1,charging,27.5174,50.0,seeking,89.865,87.193,96.199,94.511,9.679,1,csi,1,0.6417,426.68,99.5,0.33339,0.58543,640,480,141,12184,CRC/QPSK/OFDM,1,0,129,133,1064,532,12,44,960,192,48,"p1br,seq=00075,frame_b=00133,bits=01064,qpsk=00532,ofdm=012,pad_q=00044,gap=0,ok=1","cvtrk,seq=00075,det=1,conf=0.64,x=+0.333,y=+0.585,pan=089.9,tilt=087.2,target=096.2/094.5,err=09.7,st=seeking",Orin CSI camera solar tracker
2026-08-07T06:37:20.595768+00:00,1,,0,76,57,5295.022,299.442,1585.551,cv,0,,,55.035,1.486,0.1,charging,27.5175,50.0,seeking,92.894,89.682,97.692,92.275,5.453,1,csi,1,0.8334,400.8,190.22,0.25249,0.20742,640,480,202,14513,CRC/QPSK/OFDM,1,0,129,133,1064,532,12,44,960,192,48,"p1br,seq=00076,frame_b=00133,bits=01064,qpsk=00532,ofdm=012,pad_q=00044,gap=0,ok=1","cvtrk,seq=00076,det=1,conf=0.83,x=+0.252,y=+0.207,pan=092.9,tilt=089.7,target=097.7/092.3,err=05.5,st=seeking",Orin CSI camera solar tracker
2026-08-07T06:37:20.853910+00:00,1,,0,77,29,5275.012,289.693,1528.133,cv,0,,,55.035,1.428,0.1,charging,27.5176,50.0,seeking,81.683,93.173,70.0,96.808,12.236,1,csi,1,0.978,21.03,170.19,-0.93428,0.29087,640,480,248,6221,CRC/QPSK/OFDM,1,0,129,133,1064,532,12,44,960,192,48,"p1br,seq=00077,frame_b=00133,bits=01064,qpsk=00532,ofdm=012,pad_q=00044,gap=0,ok=1","cvtrk,seq=00077,det=1,conf=0.98,x=-0.934,y=+0.291,pan=081.7,tilt=093.2,target=070.0/096.8,err=12.2,st=seeking",Orin CSI camera solar tracker
2026-08-07T06:37:21.110271+00:00,1,,0,78,3,5299.781,301.779,1599.362,cv,0,,,55.035,1.499,0.1,charging,27.5177,50.0,locked,71.144,100.0,70.0,100.0,1.144,1,csi,1,0.7423,38.95,47.58,-0.87828,0.80174,640,480,173,6672,CRC/QPSK/OFDM,1,0,129,133,1064,532,12,44,960,192,48,"p1br,seq=00078,frame_b=00133,bits=01064,qpsk=00532,ofdm=012,pad_q=00044,gap=0,ok=1","cvtrk,seq=00078,det=1,conf=0.74,x=-0.878,y=+0.802,pan=071.1,tilt=100.0,target=070.0/100.0,err=01.1,st=locked",Orin CSI camera solar tracker
2026-08-07T06:37:21.371280+00:00,1,,0,79,0,5300.0,301.887,1600.0,cv,0,,,55.036,1.5,0.1,charging,27.5178,50.0,locked,70.0,100.0,70.0,100.0,0.0,1,csi,1,0.9874,29.11,75.69,-0.90902,0.68464,640,480,251,6899,CRC/QPSK/OFDM,1,0,129,133,1064,532,12,44,960,192,48,"p1br,seq=00079,frame_b=00133,bits=01064,qpsk=00532,ofdm=012,pad_q=00044,gap=0,ok=1","cvtrk,seq=00079,det=1,conf=0.99,x=-0.909,y=+0.685,pan=070.0,tilt=100.0,target=070.0/100.0,err=00.0,st=locked",Orin CSI camera solar tracker
2026-08-07T06:37:21.633222+00:00,1,,0,80,0,5300.0,301.887,1600.0,cv,0,,,55.036,1.5,0.1,charging,27.5179,50.0,locked,70.0,100.0,70.0,100.0,0.0,1,csi,1,0.9151,34.9,53.98,-0.89095,0.7751,640,480,228,6672,CRC/QPSK/OFDM,1,0,129,133,1064,532,12,44,960,192,48,"p1br,seq=00080,frame_b=00133,bits=01064,qpsk=00532,ofdm=012,pad_q=00044,gap=0,ok=1","cvtrk,seq=00080,det=1,conf=0.92,x=-0.891,y=+0.775,pan=070.0,tilt=100.0,target=070.0/100.0,err=00.0,st=locked",Orin CSI camera solar tracker
2026-08-07T06:37:21.892554+00:00,1,,0,81,0,5300.0,301.887,1600.0,cv,0,,,55.036,1.5,0.1,charging,27.518,50.0,locked,70.0,100.0,70.0,100.0,0.0,1,csi,1,0.8586,23.1,157.06,-0.92782,0.34558,640,480,210,6643,CRC/QPSK/OFDM,1,0,129,133,1064,532,12,44,960,192,48,"p1br,seq=00081,frame_b=00133,bits=01064,qpsk=00532,ofdm=012,pad_q=00044,gap=0,ok=1","cvtrk,seq=00081,det=1,conf=0.86,x=-0.928,y=+0.346,pan=070.0,tilt=100.0,target=070.0/100.0,err=00.0,st=locked",Orin CSI camera solar tracker
2026-08-07T06:37:22.151247+00:00,1,,0,82,0,5300.0,301.887,1600.0,cv,0,,,55.036,1.5,0.1,charging,27.5181,50.0,locked,70.0,100.0,70.0,100.0,0.0,1,csi,1,0.9874,17.91,199.75,-0.94402,0.16772,640,480,251,6151,CRC/QPSK/OFDM,1,0,129,133,1064,532,12,44,960,192,48,"p1br,seq=00082,frame_b=00133,bits=01064,qpsk=00532,ofdm=012,pad_q=00044,gap=0,ok=1","cvtrk,seq=00082,det=1,conf=0.99,x=-0.944,y=+0.168,pan=070.0,tilt=100.0,target=070.0/100.0,err=00.0,st=locked",Orin CSI camera solar tracker
2026-08-07T06:37:22.412187+00:00,1,,0,83,0,5300.0,301.887,1600.0,cv,0,,,55.036,1.5,0.1,charging,27.5182,50.0,locked,70.0,100.0,70.0,100.0,0.0,1,csi,1,1.0,28.39,189.97,-0.91129,0.20844,640,480,255,6638,CRC/QPSK/OFDM,1,0,129,133,1064,532,12,44,960,192,48,"p1br,seq=00083,frame_b=00133,bits=01064,qpsk=00532,ofdm=012,pad_q=00044,gap=0,ok=1","cvtrk,seq=00083,det=1,conf=1.00,x=-0.911,y=+0.208,pan=070.0,tilt=100.0,target=070.0/100.0,err=00.0,st=locked",Orin CSI camera solar tracker
2026-08-07T06:37:22.674063+00:00,1,,0,84,0,5300.0,301.887,1600.0,cv,0,,,55.037,1.5,0.1,charging,27.5183,50.0,locked,70.0,100.0,70.0,100.0,0.0,1,csi,1,1.0,27.39,203.72,-0.9144,0.15117,640,480,255,6299,CRC/QPSK/OFDM,1,0,129,133,1064,532,12,44,960,192,48,"p1br,seq=00084,frame_b=00133,bits=01064,qpsk=00532,ofdm=012,pad_q=00044,gap=0,ok=1","cvtrk,seq=00084,det=1,conf=1.00,x=-0.914,y=+0.151,pan=070.0,tilt=100.0,target=070.0/100.0,err=00.0,st=locked",Orin CSI camera solar tracker
2026-08-07T06:37:22.936579+00:00,1,,0,85,0,5300.0,301.887,1600.0,cv,0,,,55.037,1.5,0.1,charging,27.5184,50.0,locked,70.0,100.0,70.0,100.0,0.0,1,csi,1,0.9937,22.81,197.62,-0.92873,0.17656,640,480,253,6296,CRC/QPSK/OFDM,1,0,129,133,1064,532,12,44,960,192,48,"p1br,seq=00085,frame_b=00133,bits=01064,qpsk=00532,ofdm=012,pad_q=00044,gap=0,ok=1","cvtrk,seq=00085,det=1,conf=0.99,x=-0.929,y=+0.177,pan=070.0,tilt=100.0,target=070.0/100.0,err=00.0,st=locked",Orin CSI camera solar tracker
2026-08-07T06:37:23.200795+00:00,1,,0,86,0,5300.0,301.887,1600.0,cv,0,,,55.037,1.5,0.1,charging,27.5185,50.0,locked,70.0,100.0,70.0,100.0,0.0,1,csi,1,0.8146,27.69,184.55,-0.91348,0.23106,640,480,196,6461,CRC/QPSK/OFDM,1,0,129,133,1064,532,12,44,960,192,48,"p1br,seq=00086,frame_b=00133,bits=01064,qpsk=00532,ofdm=012,pad_q=00044,gap=0,ok=1","cvtrk,seq=00086,det=1,conf=0.81,x=-0.913,y=+0.231,pan=070.0,tilt=100.0,target=070.0/100.0,err=00.0,st=locked",Orin CSI camera solar tracker
2026-08-07T06:37:23.462710+00:00,1,,0,87,0,5300.0,301.887,1600.0,cv,0,,,55.037,1.5,0.1,charging,27.5186,50.0,locked,70.0,100.0,70.0,100.0,0.0,1,csi,1,0.9969,26.79,219.43,-0.91627,0.08571,640,480,254,6545,CRC/QPSK/OFDM,1,0,129,133,1064,532,12,44,960,192,48,"p1br,seq=00087,frame_b=00133,bits=01064,qpsk=00532,ofdm=012,pad_q=00044,gap=0,ok=1","cvtrk,seq=00087,det=1,conf=1.00,x=-0.916,y=+0.086,pan=070.0,tilt=100.0,target=070.0/100.0,err=00.0,st=locked",Orin CSI camera solar tracker
2026-08-07T06:37:23.721139+00:00,1,,0,88,0,5300.0,301.887,1600.0,cv,0,,,55.038,1.5,0.1,charging,27.5188,50.0,locked,70.0,100.0,70.0,100.0,0.0,1,csi,1,0.912,24.05,192.8,-0.92483,0.19665,640,480,227,6358,CRC/QPSK/OFDM,1,0,129,133,1064,532,12,44,960,192,48,"p1br,seq=00088,frame_b=00133,bits=01064,qpsk=00532,ofdm=012,pad_q=00044,gap=0,ok=1","cvtrk,seq=00088,det=1,conf=0.91,x=-0.925,y=+0.197,pan=070.0,tilt=100.0,target=070.0/100.0,err=00.0,st=locked",Orin CSI camera solar tracker
2026-08-07T06:37:23.984427+00:00,1,,0,89,0,5300.0,301.887,1600.0,cv,0,,,55.038,1.5,0.1,charging,27.5189,50.0,locked,70.0,100.0,70.0,100.0,0.0,1,csi,1,0.9717,25.88,179.07,-0.91911,0.25386,640,480,246,6227,CRC/QPSK/OFDM,1,0,129,133,1064,532,12,44,960,192,48,"p1br,seq=00089,frame_b=00133,bits=01064,qpsk=00532,ofdm=012,pad_q=00044,gap=0,ok=1","cvtrk,seq=00089,det=1,conf=0.97,x=-0.919,y=+0.254,pan=070.0,tilt=100.0,target=070.0/100.0,err=00.0,st=locked",Orin CSI camera solar tracker
2026-08-07T06:37:24.245009+00:00,1,,0,90,0,5300.0,301.887,1600.0,cv,0,,,55.038,1.5,0.1,charging,27.519,50.0,locked,70.0,100.0,70.0,100.0,0.0,1,csi,1,0.9874,25.34,188.46,-0.92082,0.21474,640,480,251,6276,CRC/QPSK/OFDM,1,0,129,133,1064,532,12,44,960,192,48,"p1br,seq=00090,frame_b=00133,bits=01064,qpsk=00532,ofdm=012,pad_q=00044,gap=0,ok=1","cvtrk,seq=00090,det=1,conf=0.99,x=-0.921,y=+0.215,pan=070.0,tilt=100.0,target=070.0/100.0,err=00.0,st=locked",Orin CSI camera solar tracker
2026-08-07T06:37:24.503710+00:00,1,,0,91,0,5300.0,301.887,1600.0,cv,0,,,55.038,1.5,0.1,charging,27.5191,50.0,locked,70.0,100.0,70.0,100.0,0.0,1,csi,1,0.978,25.22,179.78,-0.9212,0.25093,640,480,248,6314,CRC/QPSK/OFDM,1,0,129,133,1064,532,12,44,960,192,48,"p1br,seq=00091,frame_b=00133,bits=01064,qpsk=00532,ofdm=012,pad_q=00044,gap=0,ok=1","cvtrk,seq=00091,det=1,conf=0.98,x=-0.921,y=+0.251,pan=070.0,tilt=100.0,target=070.0/100.0,err=00.0,st=locked",Orin CSI camera solar tracker
2026-08-07T06:37:24.762885+00:00,1,,0,92,0,5300.0,301.887,1600.0,cv,0,,,55.038,1.5,0.1,charging,27.5192,50.0,locked,70.0,100.0,70.0,100.0,0.0,1,csi,1,0.9749,25.77,173.59,-0.91948,0.2767,640,480,247,6544,CRC/QPSK/OFDM,1,0,129,133,1064,532,12,44,960,192,48,"p1br,seq=00092,frame_b=00133,bits=01064,qpsk=00532,ofdm=012,pad_q=00044,gap=0,ok=1","cvtrk,seq=00092,det=1,conf=0.97,x=-0.919,y=+0.277,pan=070.0,tilt=100.0,target=070.0/100.0,err=00.0,st=locked",Orin CSI camera solar tracker
2026-08-07T06:37:25.021678+00:00,1,,0,93,0,5300.0,301.887,1600.0,cv,0,,,55.039,1.5,0.1,charging,27.5193,50.0,locked,70.0,100.0,70.0,100.0,0.0,1,csi,1,0.9686,27.01,166.63,-0.9156,0.30569,640,480,245,6533,CRC/QPSK/OFDM,1,0,129,133,1064,532,12,44,960,192,48,"p1br,seq=00093,frame_b=00133,bits=01064,qpsk=00532,ofdm=012,pad_q=00044,gap=0,ok=1","cvtrk,seq=00093,det=1,conf=0.97,x=-0.916,y=+0.306,pan=070.0,tilt=100.0,target=070.0/100.0,err=00.0,st=locked",Orin CSI camera solar tracker
2026-08-07T06:37:25.279370+00:00,1,,0,94,0,5300.0,301.887,1600.0,cv,0,,,55.039,1.5,0.1,charging,27.5194,50.0,locked,70.0,100.0,70.0,100.0,0.0,1,csi,1,0.9654,24.81,182.69,-0.92248,0.2388,640,480,244,6884,CRC/QPSK/OFDM,1,0,129,133,1064,532,12,44,960,192,48,"p1br,seq=00094,frame_b=00133,bits=01064,qpsk=00532,ofdm=012,pad_q=00044,gap=0,ok=1","cvtrk,seq=00094,det=1,conf=0.97,x=-0.922,y=+0.239,pan=070.0,tilt=100.0,target=070.0/100.0,err=00.0,st=locked",Orin CSI camera solar tracker
2026-08-07T06:37:25.544397+00:00,1,,0,95,0,5300.0,301.887,1600.0,cv,0,,,55.039,1.5,0.1,charging,27.5195,50.0,locked,70.0,100.0,70.0,100.0,0.0,1,csi,1,0.978,23.38,194.64,-0.92692,0.189,640,480,248,6212,CRC/QPSK/OFDM,1,0,129,133,1064,532,12,44,960,192,48,"p1br,seq=00095,frame_b=00133,bits=01064,qpsk=00532,ofdm=012,pad_q=00044,gap=0,ok=1","cvtrk,seq=00095,det=1,conf=0.98,x=-0.927,y=+0.189,pan=070.0,tilt=100.0,target=070.0/100.0,err=00.0,st=locked",Orin CSI camera solar tracker
2026-08-07T06:37:25.800386+00:00,1,,0,96,0,5300.0,301.887,1600.0,cv,0,,,55.039,1.5,0.1,charging,27.5196,50.0,locked,70.0,100.0,70.0,100.0,0.0,1,csi,1,0.956,26.3,183.49,-0.91781,0.23545,640,480,241,6550,CRC/QPSK/OFDM,1,0,129,133,1064,532,12,44,960,192,48,"p1br,seq=00096,frame_b=00133,bits=01064,qpsk=00532,ofdm=012,pad_q=00044,gap=0,ok=1","cvtrk,seq=00096,det=1,conf=0.96,x=-0.918,y=+0.235,pan=070.0,tilt=100.0,target=070.0/100.0,err=00.0,st=locked",Orin CSI camera solar tracker
2026-08-07T06:37:26.059598+00:00,1,,0,97,0,5300.0,301.887,1600.0,cv,0,,,55.039,1.5,0.1,charging,27.5197,50.0,locked,70.0,100.0,70.0,100.0,0.0,1,csi,1,0.934,26.23,181.1,-0.91804,0.24543,640,480,234,6322,CRC/QPSK/OFDM,1,0,129,133,1064,532,12,44,960,192,48,"p1br,seq=00097,frame_b=00133,bits=01064,qpsk=00532,ofdm=012,pad_q=00044,gap=0,ok=1","cvtrk,seq=00097,det=1,conf=0.93,x=-0.918,y=+0.245,pan=070.0,tilt=100.0,target=070.0/100.0,err=00.0,st=locked",Orin CSI camera solar tracker
2026-08-07T06:37:26.321522+00:00,1,,0,98,0,5300.0,301.887,1600.0,cv,0,,,55.04,1.5,0.1,charging,27.5198,50.0,locked,70.0,100.0,70.0,100.0,0.0,1,csi,1,0.9654,24.62,185.64,-0.92306,0.22649,640,480,244,6202,CRC/QPSK/OFDM,1,0,129,133,1064,532,12,44,960,192,48,"p1br,seq=00098,frame_b=00133,bits=01064,qpsk=00532,ofdm=012,pad_q=00044,gap=0,ok=1","cvtrk,seq=00098,det=1,conf=0.97,x=-0.923,y=+0.226,pan=070.0,tilt=100.0,target=070.0/100.0,err=00.0,st=locked",Orin CSI camera solar tracker
2026-08-07T06:37:26.585283+00:00,1,,0,99,0,5300.0,301.887,1600.0,cv,0,,,55.04,1.5,0.1,charging,27.5199,50.0,locked,70.0,100.0,70.0,100.0,0.0,1,csi,1,0.9403,27.14,178.62,-0.9152,0.25574,640,480,236,6602,CRC/QPSK/OFDM,1,0,129,133,1064,532,12,44,960,192,48,"p1br,seq=00099,frame_b=00133,bits=01064,qpsk=00532,ofdm=012,pad_q=00044,gap=0,ok=1","cvtrk,seq=00099,det=1,conf=0.94,x=-0.915,y=+0.256,pan=070.0,tilt=100.0,target=070.0/100.0,err=00.0,st=locked",Orin CSI camera solar tracker
2026-08-07T06:37:26.847723+00:00,1,,0,100,0,5300.0,301.887,1600.0,cv,0,,,55.04,1.5,0.1,charging,27.52,50.0,locked,70.0,100.0,70.0,100.0,0.0,1,csi,1,0.934,26.84,180.47,-0.91612,0.24806,640,480,234,6463,CRC/QPSK/OFDM,1,0,129,133,1064,532,12,44,960,192,48,"p1br,seq=00100,frame_b=00133,bits=01064,qpsk=00532,ofdm=012,pad_q=00044,gap=0,ok=1","cvtrk,seq=00100,det=1,conf=0.93,x=-0.916,y=+0.248,pan=070.0,tilt=100.0,target=070.0/100.0,err=00.0,st=locked",Orin CSI camera solar tracker
2026-08-07T06:37:27.108800+00:00,1,,0,101,0,5300.0,301.887,1600.0,cv,0,,,55.04,1.5,0.1,charging,27.5201,50.0,locked,70.0,100.0,70.0,100.0,0.0,1,csi,1,0.9277,26.35,185.49,-0.91766,0.22713,640,480,232,6285,CRC/QPSK/OFDM,1,0,129,133,1064,532,12,44,960,192,48,"p1br,seq=00101,frame_b=00133,bits=01064,qpsk=00532,ofdm=012,pad_q=00044,gap=0,ok=1","cvtrk,seq=00101,det=1,conf=0.93,x=-0.918,y=+0.227,pan=070.0,tilt=100.0,target=070.0/100.0,err=00.0,st=locked",Orin CSI camera solar tracker
2026-08-07T06:37:27.367177+00:00,1,,0,102,0,5300.0,301.887,1600.0,cv,0,,,55.04,1.5,0.1,charging,27.5202,50.0,locked,70.0,100.0,70.0,100.0,0.0,1,csi,1,0.9214,25.66,188.28,-0.91981,0.2155,640,480,230,6390,CRC/QPSK/OFDM,1,0,129,133,1064,532,12,44,960,192,48,"p1br,seq=00102,frame_b=00133,bits=01064,qpsk=00532,ofdm=012,pad_q=00044,gap=0,ok=1","cvtrk,seq=00102,det=1,conf=0.92,x=-0.920,y=+0.216,pan=070.0,tilt=100.0,target=070.0/100.0,err=00.0,st=locked",Orin CSI camera solar tracker
2026-08-07T06:37:27.636958+00:00,1,,0,103,0,5300.0,301.887,1600.0,cv,0,,,55.041,1.5,0.1,charging,27.5203,50.0,locked,70.0,100.0,70.0,100.0,0.0,1,csi,1,0.8303,28.05,180.91,-0.91235,0.2462,640,480,201,6467,CRC/QPSK/OFDM,1,0,129,133,1064,532,12,44,960,192,48,"p1br,seq=00103,frame_b=00133,bits=01064,qpsk=00532,ofdm=012,pad_q=00044,gap=0,ok=1","cvtrk,seq=00103,det=1,conf=0.83,x=-0.912,y=+0.246,pan=070.0,tilt=100.0,target=070.0/100.0,err=00.0,st=locked",Orin CSI camera solar tracker
2026-08-07T06:37:27.896302+00:00,1,,0,104,0,5300.0,301.887,1600.0,cv,0,,,55.041,1.5,0.1,charging,27.5204,50.0,locked,70.0,100.0,70.0,100.0,0.0,1,csi,1,0.9811,19.5,202.19,-0.93906,0.15754,640,480,249,6300,CRC/QPSK/OFDM,1,0,129,133,1064,532,12,44,960,192,48,"p1br,seq=00104,frame_b=00133,bits=01064,qpsk=00532,ofdm=012,pad_q=00044,gap=0,ok=1","cvtrk,seq=00104,det=1,conf=0.98,x=-0.939,y=+0.158,pan=070.0,tilt=100.0,target=070.0/100.0,err=00.0,st=locked",Orin CSI camera solar tracker
2026-08-07T06:41:34.829888+00:00,1,,0,0,50,5300.0,301.887,1600.0,cv,0,,,55.045,1.5,0.1,charging,27.5224,50.0,lost,90.0,90.0,90.0,90.0,0.0,1,csi,0,0.0,,,0.0,0.0,640,480,73,0,CRC/QPSK/OFDM,1,1,129,133,1064,532,12,44,960,192,48,"p1br,seq=00000,frame_b=00133,bits=01064,qpsk=00532,ofdm=012,pad_q=00044,gap=1,ok=1","cvtrk,seq=00000,det=0,conf=0.00,x=+0.000,y=+0.000,pan=090.0,tilt=090.0,target=090.0/090.0,err=00.0,st=lost",Orin CSI camera solar tracker
2026-08-07T06:41:35.150322+00:00,1,,0,1,61,5253.881,279.536,1468.649,cv,0,,,55.045,1.369,0.1,charging,27.5225,50.0,seeking,94.233,94.651,110.0,100.0,16.65,1,csi,1,0.4557,545.75,53.97,0.70548,0.77513,640,480,157,3123,CRC/QPSK/OFDM,1,0,129,133,1064,532,12,44,960,192,48,"p1br,seq=00001,frame_b=00133,bits=01064,qpsk=00532,ofdm=012,pad_q=00044,gap=0,ok=1","cvtrk,seq=00001,det=1,conf=0.46,x=+0.705,y=+0.775,pan=094.2,tilt=094.7,target=110.0/100.0,err=16.6,st=seeking",Orin CSI camera solar tracker
2026-08-07T06:41:35.414089+00:00,1,,0,2,70,5275.933,290.139,1530.753,cv,0,,,55.045,1.431,0.1,charging,27.5226,50.0,seeking,98.018,99.216,110.0,100.0,12.007,1,csi,1,1.0,521.89,57.4,0.63091,0.76085,640,480,255,6513,CRC/QPSK/OFDM,1,0,129,133,1064,532,12,44,960,192,48,"p1br,seq=00002,frame_b=00133,bits=01064,qpsk=00532,ofdm=012,pad_q=00044,gap=0,ok=1","cvtrk,seq=00002,det=1,conf=1.00,x=+0.631,y=+0.761,pan=098.0,tilt=099.2,target=110.0/100.0,err=12.0,st=seeking",Orin CSI camera solar tracker
2026-08-07T06:41:35.669476+00:00,1,,0,3,83,5283.194,293.664,1551.482,cv,0,,,55.045,1.451,0.1,charging,27.5227,50.0,seeking,103.035,96.876,110.0,89.661,10.028,1,csi,1,1.0,587.55,333.6,0.83608,-0.39,640,480,255,8831,CRC/QPSK/OFDM,1,0,129,133,1064,532,12,44,960,192,48,"p1br,seq=00003,frame_b=00133,bits=01064,qpsk=00532,ofdm=012,pad_q=00044,gap=0,ok=1","cvtrk,seq=00003,det=1,conf=1.00,x=+0.836,y=-0.390,pan=103.0,tilt=096.9,target=110.0/089.7,err=10.0,st=seeking",Orin CSI camera solar tracker
2026-08-07T06:41:35.928853+00:00,1,,0,4,83,5274.167,289.284,1525.732,cv,0,,,55.046,1.426,0.1,charging,27.5228,50.0,seeking,103.202,92.422,103.897,80.0,12.442,1,csi,1,0.6062,328.9,418.14,0.02783,-0.74227,640,480,184,3538,CRC/QPSK/OFDM,1,0,129,133,1064,532,12,44,960,192,48,"p1br,seq=00004,frame_b=00133,bits=01064,qpsk=00532,ofdm=012,pad_q=00044,gap=0,ok=1","cvtrk,seq=00004,det=1,conf=0.61,x=+0.028,y=-0.742,pan=103.2,tilt=092.4,target=103.9/080.0,err=12.4,st=seeking",Orin CSI camera solar tracker
2026-08-07T06:41:36.194564+00:00,1,,0,5,72,5238.766,272.358,1426.822,cv,0,,,55.046,1.327,0.1,charging,27.5229,50.0,seeking,98.643,97.144,79.649,100.0,19.208,1,csi,1,0.7361,76.88,51.14,-0.75976,0.7869,640,480,218,3449,CRC/QPSK/OFDM,1,0,129,133,1064,532,12,44,960,192,48,"p1br,seq=00005,frame_b=00133,bits=01064,qpsk=00532,ofdm=012,pad_q=00044,gap=0,ok=1","cvtrk,seq=00005,det=1,conf=0.74,x=-0.760,y=+0.787,pan=098.6,tilt=097.1,target=079.6/100.0,err=19.2,st=seeking",Orin CSI camera solar tracker
2026-08-07T06:41:36.457299+00:00,1,,0,6,67,5291.891,297.908,1576.498,cv,0,,,55.046,1.476,0.1,charging,27.523,50.0,seeking,96.973,100.0,90.011,100.0,6.961,1,csi,1,0.5873,230.9,21.91,-0.27845,0.90869,640,480,175,3719,CRC/QPSK/OFDM,1,0,129,133,1064,532,12,44,960,192,48,"p1br,seq=00006,frame_b=00133,bits=01064,qpsk=00532,ofdm=012,pad_q=00044,gap=0,ok=1","cvtrk,seq=00006,det=1,conf=0.59,x=-0.278,y=+0.909,pan=097.0,tilt=100.0,target=090.0/100.0,err=07.0,st=seeking",Orin CSI camera solar tracker
2026-08-07T06:41:36.715292+00:00,1,,0,7,62,5284.917,294.503,1556.423,cv,0,,,55.046,1.456,0.1,charging,27.5231,50.0,seeking,94.693,100.0,85.194,100.0,9.499,1,csi,1,0.5621,198.41,230.75,-0.37996,0.03855,640,480,153,4379,CRC/QPSK/OFDM,1,0,129,133,1064,532,12,44,960,192,48,"p1br,seq=00007,frame_b=00133,bits=01064,qpsk=00532,ofdm=012,pad_q=00044,gap=0,ok=1","cvtrk,seq=00007,det=1,conf=0.56,x=-0.380,y=+0.039,pan=094.7,tilt=100.0,target=085.2/100.0,err=09.5,st=seeking",Orin CSI camera solar tracker
2026-08-07T06:41:36.974167+00:00,1,,0,8,52,5260.473,282.689,1487.077,cv,0,,,55.046,1.387,0.1,charging,27.5232,50.0,seeking,90.995,100.0,75.589,100.0,15.406,1,csi,1,0.7895,122.8,41.52,-0.61625,0.82699,640,480,240,3078,CRC/QPSK/OFDM,1,0,129,133,1064,532,12,44,960,192,48,"p1br,seq=00008,frame_b=00133,bits=01064,qpsk=00532,ofdm=012,pad_q=00044,gap=0,ok=1","cvtrk,seq=00008,det=1,conf=0.79,x=-0.616,y=+0.827,pan=091.0,tilt=100.0,target=075.6/100.0,err=15.4,st=seeking",Orin CSI camera solar tracker
2026-08-07T06:41:37.234187+00:00,1,,0,9,40,5257.579,281.303,1478.972,cv,0,,,55.047,1.379,0.1,charging,27.5233,50.0,seeking,85.964,100.0,70.0,100.0,15.964,1,csi,1,0.9011,51.66,109.09,-0.83855,0.54547,640,480,255,3595,CRC/QPSK/OFDM,1,0,129,133,1064,532,12,44,960,192,48,"p1br,seq=00009,frame_b=00133,bits=01064,qpsk=00532,ofdm=012,pad_q=00044,gap=0,ok=1","cvtrk,seq=00009,det=1,conf=0.90,x=-0.839,y=+0.545,pan=086.0,tilt=100.0,target=070.0/100.0,err=16.0,st=seeking",Orin CSI camera solar tracker
2026-08-07T06:41:37.495082+00:00,1,,0,10,27,5280.664,292.433,1544.243,cv,0,,,55.047,1.444,0.1,charging,27.5234,50.0,seeking,80.759,100.0,70.0,100.0,10.759,1,csi,1,0.6957,42.4,37.85,-0.8675,0.8423,640,480,216,3119,CRC/QPSK/OFDM,1,0,129,133,1064,532,12,44,960,192,48,"p1br,seq=00010,frame_b=00133,bits=01064,qpsk=00532,ofdm=012,pad_q=00044,gap=0,ok=1","cvtrk,seq=00010,det=1,conf=0.70,x=-0.867,y=+0.842,pan=080.8,tilt=100.0,target=070.0/100.0,err=10.8,st=seeking",Orin CSI camera solar tracker
2026-08-07T06:41:37.749936+00:00,1,,0,11,19,5288.825,296.409,1567.655,cv,0,,,55.047,1.468,0.1,charging,27.5235,50.0,seeking,77.733,99.141,70.0,96.491,8.174,1,csi,1,0.8583,158.61,274.37,-0.50435,-0.14322,640,480,255,3157,CRC/QPSK/OFDM,1,0,129,133,1064,532,12,44,960,192,48,"p1br,seq=00011,frame_b=00133,bits=01064,qpsk=00532,ofdm=012,pad_q=00044,gap=0,ok=1","cvtrk,seq=00011,det=1,conf=0.86,x=-0.504,y=-0.143,pan=077.7,tilt=099.1,target=070.0/096.5,err=08.2,st=seeking",Orin CSI camera solar tracker
2026-08-07T06:41:38.007815+00:00,1,,0,12,6,5298.361,301.081,1595.236,cv,0,,,55.047,1.495,0.1,charging,27.5236,50.0,locked,72.384,98.484,70.0,96.458,3.128,1,csi,1,0.8501,34.71,266.28,-0.89154,-0.10949,640,480,255,3073,CRC/QPSK/OFDM,1,0,129,133,1064,532,12,44,960,192,48,"p1br,seq=00012,frame_b=00133,bits=01064,qpsk=00532,ofdm=012,pad_q=00044,gap=0,ok=1","cvtrk,seq=00012,det=1,conf=0.85,x=-0.892,y=-0.109,pan=072.4,tilt=098.5,target=070.0/096.5,err=03.1,st=locked",Orin CSI camera solar tracker
2026-08-07T06:41:38.270242+00:00,1,,0,13,0,5299.219,301.503,1597.73,cv,0,,,55.047,1.498,0.1,charging,27.5237,50.0,locked,70.0,97.784,70.0,95.625,2.159,1,csi,1,0.8534,25.72,268.0,-0.91961,-0.11668,640,480,255,3107,CRC/QPSK/OFDM,1,0,129,133,1064,532,12,44,960,192,48,"p1br,seq=00013,frame_b=00133,bits=01064,qpsk=00532,ofdm=012,pad_q=00044,gap=0,ok=1","cvtrk,seq=00013,det=1,conf=0.85,x=-0.920,y=-0.117,pan=070.0,tilt=097.8,target=070.0/095.6,err=02.2,st=locked",Orin CSI camera solar tracker
2026-08-07T06:41:38.528609+00:00,1,,0,14,0,5300.0,301.887,1600.0,cv,0,,,55.048,1.5,0.1,charging,27.5238,50.0,locked,70.0,100.0,70.0,100.0,0.0,1,csi,1,0.8505,171.57,44.27,-0.46383,0.81556,640,480,255,3077,CRC/QPSK/OFDM,1,0,129,133,1064,532,12,44,960,192,48,"p1br,seq=00014,frame_b=00133,bits=01064,qpsk=00532,ofdm=012,pad_q=00044,gap=0,ok=1","cvtrk,seq=00014,det=1,conf=0.85,x=-0.464,y=+0.816,pan=070.0,tilt=100.0,target=070.0/100.0,err=00.0,st=locked",Orin CSI camera solar tracker
2026-08-07T06:41:38.788513+00:00,1,,0,15,12,5232.677,269.488,1410.145,cv,0,,,55.048,1.31,0.1,charging,27.5239,50.0,seeking,74.836,100.0,94.985,100.0,20.149,1,csi,1,0.7993,577.91,30.69,0.80598,0.87213,640,480,241,3137,CRC/QPSK/OFDM,1,0,129,133,1064,532,12,44,960,192,48,"p1br,seq=00015,frame_b=00133,bits=01064,qpsk=00532,ofdm=012,pad_q=00044,gap=0,ok=1","cvtrk,seq=00015,det=1,conf=0.80,x=+0.806,y=+0.872,pan=074.8,tilt=100.0,target=095.0/100.0,err=20.1,st=seeking",Orin CSI camera solar tracker
2026-08-07T06:41:39.048679+00:00,1,,0,16,21,5261.749,283.301,1490.658,cv,0,,,55.048,1.391,0.1,charging,27.524,50.0,seeking,78.473,100.0,93.627,100.0,15.154,1,csi,1,0.7773,513.97,234.44,0.60616,0.02316,640,480,236,3120,CRC/QPSK/OFDM,1,0,129,133,1064,532,12,44,960,192,48,"p1br,seq=00016,frame_b=00133,bits=01064,qpsk=00532,ofdm=012,pad_q=00044,gap=0,ok=1","cvtrk,seq=00016,det=1,conf=0.78,x=+0.606,y=+0.023,pan=078.5,tilt=100.0,target=093.6/100.0,err=15.2,st=seeking",Orin CSI camera solar tracker
2026-08-07T06:41:39.306795+00:00,1,,0,17,34,5225.968,266.339,1391.881,cv,0,,,55.048,1.292,0.1,charging,27.5241,50.0,seeking,83.547,100.0,104.687,100.0,21.141,1,csi,1,0.8949,590.6,113.4,0.84563,0.52752,640,480,255,3532,CRC/QPSK/OFDM,1,0,129,133,1064,532,12,44,960,192,48,"p1br,seq=00017,frame_b=00133,bits=01064,qpsk=00532,ofdm=012,pad_q=00044,gap=0,ok=1","cvtrk,seq=00017,det=1,conf=0.89,x=+0.846,y=+0.528,pan=083.5,tilt=100.0,target=104.7/100.0,err=21.1,st=seeking",Orin CSI camera solar tracker
2026-08-07T06:41:39.565866+00:00,1,,0,18,46,5233.319,269.79,1411.897,cv,0,,,55.048,1.312,0.1,charging,27.5241,50.0,seeking,88.359,100.0,108.411,100.0,20.052,1,csi,1,0.8666,576.67,91.15,0.80209,0.62019,640,480,255,3242,CRC/QPSK/OFDM,1,0,129,133,1064,532,12,44,960,192,48,"p1br,seq=00018,frame_b=00133,bits=01064,qpsk=00532,ofdm=012,pad_q=00044,gap=0,ok=1","cvtrk,seq=00018,det=1,conf=0.87,x=+0.802,y=+0.620,pan=088.4,tilt=100.0,target=108.4/100.0,err=20.1,st=seeking",Orin CSI camera solar tracker
2026-08-07T06:41:39.824213+00:00,1,,0,19,52,5280.841,292.52,1544.75,cv,0,,,55.048,1.445,0.1,charging,27.5242,50.0,seeking,90.929,100.0,101.639,100.0,10.709,1,csi,1,0.8612,457.08,109.68,0.42837,0.54298,640,480,255,3187,CRC/QPSK/OFDM,1,0,129,133,1064,532,12,44,960,192,48,"p1br,seq=00019,frame_b=00133,bits=01064,qpsk=00532,ofdm=012,pad_q=00044,gap=0,ok=1","cvtrk,seq=00019,det=1,conf=0.86,x=+0.428,y=+0.543,pan=090.9,tilt=100.0,target=101.6/100.0,err=10.7,st=seeking",Orin CSI camera solar tracker
2026-08-07T06:41:40.086722+00:00,1,,0,20,59,5281.515,292.847,1546.677,cv,0,,,55.049,1.447,0.1,charging,27.5243,50.0,seeking,93.454,100.0,103.973,100.0,10.519,1,csi,1,0.8531,454.64,91.74,0.42075,0.61777,640,480,255,3104,CRC/QPSK/OFDM,1,0,129,133,1064,532,12,44,960,192,48,"p1br,seq=00020,frame_b=00133,bits=01064,qpsk=00532,ofdm=012,pad_q=00044,gap=0,ok=1","cvtrk,seq=00020,det=1,conf=0.85,x=+0.421,y=+0.618,pan=093.5,tilt=100.0,target=104.0/100.0,err=10.5,st=seeking",Orin CSI camera solar tracker
2026-08-07T06:41:40.344818+00:00,1,,0,21,64,5284.476,294.288,1555.157,cv,0,,,55.049,1.455,0.1,charging,27.5244,50.0,seeking,95.767,100.0,105.404,100.0,9.637,1,csi,1,0.8781,443.36,85.26,0.3855,0.64473,640,480,255,3360,CRC/QPSK/OFDM,1,0,129,133,1064,532,12,44,960,192,48,"p1br,seq=00021,frame_b=00133,bits=01064,qpsk=00532,ofdm=012,pad_q=00044,gap=0,ok=1","cvtrk,seq=00021,det=1,conf=0.88,x=+0.385,y=+0.645,pan=095.8,tilt=100.0,target=105.4/100.0,err=09.6,st=seeking",Orin CSI camera solar tracker
2026-08-07T06:41:40.604139+00:00,1,,0,22,70,5287.391,295.709,1563.531,cv,0,,,55.049,1.464,0.1,charging,27.5245,50.0,seeking,97.851,100.0,106.534,100.0,8.683,1,csi,1,0.8537,431.15,80.9,0.34734,0.6629,640,480,255,3110,CRC/QPSK/OFDM,1,0,129,133,1064,532,12,44,960,192,48,"p1br,seq=00022,frame_b=00133,bits=01064,qpsk=00532,ofdm=012,pad_q=00044,gap=0,ok=1","cvtrk,seq=00022,det=1,conf=0.85,x=+0.347,y=+0.663,pan=097.9,tilt=100.0,target=106.5/100.0,err=08.7,st=seeking",Orin CSI camera solar tracker
2026-08-07T06:41:40.861601+00:00,1,,0,23,75,5287.705,295.862,1564.433,cv,0,,,55.049,1.464,0.1,charging,27.5246,50.0,seeking,99.909,100.0,108.483,100.0,8.574,1,csi,1,0.8678,429.75,81.88,0.34298,0.65882,640,480,255,3254,CRC/QPSK/OFDM,1,0,129,133,1064,532,12,44,960,192,48,"p1br,seq=00023,frame_b=00133,bits=01064,qpsk=00532,ofdm=012,pad_q=00044,gap=0,ok=1","cvtrk,seq=00023,det=1,conf=0.87,x=+0.343,y=+0.659,pan=099.9,tilt=100.0,target=108.5/100.0,err=08.6,st=seeking",Orin CSI camera solar tracker
2026-08-07T06:41:41.120455+00:00,1,,0,24,80,5288.988,296.489,1568.124,cv,0,,,55.049,1.468,0.1,charging,27.5247,50.0,seeking,101.856,100.0,109.97,100.0,8.114,1,csi,1,0.8711,423.86,81.71,0.32457,0.65955,640,480,255,3288,CRC/QPSK/OFDM,1,0,129,133,1064,532,12,44,960,192,48,"p1br,seq=00024,frame_b=00133,bits=01064,qpsk=00532,ofdm=012,pad_q=00044,gap=0,ok=1","cvtrk,seq=00024,det=1,conf=0.87,x=+0.325,y=+0.660,pan=101.9,tilt=100.0,target=110.0/100.0,err=08.1,st=seeking",Orin CSI camera solar tracker
2026-08-07T06:41:41.380256+00:00,1,,0,25,85,5293.889,298.887,1582.273,cv,0,,,55.05,1.482,0.1,charging,27.5248,50.0,seeking,103.958,100.0,110.0,100.0,6.042,1,csi,1,0.8736,432.09,81.94,0.35029,0.65857,640,480,255,3314,CRC/QPSK/OFDM,1,0,129,133,1064,532,12,44,960,192,48,"p1br,seq=00025,frame_b=00133,bits=01064,qpsk=00532,ofdm=012,pad_q=00044,gap=0,ok=1","cvtrk,seq=00025,det=1,conf=0.87,x=+0.350,y=+0.659,pan=104.0,tilt=100.0,target=110.0/100.0,err=06.0,st=seeking",Orin CSI camera solar tracker
2026-08-07T06:41:41.639115+00:00,1,,0,26,91,5297.769,300.79,1593.518,cv,0,,,55.05,1.494,0.1,charging,27.5249,50.0,locked,106.351,100.0,110.0,100.0,3.649,1,csi,1,0.8927,447.61,87.76,0.39879,0.63435,640,480,255,3509,CRC/QPSK/OFDM,1,0,129,133,1064,532,12,44,960,192,48,"p1br,seq=00026,frame_b=00133,bits=01064,qpsk=00532,ofdm=012,pad_q=00044,gap=0,ok=1","cvtrk,seq=00026,det=1,conf=0.89,x=+0.399,y=+0.634,pan=106.4,tilt=100.0,target=110.0/100.0,err=03.6,st=locked",Orin CSI camera solar tracker
2026-08-07T06:41:41.897425+00:00,1,,0,27,96,5299.667,301.723,1599.031,cv,0,,,55.05,1.499,0.1,charging,27.525,50.0,locked,108.59,100.0,110.0,100.0,1.41,1,csi,1,0.8502,439.44,76.77,0.37325,0.68012,640,480,255,3074,CRC/QPSK/OFDM,1,0,129,133,1064,532,12,44,960,192,48,"p1br,seq=00027,frame_b=00133,bits=01064,qpsk=00532,ofdm=012,pad_q=00044,gap=0,ok=1","cvtrk,seq=00027,det=1,conf=0.85,x=+0.373,y=+0.680,pan=108.6,tilt=100.0,target=110.0/100.0,err=01.4,st=locked",Orin CSI camera solar tracker
2026-08-07T06:41:42.158400+00:00,1,,0,28,90,5269.396,286.979,1512.208,cv,0,,,55.05,1.412,0.1,charging,27.5251,50.0,seeking,105.831,97.676,94.334,90.511,13.547,1,csi,1,1.0,172.84,332.95,-0.45988,-0.38731,640,480,255,98396,CRC/QPSK/OFDM,1,0,129,133,1064,532,12,44,960,192,48,"p1br,seq=00028,frame_b=00133,bits=01064,qpsk=00532,ofdm=012,pad_q=00044,gap=0,ok=1","cvtrk,seq=00028,det=1,conf=1.00,x=-0.460,y=-0.387,pan=105.8,tilt=097.7,target=094.3/090.5,err=13.5,st=seeking",Orin CSI camera solar tracker
2026-08-07T06:41:42.420430+00:00,1,,0,29,86,5295.083,299.472,1585.727,cv,0,,,55.051,1.486,0.1,charging,27.5253,50.0,seeking,104.53,100.0,99.111,100.0,5.42,1,csi,1,1.0,250.63,129.38,-0.21678,0.46092,640,480,255,59090,CRC/QPSK/OFDM,1,0,129,133,1064,532,12,44,960,192,48,"p1br,seq=00029,frame_b=00133,bits=01064,qpsk=00532,ofdm=012,pad_q=00044,gap=0,ok=1","cvtrk,seq=00029,det=1,conf=1.00,x=-0.217,y=+0.461,pan=104.5,tilt=100.0,target=099.1/100.0,err=05.4,st=seeking",Orin CSI camera solar tracker
2026-08-07T06:41:42.678829+00:00,1,,0,30,88,5299.032,301.411,1597.186,cv,0,,,55.051,1.497,0.1,charging,27.5253,50.0,locked,105.107,100.0,107.51,100.0,2.403,1,csi,1,1.0,350.76,136.97,0.09613,0.42928,640,480,255,27908,CRC/QPSK/OFDM,1,0,129,133,1064,532,12,44,960,192,48,"p1br,seq=00030,frame_b=00133,bits=01064,qpsk=00532,ofdm=012,pad_q=00044,gap=0,ok=1","cvtrk,seq=00030,det=1,conf=1.00,x=+0.096,y=+0.429,pan=105.1,tilt=100.0,target=107.5/100.0,err=02.4,st=locked",Orin CSI camera solar tracker
2026-08-07T06:41:42.937827+00:00,1,,0,31,96,5299.525,301.653,1598.62,cv,0,,,55.051,1.499,0.1,charging,27.5255,50.0,locked,108.317,100.0,110.0,100.0,1.683,1,csi,1,1.0,491.2,190.12,0.535,0.20784,640,480,255,25975,CRC/QPSK/OFDM,1,0,129,133,1064,532,12,44,960,192,48,"p1br,seq=00031,frame_b=00133,bits=01064,qpsk=00532,ofdm=012,pad_q=00044,gap=0,ok=1","cvtrk,seq=00031,det=1,conf=1.00,x=+0.535,y=+0.208,pan=108.3,tilt=100.0,target=110.0/100.0,err=01.7,st=locked",Orin CSI camera solar tracker
2026-08-07T06:41:43.196851+00:00,1,,0,32,100,5300.0,301.887,1600.0,cv,0,,,55.051,1.5,0.1,charging,27.5256,50.0,locked,110.0,100.0,110.0,100.0,0.0,1,csi,1,1.0,547.8,193.14,0.71189,0.19527,640,480,255,26053,CRC/QPSK/OFDM,1,0,129,133,1064,532,12,44,960,192,48,"p1br,seq=00032,frame_b=00133,bits=01064,qpsk=00532,ofdm=012,pad_q=00044,gap=0,ok=1","cvtrk,seq=00032,det=1,conf=1.00,x=+0.712,y=+0.195,pan=110.0,tilt=100.0,target=110.0/100.0,err=00.0,st=locked",Orin CSI camera solar tracker
2026-08-07T06:41:43.454988+00:00,1,,0,33,100,5300.0,301.887,1600.0,cv,0,,,55.051,1.5,0.1,charging,27.5257,50.0,locked,110.0,100.0,110.0,100.0,0.0,1,csi,1,1.0,586.74,201.15,0.83356,0.16189,640,480,255,24027,CRC/QPSK/OFDM,1,0,129,133,1064,532,12,44,960,192,48,"p1br,seq=00033,frame_b=00133,bits=01064,qpsk=00532,ofdm=012,pad_q=00044,gap=0,ok=1","cvtrk,seq=00033,det=1,conf=1.00,x=+0.834,y=+0.162,pan=110.0,tilt=100.0,target=110.0/100.0,err=00.0,st=locked",Orin CSI camera solar tracker
2026-08-07T06:41:43.715440+00:00,1,,0,34,100,5300.0,301.887,1600.0,cv,0,,,55.052,1.5,0.1,charging,27.5258,50.0,locked,110.0,100.0,110.0,100.0,0.0,1,csi,1,1.0,587.46,236.23,0.83583,0.0157,640,480,255,26597,CRC/QPSK/OFDM,1,0,129,133,1064,532,12,44,960,192,48,"p1br,seq=00034,frame_b=00133,bits=01064,qpsk=00532,ofdm=012,pad_q=00044,gap=0,ok=1","cvtrk,seq=00034,det=1,conf=1.00,x=+0.836,y=+0.016,pan=110.0,tilt=100.0,target=110.0/100.0,err=00.0,st=locked",Orin CSI camera solar tracker
2026-08-07T06:41:43.981650+00:00,1,,0,35,100,5300.0,301.887,1600.0,cv,0,,,55.052,1.5,0.1,charging,27.5259,50.0,locked,110.0,100.0,110.0,100.0,0.0,1,csi,1,1.0,512.11,195.86,0.60034,0.18393,640,480,255,43210,CRC/QPSK/OFDM,1,0,129,133,1064,532,12,44,960,192,48,"p1br,seq=00035,frame_b=00133,bits=01064,qpsk=00532,ofdm=012,pad_q=00044,gap=0,ok=1","cvtrk,seq=00035,det=1,conf=1.00,x=+0.600,y=+0.184,pan=110.0,tilt=100.0,target=110.0/100.0,err=00.0,st=locked",Orin CSI camera solar tracker
2026-08-07T06:41:44.232656+00:00,1,,0,36,99,5299.725,301.752,1599.2,cv,0,,,55.052,1.499,0.1,charging,27.526,50.0,locked,109.693,100.0,108.412,100.0,1.281,1,csi,1,1.0,303.6,126.27,-0.05124,0.47387,640,480,255,16602,CRC/QPSK/OFDM,1,0,129,133,1064,532,12,44,960,192,48,"p1br,seq=00036,frame_b=00133,bits=01064,qpsk=00532,ofdm=012,pad_q=00044,gap=0,ok=1","cvtrk,seq=00036,det=1,conf=1.00,x=-0.051,y=+0.474,pan=109.7,tilt=100.0,target=108.4/100.0,err=01.3,st=locked",Orin CSI camera solar tracker
2026-08-07T06:41:44.490657+00:00,1,,0,37,91,5271.592,288.039,1518.426,cv,0,,,55.052,1.418,0.1,charging,27.5261,50.0,seeking,106.561,100.0,93.511,100.0,13.05,1,csi,1,1.0,152.96,108.09,-0.52199,0.54961,640,480,255,15329,CRC/QPSK/OFDM,1,0,129,133,1064,532,12,44,960,192,48,"p1br,seq=00037,frame_b=00133,bits=01064,qpsk=00532,ofdm=012,pad_q=00044,gap=0,ok=1","cvtrk,seq=00037,det=1,conf=1.00,x=-0.522,y=+0.550,pan=106.6,tilt=100.0,target=093.5/100.0,err=13.0,st=seeking",Orin CSI camera solar tracker
2026-08-07T06:41:44.749382+00:00,1,,0,38,78,5214.032,260.774,1359.684,cv,0,,,55.052,1.26,0.1,charging,27.5261,50.0,seeking,101.088,100.0,78.286,100.0,22.802,1,csi,1,1.0,28.13,137.42,-0.91209,0.42742,640,480,255,10278,CRC/QPSK/OFDM,1,0,129,133,1064,532,12,44,960,192,48,"p1br,seq=00038,frame_b=00133,bits=01064,qpsk=00532,ofdm=012,pad_q=00044,gap=0,ok=1","cvtrk,seq=00038,det=1,conf=1.00,x=-0.912,y=+0.427,pan=101.1,tilt=100.0,target=078.3/100.0,err=22.8,st=seeking",Orin CSI camera solar tracker
2026-08-07T06:41:45.011877+00:00,1,,0,39,63,5203.937,256.104,1332.748,cv,0,,,55.052,1.233,0.1,charging,27.5262,50.0,seeking,95.299,100.0,71.176,100.0,24.123,1,csi,1,0.7693,11.23,172.57,-0.96492,0.28097,640,480,235,3080,CRC/QPSK/OFDM,1,0,129,133,1064,532,12,44,960,192,48,"p1br,seq=00039,frame_b=00133,bits=01064,qpsk=00532,ofdm=012,pad_q=00044,gap=0,ok=1","cvtrk,seq=00039,det=1,conf=0.77,x=-0.965,y=+0.281,pan=095.3,tilt=100.0,target=071.2/100.0,err=24.1,st=seeking",Orin CSI camera solar tracker
2026-08-07T06:41:45.269726+00:00,1,,0,40,49,5234.93,270.549,1416.304,cv,0,,,55.053,1.316,0.1,charging,27.5263,50.0,seeking,89.466,98.815,70.0,95.162,19.806,1,csi,1,0.7789,8.94,287.4,-0.97207,-0.19748,640,480,237,3095,CRC/QPSK/OFDM,1,0,129,133,1064,532,12,44,960,192,48,"p1br,seq=00040,frame_b=00133,bits=01064,qpsk=00532,ofdm=012,pad_q=00044,gap=0,ok=1","cvtrk,seq=00040,det=1,conf=0.78,x=-0.972,y=-0.197,pan=089.5,tilt=098.8,target=070.0/095.2,err=19.8,st=seeking",Orin CSI camera solar tracker
2026-08-07T06:41:45.528520+00:00,1,,0,41,57,5242.033,273.904,1435.812,cv,0,,,55.053,1.336,0.1,charging,27.5264,50.0,seeking,92.649,93.159,105.913,80.0,18.683,1,csi,1,0.8583,489.77,466.26,0.53055,-0.94276,640,480,255,3157,CRC/QPSK/OFDM,1,0,129,133,1064,532,12,44,960,192,48,"p1br,seq=00041,frame_b=00133,bits=01064,qpsk=00532,ofdm=012,pad_q=00044,gap=0,ok=1","cvtrk,seq=00041,det=1,conf=0.86,x=+0.531,y=-0.943,pan=092.6,tilt=093.2,target=105.9/080.0,err=18.7,st=seeking",Orin CSI camera solar tracker
2026-08-07T06:41:45.887916+00:00,1,,0,42,56,5299.614,301.697,1598.878,cv,0,,,55.053,1.499,0.1,charging,27.5266,50.0,locked,92.3,93.297,90.844,93.726,1.518,1,csi,1,0.8568,301.36,234.44,-0.05824,0.02315,640,480,255,3142,CRC/QPSK/OFDM,1,0,129,133,1064,532,12,44,960,192,48,"p1br,seq=00042,frame_b=00133,bits=01064,qpsk=00532,ofdm=012,pad_q=00044,gap=0,ok=1","cvtrk,seq=00042,det=1,conf=0.86,x=-0.058,y=+0.023,pan=092.3,tilt=093.3,target=090.8/093.7,err=01.5,st=locked",Orin CSI camera solar tracker
2026-08-07T06:41:46.046245+00:00,1,,0,43,52,5291.45,297.693,1575.225,cv,0,,,55.053,1.475,0.1,charging,27.5266,50.0,seeking,90.793,96.586,84.512,100.0,7.148,1,csi,1,0.8601,239.61,108.44,-0.25121,0.54815,640,480,255,3175,CRC/QPSK/OFDM,1,0,129,133,1064,532,12,44,960,192,48,"p1br,seq=00043,frame_b=00133,bits=01064,qpsk=00532,ofdm=012,pad_q=00044,gap=0,ok=1","cvtrk,seq=00043,det=1,conf=0.86,x=-0.251,y=+0.548,pan=090.8,tilt=096.6,target=084.5/100.0,err=07.1,st=seeking",Orin CSI camera solar tracker
2026-08-07T06:41:46.300097+00:00,1,,0,44,46,5285.626,294.848,1558.457,cv,0,,,55.053,1.458,0.1,charging,27.5267,50.0,seeking,88.574,96.821,79.33,97.546,9.273,1,csi,1,0.741,201.67,230.6,-0.36978,0.03917,640,480,226,3166,CRC/QPSK/OFDM,1,0,129,133,1064,532,12,44,960,192,48,"p1br,seq=00044,frame_b=00133,bits=01064,qpsk=00532,ofdm=012,pad_q=00044,gap=0,ok=1","cvtrk,seq=00044,det=1,conf=0.74,x=-0.370,y=+0.039,pan=088.6,tilt=096.8,target=079.3/097.5,err=09.3,st=seeking",Orin CSI camera solar tracker
2026-08-07T06:41:46.557892+00:00,1,,0,45,61,5258.783,281.879,1482.342,cv,0,,,55.054,1.382,0.1,charging,27.5268,50.0,seeking,94.332,98.554,110.0,100.0,15.734,1,csi,1,0.9027,627.11,170.7,0.95972,0.28874,640,480,255,3612,CRC/QPSK/OFDM,1,0,129,133,1064,532,12,44,960,192,48,"p1br,seq=00045,frame_b=00133,bits=01064,qpsk=00532,ofdm=012,pad_q=00044,gap=0,ok=1","cvtrk,seq=00045,det=1,conf=0.90,x=+0.960,y=+0.289,pan=094.3,tilt=098.6,target=110.0/100.0,err=15.7,st=seeking",Orin CSI camera solar tracker
2026-08-07T06:41:46.821305+00:00,1,,0,46,64,5291.68,297.805,1575.889,cv,0,,,55.054,1.476,0.1,charging,27.5269,50.0,seeking,95.518,96.922,100.456,91.889,7.051,1,csi,1,1.0,383.22,305.29,0.19755,-0.27204,640,480,255,175296,CRC/QPSK/OFDM,1,0,129,133,1064,532,12,44,960,192,48,"p1br,seq=00046,frame_b=00133,bits=01064,qpsk=00532,ofdm=012,pad_q=00044,gap=0,ok=1","cvtrk,seq=00046,det=1,conf=1.00,x=+0.198,y=-0.272,pan=095.5,tilt=096.9,target=100.5/091.9,err=07.1,st=seeking",Orin CSI camera solar tracker
2026-08-07T06:41:47.080160+00:00,1,,0,47,52,5214.653,261.062,1361.349,cv,0,,,55.054,1.261,0.1,charging,27.527,50.0,seeking,90.845,93.125,71.374,81.419,22.719,1,csi,1,1.0,70.77,391.86,-0.77884,-0.63274,640,480,255,26486,CRC/QPSK/OFDM,1,0,129,133,1064,532,12,44,960,192,48,"p1br,seq=00047,frame_b=00133,bits=01064,qpsk=00532,ofdm=012,pad_q=00044,gap=0,ok=1","cvtrk,seq=00047,det=1,conf=1.00,x=-0.779,y=-0.633,pan=090.8,tilt=093.1,target=071.4/081.4,err=22.7,st=seeking",Orin CSI camera solar tracker
2026-08-07T06:41:47.347799+00:00,1,,0,48,39,5254.378,279.773,1470.033,cv,0,,,55.054,1.37,0.1,charging,27.5271,50.0,seeking,85.675,91.394,70.0,86.056,16.559,1,csi,1,0.6957,44.31,309.25,-0.86154,-0.28854,640,480,217,3077,CRC/QPSK/OFDM,1,0,129,133,1064,532,12,44,960,192,48,"p1br,seq=00048,frame_b=00133,bits=01064,qpsk=00532,ofdm=012,pad_q=00044,gap=0,ok=1","cvtrk,seq=00048,det=1,conf=0.70,x=-0.862,y=-0.289,pan=085.7,tilt=091.4,target=070.0/086.1,err=16.6,st=seeking",Orin CSI camera solar tracker
2026-08-07T06:41:47.596162+00:00,1,,0,49,27,5278.85,291.553,1539.064,cv,0,,,55.054,1.439,0.1,charging,27.5272,50.0,seeking,80.912,92.286,70.0,95.037,11.254,1,csi,1,0.8441,65.97,204.32,-0.79384,0.14868,640,480,251,3178,CRC/QPSK/OFDM,1,0,129,133,1064,532,12,44,960,192,48,"p1br,seq=00049,frame_b=00133,bits=01064,qpsk=00532,ofdm=012,pad_q=00044,gap=0,ok=1","cvtrk,seq=00049,det=1,conf=0.84,x=-0.794,y=+0.149,pan=080.9,tilt=092.3,target=070.0/095.0,err=11.3,st=seeking",Orin CSI camera solar tracker
2026-08-07T06:41:47.936301+00:00,1,,0,50,14,5289.159,296.572,1568.619,cv,0,,,55.055,1.469,0.1,charging,27.5273,50.0,seeking,75.713,94.328,70.0,100.0,8.051,1,csi,1,0.7978,42.73,158.31,-0.86648,0.34037,640,480,240,3163,CRC/QPSK/OFDM,1,0,129,133,1064,532,12,44,960,192,48,"p1br,seq=00050,frame_b=00133,bits=01064,qpsk=00532,ofdm=012,pad_q=00044,gap=0,ok=1","cvtrk,seq=00050,det=1,conf=0.80,x=-0.866,y=+0.340,pan=075.7,tilt=094.3,target=070.0/100.0,err=08.1,st=seeking",Orin CSI camera solar tracker
2026-08-07T06:41:48.139619+00:00,1,,0,51,1,5298.383,301.092,1595.299,cv,0,,,55.055,1.495,0.1,charging,27.5274,50.0,locked,70.475,96.929,70.0,100.0,3.107,1,csi,1,0.8508,40.62,135.96,-0.87307,0.43349,640,480,255,3080,CRC/QPSK/OFDM,1,0,129,133,1064,532,12,44,960,192,48,"p1br,seq=00051,frame_b=00133,bits=01064,qpsk=00532,ofdm=012,pad_q=00044,gap=0,ok=1","cvtrk,seq=00051,det=1,conf=0.85,x=-0.873,y=+0.433,pan=070.5,tilt=096.9,target=070.0/100.0,err=03.1,st=locked",Orin CSI camera solar tracker
2026-08-07T06:41:48.374150+00:00,1,,0,52,0,5299.957,301.866,1599.875,cv,0,,,55.055,1.5,0.1,charging,27.5275,50.0,locked,70.0,99.494,70.0,100.0,0.506,1,csi,1,0.8526,33.68,137.41,-0.89477,0.42747,640,480,255,3099,CRC/QPSK/OFDM,1,0,129,133,1064,532,12,44,960,192,48,"p1br,seq=00052,frame_b=00133,bits=01064,qpsk=00532,ofdm=012,pad_q=00044,gap=0,ok=1","cvtrk,seq=00052,det=1,conf=0.85,x=-0.895,y=+0.427,pan=070.0,tilt=099.5,target=070.0/100.0,err=00.5,st=locked",Orin CSI camera solar tracker
2026-08-07T06:41:48.758380+00:00,1,,0,53,0,5300.0,301.887,1600.0,cv,0,,,55.055,1.5,0.1,charging,27.5276,50.0,locked,70.0,100.0,70.0,100.0,0.0,1,csi,1,0.8572,71.35,135.39,-0.77703,0.43589,640,480,255,3146,CRC/QPSK/OFDM,1,0,129,133,1064,532,12,44,960,192,48,"p1br,seq=00053,frame_b=00133,bits=01064,qpsk=00532,ofdm=012,pad_q=00044,gap=0,ok=1","cvtrk,seq=00053,det=1,conf=0.86,x=-0.777,y=+0.436,pan=070.0,tilt=100.0,target=070.0/100.0,err=00.0,st=locked",Orin CSI camera solar tracker
2026-08-07T06:41:48.962965+00:00,1,,0,54,0,5295.948,299.896,1588.236,cv,0,,,55.055,1.488,0.1,charging,27.5277,50.0,locked,70.0,98.405,70.0,93.486,4.919,1,csi,1,1.0,88.31,303.81,-0.72403,-0.2659,640,480,255,63067,CRC/QPSK/OFDM,1,0,129,133,1064,532,12,44,960,192,48,"p1br,seq=00054,frame_b=00133,bits=01064,qpsk=00532,ofdm=012,pad_q=00044,gap=0,ok=1","cvtrk,seq=00054,det=1,conf=1.00,x=-0.724,y=-0.266,pan=070.0,tilt=098.4,target=070.0/093.5,err=04.9,st=locked",Orin CSI camera solar tracker
2026-08-07T06:41:49.164118+00:00,1,,0,55,2,5278.749,291.504,1538.776,cv,0,,,55.056,1.439,0.1,charging,27.5278,50.0,seeking,70.725,94.88,73.744,84.011,11.281,1,csi,1,1.0,358.65,381.0,0.12078,-0.58751,640,480,255,39192,CRC/QPSK/OFDM,1,0,129,133,1064,532,12,44,960,192,48,"p1br,seq=00055,frame_b=00133,bits=01064,qpsk=00532,ofdm=012,pad_q=00044,gap=0,ok=1","cvtrk,seq=00055,det=1,conf=1.00,x=+0.121,y=-0.588,pan=070.7,tilt=094.9,target=073.7/084.0,err=11.3,st=seeking",Orin CSI camera solar tracker
2026-08-07T06:41:49.429045+00:00,1,,0,56,15,5200.449,254.497,1323.501,cv,0,,,55.056,1.224,0.1,charging,27.5279,50.0,seeking,76.028,91.4,98.125,80.672,24.564,1,csi,1,1.0,602.85,379.17,0.88389,-0.5799,640,480,255,14494,CRC/QPSK/OFDM,1,0,129,133,1064,532,12,44,960,192,48,"p1br,seq=00056,frame_b=00133,bits=01064,qpsk=00532,ofdm=012,pad_q=00044,gap=0,ok=1","cvtrk,seq=00056,det=1,conf=1.00,x=+0.884,y=-0.580,pan=076.0,tilt=091.4,target=098.1/080.7,err=24.6,st=seeking",Orin CSI camera solar tracker
2026-08-07T06:41:49.684508+00:00,1,,0,57,15,5296.79,300.309,1590.675,cv,0,,,55.056,1.491,0.1,charging,27.528,50.0,locked,75.957,95.632,75.659,100.0,4.378,1,csi,1,0.5743,316.19,70.74,-0.01189,0.70526,640,480,187,3086,CRC/QPSK/OFDM,1,0,129,133,1064,532,12,44,960,192,48,"p1br,seq=00057,frame_b=00133,bits=01064,qpsk=00532,ofdm=012,pad_q=00044,gap=0,ok=1","cvtrk,seq=00057,det=1,conf=0.57,x=-0.012,y=+0.705,pan=076.0,tilt=095.6,target=075.7/100.0,err=04.4,st=locked",Orin CSI camera solar tracker
2026-08-07T06:41:49.945813+00:00,1,,0,58,5,5298.509,301.154,1595.665,cv,0,,,55.056,1.496,0.1,charging,27.5281,50.0,locked,72.149,97.93,70.0,100.0,2.984,1,csi,1,0.8519,116.93,148.07,-0.6346,0.38306,640,480,252,3217,CRC/QPSK/OFDM,1,0,129,133,1064,532,12,44,960,192,48,"p1br,seq=00058,frame_b=00133,bits=01064,qpsk=00532,ofdm=012,pad_q=00044,gap=0,ok=1","cvtrk,seq=00058,det=1,conf=0.85,x=-0.635,y=+0.383,pan=072.1,tilt=097.9,target=070.0/100.0,err=03.0,st=locked",Orin CSI camera solar tracker
2026-08-07T06:41:50.185405+00:00,1,,0,59,0,5299.974,301.874,1599.924,cv,0,,,55.056,1.5,0.1,charging,27.5282,50.0,locked,70.0,99.605,70.0,100.0,0.395,1,csi,1,0.8616,115.78,173.0,-0.63819,0.27918,640,480,255,3191,CRC/QPSK/OFDM,1,0,129,133,1064,532,12,44,960,192,48,"p1br,seq=00059,frame_b=00133,bits=01064,qpsk=00532,ofdm=012,pad_q=00044,gap=0,ok=1","cvtrk,seq=00059,det=1,conf=0.86,x=-0.638,y=+0.279,pan=070.0,tilt=099.6,target=070.0/100.0,err=00.4,st=locked",Orin CSI camera solar tracker
2026-08-07T06:41:50.441502+00:00,1,,0,60,0,5300.0,301.887,1600.0,cv,0,,,55.057,1.5,0.1,charging,27.5283,50.0,locked,70.0,100.0,70.0,100.0,0.0,1,csi,1,0.858,100.79,209.32,-0.68504,0.12781,640,480,255,3154,CRC/QPSK/OFDM,1,0,129,133,1064,532,12,44,960,192,48,"p1br,seq=00060,frame_b=00133,bits=01064,qpsk=00532,ofdm=012,pad_q=00044,gap=0,ok=1","cvtrk,seq=00060,det=1,conf=0.86,x=-0.685,y=+0.128,pan=070.0,tilt=100.0,target=070.0/100.0,err=00.0,st=locked",Orin CSI camera solar tracker
2026-08-07T06:41:50.701148+00:00,1,,0,61,0,5300.0,301.887,1600.0,cv,0,,,55.057,1.5,0.1,charging,27.5284,50.0,locked,70.0,100.0,70.0,100.0,0.0,1,csi,1,0.8518,86.22,208.36,-0.73055,0.13182,640,480,255,3090,CRC/QPSK/OFDM,1,0,129,133,1064,532,12,44,960,192,48,"p1br,seq=00061,frame_b=00133,bits=01064,qpsk=00532,ofdm=012,pad_q=00044,gap=0,ok=1","cvtrk,seq=00061,det=1,conf=0.85,x=-0.731,y=+0.132,pan=070.0,tilt=100.0,target=070.0/100.0,err=00.0,st=locked",Orin CSI camera solar tracker
2026-08-07T06:41:51.006074+00:00,1,,0,62,0,5300.0,301.887,1600.0,cv,0,,,55.057,1.5,0.1,charging,27.5285,50.0,locked,70.0,100.0,70.0,100.0,0.0,1,csi,1,0.8535,17.38,152.24,-0.94568,0.36566,640,480,255,3108,CRC/QPSK/OFDM,1,0,129,133,1064,532,12,44,960,192,48,"p1br,seq=00062,frame_b=00133,bits=01064,qpsk=00532,ofdm=012,pad_q=00044,gap=0,ok=1","cvtrk,seq=00062,det=1,conf=0.85,x=-0.946,y=+0.366,pan=070.0,tilt=100.0,target=070.0/100.0,err=00.0,st=locked",Orin CSI camera solar tracker
2026-08-07T06:41:51.216920+00:00,1,,0,63,0,5300.0,301.887,1600.0,cv,0,,,55.057,1.5,0.1,charging,27.5286,50.0,locked,70.0,100.0,70.0,100.0,0.0,1,csi,1,0.852,13.93,152.56,-0.95648,0.36433,640,480,255,3092,CRC/QPSK/OFDM,1,0,129,133,1064,532,12,44,960,192,48,"p1br,seq=00063,frame_b=00133,bits=01064,qpsk=00532,ofdm=012,pad_q=00044,gap=0,ok=1","cvtrk,seq=00063,det=1,conf=0.85,x=-0.956,y=+0.364,pan=070.0,tilt=100.0,target=070.0/100.0,err=00.0,st=locked",Orin CSI camera solar tracker
2026-08-07T06:41:51.476737+00:00,1,,0,64,0,5300.0,301.887,1600.0,cv,0,,,55.057,1.5,0.1,charging,27.5287,50.0,locked,70.0,100.0,70.0,100.0,0.0,1,csi,1,0.8523,12.29,157.75,-0.96161,0.34272,640,480,255,3096,CRC/QPSK/OFDM,1,0,129,133,1064,532,12,44,960,192,48,"p1br,seq=00064,frame_b=00133,bits=01064,qpsk=00532,ofdm=012,pad_q=00044,gap=0,ok=1","cvtrk,seq=00064,det=1,conf=0.85,x=-0.962,y=+0.343,pan=070.0,tilt=100.0,target=070.0/100.0,err=00.0,st=locked",Orin CSI camera solar tracker
2026-08-07T06:41:51.737416+00:00,1,,0,65,0,5300.0,301.887,1600.0,cv,0,,,55.058,1.5,0.1,charging,27.5288,50.0,locked,70.0,100.0,70.0,100.0,0.0,1,csi,1,0.8973,100.26,149.98,-0.68669,0.37509,640,480,255,3556,CRC/QPSK/OFDM,1,0,129,133,1064,532,12,44,960,192,48,"p1br,seq=00065,frame_b=00133,bits=01064,qpsk=00532,ofdm=012,pad_q=00044,gap=0,ok=1","cvtrk,seq=00065,det=1,conf=0.90,x=-0.687,y=+0.375,pan=070.0,tilt=100.0,target=070.0/100.0,err=00.0,st=locked",Orin CSI camera solar tracker
2026-08-07T06:41:51.995845+00:00,1,,0,66,0,5300.0,301.887,1600.0,cv,0,,,55.058,1.5,0.1,charging,27.5289,50.0,locked,70.0,100.0,70.0,100.0,0.0,1,csi,1,0.8522,243.29,228.72,-0.23973,0.04702,640,480,255,3095,CRC/QPSK/OFDM,1,0,129,133,1064,532,12,44,960,192,48,"p1br,seq=00066,frame_b=00133,bits=01064,qpsk=00532,ofdm=012,pad_q=00044,gap=0,ok=1","cvtrk,seq=00066,det=1,conf=0.85,x=-0.240,y=+0.047,pan=070.0,tilt=100.0,target=070.0/100.0,err=00.0,st=locked",Orin CSI camera solar tracker
2026-08-07T06:41:52.264349+00:00,1,,0,67,9,5237.854,271.928,1424.318,cv,0,,,55.058,1.324,0.1,charging,27.529,50.0,seeking,73.657,96.132,88.896,84.204,19.352,1,csi,1,1.0,515.06,394.73,0.60955,-0.64472,640,480,255,41452,CRC/QPSK/OFDM,1,0,129,133,1064,532,12,44,960,192,48,"p1br,seq=00067,frame_b=00133,bits=01064,qpsk=00532,ofdm=012,pad_q=00044,gap=0,ok=1","cvtrk,seq=00067,det=1,conf=1.00,x=+0.610,y=-0.645,pan=073.7,tilt=096.1,target=088.9/084.2,err=19.4,st=seeking",Orin CSI camera solar tracker
2026-08-07T06:41:52.514510+00:00,1,,0,68,18,5261.726,283.29,1490.593,cv,0,,,55.058,1.391,0.1,charging,27.5291,50.0,seeking,77.295,99.781,92.452,100.0,15.159,1,csi,1,1.0,514.01,94.03,0.60629,0.60821,640,480,255,35213,CRC/QPSK/OFDM,1,0,129,133,1064,532,12,44,960,192,48,"p1br,seq=00068,frame_b=00133,bits=01064,qpsk=00532,ofdm=012,pad_q=00044,gap=0,ok=1","cvtrk,seq=00068,det=1,conf=1.00,x=+0.606,y=+0.608,pan=077.3,tilt=099.8,target=092.5/100.0,err=15.2,st=seeking",Orin CSI camera solar tracker
2026-08-07T06:41:52.848982+00:00,1,,0,69,25,5276.627,290.475,1532.729,cv,0,,,55.058,1.433,0.1,charging,27.5292,50.0,seeking,80.135,100.0,91.967,100.0,11.832,1,csi,1,0.7115,471.45,13.49,0.47329,0.94378,640,480,221,3072,CRC/QPSK/OFDM,1,0,129,133,1064,532,12,44,960,192,48,"p1br,seq=00069,frame_b=00133,bits=01064,qpsk=00532,ofdm=012,pad_q=00044,gap=0,ok=1","cvtrk,seq=00069,det=1,conf=0.71,x=+0.473,y=+0.944,pan=080.1,tilt=100.0,target=092.0/100.0,err=11.8,st=seeking",Orin CSI camera solar tracker
2026-08-07T06:41:53.054889+00:00,1,,0,70,22,5293.798,298.842,1582.009,cv,0,,,55.059,1.482,0.1,charging,27.5293,50.0,seeking,78.674,100.0,72.587,100.0,6.087,1,csi,1,0.7208,242.08,40.83,-0.24349,0.82988,640,480,222,3126,CRC/QPSK/OFDM,1,0,129,133,1064,532,12,44,960,192,48,"p1br,seq=00070,frame_b=00133,bits=01064,qpsk=00532,ofdm=012,pad_q=00044,gap=0,ok=1","cvtrk,seq=00070,det=1,conf=0.72,x=-0.243,y=+0.830,pan=078.7,tilt=100.0,target=072.6/100.0,err=06.1,st=seeking",Orin CSI camera solar tracker
2026-08-07T06:41:53.297771+00:00,1,,0,71,7,5298.633,301.214,1596.024,cv,0,,,55.059,1.496,0.1,charging,27.5294,50.0,locked,72.857,100.0,70.0,100.0,2.857,1,csi,1,0.8367,9.78,82.01,-0.96944,0.65828,640,480,251,3103,CRC/QPSK/OFDM,1,0,129,133,1064,532,12,44,960,192,48,"p1br,seq=00071,frame_b=00133,bits=01064,qpsk=00532,ofdm=012,pad_q=00044,gap=0,ok=1","cvtrk,seq=00071,det=1,conf=0.84,x=-0.969,y=+0.658,pan=072.9,tilt=100.0,target=070.0/100.0,err=02.9,st=locked",Orin CSI camera solar tracker
2026-08-07T06:41:53.670869+00:00,1,,0,72,4,5299.637,301.708,1598.945,cv,0,,,55.059,1.499,0.1,charging,27.5295,50.0,locked,71.471,100.0,70.0,100.0,1.471,1,csi,1,0.8458,246.09,36.16,-0.23097,0.84935,640,480,250,3238,CRC/QPSK/OFDM,1,0,129,133,1064,532,12,44,960,192,48,"p1br,seq=00072,frame_b=00133,bits=01064,qpsk=00532,ofdm=012,pad_q=00044,gap=0,ok=1","cvtrk,seq=00072,det=1,conf=0.85,x=-0.231,y=+0.849,pan=071.5,tilt=100.0,target=070.0/100.0,err=01.5,st=locked",Orin CSI camera solar tracker
2026-08-07T06:41:53.874041+00:00,1,,0,73,11,5272.575,288.514,1521.212,cv,0,,,55.059,1.421,0.1,charging,27.5296,50.0,seeking,74.548,100.0,87.37,100.0,12.821,1,csi,1,1.0,484.11,162.05,0.51284,0.32478,640,480,255,90293,CRC/QPSK/OFDM,1,0,129,133,1064,532,12,44,960,192,48,"p1br,seq=00073,frame_b=00133,bits=01064,qpsk=00532,ofdm=012,pad_q=00044,gap=0,ok=1","cvtrk,seq=00073,det=1,conf=1.00,x=+0.513,y=+0.325,pan=074.5,tilt=100.0,target=087.4/100.0,err=12.8,st=seeking",Orin CSI camera solar tracker
2026-08-07T06:41:54.080763+00:00,1,,0,74,18,5244.774,275.203,1443.376,cv,0,,,55.059,1.343,0.1,charging,27.5297,50.0,seeking,77.254,95.353,88.528,81.024,18.232,1,csi,1,1.0,464.31,425.89,0.45096,-0.77454,640,480,255,21858,CRC/QPSK/OFDM,1,0,129,133,1064,532,12,44,960,192,48,"p1br,seq=00074,frame_b=00133,bits=01064,qpsk=00532,ofdm=012,pad_q=00044,gap=0,ok=1","cvtrk,seq=00074,det=1,conf=1.00,x=+0.451,y=-0.775,pan=077.3,tilt=095.4,target=088.5/081.0,err=18.2,st=seeking",Orin CSI camera solar tracker
2026-08-07T06:41:54.334572+00:00,1,,0,75,23,5273.074,288.755,1522.628,cv,0,,,55.06,1.423,0.1,charging,27.5298,50.0,seeking,79.119,90.049,86.891,80.0,12.703,1,csi,1,0.7279,419.47,452.15,0.31085,-0.88398,640,480,219,3324,CRC/QPSK/OFDM,1,0,129,133,1064,532,12,44,960,192,48,"p1br,seq=00075,frame_b=00133,bits=01064,qpsk=00532,ofdm=012,pad_q=00044,gap=0,ok=1","cvtrk,seq=00075,det=1,conf=0.73,x=+0.311,y=-0.884,pan=079.1,tilt=090.0,target=086.9/080.0,err=12.7,st=seeking",Orin CSI camera solar tracker
2026-08-07T06:41:54.600116+00:00,1,,0,76,22,5294.093,298.987,1582.863,cv,0,,,55.06,1.483,0.1,charging,27.5299,50.0,seeking,78.928,85.887,78.133,80.0,5.94,1,csi,1,0.8554,309.82,406.49,-0.03181,-0.69369,640,480,253,3211,CRC/QPSK/OFDM,1,0,129,133,1064,532,12,44,960,192,48,"p1br,seq=00076,frame_b=00133,bits=01064,qpsk=00532,ofdm=012,pad_q=00044,gap=0,ok=1","cvtrk,seq=00076,det=1,conf=0.86,x=-0.032,y=-0.694,pan=078.9,tilt=085.9,target=078.1/080.0,err=05.9,st=seeking",Orin CSI camera solar tracker
2026-08-07T06:41:54.863021+00:00,1,,0,77,30,5271.357,287.926,1517.76,cv,0,,,55.06,1.418,0.1,charging,27.53,50.0,seeking,81.986,83.073,94.724,80.0,13.104,1,csi,1,0.8696,483.05,352.56,0.50954,-0.469,640,480,254,3314,CRC/QPSK/OFDM,1,0,129,133,1064,532,12,44,960,192,48,"p1br,seq=00077,frame_b=00133,bits=01064,qpsk=00532,ofdm=012,pad_q=00044,gap=0,ok=1","cvtrk,seq=00077,det=1,conf=0.87,x=+0.510,y=-0.469,pan=082.0,tilt=083.1,target=094.7/080.0,err=13.1,st=seeking",Orin CSI camera solar tracker
2026-08-07T06:41:55.115593+00:00,1,,0,78,34,5293.154,298.527,1580.147,cv,0,,,55.06,1.48,0.1,charging,27.5301,50.0,seeking,83.521,80.0,89.916,80.0,6.396,1,csi,1,0.8419,401.86,363.0,0.25582,-0.51248,640,480,253,3072,CRC/QPSK/OFDM,1,0,129,133,1064,532,12,44,960,192,48,"p1br,seq=00078,frame_b=00133,bits=01064,qpsk=00532,ofdm=012,pad_q=00044,gap=0,ok=1","cvtrk,seq=00078,det=1,conf=0.84,x=+0.256,y=-0.512,pan=083.5,tilt=080.0,target=089.9/080.0,err=06.4,st=seeking",Orin CSI camera solar tracker
2026-08-07T06:41:55.374799+00:00,1,,0,79,39,5287.811,295.914,1564.737,cv,0,,,55.06,1.465,0.1,charging,27.5302,50.0,seeking,85.57,80.0,94.107,80.0,8.537,1,csi,1,0.8424,429.28,306.05,0.3415,-0.27522,640,480,251,3161,CRC/QPSK/OFDM,1,0,129,133,1064,532,12,44,960,192,48,"p1br,seq=00079,frame_b=00133,bits=01064,qpsk=00532,ofdm=012,pad_q=00044,gap=0,ok=1","cvtrk,seq=00079,det=1,conf=0.84,x=+0.341,y=-0.275,pan=085.6,tilt=080.0,target=094.1/080.0,err=08.5,st=seeking",Orin CSI camera solar tracker
2026-08-07T06:41:55.634857+00:00,1,,0,80,39,5300.0,301.887,1599.999,cv,0,,,55.061,1.5,0.1,charging,27.5303,50.0,locked,85.579,80.0,85.617,80.0,0.038,1,csi,1,0.8138,320.49,327.58,0.00154,-0.3649,640,480,244,3160,CRC/QPSK/OFDM,1,0,129,133,1064,532,12,44,960,192,48,"p1br,seq=00080,frame_b=00133,bits=01064,qpsk=00532,ofdm=012,pad_q=00044,gap=0,ok=1","cvtrk,seq=00080,det=1,conf=0.81,x=+0.002,y=-0.365,pan=085.6,tilt=080.0,target=085.6/080.0,err=00.0,st=locked",Orin CSI camera solar tracker
2026-08-07T06:41:55.893832+00:00,1,,0,81,38,5299.141,301.465,1597.503,cv,0,,,55.061,1.498,0.1,charging,27.5304,50.0,locked,85.036,80.0,82.772,80.0,2.264,1,csi,1,0.8237,291.02,391.23,-0.09056,-0.63011,640,480,248,3095,CRC/QPSK/OFDM,1,0,129,133,1064,532,12,44,960,192,48,"p1br,seq=00081,frame_b=00133,bits=01064,qpsk=00532,ofdm=012,pad_q=00044,gap=0,ok=1","cvtrk,seq=00081,det=1,conf=0.82,x=-0.091,y=-0.630,pan=085.0,tilt=080.0,target=082.8/080.0,err=02.3,st=locked",Orin CSI camera solar tracker
2026-08-07T06:41:56.153915+00:00,1,,0,82,30,5276.608,290.466,1532.674,cv,0,,,55.061,1.433,0.1,charging,27.5305,50.0,seeking,81.837,80.0,70.0,80.0,11.837,1,csi,1,0.8655,149.42,438.67,-0.53305,-0.82777,640,480,249,3481,CRC/QPSK/OFDM,1,0,129,133,1064,532,12,44,960,192,48,"p1br,seq=00082,frame_b=00133,bits=01064,qpsk=00532,ofdm=012,pad_q=00044,gap=0,ok=1","cvtrk,seq=00082,det=1,conf=0.87,x=-0.533,y=-0.828,pan=081.8,tilt=080.0,target=070.0/080.0,err=11.8,st=seeking",Orin CSI camera solar tracker
2026-08-07T06:41:56.412772+00:00,1,,0,83,25,5289.723,296.848,1570.244,cv,0,,,55.061,1.47,0.1,charging,27.5306,50.0,seeking,79.956,80.0,72.118,80.0,7.838,1,csi,1,0.9414,219.67,413.81,-0.31352,-0.72419,640,480,254,4050,CRC/QPSK/OFDM,1,0,129,133,1064,532,12,44,960,192,48,"p1br,seq=00083,frame_b=00133,bits=01064,qpsk=00532,ofdm=012,pad_q=00044,gap=0,ok=1","cvtrk,seq=00083,det=1,conf=0.94,x=-0.314,y=-0.724,pan=080.0,tilt=080.0,target=072.1/080.0,err=07.8,st=seeking",Orin CSI camera solar tracker
2026-08-07T06:41:56.672694+00:00,1,,0,84,28,5294.82,299.343,1584.965,cv,0,,,55.061,1.485,0.1,charging,27.5307,50.0,seeking,81.291,80.0,86.854,80.0,5.563,1,csi,1,0.8448,391.2,320.67,0.22251,-0.33612,640,480,251,3186,CRC/QPSK/OFDM,1,0,129,133,1064,532,12,44,960,192,48,"p1br,seq=00084,frame_b=00133,bits=01064,qpsk=00532,ofdm=012,pad_q=00044,gap=0,ok=1","cvtrk,seq=00084,det=1,conf=0.84,x=+0.223,y=-0.336,pan=081.3,tilt=080.0,target=086.9/080.0,err=05.6,st=seeking",Orin CSI camera solar tracker
2026-08-07T06:41:56.929954+00:00,1,,0,85,18,5291.593,297.762,1575.638,cv,0,,,55.062,1.476,0.1,charging,27.5308,50.0,seeking,77.088,80.0,70.0,80.0,7.088,1,csi,1,1.0,95.84,336.65,-0.70051,-0.40272,640,480,255,54299,CRC/QPSK/OFDM,1,0,129,133,1064,532,12,44,960,192,48,"p1br,seq=00085,frame_b=00133,bits=01064,qpsk=00532,ofdm=012,pad_q=00044,gap=0,ok=1","cvtrk,seq=00085,det=1,conf=1.00,x=-0.701,y=-0.403,pan=077.1,tilt=080.0,target=070.0/080.0,err=07.1,st=seeking",Orin CSI camera solar tracker
2026-08-07T06:41:57.191583+00:00,1,,0,86,22,5293.312,298.604,1580.602,cv,0,,,55.062,1.481,0.1,charging,27.5309,50.0,seeking,78.605,80.0,84.927,80.0,6.322,1,csi,1,0.4213,400.92,379.63,0.25286,-0.58178,640,480,143,3355,CRC/QPSK/OFDM,1,0,129,133,1064,532,12,44,960,192,48,"p1br,seq=00086,frame_b=00133,bits=01064,qpsk=00532,ofdm=012,pad_q=00044,gap=0,ok=1","cvtrk,seq=00086,det=1,conf=0.42,x=+0.253,y=-0.582,pan=078.6,tilt=080.0,target=084.9/080.0,err=06.3,st=seeking",Orin CSI camera solar tracker
2026-08-07T06:41:57.450671+00:00,1,,0,87,30,5267.591,286.109,1507.107,cv,0,,,55.062,1.407,0.1,charging,27.531,50.0,seeking,81.952,80.0,95.894,80.0,13.943,1,csi,1,1.0,498.47,243.53,0.55771,-0.01469,640,480,255,135028,CRC/QPSK/OFDM,1,0,129,133,1064,532,12,44,960,192,48,"p1br,seq=00087,frame_b=00133,bits=01064,qpsk=00532,ofdm=012,pad_q=00044,gap=0,ok=1","cvtrk,seq=00087,det=1,conf=1.00,x=+0.558,y=-0.015,pan=082.0,tilt=080.0,target=095.9/080.0,err=13.9,st=seeking",Orin CSI camera solar tracker
2026-08-07T06:41:57.713886+00:00,1,,0,88,30,5300.0,301.887,1600.0,cv,0,,,55.062,1.5,0.1,charging,27.5311,50.0,lost,81.952,80.0,81.952,80.0,0.0,1,csi,0,0.0,,,0.0,0.0,640,480,73,0,CRC/QPSK/OFDM,1,0,129,133,1064,532,12,44,960,192,48,"p1br,seq=00088,frame_b=00133,bits=01064,qpsk=00532,ofdm=012,pad_q=00044,gap=0,ok=1","cvtrk,seq=00088,det=0,conf=0.00,x=+0.000,y=+0.000,pan=082.0,tilt=080.0,target=082.0/080.0,err=00.0,st=lost",Orin CSI camera solar tracker
2026-08-07T06:41:57.971406+00:00,1,,0,89,26,5293.831,298.858,1582.104,cv,0,,,55.062,1.482,0.1,charging,27.5312,50.0,seeking,80.494,80.0,74.424,80.0,6.071,1,csi,1,0.4639,242.29,444.04,-0.24284,-0.85018,640,480,147,3624,CRC/QPSK/OFDM,1,0,129,133,1064,532,12,44,960,192,48,"p1br,seq=00089,frame_b=00133,bits=01064,qpsk=00532,ofdm=012,pad_q=00044,gap=0,ok=1","cvtrk,seq=00089,det=1,conf=0.46,x=-0.243,y=-0.850,pan=080.5,tilt=080.0,target=074.4/080.0,err=06.1,st=seeking",Orin CSI camera solar tracker
2026-08-07T06:41:58.231650+00:00,1,,0,90,21,5288.513,296.257,1566.758,cv,0,,,55.063,1.467,0.1,charging,27.5313,50.0,seeking,78.287,80.0,70.0,80.0,8.287,1,csi,1,0.5763,202.29,284.89,-0.36784,-0.18705,640,480,151,8921,CRC/QPSK/OFDM,1,0,129,133,1064,532,12,44,960,192,48,"p1br,seq=00090,frame_b=00133,bits=01064,qpsk=00532,ofdm=012,pad_q=00044,gap=0,ok=1","cvtrk,seq=00090,det=1,conf=0.58,x=-0.368,y=-0.187,pan=078.3,tilt=080.0,target=070.0/080.0,err=08.3,st=seeking",Orin CSI camera solar tracker
2026-08-07T06:41:58.491191+00:00,1,,0,91,14,5291.595,297.763,1575.643,cv,0,,,55.063,1.476,0.1,charging,27.5314,50.0,seeking,75.765,81.337,70.0,85.46,7.087,1,csi,1,0.8096,185.45,186.51,-0.42047,0.22287,640,480,243,3159,CRC/QPSK/OFDM,1,0,129,133,1064,532,12,44,960,192,48,"p1br,seq=00091,frame_b=00133,bits=01064,qpsk=00532,ofdm=012,pad_q=00044,gap=0,ok=1","cvtrk,seq=00091,det=1,conf=0.81,x=-0.420,y=+0.223,pan=075.8,tilt=081.3,target=070.0/085.5,err=07.1,st=seeking",Orin CSI camera solar tracker
2026-08-07T06:41:58.756450+00:00,1,,0,92,15,5299.861,301.819,1599.597,cv,0,,,55.063,1.5,0.1,charging,27.5315,50.0,locked,75.983,80.0,76.893,80.0,0.91,1,csi,1,0.9358,331.64,439.42,0.03638,-0.8309,640,480,255,3951,CRC/QPSK/OFDM,1,0,129,133,1064,532,12,44,960,192,48,"p1br,seq=00092,frame_b=00133,bits=01064,qpsk=00532,ofdm=012,pad_q=00044,gap=0,ok=1","cvtrk,seq=00092,det=1,conf=0.94,x=+0.036,y=-0.831,pan=076.0,tilt=080.0,target=076.9/080.0,err=00.9,st=locked",Orin CSI camera solar tracker
2026-08-07T06:41:59.016213+00:00,1,,0,93,27,5195.381,252.171,1310.126,cv,0,,,55.063,1.21,0.1,charging,27.5316,50.0,seeking,80.9,85.344,101.389,100.0,25.191,1,csi,1,0.7962,582.26,26.25,0.81956,0.89061,640,480,239,3189,CRC/QPSK/OFDM,1,0,129,133,1064,532,12,44,960,192,48,"p1br,seq=00093,frame_b=00133,bits=01064,qpsk=00532,ofdm=012,pad_q=00044,gap=0,ok=1","cvtrk,seq=00093,det=1,conf=0.80,x=+0.820,y=+0.891,pan=080.9,tilt=085.3,target=101.4/100.0,err=25.2,st=seeking",Orin CSI camera solar tracker
2026-08-07T06:41:59.275610+00:00,1,,0,94,16,5292.771,298.339,1579.038,cv,0,,,55.063,1.479,0.1,charging,27.5317,50.0,seeking,76.474,81.133,70.0,80.0,6.572,1,csi,1,1.0,83.93,408.42,-0.73771,-0.70176,640,480,255,21509,CRC/QPSK/OFDM,1,0,129,133,1064,532,12,44,960,192,48,"p1br,seq=00094,frame_b=00133,bits=01064,qpsk=00532,ofdm=012,pad_q=00044,gap=0,ok=1","cvtrk,seq=00094,det=1,conf=1.00,x=-0.738,y=-0.702,pan=076.5,tilt=081.1,target=070.0/080.0,err=06.6,st=seeking",Orin CSI camera solar tracker
2026-08-07T06:41:59.534688+00:00,1,,0,95,9,5297.562,300.688,1592.915,cv,0,,,55.064,1.493,0.1,charging,27.5318,50.0,locked,73.795,80.398,70.0,80.0,3.816,1,csi,1,0.5337,177.1,269.42,-0.44655,-0.12258,640,480,175,3171,CRC/QPSK/OFDM,1,0,129,133,1064,532,12,44,960,192,48,"p1br,seq=00095,frame_b=00133,bits=01064,qpsk=00532,ofdm=012,pad_q=00044,gap=0,ok=1","cvtrk,seq=00095,det=1,conf=0.53,x=-0.447,y=-0.123,pan=073.8,tilt=080.4,target=070.0/080.0,err=03.8,st=locked",Orin CSI camera solar tracker
2026-08-07T06:41:59.796276+00:00,1,,0,96,1,5299.96,301.867,1599.883,cv,0,,,55.064,1.5,0.1,charging,27.5319,50.0,locked,70.49,80.0,70.0,80.0,0.49,1,csi,1,0.7757,143.74,294.0,-0.55083,-0.22501,640,480,232,3271,CRC/QPSK/OFDM,1,0,129,133,1064,532,12,44,960,192,48,"p1br,seq=00096,frame_b=00133,bits=01064,qpsk=00532,ofdm=012,pad_q=00044,gap=0,ok=1","cvtrk,seq=00096,det=1,conf=0.78,x=-0.551,y=-0.225,pan=070.5,tilt=080.0,target=070.0/080.0,err=00.5,st=locked",Orin CSI camera solar tracker
2026-08-07T06:42:00.057461+00:00,1,,0,97,0,5300.0,301.887,1600.0,cv,0,,,55.064,1.5,0.1,charging,27.532,50.0,locked,70.0,80.0,70.0,80.0,0.0,1,csi,1,0.8112,192.39,441.57,-0.3988,-0.83986,640,480,244,3134,CRC/QPSK/OFDM,1,0,129,133,1064,532,12,44,960,192,48,"p1br,seq=00097,frame_b=00133,bits=01064,qpsk=00532,ofdm=012,pad_q=00044,gap=0,ok=1","cvtrk,seq=00097,det=1,conf=0.81,x=-0.399,y=-0.840,pan=070.0,tilt=080.0,target=070.0/080.0,err=00.0,st=locked",Orin CSI camera solar tracker
2026-08-07T06:42:00.318268+00:00,1,,0,98,0,5297.16,300.491,1591.748,cv,0,,,55.064,1.492,0.1,charging,27.5321,50.0,locked,70.0,81.336,70.0,85.454,4.118,1,csi,1,0.8647,149.07,186.57,-0.53414,0.22261,640,480,252,3348,CRC/QPSK/OFDM,1,0,129,133,1064,532,12,44,960,192,48,"p1br,seq=00098,frame_b=00133,bits=01064,qpsk=00532,ofdm=012,pad_q=00044,gap=0,ok=1","cvtrk,seq=00098,det=1,conf=0.86,x=-0.534,y=+0.223,pan=070.0,tilt=081.3,target=070.0/085.5,err=04.1,st=locked",Orin CSI camera solar tracker
2026-08-07T06:42:00.583915+00:00,1,,0,99,0,5300.0,301.887,1600.0,cv,0,,,55.064,1.5,0.1,charging,27.5322,50.0,locked,70.0,80.0,70.0,80.0,0.0,1,csi,1,0.7955,156.02,297.04,-0.51243,-0.23767,640,480,241,3098,CRC/QPSK/OFDM,1,0,129,133,1064,532,12,44,960,192,48,"p1br,seq=00099,frame_b=00133,bits=01064,qpsk=00532,ofdm=012,pad_q=00044,gap=0,ok=1","cvtrk,seq=00099,det=1,conf=0.80,x=-0.512,y=-0.238,pan=070.0,tilt=080.0,target=070.0/080.0,err=00.0,st=locked",Orin CSI camera solar tracker
2026-08-07T06:42:00.833862+00:00,1,,0,100,0,5299.137,301.462,1597.49,cv,0,,,55.065,1.497,0.1,charging,27.5323,50.0,locked,70.0,80.736,70.0,83.006,2.27,1,csi,1,0.7938,142.12,210.55,-0.55587,0.1227,640,480,239,3164,CRC/QPSK/OFDM,1,0,129,133,1064,532,12,44,960,192,48,"p1br,seq=00100,frame_b=00133,bits=01064,qpsk=00532,ofdm=012,pad_q=00044,gap=0,ok=1","cvtrk,seq=00100,det=1,conf=0.79,x=-0.556,y=+0.123,pan=070.0,tilt=080.7,target=070.0/083.0,err=02.3,st=locked",Orin CSI camera solar tracker
2026-08-07T06:42:01.096532+00:00,1,,0,101,0,5300.0,301.887,1600.0,cv,0,,,55.065,1.5,0.1,charging,27.5324,50.0,locked,70.0,80.0,70.0,80.0,0.0,1,csi,1,0.7403,175.53,278.1,-0.45148,-0.15874,640,480,226,3158,CRC/QPSK/OFDM,1,0,129,133,1064,532,12,44,960,192,48,"p1br,seq=00101,frame_b=00133,bits=01064,qpsk=00532,ofdm=012,pad_q=00044,gap=0,ok=1","cvtrk,seq=00101,det=1,conf=0.74,x=-0.451,y=-0.159,pan=070.0,tilt=080.0,target=070.0/080.0,err=00.0,st=locked",Orin CSI camera solar tracker
2026-08-07T06:42:01.355871+00:00,1,,0,102,0,5299.532,301.656,1598.638,cv,0,,,55.065,1.499,0.1,charging,27.5325,50.0,locked,70.0,80.542,70.0,82.214,1.672,1,csi,1,0.8088,175.11,218.31,-0.45277,0.09038,640,480,242,3192,CRC/QPSK/OFDM,1,0,129,133,1064,532,12,44,960,192,48,"p1br,seq=00102,frame_b=00133,bits=01064,qpsk=00532,ofdm=012,pad_q=00044,gap=0,ok=1","cvtrk,seq=00102,det=1,conf=0.81,x=-0.453,y=+0.090,pan=070.0,tilt=080.5,target=070.0/082.2,err=01.7,st=locked",Orin CSI camera solar tracker
2026-08-07T06:45:27.619577+00:00,1,,0,0,77,5281.518,292.849,1546.685,cv,0,,,55.069,1.447,0.1,charging,27.5344,50.0,seeking,100.606,84.73,110.0,80.0,10.518,0,usb,1,0.8484,602.82,345.4,0.8838,-0.43918,640,480,254,3097,CRC/QPSK/OFDM,1,1,129,133,1064,532,12,44,960,192,48,"p1br,seq=00000,frame_b=00133,bits=01064,qpsk=00532,ofdm=012,pad_q=00044,gap=1,ok=1","cvtrk,seq=00000,det=1,conf=0.85,x=+0.884,y=-0.439,pan=100.6,tilt=084.7,target=110.0/080.0,err=10.5,st=seeking",Orin CSI camera solar tracker
2026-08-07T06:45:27.924193+00:00,1,,0,1,100,5300.0,301.887,1600.0,cv,0,,,55.069,1.5,0.1,charging,27.5345,50.0,locked,110.0,80.0,110.0,80.0,0.0,0,usb,1,0.8485,603.15,346.74,0.88483,-0.44477,640,480,254,3098,CRC/QPSK/OFDM,1,0,129,133,1064,532,12,44,960,192,48,"p1br,seq=00001,frame_b=00133,bits=01064,qpsk=00532,ofdm=012,pad_q=00044,gap=0,ok=1","cvtrk,seq=00001,det=1,conf=0.85,x=+0.885,y=-0.445,pan=110.0,tilt=080.0,target=110.0/080.0,err=00.0,st=locked",Orin CSI camera solar tracker
2026-08-07T06:45:28.188837+00:00,1,,0,2,100,5300.0,301.887,1600.0,cv,0,,,55.069,1.5,0.1,charging,27.5346,50.0,locked,110.0,80.0,110.0,80.0,0.0,0,usb,1,0.8464,605.06,345.67,0.89083,-0.44029,640,480,254,3077,CRC/QPSK/OFDM,1,0,129,133,1064,532,12,44,960,192,48,"p1br,seq=00002,frame_b=00133,bits=01064,qpsk=00532,ofdm=012,pad_q=00044,gap=0,ok=1","cvtrk,seq=00002,det=1,conf=0.85,x=+0.891,y=-0.440,pan=110.0,tilt=080.0,target=110.0/080.0,err=00.0,st=locked",Orin CSI camera solar tracker
2026-08-07T06:45:28.452482+00:00,1,,0,3,100,5300.0,301.887,1600.0,cv,0,,,55.069,1.5,0.1,charging,27.5347,50.0,locked,110.0,80.0,110.0,80.0,0.0,0,usb,1,0.8469,602.92,346.49,0.88412,-0.4437,640,480,254,3082,CRC/QPSK/OFDM,1,0,129,133,1064,532,12,44,960,192,48,"p1br,seq=00003,frame_b=00133,bits=01064,qpsk=00532,ofdm=012,pad_q=00044,gap=0,ok=1","cvtrk,seq=00003,det=1,conf=0.85,x=+0.884,y=-0.444,pan=110.0,tilt=080.0,target=110.0/080.0,err=00.0,st=locked",Orin CSI camera solar tracker
2026-08-07T06:45:28.710266+00:00,1,,0,4,100,5300.0,301.887,1600.0,cv,0,,,55.07,1.5,0.1,charging,27.5348,50.0,locked,110.0,80.0,110.0,80.0,0.0,0,usb,1,0.8497,613.99,337.19,0.91872,-0.40494,640,480,254,3111,CRC/QPSK/OFDM,1,0,129,133,1064,532,12,44,960,192,48,"p1br,seq=00004,frame_b=00133,bits=01064,qpsk=00532,ofdm=012,pad_q=00044,gap=0,ok=1","cvtrk,seq=00004,det=1,conf=0.85,x=+0.919,y=-0.405,pan=110.0,tilt=080.0,target=110.0/080.0,err=00.0,st=locked",Orin CSI camera solar tracker
2026-08-07T06:45:28.965369+00:00,1,,0,5,100,5300.0,301.887,1600.0,cv,0,,,55.07,1.5,0.1,charging,27.5349,50.0,locked,110.0,80.0,110.0,80.0,0.0,0,usb,1,0.8491,620.2,326.37,0.93811,-0.35989,640,480,254,3104,CRC/QPSK/OFDM,1,0,129,133,1064,532,12,44,960,192,48,"p1br,seq=00005,frame_b=00133,bits=01064,qpsk=00532,ofdm=012,pad_q=00044,gap=0,ok=1","cvtrk,seq=00005,det=1,conf=0.85,x=+0.938,y=-0.360,pan=110.0,tilt=080.0,target=110.0/080.0,err=00.0,st=locked",Orin CSI camera solar tracker
2026-08-07T06:45:29.224363+00:00,1,,0,6,100,5300.0,301.887,1600.0,cv,0,,,55.07,1.5,0.1,charging,27.535,50.0,locked,110.0,80.0,110.0,80.0,0.0,0,usb,1,0.9959,592.41,292.38,0.85127,-0.21826,640,480,254,4738,CRC/QPSK/OFDM,1,0,129,133,1064,532,12,44,960,192,48,"p1br,seq=00006,frame_b=00133,bits=01064,qpsk=00532,ofdm=012,pad_q=00044,gap=0,ok=1","cvtrk,seq=00006,det=1,conf=1.00,x=+0.851,y=-0.218,pan=110.0,tilt=080.0,target=110.0/080.0,err=00.0,st=locked",Orin CSI camera solar tracker
2026-08-07T06:45:29.479699+00:00,1,,0,7,100,5300.0,301.887,1600.0,cv,0,,,55.07,1.5,0.1,charging,27.5351,50.0,locked,110.0,80.0,110.0,80.0,0.0,0,usb,1,0.9959,567.53,289.78,0.77352,-0.20743,640,480,254,5598,CRC/QPSK/OFDM,1,0,129,133,1064,532,12,44,960,192,48,"p1br,seq=00007,frame_b=00133,bits=01064,qpsk=00532,ofdm=012,pad_q=00044,gap=0,ok=1","cvtrk,seq=00007,det=1,conf=1.00,x=+0.774,y=-0.207,pan=110.0,tilt=080.0,target=110.0/080.0,err=00.0,st=locked",Orin CSI camera solar tracker
2026-08-07T06:45:29.738216+00:00,1,,0,8,100,5300.0,301.887,1600.0,cv,0,,,55.071,1.5,0.1,charging,27.5353,50.0,locked,110.0,80.0,110.0,80.0,0.0,0,usb,1,0.9959,619.13,298.91,0.93479,-0.24547,640,480,254,5219,CRC/QPSK/OFDM,1,0,129,133,1064,532,12,44,960,192,48,"p1br,seq=00008,frame_b=00133,bits=01064,qpsk=00532,ofdm=012,pad_q=00044,gap=0,ok=1","cvtrk,seq=00008,det=1,conf=1.00,x=+0.935,y=-0.245,pan=110.0,tilt=080.0,target=110.0/080.0,err=00.0,st=locked",Orin CSI camera solar tracker
2026-08-07T06:45:29.996623+00:00,1,,0,9,100,5300.0,301.887,1600.0,cv,0,,,55.071,1.5,0.1,charging,27.5354,50.0,locked,110.0,80.0,110.0,80.0,0.0,0,usb,1,0.7771,565.63,271.53,0.76758,-0.13139,640,480,237,3076,CRC/QPSK/OFDM,1,0,129,133,1064,532,12,44,960,192,48,"p1br,seq=00009,frame_b=00133,bits=01064,qpsk=00532,ofdm=012,pad_q=00044,gap=0,ok=1","cvtrk,seq=00009,det=1,conf=0.78,x=+0.768,y=-0.131,pan=110.0,tilt=080.0,target=110.0/080.0,err=00.0,st=locked",Orin CSI camera solar tracker
2026-08-07T06:45:30.250997+00:00,1,,0,10,100,5300.0,301.887,1600.0,cv,0,,,55.071,1.5,0.1,charging,27.5355,50.0,locked,110.0,80.0,110.0,80.0,0.0,0,usb,1,0.8551,438.19,415.89,0.36934,-0.73288,640,480,253,3208,CRC/QPSK/OFDM,1,0,129,133,1064,532,12,44,960,192,48,"p1br,seq=00010,frame_b=00133,bits=01064,qpsk=00532,ofdm=012,pad_q=00044,gap=0,ok=1","cvtrk,seq=00010,det=1,conf=0.86,x=+0.369,y=-0.733,pan=110.0,tilt=080.0,target=110.0/080.0,err=00.0,st=locked",Orin CSI camera solar tracker
2026-08-07T06:45:30.510302+00:00,1,,0,11,100,5300.0,301.887,1600.0,cv,0,,,55.071,1.5,0.1,charging,27.5356,50.0,locked,110.0,80.0,110.0,80.0,0.0,0,usb,1,0.8681,427.17,418.25,0.33492,-0.74272,640,480,252,3382,CRC/QPSK/OFDM,1,0,129,133,1064,532,12,44,960,192,48,"p1br,seq=00011,frame_b=00133,bits=01064,qpsk=00532,ofdm=012,pad_q=00044,gap=0,ok=1","cvtrk,seq=00011,det=1,conf=0.87,x=+0.335,y=-0.743,pan=110.0,tilt=080.0,target=110.0/080.0,err=00.0,st=locked",Orin CSI camera solar tracker
2026-08-07T06:45:30.766756+00:00,1,,0,12,100,5300.0,301.887,1600.0,cv,0,,,55.071,1.5,0.1,charging,27.5357,50.0,locked,110.0,80.0,110.0,80.0,0.0,0,usb,1,0.8887,616.11,290.79,0.92536,-0.21162,640,480,254,3510,CRC/QPSK/OFDM,1,0,129,133,1064,532,12,44,960,192,48,"p1br,seq=00012,frame_b=00133,bits=01064,qpsk=00532,ofdm=012,pad_q=00044,gap=0,ok=1","cvtrk,seq=00012,det=1,conf=0.89,x=+0.925,y=-0.212,pan=110.0,tilt=080.0,target=110.0/080.0,err=00.0,st=locked",Orin CSI camera solar tracker
2026-08-07T06:45:31.024245+00:00,1,,0,13,100,5300.0,301.887,1600.0,cv,0,,,55.072,1.5,0.1,charging,27.5358,50.0,locked,110.0,80.0,110.0,80.0,0.0,0,usb,1,0.9959,543.4,283.72,0.69811,-0.18219,640,480,254,8086,CRC/QPSK/OFDM,1,0,129,133,1064,532,12,44,960,192,48,"p1br,seq=00013,frame_b=00133,bits=01064,qpsk=00532,ofdm=012,pad_q=00044,gap=0,ok=1","cvtrk,seq=00013,det=1,conf=1.00,x=+0.698,y=-0.182,pan=110.0,tilt=080.0,target=110.0/080.0,err=00.0,st=locked",Orin CSI camera solar tracker
2026-08-07T06:45:31.280245+00:00,1,,0,14,100,5300.0,301.887,1600.0,cv,0,,,55.072,1.5,0.1,charging,27.5359,50.0,locked,110.0,80.0,110.0,80.0,0.0,0,usb,1,0.9959,475.98,315.23,0.48744,-0.31348,640,480,254,9888,CRC/QPSK/OFDM,1,0,129,133,1064,532,12,44,960,192,48,"p1br,seq=00014,frame_b=00133,bits=01064,qpsk=00532,ofdm=012,pad_q=00044,gap=0,ok=1","cvtrk,seq=00014,det=1,conf=1.00,x=+0.487,y=-0.313,pan=110.0,tilt=080.0,target=110.0/080.0,err=00.0,st=locked",Orin CSI camera solar tracker
2026-08-07T06:45:31.537506+00:00,1,,0,15,100,5300.0,301.887,1600.0,cv,0,,,55.072,1.5,0.1,charging,27.536,50.0,locked,110.0,80.0,110.0,80.0,0.0,0,usb,1,0.9959,472.94,336.36,0.47793,-0.40151,640,480,254,8235,CRC/QPSK/OFDM,1,0,129,133,1064,532,12,44,960,192,48,"p1br,seq=00015,frame_b=00133,bits=01064,qpsk=00532,ofdm=012,pad_q=00044,gap=0,ok=1","cvtrk,seq=00015,det=1,conf=1.00,x=+0.478,y=-0.402,pan=110.0,tilt=080.0,target=110.0/080.0,err=00.0,st=locked",Orin CSI camera solar tracker
2026-08-07T06:45:31.796038+00:00,1,,0,16,100,5300.0,301.887,1600.0,cv,0,,,55.072,1.5,0.1,charging,27.5361,50.0,locked,110.0,80.0,110.0,80.0,0.0,0,usb,1,0.9959,475.75,327.11,0.48671,-0.36296,640,480,254,8538,CRC/QPSK/OFDM,1,0,129,133,1064,532,12,44,960,192,48,"p1br,seq=00016,frame_b=00133,bits=01064,qpsk=00532,ofdm=012,pad_q=00044,gap=0,ok=1","cvtrk,seq=00016,det=1,conf=1.00,x=+0.487,y=-0.363,pan=110.0,tilt=080.0,target=110.0/080.0,err=00.0,st=locked",Orin CSI camera solar tracker
2026-08-07T06:45:32.052142+00:00,1,,0,17,100,5300.0,301.887,1600.0,cv,0,,,55.072,1.5,0.1,charging,27.5362,50.0,locked,110.0,80.0,110.0,80.0,0.0,0,usb,1,0.9959,533.46,287.3,0.66705,-0.19709,640,480,254,6242,CRC/QPSK/OFDM,1,0,129,133,1064,532,12,44,960,192,48,"p1br,seq=00017,frame_b=00133,bits=01064,qpsk=00532,ofdm=012,pad_q=00044,gap=0,ok=1","cvtrk,seq=00017,det=1,conf=1.00,x=+0.667,y=-0.197,pan=110.0,tilt=080.0,target=110.0/080.0,err=00.0,st=locked",Orin CSI camera solar tracker
2026-08-07T06:45:32.308422+00:00,1,,0,18,100,5300.0,301.887,1600.0,cv,0,,,55.073,1.5,0.1,charging,27.5363,50.0,locked,110.0,80.0,110.0,80.0,0.0,0,usb,1,0.8866,622.34,303.95,0.9448,-0.26644,640,480,254,3489,CRC/QPSK/OFDM,1,0,129,133,1064,532,12,44,960,192,48,"p1br,seq=00018,frame_b=00133,bits=01064,qpsk=00532,ofdm=012,pad_q=00044,gap=0,ok=1","cvtrk,seq=00018,det=1,conf=0.89,x=+0.945,y=-0.266,pan=110.0,tilt=080.0,target=110.0/080.0,err=00.0,st=locked",Orin CSI camera solar tracker
2026-08-07T06:45:32.566767+00:00,1,,0,19,100,5300.0,301.887,1600.0,cv,0,,,55.073,1.5,0.1,charging,27.5364,50.0,locked,110.0,80.0,110.0,80.0,0.0,0,usb,1,0.8762,615.81,345.16,0.9244,-0.43818,640,480,254,3382,CRC/QPSK/OFDM,1,0,129,133,1064,532,12,44,960,192,48,"p1br,seq=00019,frame_b=00133,bits=01064,qpsk=00532,ofdm=012,pad_q=00044,gap=0,ok=1","cvtrk,seq=00019,det=1,conf=0.88,x=+0.924,y=-0.438,pan=110.0,tilt=080.0,target=110.0/080.0,err=00.0,st=locked",Orin CSI camera solar tracker
2026-08-07T06:45:32.821617+00:00,1,,0,20,100,5300.0,301.887,1600.0,cv,0,,,55.073,1.5,0.1,charging,27.5365,50.0,locked,110.0,80.0,110.0,80.0,0.0,0,usb,1,0.8583,615.58,348.99,0.92369,-0.45411,640,480,254,3199,CRC/QPSK/OFDM,1,0,129,133,1064,532,12,44,960,192,48,"p1br,seq=00020,frame_b=00133,bits=01064,qpsk=00532,ofdm=012,pad_q=00044,gap=0,ok=1","cvtrk,seq=00020,det=1,conf=0.86,x=+0.924,y=-0.454,pan=110.0,tilt=080.0,target=110.0/080.0,err=00.0,st=locked",Orin CSI camera solar tracker
2026-08-07T06:45:33.077530+00:00,1,,0,21,100,5300.0,301.887,1600.0,cv,0,,,55.073,1.5,0.1,charging,27.5366,50.0,locked,110.0,80.0,110.0,80.0,0.0,0,usb,1,0.9696,620.12,307.45,0.93788,-0.28103,640,480,254,4338,CRC/QPSK/OFDM,1,0,129,133,1064,532,12,44,960,192,48,"p1br,seq=00021,frame_b=00133,bits=01064,qpsk=00532,ofdm=012,pad_q=00044,gap=0,ok=1","cvtrk,seq=00021,det=1,conf=0.97,x=+0.938,y=-0.281,pan=110.0,tilt=080.0,target=110.0/080.0,err=00.0,st=locked",Orin CSI camera solar tracker
2026-08-07T06:45:33.334219+00:00,1,,0,22,100,5300.0,301.887,1600.0,cv,0,,,55.073,1.5,0.1,charging,27.5367,50.0,locked,110.0,80.0,110.0,80.0,0.0,0,usb,1,0.9959,525.33,293.07,0.64166,-0.22114,640,480,254,7943,CRC/QPSK/OFDM,1,0,129,133,1064,532,12,44,960,192,48,"p1br,seq=00022,frame_b=00133,bits=01064,qpsk=00532,ofdm=012,pad_q=00044,gap=0,ok=1","cvtrk,seq=00022,det=1,conf=1.00,x=+0.642,y=-0.221,pan=110.0,tilt=080.0,target=110.0/080.0,err=00.0,st=locked",Orin CSI camera solar tracker
2026-08-07T06:45:33.590476+00:00,1,,0,23,100,5300.0,301.887,1600.0,cv,0,,,55.074,1.5,0.1,charging,27.5368,50.0,locked,110.0,80.0,110.0,80.0,0.0,0,usb,1,0.9959,467.03,303.93,0.45947,-0.26639,640,480,254,7660,CRC/QPSK/OFDM,1,0,129,133,1064,532,12,44,960,192,48,"p1br,seq=00023,frame_b=00133,bits=01064,qpsk=00532,ofdm=012,pad_q=00044,gap=0,ok=1","cvtrk,seq=00023,det=1,conf=1.00,x=+0.459,y=-0.266,pan=110.0,tilt=080.0,target=110.0/080.0,err=00.0,st=locked",Orin CSI camera solar tracker
2026-08-07T06:45:33.852138+00:00,1,,0,24,100,5300.0,301.887,1600.0,cv,0,,,55.074,1.5,0.1,charging,27.5369,50.0,locked,110.0,80.0,110.0,80.0,0.0,0,usb,1,0.9959,457.37,310.81,0.42927,-0.29506,640,480,254,7139,CRC/QPSK/OFDM,1,0,129,133,1064,532,12,44,960,192,48,"p1br,seq=00024,frame_b=00133,bits=01064,qpsk=00532,ofdm=012,pad_q=00044,gap=0,ok=1","cvtrk,seq=00024,det=1,conf=1.00,x=+0.429,y=-0.295,pan=110.0,tilt=080.0,target=110.0/080.0,err=00.0,st=locked",Orin CSI camera solar tracker
2026-08-07T06:45:34.107450+00:00,1,,0,25,100,5300.0,301.887,1600.0,cv,0,,,55.074,1.5,0.1,charging,27.537,50.0,locked,110.0,80.0,110.0,80.0,0.0,0,usb,1,0.9959,456.72,306.89,0.42725,-0.2787,640,480,254,6767,CRC/QPSK/OFDM,1,0,129,133,1064,532,12,44,960,192,48,"p1br,seq=00025,frame_b=00133,bits=01064,qpsk=00532,ofdm=012,pad_q=00044,gap=0,ok=1","cvtrk,seq=00025,det=1,conf=1.00,x=+0.427,y=-0.279,pan=110.0,tilt=080.0,target=110.0/080.0,err=00.0,st=locked",Orin CSI camera solar tracker
2026-08-07T06:45:34.361730+00:00,1,,0,26,100,5300.0,301.887,1600.0,cv,0,,,55.074,1.5,0.1,charging,27.5371,50.0,locked,110.0,80.0,110.0,80.0,0.0,0,usb,1,0.9959,481.1,292.26,0.50342,-0.21775,640,480,254,7078,CRC/QPSK/OFDM,1,0,129,133,1064,532,12,44,960,192,48,"p1br,seq=00026,frame_b=00133,bits=01064,qpsk=00532,ofdm=012,pad_q=00044,gap=0,ok=1","cvtrk,seq=00026,det=1,conf=1.00,x=+0.503,y=-0.218,pan=110.0,tilt=080.0,target=110.0/080.0,err=00.0,st=locked",Orin CSI camera solar tracker
2026-08-07T06:45:34.619063+00:00,1,,0,27,100,5300.0,301.887,1600.0,cv,0,,,55.074,1.5,0.1,charging,27.5372,50.0,locked,110.0,80.0,110.0,80.0,0.0,0,usb,1,0.9479,574.14,280.99,0.79418,-0.17078,640,480,254,4116,CRC/QPSK/OFDM,1,0,129,133,1064,532,12,44,960,192,48,"p1br,seq=00027,frame_b=00133,bits=01064,qpsk=00532,ofdm=012,pad_q=00044,gap=0,ok=1","cvtrk,seq=00027,det=1,conf=0.95,x=+0.794,y=-0.171,pan=110.0,tilt=080.0,target=110.0/080.0,err=00.0,st=locked",Orin CSI camera solar tracker
2026-08-07T06:45:34.876508+00:00,1,,0,28,100,5300.0,301.887,1600.0,cv,0,,,55.075,1.5,0.1,charging,27.5373,50.0,locked,110.0,80.0,110.0,80.0,0.0,0,usb,1,0.9038,618.15,283.98,0.93173,-0.18324,640,480,254,3665,CRC/QPSK/OFDM,1,0,129,133,1064,532,12,44,960,192,48,"p1br,seq=00028,frame_b=00133,bits=01064,qpsk=00532,ofdm=012,pad_q=00044,gap=0,ok=1","cvtrk,seq=00028,det=1,conf=0.90,x=+0.932,y=-0.183,pan=110.0,tilt=080.0,target=110.0/080.0,err=00.0,st=locked",Orin CSI camera solar tracker
2026-08-07T06:45:35.135930+00:00,1,,0,29,100,5300.0,301.887,1600.0,cv,0,,,55.075,1.5,0.1,charging,27.5374,50.0,locked,110.0,80.0,110.0,80.0,0.0,0,usb,1,0.8502,622.82,284.58,0.94632,-0.18575,640,480,254,3116,CRC/QPSK/OFDM,1,0,129,133,1064,532,12,44,960,192,48,"p1br,seq=00029,frame_b=00133,bits=01064,qpsk=00532,ofdm=012,pad_q=00044,gap=0,ok=1","cvtrk,seq=00029,det=1,conf=0.85,x=+0.946,y=-0.186,pan=110.0,tilt=080.0,target=110.0/080.0,err=00.0,st=locked",Orin CSI camera solar tracker
2026-08-07T06:45:35.393163+00:00,1,,0,30,100,5300.0,301.887,1600.0,cv,0,,,55.075,1.5,0.1,charging,27.5375,50.0,locked,110.0,80.0,110.0,80.0,0.0,0,usb,1,0.954,595.19,284.71,0.85996,-0.18629,640,480,254,4179,CRC/QPSK/OFDM,1,0,129,133,1064,532,12,44,960,192,48,"p1br,seq=00030,frame_b=00133,bits=01064,qpsk=00532,ofdm=012,pad_q=00044,gap=0,ok=1","cvtrk,seq=00030,det=1,conf=0.95,x=+0.860,y=-0.186,pan=110.0,tilt=080.0,target=110.0/080.0,err=00.0,st=locked",Orin CSI camera solar tracker
2026-08-07T06:45:35.655171+00:00,1,,0,31,100,5300.0,301.887,1600.0,cv,0,,,55.075,1.5,0.1,charging,27.5376,50.0,locked,110.0,80.0,110.0,80.0,0.0,0,usb,1,0.9654,546.3,281.46,0.70718,-0.17276,640,480,254,4295,CRC/QPSK/OFDM,1,0,129,133,1064,532,12,44,960,192,48,"p1br,seq=00031,frame_b=00133,bits=01064,qpsk=00532,ofdm=012,pad_q=00044,gap=0,ok=1","cvtrk,seq=00031,det=1,conf=0.97,x=+0.707,y=-0.173,pan=110.0,tilt=080.0,target=110.0/080.0,err=00.0,st=locked",Orin CSI camera solar tracker
2026-08-07T06:45:35.910535+00:00,1,,0,32,100,5300.0,301.887,1600.0,cv,0,,,55.075,1.5,0.1,charging,27.5377,50.0,locked,110.0,80.0,110.0,80.0,0.0,0,usb,1,0.9873,523.8,288.45,0.63688,-0.20186,640,480,254,4520,CRC/QPSK/OFDM,1,0,129,133,1064,532,12,44,960,192,48,"p1br,seq=00032,frame_b=00133,bits=01064,qpsk=00532,ofdm=012,pad_q=00044,gap=0,ok=1","cvtrk,seq=00032,det=1,conf=0.99,x=+0.637,y=-0.202,pan=110.0,tilt=080.0,target=110.0/080.0,err=00.0,st=locked",Orin CSI camera solar tracker
2026-08-07T06:45:36.168113+00:00,1,,0,33,100,5300.0,301.887,1600.0,cv,0,,,55.076,1.5,0.1,charging,27.5378,50.0,locked,110.0,80.0,110.0,80.0,0.0,0,usb,1,0.9155,512.74,286.71,0.60232,-0.19462,640,480,254,3784,CRC/QPSK/OFDM,1,0,129,133,1064,532,12,44,960,192,48,"p1br,seq=00033,frame_b=00133,bits=01064,qpsk=00532,ofdm=012,pad_q=00044,gap=0,ok=1","cvtrk,seq=00033,det=1,conf=0.92,x=+0.602,y=-0.195,pan=110.0,tilt=080.0,target=110.0/080.0,err=00.0,st=locked",Orin CSI camera solar tracker
2026-08-07T06:45:36.424633+00:00,1,,0,34,100,5300.0,301.887,1600.0,cv,0,,,55.076,1.5,0.1,charging,27.5379,50.0,locked,110.0,80.0,110.0,80.0,0.0,0,usb,1,0.8993,516.22,272.97,0.61318,-0.13737,640,480,254,3619,CRC/QPSK/OFDM,1,0,129,133,1064,532,12,44,960,192,48,"p1br,seq=00034,frame_b=00133,bits=01064,qpsk=00532,ofdm=012,pad_q=00044,gap=0,ok=1","cvtrk,seq=00034,det=1,conf=0.90,x=+0.613,y=-0.137,pan=110.0,tilt=080.0,target=110.0/080.0,err=00.0,st=locked",Orin CSI camera solar tracker
2026-08-07T06:45:36.681977+00:00,1,,0,35,100,5300.0,301.887,1600.0,cv,0,,,55.076,1.5,0.1,charging,27.538,50.0,locked,110.0,80.0,110.0,80.0,0.0,0,usb,1,0.8677,526.02,266.64,0.6438,-0.11101,640,480,254,3295,CRC/QPSK/OFDM,1,0,129,133,1064,532,12,44,960,192,48,"p1br,seq=00035,frame_b=00133,bits=01064,qpsk=00532,ofdm=012,pad_q=00044,gap=0,ok=1","cvtrk,seq=00035,det=1,conf=0.87,x=+0.644,y=-0.111,pan=110.0,tilt=080.0,target=110.0/080.0,err=00.0,st=locked",Orin CSI camera solar tracker
2026-08-07T06:45:36.938360+00:00,1,,0,36,100,5300.0,301.887,1600.0,cv,0,,,55.076,1.5,0.1,charging,27.5381,50.0,locked,110.0,80.0,110.0,80.0,0.0,0,usb,1,0.8657,529.58,270.03,0.65494,-0.12511,640,480,254,3274,CRC/QPSK/OFDM,1,0,129,133,1064,532,12,44,960,192,48,"p1br,seq=00036,frame_b=00133,bits=01064,qpsk=00532,ofdm=012,pad_q=00044,gap=0,ok=1","cvtrk,seq=00036,det=1,conf=0.87,x=+0.655,y=-0.125,pan=110.0,tilt=080.0,target=110.0/080.0,err=00.0,st=locked",Orin CSI camera solar tracker
2026-08-07T06:45:37.197956+00:00,1,,0,37,100,5300.0,301.887,1600.0,cv,0,,,55.076,1.5,0.1,charging,27.5382,50.0,locked,110.0,80.0,110.0,80.0,0.0,0,usb,1,0.8477,529.88,270.03,0.65588,-0.12512,640,480,254,3090,CRC/QPSK/OFDM,1,0,129,133,1064,532,12,44,960,192,48,"p1br,seq=00037,frame_b=00133,bits=01064,qpsk=00532,ofdm=012,pad_q=00044,gap=0,ok=1","cvtrk,seq=00037,det=1,conf=0.85,x=+0.656,y=-0.125,pan=110.0,tilt=080.0,target=110.0/080.0,err=00.0,st=locked",Orin CSI camera solar tracker
2026-08-07T06:45:37.455754+00:00,1,,0,38,100,5300.0,301.887,1600.0,cv,0,,,55.077,1.5,0.1,charging,27.5383,50.0,locked,110.0,80.0,110.0,80.0,0.0,0,usb,1,0.9057,526.28,278.45,0.64462,-0.16022,640,480,254,3684,CRC/QPSK/OFDM,1,0,129,133,1064,532,12,44,960,192,48,"p1br,seq=00038,frame_b=00133,bits=01064,qpsk=00532,ofdm=012,pad_q=00044,gap=0,ok=1","cvtrk,seq=00038,det=1,conf=0.91,x=+0.645,y=-0.160,pan=110.0,tilt=080.0,target=110.0/080.0,err=00.0,st=locked",Orin CSI camera solar tracker
2026-08-07T06:45:37.713988+00:00,1,,0,39,100,5300.0,301.887,1600.0,cv,0,,,55.077,1.5,0.1,charging,27.5384,50.0,locked,110.0,80.0,110.0,80.0,0.0,0,usb,1,0.9959,510.5,305.83,0.59531,-0.2743,640,480,254,5699,CRC/QPSK/OFDM,1,0,129,133,1064,532,12,44,960,192,48,"p1br,seq=00039,frame_b=00133,bits=01064,qpsk=00532,ofdm=012,pad_q=00044,gap=0,ok=1","cvtrk,seq=00039,det=1,conf=1.00,x=+0.595,y=-0.274,pan=110.0,tilt=080.0,target=110.0/080.0,err=00.0,st=locked",Orin CSI camera solar tracker
2026-08-07T06:45:37.976557+00:00,1,,0,40,100,5300.0,301.887,1600.0,cv,0,,,55.077,1.5,0.1,charging,27.5385,50.0,locked,110.0,80.0,110.0,80.0,0.0,0,usb,1,0.9959,504.54,295.9,0.57669,-0.23291,640,480,254,5116,CRC/QPSK/OFDM,1,0,129,133,1064,532,12,44,960,192,48,"p1br,seq=00040,frame_b=00133,bits=01064,qpsk=00532,ofdm=012,pad_q=00044,gap=0,ok=1","cvtrk,seq=00040,det=1,conf=1.00,x=+0.577,y=-0.233,pan=110.0,tilt=080.0,target=110.0/080.0,err=00.0,st=locked",Orin CSI camera solar tracker
2026-08-07T06:45:38.234170+00:00,1,,0,41,100,5300.0,301.887,1600.0,cv,0,,,55.077,1.5,0.1,charging,27.5386,50.0,locked,110.0,80.0,110.0,80.0,0.0,0,usb,1,0.9959,506.26,295.12,0.58206,-0.22968,640,480,254,4943,CRC/QPSK/OFDM,1,0,129,133,1064,532,12,44,960,192,48,"p1br,seq=00041,frame_b=00133,bits=01064,qpsk=00532,ofdm=012,pad_q=00044,gap=0,ok=1","cvtrk,seq=00041,det=1,conf=1.00,x=+0.582,y=-0.230,pan=110.0,tilt=080.0,target=110.0/080.0,err=00.0,st=locked",Orin CSI camera solar tracker
2026-08-07T06:45:38.491275+00:00,1,,0,42,100,5300.0,301.887,1600.0,cv,0,,,55.077,1.5,0.1,charging,27.5387,50.0,locked,110.0,80.0,110.0,80.0,0.0,0,usb,1,0.988,511.89,296.46,0.59967,-0.23524,640,480,254,4527,CRC/QPSK/OFDM,1,0,129,133,1064,532,12,44,960,192,48,"p1br,seq=00042,frame_b=00133,bits=01064,qpsk=00532,ofdm=012,pad_q=00044,gap=0,ok=1","cvtrk,seq=00042,det=1,conf=0.99,x=+0.600,y=-0.235,pan=110.0,tilt=080.0,target=110.0/080.0,err=00.0,st=locked",Orin CSI camera solar tracker
2026-08-07T06:45:38.750090+00:00,1,,0,43,100,5300.0,301.887,1600.0,cv,0,,,55.078,1.5,0.1,charging,27.5388,50.0,locked,110.0,80.0,110.0,80.0,0.0,0,usb,1,0.9178,529.79,299.1,0.6556,-0.24626,640,480,254,3808,CRC/QPSK/OFDM,1,0,129,133,1064,532,12,44,960,192,48,"p1br,seq=00043,frame_b=00133,bits=01064,qpsk=00532,ofdm=012,pad_q=00044,gap=0,ok=1","cvtrk,seq=00043,det=1,conf=0.92,x=+0.656,y=-0.246,pan=110.0,tilt=080.0,target=110.0/080.0,err=00.0,st=locked",Orin CSI camera solar tracker
2026-08-07T06:45:39.007861+00:00,1,,0,44,100,5300.0,301.887,1600.0,cv,0,,,55.078,1.5,0.1,charging,27.5389,50.0,locked,110.0,80.0,110.0,80.0,0.0,0,usb,1,0.8482,560.65,286.15,0.75205,-0.19228,640,480,254,3095,CRC/QPSK/OFDM,1,0,129,133,1064,532,12,44,960,192,48,"p1br,seq=00044,frame_b=00133,bits=01064,qpsk=00532,ofdm=012,pad_q=00044,gap=0,ok=1","cvtrk,seq=00044,det=1,conf=0.85,x=+0.752,y=-0.192,pan=110.0,tilt=080.0,target=110.0/080.0,err=00.0,st=locked",Orin CSI camera solar tracker
2026-08-07T06:45:39.265094+00:00,1,,0,45,100,5300.0,301.887,1600.0,cv,0,,,55.078,1.5,0.1,charging,27.539,50.0,locked,110.0,80.0,110.0,80.0,0.0,0,usb,1,0.8463,572.35,282.83,0.78858,-0.17848,640,480,254,3076,CRC/QPSK/OFDM,1,0,129,133,1064,532,12,44,960,192,48,"p1br,seq=00045,frame_b=00133,bits=01064,qpsk=00532,ofdm=012,pad_q=00044,gap=0,ok=1","cvtrk,seq=00045,det=1,conf=0.85,x=+0.789,y=-0.178,pan=110.0,tilt=080.0,target=110.0/080.0,err=00.0,st=locked",Orin CSI camera solar tracker
2026-08-07T06:45:39.521649+00:00,1,,0,46,100,5300.0,301.887,1600.0,cv,0,,,55.078,1.5,0.1,charging,27.5391,50.0,locked,110.0,80.0,110.0,80.0,0.0,0,usb,1,0.8481,574.0,285.11,0.79375,-0.18796,640,480,254,3094,CRC/QPSK/OFDM,1,0,129,133,1064,532,12,44,960,192,48,"p1br,seq=00046,frame_b=00133,bits=01064,qpsk=00532,ofdm=012,pad_q=00044,gap=0,ok=1","cvtrk,seq=00046,det=1,conf=0.85,x=+0.794,y=-0.188,pan=110.0,tilt=080.0,target=110.0/080.0,err=00.0,st=locked",Orin CSI camera solar tracker
2026-08-07T06:45:39.778892+00:00,1,,0,47,100,5300.0,301.887,1600.0,cv,0,,,55.078,1.5,0.1,charging,27.5392,50.0,locked,110.0,80.0,110.0,80.0,0.0,0,usb,1,0.9123,543.6,302.07,0.69876,-0.25864,640,480,254,3752,CRC/QPSK/OFDM,1,0,129,133,1064,532,12,44,960,192,48,"p1br,seq=00047,frame_b=00133,bits=01064,qpsk=00532,ofdm=012,pad_q=00044,gap=0,ok=1","cvtrk,seq=00047,det=1,conf=0.91,x=+0.699,y=-0.259,pan=110.0,tilt=080.0,target=110.0/080.0,err=00.0,st=locked",Orin CSI camera solar tracker
2026-08-07T06:45:40.036956+00:00,1,,0,48,100,5300.0,301.887,1600.0,cv,0,,,55.079,1.5,0.1,charging,27.5393,50.0,locked,110.0,80.0,110.0,80.0,0.0,0,usb,1,0.8999,541.13,301.67,0.69103,-0.25697,640,480,254,3625,CRC/QPSK/OFDM,1,0,129,133,1064,532,12,44,960,192,48,"p1br,seq=00048,frame_b=00133,bits=01064,qpsk=00532,ofdm=012,pad_q=00044,gap=0,ok=1","cvtrk,seq=00048,det=1,conf=0.90,x=+0.691,y=-0.257,pan=110.0,tilt=080.0,target=110.0/080.0,err=00.0,st=locked",Orin CSI camera solar tracker
2026-08-07T06:45:40.294250+00:00,1,,0,49,100,5300.0,301.887,1600.0,cv,0,,,55.079,1.5,0.1,charging,27.5394,50.0,locked,110.0,80.0,110.0,80.0,0.0,0,usb,1,0.9023,540.01,302.04,0.68753,-0.25852,640,480,254,3649,CRC/QPSK/OFDM,1,0,129,133,1064,532,12,44,960,192,48,"p1br,seq=00049,frame_b=00133,bits=01064,qpsk=00532,ofdm=012,pad_q=00044,gap=0,ok=1","cvtrk,seq=00049,det=1,conf=0.90,x=+0.688,y=-0.259,pan=110.0,tilt=080.0,target=110.0/080.0,err=00.0,st=locked",Orin CSI camera solar tracker
2026-08-07T06:45:40.554220+00:00,1,,0,50,100,5300.0,301.887,1600.0,cv,0,,,55.079,1.5,0.1,charging,27.5395,50.0,locked,110.0,80.0,110.0,80.0,0.0,0,usb,1,0.9018,541.57,300.66,0.69239,-0.25277,640,480,254,3644,CRC/QPSK/OFDM,1,0,129,133,1064,532,12,44,960,192,48,"p1br,seq=00050,frame_b=00133,bits=01064,qpsk=00532,ofdm=012,pad_q=00044,gap=0,ok=1","cvtrk,seq=00050,det=1,conf=0.90,x=+0.692,y=-0.253,pan=110.0,tilt=080.0,target=110.0/080.0,err=00.0,st=locked",Orin CSI camera solar tracker
2026-08-07T06:45:40.809282+00:00,1,,0,51,100,5300.0,301.887,1600.0,cv,0,,,55.079,1.5,0.1,charging,27.5396,50.0,locked,110.0,80.0,110.0,80.0,0.0,0,usb,1,0.866,544.6,300.6,0.70189,-0.2525,640,480,254,3278,CRC/QPSK/OFDM,1,0,129,133,1064,532,12,44,960,192,48,"p1br,seq=00051,frame_b=00133,bits=01064,qpsk=00532,ofdm=012,pad_q=00044,gap=0,ok=1","cvtrk,seq=00051,det=1,conf=0.87,x=+0.702,y=-0.252,pan=110.0,tilt=080.0,target=110.0/080.0,err=00.0,st=locked",Orin CSI camera solar tracker
2026-08-07T06:46:06.222337+00:00,1,,0,0,60,5253.009,279.12,1466.218,cv,0,,,55.083,1.366,0.1,charging,27.5414,50.0,seeking,94.152,88.184,110.0,82.586,16.808,1,usb,1,0.9362,541.44,312.62,0.69199,-0.30259,640,480,254,3996,CRC/QPSK/OFDM,1,1,129,133,1064,532,12,44,960,192,48,"p1br,seq=00000,frame_b=00133,bits=01064,qpsk=00532,ofdm=012,pad_q=00044,gap=1,ok=1","cvtrk,seq=00000,det=1,conf=0.94,x=+0.692,y=-0.303,pan=094.2,tilt=088.2,target=110.0/082.6,err=16.8,st=seeking",Orin CSI camera solar tracker
2026-08-07T06:46:06.526721+00:00,1,,0,1,71,5271.562,288.025,1518.341,cv,0,,,55.083,1.418,0.1,charging,27.5415,50.0,seeking,98.254,86.335,110.0,80.633,13.057,1,usb,1,0.9462,538.78,313.97,0.6837,-0.3082,640,480,254,4099,CRC/QPSK/OFDM,1,0,129,133,1064,532,12,44,960,192,48,"p1br,seq=00001,frame_b=00133,bits=01064,qpsk=00532,ofdm=012,pad_q=00044,gap=0,ok=1","cvtrk,seq=00001,det=1,conf=0.95,x=+0.684,y=-0.308,pan=098.3,tilt=086.3,target=110.0/080.6,err=13.1,st=seeking",Orin CSI camera solar tracker
2026-08-07T06:46:06.790368+00:00,1,,0,2,81,5284.661,294.378,1555.69,cv,0,,,55.083,1.456,0.1,charging,27.5416,50.0,seeking,102.328,84.475,110.0,78.739,9.579,1,usb,1,0.9849,537.26,314.41,0.67894,-0.31006,640,480,254,4495,CRC/QPSK/OFDM,1,0,129,133,1064,532,12,44,960,192,48,"p1br,seq=00002,frame_b=00133,bits=01064,qpsk=00532,ofdm=012,pad_q=00044,gap=0,ok=1","cvtrk,seq=00002,det=1,conf=0.98,x=+0.679,y=-0.310,pan=102.3,tilt=084.5,target=110.0/078.7,err=09.6,st=seeking",Orin CSI camera solar tracker
2026-08-07T06:46:07.051079+00:00,1,,0,3,91,5292.251,298.084,1577.537,cv,0,,,55.084,1.478,0.1,charging,27.5418,50.0,seeking,106.297,82.623,110.0,76.915,6.805,1,usb,1,0.9959,531.67,314.06,0.66147,-0.30858,640,480,254,4716,CRC/QPSK/OFDM,1,0,129,133,1064,532,12,44,960,192,48,"p1br,seq=00003,frame_b=00133,bits=01064,qpsk=00532,ofdm=012,pad_q=00044,gap=0,ok=1","cvtrk,seq=00003,det=1,conf=1.00,x=+0.661,y=-0.309,pan=106.3,tilt=082.6,target=110.0/076.9,err=06.8,st=seeking",Orin CSI camera solar tracker
2026-08-07T06:46:07.312190+00:00,1,,0,4,100,5295.698,299.774,1587.51,cv,0,,,55.084,1.488,0.1,charging,27.5419,50.0,seeking,110.0,80.069,110.0,75.0,5.069,1,usb,1,0.8626,531.03,342.18,0.65947,-0.42576,640,480,254,3243,CRC/QPSK/OFDM,1,0,129,133,1064,532,12,44,960,192,48,"p1br,seq=00004,frame_b=00133,bits=01064,qpsk=00532,ofdm=012,pad_q=00044,gap=0,ok=1","cvtrk,seq=00004,det=1,conf=0.86,x=+0.659,y=-0.426,pan=110.0,tilt=080.1,target=110.0/075.0,err=05.1,st=seeking",Orin CSI camera solar tracker
2026-08-07T06:46:07.568312+00:00,1,,0,5,100,5298.816,301.305,1596.558,cv,0,,,55.084,1.497,0.1,charging,27.542,50.0,locked,110.0,77.658,110.0,75.0,2.658,1,usb,1,0.8716,530.1,336.42,0.65656,-0.40174,640,480,254,3335,CRC/QPSK/OFDM,1,0,129,133,1064,532,12,44,960,192,48,"p1br,seq=00005,frame_b=00133,bits=01064,qpsk=00532,ofdm=012,pad_q=00044,gap=0,ok=1","cvtrk,seq=00005,det=1,conf=0.87,x=+0.657,y=-0.402,pan=110.0,tilt=077.7,target=110.0/075.0,err=02.7,st=locked",Orin CSI camera solar tracker
2026-08-07T06:46:07.829876+00:00,1,,0,6,100,5299.801,301.789,1599.421,cv,0,,,55.084,1.499,0.1,charging,27.5421,50.0,locked,110.0,76.09,110.0,75.0,1.09,1,usb,1,0.9743,525.66,302.74,0.6427,-0.26144,640,480,254,4387,CRC/QPSK/OFDM,1,0,129,133,1064,532,12,44,960,192,48,"p1br,seq=00006,frame_b=00133,bits=01064,qpsk=00532,ofdm=012,pad_q=00044,gap=0,ok=1","cvtrk,seq=00006,det=1,conf=0.97,x=+0.643,y=-0.261,pan=110.0,tilt=076.1,target=110.0/075.0,err=01.1,st=locked",Orin CSI camera solar tracker
2026-08-07T06:46:08.086718+00:00,1,,0,7,97,5260.282,282.598,1486.544,cv,0,,,55.084,1.387,0.1,charging,27.5422,50.0,seeking,108.643,80.751,102.991,95.123,15.444,1,usb,1,0.9959,247.65,53.55,-0.2261,0.77686,640,480,254,18230,CRC/QPSK/OFDM,1,0,129,133,1064,532,12,44,960,192,48,"p1br,seq=00007,frame_b=00133,bits=01064,qpsk=00532,ofdm=012,pad_q=00044,gap=0,ok=1","cvtrk,seq=00007,det=1,conf=1.00,x=-0.226,y=+0.777,pan=108.6,tilt=080.8,target=103.0/095.1,err=15.4,st=seeking",Orin CSI camera solar tracker
2026-08-07T06:46:08.345865+00:00,1,,0,8,95,5264.626,284.683,1498.749,cv,0,,,55.084,1.399,0.1,charging,27.5422,50.0,seeking,107.867,85.358,104.632,99.564,14.57,1,usb,1,0.9919,278.59,55.7,-0.1294,0.7679,640,480,253,22926,CRC/QPSK/OFDM,1,0,129,133,1064,532,12,44,960,192,48,"p1br,seq=00008,frame_b=00133,bits=01064,qpsk=00532,ofdm=012,pad_q=00044,gap=0,ok=1","cvtrk,seq=00008,det=1,conf=0.99,x=-0.129,y=+0.768,pan=107.9,tilt=085.4,target=104.6/099.6,err=14.6,st=seeking",Orin CSI camera solar tracker
2026-08-07T06:46:08.604516+00:00,1,,0,9,93,5262.366,283.597,1492.393,cv,0,,,55.085,1.392,0.1,charging,27.5423,50.0,seeking,107.087,90.325,103.835,105.0,15.031,1,usb,1,0.9919,278.38,41.32,-0.13008,0.82785,640,480,253,16209,CRC/QPSK/OFDM,1,0,129,133,1064,532,12,44,960,192,48,"p1br,seq=00009,frame_b=00133,bits=01064,qpsk=00532,ofdm=012,pad_q=00044,gap=0,ok=1","cvtrk,seq=00009,det=1,conf=0.99,x=-0.130,y=+0.828,pan=107.1,tilt=090.3,target=103.8/105.0,err=15.0,st=seeking",Orin CSI camera solar tracker
2026-08-07T06:46:08.862679+00:00,1,,0,10,91,5282.945,293.543,1550.771,cv,0,,,55.085,1.451,0.1,charging,27.5424,50.0,seeking,106.439,95.265,103.74,105.0,10.102,1,usb,1,0.9959,285.45,42.42,-0.10796,0.82324,640,480,254,16788,CRC/QPSK/OFDM,1,0,129,133,1064,532,12,44,960,192,48,"p1br,seq=00010,frame_b=00133,bits=01064,qpsk=00532,ofdm=012,pad_q=00044,gap=0,ok=1","cvtrk,seq=00010,det=1,conf=1.00,x=-0.108,y=+0.823,pan=106.4,tilt=095.3,target=103.7/105.0,err=10.1,st=seeking",Orin CSI camera solar tracker
2026-08-07T06:46:09.121453+00:00,1,,0,11,89,5292.75,298.328,1578.978,cv,0,,,55.085,1.479,0.1,charging,27.5425,50.0,seeking,105.637,99.33,102.294,105.0,6.582,1,usb,1,0.9959,277.21,77.4,-0.13371,0.67751,640,480,254,30344,CRC/QPSK/OFDM,1,0,129,133,1064,532,12,44,960,192,48,"p1br,seq=00011,frame_b=00133,bits=01064,qpsk=00532,ofdm=012,pad_q=00044,gap=0,ok=1","cvtrk,seq=00011,det=1,conf=1.00,x=-0.134,y=+0.678,pan=105.6,tilt=099.3,target=102.3/105.0,err=06.6,st=seeking",Orin CSI camera solar tracker
2026-08-07T06:46:09.382319+00:00,1,,0,12,87,5294.964,299.413,1585.382,cv,0,,,55.085,1.485,0.1,charging,27.5426,50.0,seeking,104.605,101.592,100.307,105.0,5.485,1,usb,1,1.0,264.99,149.5,-0.17191,0.37707,640,480,255,18817,CRC/QPSK/OFDM,1,0,129,133,1064,532,12,44,960,192,48,"p1br,seq=00012,frame_b=00133,bits=01064,qpsk=00532,ofdm=012,pad_q=00044,gap=0,ok=1","cvtrk,seq=00012,det=1,conf=1.00,x=-0.172,y=+0.377,pan=104.6,tilt=101.6,target=100.3/105.0,err=05.5,st=seeking",Orin CSI camera solar tracker
2026-08-07T06:46:09.640959+00:00,1,,0,13,83,5292.805,298.356,1579.138,cv,0,,,55.085,1.479,0.1,charging,27.5427,50.0,seeking,103.052,103.935,96.583,105.0,6.557,1,usb,1,0.9381,237.19,146.3,-0.25879,0.3904,640,480,255,3974,CRC/QPSK/OFDM,1,0,129,133,1064,532,12,44,960,192,48,"p1br,seq=00013,frame_b=00133,bits=01064,qpsk=00532,ofdm=012,pad_q=00044,gap=0,ok=1","cvtrk,seq=00013,det=1,conf=0.94,x=-0.259,y=+0.390,pan=103.1,tilt=103.9,target=096.6/105.0,err=06.6,st=seeking",Orin CSI camera solar tracker
2026-08-07T06:46:09.898935+00:00,1,,0,14,79,5293.816,298.851,1582.062,cv,0,,,55.086,1.482,0.1,charging,27.5428,50.0,seeking,101.594,105.0,95.516,105.0,6.078,1,usb,1,1.0,242.2,187.86,-0.24312,0.21724,640,480,255,11860,CRC/QPSK/OFDM,1,0,129,133,1064,532,12,44,960,192,48,"p1br,seq=00014,frame_b=00133,bits=01064,qpsk=00532,ofdm=012,pad_q=00044,gap=0,ok=1","cvtrk,seq=00014,det=1,conf=1.00,x=-0.243,y=+0.217,pan=101.6,tilt=105.0,target=095.5/105.0,err=06.1,st=seeking",Orin CSI camera solar tracker
2026-08-07T06:46:10.158430+00:00,1,,0,15,74,5287.058,295.547,1562.573,cv,0,,,55.086,1.463,0.1,charging,27.5429,50.0,seeking,99.482,105.0,90.685,105.0,8.798,1,usb,1,0.9213,207.39,159.27,-0.3519,0.33639,640,480,255,3802,CRC/QPSK/OFDM,1,0,129,133,1064,532,12,44,960,192,48,"p1br,seq=00015,frame_b=00133,bits=01064,qpsk=00532,ofdm=012,pad_q=00044,gap=0,ok=1","cvtrk,seq=00015,det=1,conf=0.92,x=-0.352,y=+0.336,pan=099.5,tilt=105.0,target=090.7/105.0,err=08.8,st=seeking",Orin CSI camera solar tracker
2026-08-07T06:46:10.416900+00:00,1,,0,16,65,5266.219,285.449,1503.236,cv,0,,,55.086,1.403,0.1,charging,27.543,50.0,seeking,96.065,105.0,81.829,105.0,14.236,1,usb,1,1.0,137.78,171.36,-0.56945,0.28598,640,480,255,12601,CRC/QPSK/OFDM,1,0,129,133,1064,532,12,44,960,192,48,"p1br,seq=00016,frame_b=00133,bits=01064,qpsk=00532,ofdm=012,pad_q=00044,gap=0,ok=1","cvtrk,seq=00016,det=1,conf=1.00,x=-0.569,y=+0.286,pan=096.1,tilt=105.0,target=081.8/105.0,err=14.2,st=seeking",Orin CSI camera solar tracker
2026-08-07T06:46:10.676777+00:00,1,,0,17,54,5239.289,272.606,1428.261,cv,0,,,55.086,1.328,0.1,charging,27.5431,50.0,seeking,91.476,105.0,72.351,105.0,19.125,1,usb,1,0.9959,75.21,160.98,-0.76498,0.32926,640,480,254,21032,CRC/QPSK/OFDM,1,0,129,133,1064,532,12,44,960,192,48,"p1br,seq=00017,frame_b=00133,bits=01064,qpsk=00532,ofdm=012,pad_q=00044,gap=0,ok=1","cvtrk,seq=00017,det=1,conf=1.00,x=-0.765,y=+0.329,pan=091.5,tilt=105.0,target=072.4/105.0,err=19.1,st=seeking",Orin CSI camera solar tracker
2026-08-07T06:46:10.934597+00:00,1,,0,18,40,5256.341,280.711,1475.512,cv,0,,,55.086,1.376,0.1,charging,27.5432,50.0,seeking,86.197,105.0,70.0,105.0,16.197,1,usb,1,0.9959,38.46,115.14,-0.87981,0.52027,640,480,254,6865,CRC/QPSK/OFDM,1,0,129,133,1064,532,12,44,960,192,48,"p1br,seq=00018,frame_b=00133,bits=01064,qpsk=00532,ofdm=012,pad_q=00044,gap=0,ok=1","cvtrk,seq=00018,det=1,conf=1.00,x=-0.880,y=+0.520,pan=086.2,tilt=105.0,target=070.0/105.0,err=16.2,st=seeking",Orin CSI camera solar tracker
2026-08-07T06:46:11.194049+00:00,1,,0,19,27,5280.25,292.233,1543.062,cv,0,,,55.087,1.443,0.1,charging,27.5433,50.0,seeking,80.874,105.0,70.0,105.0,10.874,1,usb,1,0.9919,36.1,175.43,-0.88717,0.26905,640,480,253,13536,CRC/QPSK/OFDM,1,0,129,133,1064,532,12,44,960,192,48,"p1br,seq=00019,frame_b=00133,bits=01064,qpsk=00532,ofdm=012,pad_q=00044,gap=0,ok=1","cvtrk,seq=00019,det=1,conf=0.99,x=-0.887,y=+0.269,pan=080.9,tilt=105.0,target=070.0/105.0,err=10.9,st=seeking",Orin CSI camera solar tracker
2026-08-07T06:46:11.454094+00:00,1,,0,20,13,5295.17,299.515,1585.981,cv,0,,,55.087,1.486,0.1,charging,27.5434,50.0,seeking,75.371,105.0,70.0,105.0,5.371,1,usb,1,0.9919,26.53,173.61,-0.91709,0.27662,640,480,253,9381,CRC/QPSK/OFDM,1,0,129,133,1064,532,12,44,960,192,48,"p1br,seq=00020,frame_b=00133,bits=01064,qpsk=00532,ofdm=012,pad_q=00044,gap=0,ok=1","cvtrk,seq=00020,det=1,conf=0.99,x=-0.917,y=+0.277,pan=075.4,tilt=105.0,target=070.0/105.0,err=05.4,st=seeking",Orin CSI camera solar tracker
2026-08-07T06:46:11.713515+00:00,1,,0,21,0,5300.0,301.887,1600.0,cv,0,,,55.087,1.5,0.1,charging,27.5435,50.0,locked,70.0,105.0,70.0,105.0,0.0,1,usb,1,0.9858,15.05,174.11,-0.95296,0.27456,640,480,253,4546,CRC/QPSK/OFDM,1,0,129,133,1064,532,12,44,960,192,48,"p1br,seq=00021,frame_b=00133,bits=01064,qpsk=00532,ofdm=012,pad_q=00044,gap=0,ok=1","cvtrk,seq=00021,det=1,conf=0.99,x=-0.953,y=+0.275,pan=070.0,tilt=105.0,target=070.0/105.0,err=00.0,st=locked",Orin CSI camera solar tracker
2026-08-07T06:46:11.969372+00:00,1,,0,22,0,5300.0,301.887,1600.0,cv,0,,,55.087,1.5,0.1,charging,27.5436,50.0,locked,70.0,105.0,70.0,105.0,0.0,1,usb,1,0.8543,109.12,195.59,-0.65899,0.18505,640,480,253,3199,CRC/QPSK/OFDM,1,0,129,133,1064,532,12,44,960,192,48,"p1br,seq=00022,frame_b=00133,bits=01064,qpsk=00532,ofdm=012,pad_q=00044,gap=0,ok=1","cvtrk,seq=00022,det=1,conf=0.85,x=-0.659,y=+0.185,pan=070.0,tilt=105.0,target=070.0/105.0,err=00.0,st=locked",Orin CSI camera solar tracker
2026-08-07T06:46:12.229877+00:00,1,,0,23,4,5291.077,297.51,1574.147,cv,0,,,55.087,1.474,0.1,charging,27.5437,50.0,seeking,71.518,103.817,77.845,100.169,7.303,1,usb,1,0.847,400.98,287.33,0.25306,-0.19719,640,480,253,3125,CRC/QPSK/OFDM,1,0,129,133,1064,532,12,44,960,192,48,"p1br,seq=00023,frame_b=00133,bits=01064,qpsk=00532,ofdm=012,pad_q=00044,gap=0,ok=1","cvtrk,seq=00023,det=1,conf=0.85,x=+0.253,y=-0.197,pan=071.5,tilt=103.8,target=077.8/100.2,err=07.3,st=seeking",Orin CSI camera solar tracker
2026-08-07T06:46:12.487645+00:00,1,,0,24,16,5223.025,264.963,1383.909,cv,0,,,55.088,1.284,0.1,charging,27.5438,50.0,seeking,76.364,101.364,96.555,93.8,21.562,1,usb,1,0.8446,578.45,338.13,0.80765,-0.40887,640,480,253,3100,CRC/QPSK/OFDM,1,0,129,133,1064,532,12,44,960,192,48,"p1br,seq=00024,frame_b=00133,bits=01064,qpsk=00532,ofdm=012,pad_q=00044,gap=0,ok=1","cvtrk,seq=00024,det=1,conf=0.84,x=+0.808,y=-0.409,pan=076.4,tilt=101.4,target=096.6/093.8,err=21.6,st=seeking",Orin CSI camera solar tracker
2026-08-07T06:46:12.745091+00:00,1,,0,25,28,5223.001,264.951,1383.842,cv,0,,,55.088,1.284,0.1,charging,27.5439,50.0,seeking,81.2,98.871,101.348,91.183,21.565,1,usb,1,0.8476,577.9,339.73,0.80594,-0.41552,640,480,254,3089,CRC/QPSK/OFDM,1,0,129,133,1064,532,12,44,960,192,48,"p1br,seq=00025,frame_b=00133,bits=01064,qpsk=00532,ofdm=012,pad_q=00044,gap=0,ok=1","cvtrk,seq=00025,det=1,conf=0.85,x=+0.806,y=-0.416,pan=081.2,tilt=098.9,target=101.3/091.2,err=21.6,st=seeking",Orin CSI camera solar tracker
2026-08-07T06:46:13.006397+00:00,1,,0,26,40,5223.901,265.372,1386.278,cv,0,,,55.088,1.286,0.1,charging,27.544,50.0,seeking,86.013,96.413,106.065,88.834,21.437,1,usb,1,0.846,576.68,338.32,0.80211,-0.40967,640,480,254,3073,CRC/QPSK/OFDM,1,0,129,133,1064,532,12,44,960,192,48,"p1br,seq=00026,frame_b=00133,bits=01064,qpsk=00532,ofdm=012,pad_q=00044,gap=0,ok=1","cvtrk,seq=00026,det=1,conf=0.85,x=+0.802,y=-0.410,pan=086.0,tilt=096.4,target=106.1/088.8,err=21.4,st=seeking",Orin CSI camera solar tracker
2026-08-07T06:46:13.264270+00:00,1,,0,27,52,5229.657,268.069,1401.908,cv,0,,,55.088,1.302,0.1,charging,27.5441,50.0,seeking,90.813,93.98,110.0,86.479,20.601,1,usb,1,0.8513,576.0,337.3,0.8,-0.40543,640,480,254,3127,CRC/QPSK/OFDM,1,0,129,133,1064,532,12,44,960,192,48,"p1br,seq=00027,frame_b=00133,bits=01064,qpsk=00532,ofdm=012,pad_q=00044,gap=0,ok=1","cvtrk,seq=00027,det=1,conf=0.85,x=+0.800,y=-0.405,pan=090.8,tilt=094.0,target=110.0/086.5,err=20.6,st=seeking",Orin CSI camera solar tracker
2026-08-07T06:46:13.520305+00:00,1,,0,28,64,5256.464,280.77,1475.856,cv,0,,,55.088,1.376,0.1,charging,27.5442,50.0,seeking,95.623,91.577,110.0,84.169,16.174,1,usb,1,0.8489,576.55,336.11,0.80171,-0.40046,640,480,254,3102,CRC/QPSK/OFDM,1,0,129,133,1064,532,12,44,960,192,48,"p1br,seq=00028,frame_b=00133,bits=01064,qpsk=00532,ofdm=012,pad_q=00044,gap=0,ok=1","cvtrk,seq=00028,det=1,conf=0.85,x=+0.802,y=-0.400,pan=095.6,tilt=091.6,target=110.0/084.2,err=16.2,st=seeking",Orin CSI camera solar tracker
2026-08-07T06:46:13.780970+00:00,1,,0,29,54,5247.911,276.692,1452.055,cv,0,,,55.089,1.352,0.1,charging,27.5443,50.0,seeking,91.457,92.707,74.101,96.192,17.703,1,usb,1,0.9959,97.84,194.8,-0.69426,0.18834,640,480,254,9733,CRC/QPSK/OFDM,1,0,129,133,1064,532,12,44,960,192,48,"p1br,seq=00029,frame_b=00133,bits=01064,qpsk=00532,ofdm=012,pad_q=00044,gap=0,ok=1","cvtrk,seq=00029,det=1,conf=1.00,x=-0.694,y=+0.188,pan=091.5,tilt=092.7,target=074.1/096.2,err=17.7,st=seeking",Orin CSI camera solar tracker
2026-08-07T06:46:14.042239+00:00,1,,0,30,42,5250.117,277.742,1458.177,cv,0,,,55.089,1.358,0.1,charging,27.5444,50.0,seeking,86.816,94.053,70.0,98.204,17.321,1,usb,1,0.9959,72.48,186.16,-0.77349,0.22435,640,480,254,44789,CRC/QPSK/OFDM,1,0,129,133,1064,532,12,44,960,192,48,"p1br,seq=00030,frame_b=00133,bits=01064,qpsk=00532,ofdm=012,pad_q=00044,gap=0,ok=1","cvtrk,seq=00030,det=1,conf=1.00,x=-0.773,y=+0.224,pan=086.8,tilt=094.1,target=070.0/098.2,err=17.3,st=seeking",Orin CSI camera solar tracker
2026-08-07T06:46:14.300436+00:00,1,,0,31,31,5270.829,287.671,1516.264,cv,0,,,55.089,1.416,0.1,charging,27.5445,50.0,seeking,82.438,95.51,70.0,100.003,13.225,1,usb,1,0.9959,86.49,181.71,-0.72973,0.24286,640,480,254,49128,CRC/QPSK/OFDM,1,0,129,133,1064,532,12,44,960,192,48,"p1br,seq=00031,frame_b=00133,bits=01064,qpsk=00532,ofdm=012,pad_q=00044,gap=0,ok=1","cvtrk,seq=00031,det=1,conf=1.00,x=-0.730,y=+0.243,pan=082.4,tilt=095.5,target=070.0/100.0,err=13.2,st=seeking",Orin CSI camera solar tracker
2026-08-07T06:46:14.559965+00:00,1,,0,32,22,5283.887,294.001,1553.469,cv,0,,,55.089,1.453,0.1,charging,27.5446,50.0,seeking,78.921,96.841,70.0,100.942,9.819,1,usb,1,0.9959,132.44,186.79,-0.58612,0.22171,640,480,254,48237,CRC/QPSK/OFDM,1,0,129,133,1064,532,12,44,960,192,48,"p1br,seq=00032,frame_b=00133,bits=01064,qpsk=00532,ofdm=012,pad_q=00044,gap=0,ok=1","cvtrk,seq=00032,det=1,conf=1.00,x=-0.586,y=+0.222,pan=078.9,tilt=096.8,target=070.0/100.9,err=09.8,st=seeking",Orin CSI camera solar tracker
2026-08-07T06:46:14.818201+00:00,1,,0,33,16,5291.819,297.873,1576.289,cv,0,,,55.089,1.476,0.1,charging,27.5447,50.0,seeking,76.385,97.765,70.0,100.614,6.992,1,usb,1,1.0,184.76,203.04,-0.42262,0.15399,640,480,255,29059,CRC/QPSK/OFDM,1,0,129,133,1064,532,12,44,960,192,48,"p1br,seq=00033,frame_b=00133,bits=01064,qpsk=00532,ofdm=012,pad_q=00044,gap=0,ok=1","cvtrk,seq=00033,det=1,conf=1.00,x=-0.423,y=+0.154,pan=076.4,tilt=097.8,target=070.0/100.6,err=07.0,st=seeking",Orin CSI camera solar tracker
2026-08-07T06:46:15.079100+00:00,1,,0,34,12,5294.816,299.341,1584.954,cv,0,,,55.09,1.485,0.1,charging,27.5448,50.0,seeking,74.852,98.648,70.0,101.373,5.565,1,usb,1,1.0,238.22,204.65,-0.25556,0.14729,640,480,255,16166,CRC/QPSK/OFDM,1,0,129,133,1064,532,12,44,960,192,48,"p1br,seq=00034,frame_b=00133,bits=01064,qpsk=00532,ofdm=012,pad_q=00044,gap=0,ok=1","cvtrk,seq=00034,det=1,conf=1.00,x=-0.256,y=+0.147,pan=074.9,tilt=098.6,target=070.0/101.4,err=05.6,st=seeking",Orin CSI camera solar tracker
2026-08-07T06:46:15.337659+00:00,1,,0,35,12,5299.155,301.471,1597.544,cv,0,,,55.09,1.498,0.1,charging,27.5449,50.0,locked,74.781,99.37,74.485,101.596,2.245,1,usb,1,1.0,316.21,211.13,-0.01184,0.12031,640,480,255,13260,CRC/QPSK/OFDM,1,0,129,133,1064,532,12,44,960,192,48,"p1br,seq=00035,frame_b=00133,bits=01064,qpsk=00532,ofdm=012,pad_q=00044,gap=0,ok=1","cvtrk,seq=00035,det=1,conf=1.00,x=-0.012,y=+0.120,pan=074.8,tilt=099.4,target=074.5/101.6,err=02.2,st=locked",Orin CSI camera solar tracker
2026-08-07T06:46:15.595684+00:00,1,,0,36,13,5296.867,300.347,1590.9,cv,0,,,55.09,1.491,0.1,charging,27.545,50.0,locked,75.19,101.025,76.896,105.0,4.325,1,usb,1,0.9406,341.83,173.8,0.06822,0.27585,640,480,255,4000,CRC/QPSK/OFDM,1,0,129,133,1064,532,12,44,960,192,48,"p1br,seq=00036,frame_b=00133,bits=01064,qpsk=00532,ofdm=012,pad_q=00044,gap=0,ok=1","cvtrk,seq=00036,det=1,conf=0.94,x=+0.068,y=+0.276,pan=075.2,tilt=101.0,target=076.9/105.0,err=04.3,st=locked",Orin CSI camera solar tracker
2026-08-07T06:46:15.855065+00:00,1,,0,37,17,5291.36,297.648,1574.963,cv,0,,,55.09,1.475,0.1,charging,27.5451,50.0,seeking,76.825,101.77,83.633,104.068,7.186,1,usb,1,1.0,407.15,210.2,0.27236,0.12418,640,480,255,10216,CRC/QPSK/OFDM,1,0,129,133,1064,532,12,44,960,192,48,"p1br,seq=00037,frame_b=00133,bits=01064,qpsk=00532,ofdm=012,pad_q=00044,gap=0,ok=1","cvtrk,seq=00037,det=1,conf=1.00,x=+0.272,y=+0.124,pan=076.8,tilt=101.8,target=083.6/104.1,err=07.2,st=seeking",Orin CSI camera solar tracker
2026-08-07T06:46:16.114098+00:00,1,,0,38,23,5281.397,292.79,1546.338,cv,0,,,55.09,1.446,0.1,charging,27.5452,50.0,seeking,79.316,102.385,89.697,104.279,10.552,1,usb,1,1.0,452.88,215.43,0.41524,0.10239,640,480,255,12368,CRC/QPSK/OFDM,1,0,129,133,1064,532,12,44,960,192,48,"p1br,seq=00038,frame_b=00133,bits=01064,qpsk=00532,ofdm=012,pad_q=00044,gap=0,ok=1","cvtrk,seq=00038,det=1,conf=1.00,x=+0.415,y=+0.102,pan=079.3,tilt=102.4,target=089.7/104.3,err=10.6,st=seeking",Orin CSI camera solar tracker
2026-08-07T06:46:16.373852+00:00,1,,0,39,31,5269.121,286.847,1511.432,cv,0,,,55.091,1.411,0.1,charging,27.5453,50.0,seeking,82.566,102.822,96.107,104.17,13.608,1,usb,1,1.0,493.32,222.51,0.54164,0.07286,640,480,255,12967,CRC/QPSK/OFDM,1,0,129,133,1064,532,12,44,960,192,48,"p1br,seq=00039,frame_b=00133,bits=01064,qpsk=00532,ofdm=012,pad_q=00044,gap=0,ok=1","cvtrk,seq=00039,det=1,conf=1.00,x=+0.542,y=+0.073,pan=082.6,tilt=102.8,target=096.1/104.2,err=13.6,st=seeking",Orin CSI camera solar tracker
2026-08-07T06:46:16.628091+00:00,1,,0,40,41,5260.998,282.941,1488.551,cv,0,,,55.091,1.389,0.1,charging,27.5454,50.0,seeking,86.235,103.027,101.525,103.658,15.303,1,usb,1,1.0,515.71,231.81,0.6116,0.03412,640,480,255,16647,CRC/QPSK/OFDM,1,0,129,133,1064,532,12,44,960,192,48,"p1br,seq=00040,frame_b=00133,bits=01064,qpsk=00532,ofdm=012,pad_q=00044,gap=0,ok=1","cvtrk,seq=00040,det=1,conf=1.00,x=+0.612,y=+0.034,pan=086.2,tilt=103.0,target=101.5/103.7,err=15.3,st=seeking",Orin CSI camera solar tracker
2026-08-07T06:46:16.889800+00:00,1,,0,41,51,5251.322,278.316,1461.525,cv,0,,,55.091,1.362,0.1,charging,27.5455,50.0,seeking,90.341,103.12,107.447,103.41,17.109,1,usb,1,1.0,538.96,236.25,0.68426,0.01563,640,480,255,21268,CRC/QPSK/OFDM,1,0,129,133,1064,532,12,44,960,192,48,"p1br,seq=00041,frame_b=00133,bits=01064,qpsk=00532,ofdm=012,pad_q=00044,gap=0,ok=1","cvtrk,seq=00041,det=1,conf=1.00,x=+0.684,y=+0.016,pan=090.3,tilt=103.1,target=107.4/103.4,err=17.1,st=seeking",Orin CSI camera solar tracker
2026-08-07T06:46:17.150028+00:00,1,,0,42,60,5258.094,281.55,1480.415,cv,0,,,55.091,1.38,0.1,charging,27.5455,50.0,seeking,94.154,104.21,110.0,105.0,15.866,1,usb,1,1.0,523.35,196.41,0.63546,0.18164,640,480,255,9318,CRC/QPSK/OFDM,1,0,129,133,1064,532,12,44,960,192,48,"p1br,seq=00042,frame_b=00133,bits=01064,qpsk=00532,ofdm=012,pad_q=00044,gap=0,ok=1","cvtrk,seq=00042,det=1,conf=1.00,x=+0.635,y=+0.182,pan=094.2,tilt=104.2,target=110.0/105.0,err=15.9,st=seeking",Orin CSI camera solar tracker
2026-08-07T06:46:17.409570+00:00,1,,0,43,72,5278.706,291.483,1538.653,cv,0,,,55.091,1.439,0.1,charging,27.5456,50.0,seeking,98.708,105.0,110.0,105.0,11.292,1,usb,1,1.0,562.89,178.64,0.75903,0.25567,640,480,255,4845,CRC/QPSK/OFDM,1,0,129,133,1064,532,12,44,960,192,48,"p1br,seq=00043,frame_b=00133,bits=01064,qpsk=00532,ofdm=012,pad_q=00044,gap=0,ok=1","cvtrk,seq=00043,det=1,conf=1.00,x=+0.759,y=+0.256,pan=098.7,tilt=105.0,target=110.0/105.0,err=11.3,st=seeking",Orin CSI camera solar tracker
2026-08-07T06:46:17.669143+00:00,1,,0,44,84,5292.784,298.345,1579.078,cv,0,,,55.091,1.479,0.1,charging,27.5457,50.0,seeking,103.434,104.979,110.0,104.916,6.566,1,usb,1,1.0,572.06,240.82,0.7877,-0.00342,640,480,255,24548,CRC/QPSK/OFDM,1,0,129,133,1064,532,12,44,960,192,48,"p1br,seq=00044,frame_b=00133,bits=01064,qpsk=00532,ofdm=012,pad_q=00044,gap=0,ok=1","cvtrk,seq=00044,det=1,conf=1.00,x=+0.788,y=-0.003,pan=103.4,tilt=105.0,target=110.0/104.9,err=06.6,st=seeking",Orin CSI camera solar tracker
2026-08-07T06:46:17.928514+00:00,1,,0,45,95,5299.355,301.57,1598.124,cv,0,,,55.092,1.498,0.1,charging,27.5458,50.0,locked,108.07,104.865,110.0,104.511,1.962,1,usb,1,1.0,567.23,244.59,0.77261,-0.01912,640,480,255,26890,CRC/QPSK/OFDM,1,0,129,133,1064,532,12,44,960,192,48,"p1br,seq=00045,frame_b=00133,bits=01064,qpsk=00532,ofdm=012,pad_q=00044,gap=0,ok=1","cvtrk,seq=00045,det=1,conf=1.00,x=+0.773,y=-0.019,pan=108.1,tilt=104.9,target=110.0/104.5,err=02.0,st=locked",Orin CSI camera solar tracker
2026-08-07T06:46:18.191305+00:00,1,,0,46,100,5299.83,301.803,1599.506,cv,0,,,55.092,1.5,0.1,charging,27.546,50.0,locked,110.0,104.538,110.0,103.532,1.006,1,usb,1,1.0,565.94,253.06,0.76858,-0.0544,640,480,255,27663,CRC/QPSK/OFDM,1,0,129,133,1064,532,12,44,960,192,48,"p1br,seq=00046,frame_b=00133,bits=01064,qpsk=00532,ofdm=012,pad_q=00044,gap=0,ok=1","cvtrk,seq=00046,det=1,conf=1.00,x=+0.769,y=-0.054,pan=110.0,tilt=104.5,target=110.0/103.5,err=01.0,st=locked",Orin CSI camera solar tracker
2026-08-07T06:46:18.451794+00:00,1,,0,47,100,5299.997,301.885,1599.991,cv,0,,,55.092,1.5,0.1,charging,27.5461,50.0,locked,110.0,104.582,110.0,104.717,0.135,1,usb,1,1.0,548.85,238.25,0.71515,0.00731,640,480,255,24769,CRC/QPSK/OFDM,1,0,129,133,1064,532,12,44,960,192,48,"p1br,seq=00047,frame_b=00133,bits=01064,qpsk=00532,ofdm=012,pad_q=00044,gap=0,ok=1","cvtrk,seq=00047,det=1,conf=1.00,x=+0.715,y=+0.007,pan=110.0,tilt=104.6,target=110.0/104.7,err=00.1,st=locked",Orin CSI camera solar tracker
2026-08-07T06:46:18.711033+00:00,1,,0,48,100,5300.0,301.887,1600.0,cv,0,,,55.092,1.5,0.1,charging,27.5462,50.0,locked,110.0,105.0,110.0,105.0,0.0,1,usb,1,1.0,488.98,204.74,0.52806,0.14693,640,480,255,17121,CRC/QPSK/OFDM,1,0,129,133,1064,532,12,44,960,192,48,"p1br,seq=00048,frame_b=00133,bits=01064,qpsk=00532,ofdm=012,pad_q=00044,gap=0,ok=1","cvtrk,seq=00048,det=1,conf=1.00,x=+0.528,y=+0.147,pan=110.0,tilt=105.0,target=110.0/105.0,err=00.0,st=locked",Orin CSI camera solar tracker
2026-08-07T06:46:18.966791+00:00,1,,0,49,100,5300.0,301.887,1600.0,cv,0,,,55.093,1.5,0.1,charging,27.5463,50.0,locked,110.0,105.0,110.0,105.0,0.0,1,usb,1,1.0,437.17,178.16,0.36615,0.25766,640,480,255,11631,CRC/QPSK/OFDM,1,0,129,133,1064,532,12,44,960,192,48,"p1br,seq=00049,frame_b=00133,bits=01064,qpsk=00532,ofdm=012,pad_q=00044,gap=0,ok=1","cvtrk,seq=00049,det=1,conf=1.00,x=+0.366,y=+0.258,pan=110.0,tilt=105.0,target=110.0/105.0,err=00.0,st=locked",Orin CSI camera solar tracker
2026-08-07T06:46:19.231002+00:00,1,,0,50,100,5300.0,301.887,1600.0,cv,0,,,55.093,1.5,0.1,charging,27.5464,50.0,locked,110.0,105.0,110.0,105.0,0.0,1,usb,1,1.0,360.02,171.45,0.12505,0.28561,640,480,255,11794,CRC/QPSK/OFDM,1,0,129,133,1064,532,12,44,960,192,48,"p1br,seq=00050,frame_b=00133,bits=01064,qpsk=00532,ofdm=012,pad_q=00044,gap=0,ok=1","cvtrk,seq=00050,det=1,conf=1.00,x=+0.125,y=+0.286,pan=110.0,tilt=105.0,target=110.0/105.0,err=00.0,st=locked",Orin CSI camera solar tracker
2026-08-07T06:46:19.487167+00:00,1,,0,51,99,5299.638,301.709,1598.948,cv,0,,,55.093,1.499,0.1,charging,27.5465,50.0,locked,109.647,105.0,108.178,105.0,1.469,1,usb,1,1.0,301.19,162.5,-0.05878,0.32294,640,480,255,13378,CRC/QPSK/OFDM,1,0,129,133,1064,532,12,44,960,192,48,"p1br,seq=00051,frame_b=00133,bits=01064,qpsk=00532,ofdm=012,pad_q=00044,gap=0,ok=1","cvtrk,seq=00051,det=1,conf=1.00,x=-0.059,y=+0.323,pan=109.6,tilt=105.0,target=108.2/105.0,err=01.5,st=locked",Orin CSI camera solar tracker
2026-08-07T06:46:19.748062+00:00,1,,0,52,96,5296.322,300.079,1589.317,cv,0,,,55.093,1.489,0.1,charging,27.5466,50.0,locked,108.522,105.0,103.836,105.0,4.687,1,usb,1,1.0,260.01,147.2,-0.18748,0.38665,640,480,255,11999,CRC/QPSK/OFDM,1,0,129,133,1064,532,12,44,960,192,48,"p1br,seq=00052,frame_b=00133,bits=01064,qpsk=00532,ofdm=012,pad_q=00044,gap=0,ok=1","cvtrk,seq=00052,det=1,conf=1.00,x=-0.187,y=+0.387,pan=108.5,tilt=105.0,target=103.8/105.0,err=04.7,st=locked",Orin CSI camera solar tracker
2026-08-07T06:46:20.007884+00:00,1,,0,53,92,5290.651,297.301,1572.918,cv,0,,,55.093,1.473,0.1,charging,27.5467,50.0,seeking,106.728,105.0,99.253,105.0,7.475,1,usb,1,1.0,224.31,140.83,-0.29902,0.41319,640,480,255,12023,CRC/QPSK/OFDM,1,0,129,133,1064,532,12,44,960,192,48,"p1br,seq=00053,frame_b=00133,bits=01064,qpsk=00532,ofdm=012,pad_q=00044,gap=0,ok=1","cvtrk,seq=00053,det=1,conf=1.00,x=-0.299,y=+0.413,pan=106.7,tilt=105.0,target=099.3/105.0,err=07.5,st=seeking",Orin CSI camera solar tracker
2026-08-07T06:46:20.266755+00:00,1,,0,54,84,5274.666,289.525,1527.149,cv,0,,,55.094,1.427,0.1,charging,27.5468,50.0,seeking,103.771,105.0,91.451,105.0,12.321,1,usb,1,0.9399,162.3,100.22,-0.49282,0.58241,640,480,255,3993,CRC/QPSK/OFDM,1,0,129,133,1064,532,12,44,960,192,48,"p1br,seq=00054,frame_b=00133,bits=01064,qpsk=00532,ofdm=012,pad_q=00044,gap=0,ok=1","cvtrk,seq=00054,det=1,conf=0.94,x=-0.493,y=+0.582,pan=103.8,tilt=105.0,target=091.5/105.0,err=12.3,st=seeking",Orin CSI camera solar tracker
2026-08-07T06:46:20.525142+00:00,1,,0,55,75,5262.595,283.707,1493.036,cv,0,,,55.094,1.393,0.1,charging,27.5469,50.0,seeking,100.175,105.0,85.191,105.0,14.985,1,usb,1,1.0,128.2,123.41,-0.59938,0.48578,640,480,255,18222,CRC/QPSK/OFDM,1,0,129,133,1064,532,12,44,960,192,48,"p1br,seq=00055,frame_b=00133,bits=01064,qpsk=00532,ofdm=012,pad_q=00044,gap=0,ok=1","cvtrk,seq=00055,det=1,conf=1.00,x=-0.599,y=+0.486,pan=100.2,tilt=105.0,target=085.2/105.0,err=15.0,st=seeking",Orin CSI camera solar tracker
2026-08-07T06:46:20.784033+00:00,1,,0,56,62,5222.719,264.82,1383.08,cv,0,,,55.094,1.283,0.1,charging,27.5469,50.0,seeking,94.99,105.0,73.385,105.0,21.605,1,usb,1,0.8554,43.46,56.14,-0.8642,0.76609,640,480,255,3127,CRC/QPSK/OFDM,1,0,129,133,1064,532,12,44,960,192,48,"p1br,seq=00056,frame_b=00133,bits=01064,qpsk=00532,ofdm=012,pad_q=00044,gap=0,ok=1","cvtrk,seq=00056,det=1,conf=0.86,x=-0.864,y=+0.766,pan=095.0,tilt=105.0,target=073.4/105.0,err=21.6,st=seeking",Orin CSI camera solar tracker
2026-08-07T06:46:21.041772+00:00,1,,0,57,51,5235.747,270.934,1418.54,cv,0,,,55.094,1.319,0.1,charging,27.547,50.0,seeking,90.267,105.0,70.587,105.0,19.68,1,usb,1,0.9959,68.1,113.92,-0.7872,0.52532,640,480,254,26414,CRC/QPSK/OFDM,1,0,129,133,1064,532,12,44,960,192,48,"p1br,seq=00057,frame_b=00133,bits=01064,qpsk=00532,ofdm=012,pad_q=00044,gap=0,ok=1","cvtrk,seq=00057,det=1,conf=1.00,x=-0.787,y=+0.525,pan=090.3,tilt=105.0,target=070.6/105.0,err=19.7,st=seeking",Orin CSI camera solar tracker
2026-08-07T06:46:21.299647+00:00,1,,0,58,38,5261.136,283.007,1488.938,cv,0,,,55.094,1.389,0.1,charging,27.5471,50.0,seeking,85.276,105.0,70.0,105.0,15.276,1,usb,1,0.9959,53.82,122.66,-0.83182,0.48892,640,480,254,22827,CRC/QPSK/OFDM,1,0,129,133,1064,532,12,44,960,192,48,"p1br,seq=00058,frame_b=00133,bits=01064,qpsk=00532,ofdm=012,pad_q=00044,gap=0,ok=1","cvtrk,seq=00058,det=1,conf=1.00,x=-0.832,y=+0.489,pan=085.3,tilt=105.0,target=070.0/105.0,err=15.3,st=seeking",Orin CSI camera solar tracker
2026-08-07T06:46:21.560235+00:00,1,,0,59,25,5282.624,293.387,1549.852,cv,0,,,55.094,1.45,0.1,charging,27.5472,50.0,seeking,80.197,105.0,70.0,105.0,10.197,1,usb,1,0.9919,49.15,130.0,-0.84641,0.45835,640,480,253,21067,CRC/QPSK/OFDM,1,0,129,133,1064,532,12,44,960,192,48,"p1br,seq=00059,frame_b=00133,bits=01064,qpsk=00532,ofdm=012,pad_q=00044,gap=0,ok=1","cvtrk,seq=00059,det=1,conf=0.99,x=-0.846,y=+0.458,pan=080.2,tilt=105.0,target=070.0/105.0,err=10.2,st=seeking",Orin CSI camera solar tracker
2026-08-07T06:46:21.818030+00:00,1,,0,60,16,5293.546,298.718,1581.28,cv,0,,,55.095,1.481,0.1,charging,27.5473,50.0,seeking,76.21,105.0,70.0,105.0,6.21,1,usb,1,0.9959,107.33,149.21,-0.6646,0.37828,640,480,254,15215,CRC/QPSK/OFDM,1,0,129,133,1064,532,12,44,960,192,48,"p1br,seq=00060,frame_b=00133,bits=01064,qpsk=00532,ofdm=012,pad_q=00044,gap=0,ok=1","cvtrk,seq=00060,det=1,conf=1.00,x=-0.665,y=+0.378,pan=076.2,tilt=105.0,target=070.0/105.0,err=06.2,st=seeking",Orin CSI camera solar tracker
2026-08-07T06:46:22.075769+00:00,1,,0,61,19,5276.575,290.45,1532.579,cv,0,,,55.095,1.433,0.1,charging,27.5474,50.0,seeking,77.418,101.523,82.454,90.801,11.846,1,usb,1,1.0,384.46,379.09,0.20144,-0.57956,640,480,255,22210,CRC/QPSK/OFDM,1,0,129,133,1064,532,12,44,960,192,48,"p1br,seq=00061,frame_b=00133,bits=01064,qpsk=00532,ofdm=012,pad_q=00044,gap=0,ok=1","cvtrk,seq=00061,det=1,conf=1.00,x=+0.201,y=-0.580,pan=077.4,tilt=101.5,target=082.5/090.8,err=11.8,st=seeking",Orin CSI camera solar tracker
2026-08-07T06:46:22.334017+00:00,1,,0,62,30,5220.267,263.675,1376.455,cv,0,,,55.095,1.276,0.1,charging,27.5475,50.0,seeking,81.934,97.857,100.75,86.555,21.949,1,usb,1,0.8489,560.84,386.63,0.75262,-0.61094,640,480,254,3102,CRC/QPSK/OFDM,1,0,129,133,1064,532,12,44,960,192,48,"p1br,seq=00062,frame_b=00133,bits=01064,qpsk=00532,ofdm=012,pad_q=00044,gap=0,ok=1","cvtrk,seq=00062,det=1,conf=0.85,x=+0.753,y=-0.611,pan=081.9,tilt=097.9,target=100.7/086.6,err=21.9,st=seeking",Orin CSI camera solar tracker
2026-08-07T06:46:22.593891+00:00,1,,0,63,43,5214.096,260.804,1359.855,cv,0,,,55.095,1.26,0.1,charging,27.5476,50.0,seeking,87.275,96.26,109.531,91.338,22.794,1,usb,1,0.8507,604.87,303.86,0.89023,-0.2661,640,480,254,3121,CRC/QPSK/OFDM,1,0,129,133,1064,532,12,44,960,192,48,"p1br,seq=00063,frame_b=00133,bits=01064,qpsk=00532,ofdm=012,pad_q=00044,gap=0,ok=1","cvtrk,seq=00063,det=1,conf=0.85,x=+0.890,y=-0.266,pan=087.3,tilt=096.3,target=109.5/091.3,err=22.8,st=seeking",Orin CSI camera solar tracker
2026-08-07T06:46:22.852032+00:00,1,,0,64,57,5244.774,275.203,1443.375,cv,0,,,55.095,1.343,0.1,charging,27.5477,50.0,seeking,92.723,94.372,110.0,88.548,18.233,1,usb,1,0.8512,610.51,315.55,0.90785,-0.31479,640,480,254,3126,CRC/QPSK/OFDM,1,0,129,133,1064,532,12,44,960,192,48,"p1br,seq=00064,frame_b=00133,bits=01064,qpsk=00532,ofdm=012,pad_q=00044,gap=0,ok=1","cvtrk,seq=00064,det=1,conf=0.85,x=+0.908,y=-0.315,pan=092.7,tilt=094.4,target=110.0/088.5,err=18.2,st=seeking",Orin CSI camera solar tracker
2026-08-07T06:46:23.111453+00:00,1,,0,65,71,5270.812,287.663,1516.216,cv,0,,,55.096,1.416,0.1,charging,27.5478,50.0,seeking,98.216,92.422,110.0,86.411,13.228,1,usb,1,0.8484,612.99,317.98,0.91561,-0.32493,640,480,254,3097,CRC/QPSK/OFDM,1,0,129,133,1064,532,12,44,960,192,48,"p1br,seq=00065,frame_b=00133,bits=01064,qpsk=00532,ofdm=012,pad_q=00044,gap=0,ok=1","cvtrk,seq=00065,det=1,conf=0.85,x=+0.916,y=-0.325,pan=098.2,tilt=092.4,target=110.0/086.4,err=13.2,st=seeking",Orin CSI camera solar tracker
2026-08-07T06:46:23.368276+00:00,1,,0,66,84,5286.977,295.507,1562.339,cv,0,,,55.096,1.462,0.1,charging,27.5479,50.0,seeking,103.711,90.414,110.0,84.223,8.825,1,usb,1,0.8459,613.06,320.32,0.91581,-0.33467,640,480,254,3072,CRC/QPSK/OFDM,1,0,129,133,1064,532,12,44,960,192,48,"p1br,seq=00066,frame_b=00133,bits=01064,qpsk=00532,ofdm=012,pad_q=00044,gap=0,ok=1","cvtrk,seq=00066,det=1,conf=0.85,x=+0.916,y=-0.335,pan=103.7,tilt=090.4,target=110.0/084.2,err=08.8,st=seeking",Orin CSI camera solar tracker
2026-08-07T06:46:23.629308+00:00,1,,0,67,98,5294.332,299.104,1583.554,cv,0,,,55.096,1.484,0.1,charging,27.548,50.0,seeking,109.161,88.547,110.0,82.789,5.819,1,usb,1,0.8483,610.65,314.7,0.90828,-0.31124,640,480,254,3096,CRC/QPSK/OFDM,1,0,129,133,1064,532,12,44,960,192,48,"p1br,seq=00067,frame_b=00133,bits=01064,qpsk=00532,ofdm=012,pad_q=00044,gap=0,ok=1","cvtrk,seq=00067,det=1,conf=0.85,x=+0.908,y=-0.311,pan=109.2,tilt=088.5,target=110.0/082.8,err=05.8,st=seeking",Orin CSI camera solar tracker
2026-08-07T06:46:23.885798+00:00,1,,0,68,100,5294.673,299.271,1584.541,cv,0,,,55.096,1.485,0.1,charging,27.5481,50.0,seeking,110.0,86.717,110.0,81.076,5.641,1,usb,1,0.8767,598.71,313.18,0.87096,-0.30492,640,480,254,3387,CRC/QPSK/OFDM,1,0,129,133,1064,532,12,44,960,192,48,"p1br,seq=00068,frame_b=00133,bits=01064,qpsk=00532,ofdm=012,pad_q=00044,gap=0,ok=1","cvtrk,seq=00068,det=1,conf=0.88,x=+0.871,y=-0.305,pan=110.0,tilt=086.7,target=110.0/081.1,err=05.6,st=seeking",Orin CSI camera solar tracker
2026-08-07T06:46:24.143968+00:00,1,,0,69,100,5287.62,295.821,1564.188,cv,0,,,55.096,1.464,0.1,charging,27.5482,50.0,seeking,110.0,83.927,110.0,75.322,8.604,1,usb,1,0.8587,572.26,351.62,0.78832,-0.46509,640,480,254,3203,CRC/QPSK/OFDM,1,0,129,133,1064,532,12,44,960,192,48,"p1br,seq=00069,frame_b=00133,bits=01064,qpsk=00532,ofdm=012,pad_q=00044,gap=0,ok=1","cvtrk,seq=00069,det=1,conf=0.86,x=+0.788,y=-0.465,pan=110.0,tilt=083.9,target=110.0/075.3,err=08.6,st=seeking",Orin CSI camera solar tracker
2026-08-07T06:46:24.403997+00:00,1,,0,70,100,5294.244,299.06,1583.298,cv,0,,,55.097,1.483,0.1,charging,27.5483,50.0,seeking,110.0,80.864,110.0,75.0,5.864,1,usb,1,0.8491,557.48,362.49,0.74213,-0.51039,640,480,254,3105,CRC/QPSK/OFDM,1,0,129,133,1064,532,12,44,960,192,48,"p1br,seq=00070,frame_b=00133,bits=01064,qpsk=00532,ofdm=012,pad_q=00044,gap=0,ok=1","cvtrk,seq=00070,det=1,conf=0.85,x=+0.742,y=-0.510,pan=110.0,tilt=080.9,target=110.0/075.0,err=05.9,st=seeking",Orin CSI camera solar tracker
2026-08-07T06:46:24.664109+00:00,1,,0,71,100,5297.544,300.68,1592.863,cv,0,,,55.097,1.493,0.1,charging,27.5484,50.0,locked,110.0,78.83,110.0,75.0,3.83,1,usb,1,0.8953,548.34,321.39,0.71357,-0.33911,640,480,254,3578,CRC/QPSK/OFDM,1,0,129,133,1064,532,12,44,960,192,48,"p1br,seq=00071,frame_b=00133,bits=01064,qpsk=00532,ofdm=012,pad_q=00044,gap=0,ok=1","cvtrk,seq=00071,det=1,conf=0.90,x=+0.714,y=-0.339,pan=110.0,tilt=078.8,target=110.0/075.0,err=03.8,st=locked",Orin CSI camera solar tracker
2026-08-07T06:46:25.035775+00:00,1,,0,72,100,5299.508,301.645,1598.568,cv,0,,,55.097,1.499,0.1,charging,27.5485,50.0,locked,110.0,76.714,110.0,75.0,1.714,1,usb,1,0.9704,535.18,324.62,0.67244,-0.35257,640,480,254,4347,CRC/QPSK/OFDM,1,0,129,133,1064,532,12,44,960,192,48,"p1br,seq=00072,frame_b=00133,bits=01064,qpsk=00532,ofdm=012,pad_q=00044,gap=0,ok=1","cvtrk,seq=00072,det=1,conf=0.97,x=+0.672,y=-0.353,pan=110.0,tilt=076.7,target=110.0/075.0,err=01.7,st=locked",Orin CSI camera solar tracker
2026-08-07T06:46:25.234944+00:00,1,,0,73,100,5300.0,301.887,1600.0,cv,0,,,55.097,1.5,0.1,charging,27.5486,50.0,locked,110.0,75.0,110.0,75.0,0.0,1,usb,1,0.9959,520.48,356.31,0.62651,-0.48461,640,480,254,4791,CRC/QPSK/OFDM,1,0,129,133,1064,532,12,44,960,192,48,"p1br,seq=00073,frame_b=00133,bits=01064,qpsk=00532,ofdm=012,pad_q=00044,gap=0,ok=1","cvtrk,seq=00073,det=1,conf=1.00,x=+0.627,y=-0.485,pan=110.0,tilt=075.0,target=110.0/075.0,err=00.0,st=locked",Orin CSI camera solar tracker
2026-08-07T06:46:25.439842+00:00,1,,0,74,100,5300.0,301.887,1600.0,cv,0,,,55.097,1.5,0.1,charging,27.5487,50.0,locked,110.0,75.0,110.0,75.0,0.0,1,usb,1,0.9959,511.45,339.54,0.59827,-0.41476,640,480,254,4951,CRC/QPSK/OFDM,1,0,129,133,1064,532,12,44,960,192,48,"p1br,seq=00074,frame_b=00133,bits=01064,qpsk=00532,ofdm=012,pad_q=00044,gap=0,ok=1","cvtrk,seq=00074,det=1,conf=1.00,x=+0.598,y=-0.415,pan=110.0,tilt=075.0,target=110.0/075.0,err=00.0,st=locked",Orin CSI camera solar tracker
2026-08-07T06:46:25.700092+00:00,1,,0,75,100,5300.0,301.887,1600.0,cv,0,,,55.098,1.5,0.1,charging,27.5488,50.0,locked,110.0,75.0,110.0,75.0,0.0,1,usb,1,0.9313,515.83,330.37,0.61196,-0.37654,640,480,254,3946,CRC/QPSK/OFDM,1,0,129,133,1064,532,12,44,960,192,48,"p1br,seq=00075,frame_b=00133,bits=01064,qpsk=00532,ofdm=012,pad_q=00044,gap=0,ok=1","cvtrk,seq=00075,det=1,conf=0.93,x=+0.612,y=-0.377,pan=110.0,tilt=075.0,target=110.0/075.0,err=00.0,st=locked",Orin CSI camera solar tracker
2026-08-07T06:46:25.983804+00:00,1,,0,76,100,5300.0,301.887,1600.0,cv,0,,,55.098,1.5,0.1,charging,27.5489,50.0,locked,110.0,75.0,110.0,75.0,0.0,1,usb,1,0.8997,527.49,332.5,0.6484,-0.38543,640,480,254,3623,CRC/QPSK/OFDM,1,0,129,133,1064,532,12,44,960,192,48,"p1br,seq=00076,frame_b=00133,bits=01064,qpsk=00532,ofdm=012,pad_q=00044,gap=0,ok=1","cvtrk,seq=00076,det=1,conf=0.90,x=+0.648,y=-0.385,pan=110.0,tilt=075.0,target=110.0/075.0,err=00.0,st=locked",Orin CSI camera solar tracker
2026-08-07T06:46:26.316666+00:00,1,,0,77,100,5300.0,301.887,1600.0,cv,0,,,55.098,1.5,0.1,charging,27.5491,50.0,locked,110.0,75.0,110.0,75.0,0.0,1,usb,1,0.8653,550.7,339.54,0.72095,-0.41476,640,480,254,3270,CRC/QPSK/OFDM,1,0,129,133,1064,532,12,44,960,192,48,"p1br,seq=00077,frame_b=00133,bits=01064,qpsk=00532,ofdm=012,pad_q=00044,gap=0,ok=1","cvtrk,seq=00077,det=1,conf=0.87,x=+0.721,y=-0.415,pan=110.0,tilt=075.0,target=110.0/075.0,err=00.0,st=locked",Orin CSI camera solar tracker
2026-08-07T06:46:26.475647+00:00,1,,0,78,100,5300.0,301.887,1600.0,cv,0,,,55.098,1.5,0.1,charging,27.5491,50.0,locked,110.0,75.0,110.0,75.0,0.0,1,usb,1,0.8475,586.77,325.25,0.83366,-0.35519,640,480,254,3088,CRC/QPSK/OFDM,1,0,129,133,1064,532,12,44,960,192,48,"p1br,seq=00078,frame_b=00133,bits=01064,qpsk=00532,ofdm=012,pad_q=00044,gap=0,ok=1","cvtrk,seq=00078,det=1,conf=0.85,x=+0.834,y=-0.355,pan=110.0,tilt=075.0,target=110.0/075.0,err=00.0,st=locked",Orin CSI camera solar tracker
2026-08-07T06:46:26.734135+00:00,1,,0,79,100,5300.0,301.887,1600.0,cv,0,,,55.098,1.5,0.1,charging,27.5492,50.0,locked,110.0,75.0,110.0,75.0,0.0,1,usb,1,0.8477,589.61,313.39,0.84253,-0.30581,640,480,254,3090,CRC/QPSK/OFDM,1,0,129,133,1064,532,12,44,960,192,48,"p1br,seq=00079,frame_b=00133,bits=01064,qpsk=00532,ofdm=012,pad_q=00044,gap=0,ok=1","cvtrk,seq=00079,det=1,conf=0.85,x=+0.843,y=-0.306,pan=110.0,tilt=075.0,target=110.0/075.0,err=00.0,st=locked",Orin CSI camera solar tracker
2026-08-07T08:19:57.425224+00:00,1,,0,0,76,5284.253,294.179,1554.518,cv,0,,,55.102,1.455,0.1,charging,27.5511,50.0,seeking,100.293,90.0,110.0,90.0,9.707,0,usb,1,0.9969,594.49,248.25,0.85779,-0.03437,640,480,254,6154,CRC/QPSK/OFDM,1,1,129,133,1064,532,12,44,960,192,48,"p1br,seq=00000,frame_b=00133,bits=01064,qpsk=00532,ofdm=012,pad_q=00044,gap=1,ok=1","cvtrk,seq=00000,det=1,conf=1.00,x=+0.858,y=-0.034,pan=100.3,tilt=090.0,target=110.0/090.0,err=09.7,st=seeking",Orin USB camera pan-only tracker
2026-08-07T08:19:57.717355+00:00,1,,0,1,100,5300.0,301.887,1600.0,cv,0,,,55.103,1.5,0.1,charging,27.5513,50.0,locked,110.0,90.0,110.0,90.0,0.0,0,usb,1,0.9969,594.85,250.33,0.85891,-0.04306,640,480,254,6175,CRC/QPSK/OFDM,1,0,129,133,1064,532,12,44,960,192,48,"p1br,seq=00001,frame_b=00133,bits=01064,qpsk=00532,ofdm=012,pad_q=00044,gap=0,ok=1","cvtrk,seq=00001,det=1,conf=1.00,x=+0.859,y=-0.043,pan=110.0,tilt=090.0,target=110.0/090.0,err=00.0,st=locked",Orin USB camera pan-only tracker
2026-08-07T08:19:57.984524+00:00,1,,0,2,100,5300.0,301.887,1600.0,cv,0,,,55.103,1.5,0.1,charging,27.5514,50.0,locked,110.0,90.0,110.0,90.0,0.0,0,usb,1,0.9969,595.65,248.8,0.8614,-0.03666,640,480,254,6185,CRC/QPSK/OFDM,1,0,129,133,1064,532,12,44,960,192,48,"p1br,seq=00002,frame_b=00133,bits=01064,qpsk=00532,ofdm=012,pad_q=00044,gap=0,ok=1","cvtrk,seq=00002,det=1,conf=1.00,x=+0.861,y=-0.037,pan=110.0,tilt=090.0,target=110.0/090.0,err=00.0,st=locked",Orin USB camera pan-only tracker
2026-08-07T08:19:58.242729+00:00,1,,0,3,100,5300.0,301.887,1600.0,cv,0,,,55.103,1.5,0.1,charging,27.5515,50.0,locked,110.0,90.0,110.0,90.0,0.0,0,usb,1,0.9969,597.07,249.16,0.86586,-0.03815,640,480,254,6149,CRC/QPSK/OFDM,1,0,129,133,1064,532,12,44,960,192,48,"p1br,seq=00003,frame_b=00133,bits=01064,qpsk=00532,ofdm=012,pad_q=00044,gap=0,ok=1","cvtrk,seq=00003,det=1,conf=1.00,x=+0.866,y=-0.038,pan=110.0,tilt=090.0,target=110.0/090.0,err=00.0,st=locked",Orin USB camera pan-only tracker
2026-08-07T08:19:58.500872+00:00,1,,0,4,100,5300.0,301.887,1600.0,cv,0,,,55.103,1.5,0.1,charging,27.5516,50.0,locked,110.0,90.0,110.0,90.0,0.0,0,usb,1,0.9969,597.43,249.32,0.86698,-0.03883,640,480,254,6185,CRC/QPSK/OFDM,1,0,129,133,1064,532,12,44,960,192,48,"p1br,seq=00004,frame_b=00133,bits=01064,qpsk=00532,ofdm=012,pad_q=00044,gap=0,ok=1","cvtrk,seq=00004,det=1,conf=1.00,x=+0.867,y=-0.039,pan=110.0,tilt=090.0,target=110.0/090.0,err=00.0,st=locked",Orin USB camera pan-only tracker
2026-08-07T08:19:58.757920+00:00,1,,0,5,100,5300.0,301.887,1600.0,cv,0,,,55.103,1.5,0.1,charging,27.5517,50.0,locked,110.0,90.0,110.0,90.0,0.0,0,usb,1,0.9969,597.17,247.03,0.86616,-0.02931,640,480,254,6144,CRC/QPSK/OFDM,1,0,129,133,1064,532,12,44,960,192,48,"p1br,seq=00005,frame_b=00133,bits=01064,qpsk=00532,ofdm=012,pad_q=00044,gap=0,ok=1","cvtrk,seq=00005,det=1,conf=1.00,x=+0.866,y=-0.029,pan=110.0,tilt=090.0,target=110.0/090.0,err=00.0,st=locked",Orin USB camera pan-only tracker
2026-08-07T08:19:59.015755+00:00,1,,0,6,100,5300.0,301.887,1600.0,cv,0,,,55.104,1.5,0.1,charging,27.5518,50.0,locked,110.0,90.0,110.0,90.0,0.0,0,usb,1,0.9969,597.29,245.68,0.86653,-0.02366,640,480,254,6146,CRC/QPSK/OFDM,1,0,129,133,1064,532,12,44,960,192,48,"p1br,seq=00006,frame_b=00133,bits=01064,qpsk=00532,ofdm=012,pad_q=00044,gap=0,ok=1","cvtrk,seq=00006,det=1,conf=1.00,x=+0.867,y=-0.024,pan=110.0,tilt=090.0,target=110.0/090.0,err=00.0,st=locked",Orin USB camera pan-only tracker
2026-08-07T08:19:59.272477+00:00,1,,0,7,100,5300.0,301.887,1600.0,cv,0,,,55.104,1.5,0.1,charging,27.5519,50.0,locked,110.0,90.0,110.0,90.0,0.0,0,usb,1,0.9969,597.65,246.06,0.86765,-0.02524,640,480,254,6181,CRC/QPSK/OFDM,1,0,129,133,1064,532,12,44,960,192,48,"p1br,seq=00007,frame_b=00133,bits=01064,qpsk=00532,ofdm=012,pad_q=00044,gap=0,ok=1","cvtrk,seq=00007,det=1,conf=1.00,x=+0.868,y=-0.025,pan=110.0,tilt=090.0,target=110.0/090.0,err=00.0,st=locked",Orin USB camera pan-only tracker
2026-08-07T08:19:59.530013+00:00,1,,0,8,100,5300.0,301.887,1600.0,cv,0,,,55.104,1.5,0.1,charging,27.552,50.0,locked,110.0,90.0,110.0,90.0,0.0,0,usb,1,0.9969,598.42,245.99,0.87006,-0.02494,640,480,254,6170,CRC/QPSK/OFDM,1,0,129,133,1064,532,12,44,960,192,48,"p1br,seq=00008,frame_b=00133,bits=01064,qpsk=00532,ofdm=012,pad_q=00044,gap=0,ok=1","cvtrk,seq=00008,det=1,conf=1.00,x=+0.870,y=-0.025,pan=110.0,tilt=090.0,target=110.0/090.0,err=00.0,st=locked",Orin USB camera pan-only tracker
2026-08-07T08:19:59.788346+00:00,1,,0,9,100,5300.0,301.887,1600.0,cv,0,,,55.104,1.5,0.1,charging,27.5521,50.0,locked,110.0,90.0,110.0,90.0,0.0,0,usb,1,0.9969,598.73,245.51,0.87104,-0.02295,640,480,254,6153,CRC/QPSK/OFDM,1,0,129,133,1064,532,12,44,960,192,48,"p1br,seq=00009,frame_b=00133,bits=01064,qpsk=00532,ofdm=012,pad_q=00044,gap=0,ok=1","cvtrk,seq=00009,det=1,conf=1.00,x=+0.871,y=-0.023,pan=110.0,tilt=090.0,target=110.0/090.0,err=00.0,st=locked",Orin USB camera pan-only tracker
2026-08-07T08:20:12.563690+00:00,1,,0,0,76,5284.778,294.435,1556.025,cv,0,,,55.108,1.456,0.1,charging,27.554,50.0,seeking,100.457,90.0,110.0,90.0,9.543,0,usb,1,0.9969,598.86,285.32,0.87143,-0.18883,640,480,254,6213,CRC/QPSK/OFDM,1,1,129,133,1064,532,12,44,960,192,48,"p1br,seq=00000,frame_b=00133,bits=01064,qpsk=00532,ofdm=012,pad_q=00044,gap=1,ok=1","cvtrk,seq=00000,det=1,conf=1.00,x=+0.871,y=-0.189,pan=100.5,tilt=090.0,target=110.0/090.0,err=09.5,st=seeking",Orin USB camera pan-only tracker
2026-08-07T08:20:12.869266+00:00,1,,0,1,100,5300.0,301.887,1600.0,cv,0,,,55.108,1.5,0.1,charging,27.5541,50.0,locked,110.0,90.0,110.0,90.0,0.0,0,usb,1,0.9969,609.19,297.42,0.90372,-0.23925,640,480,254,6178,CRC/QPSK/OFDM,1,0,129,133,1064,532,12,44,960,192,48,"p1br,seq=00001,frame_b=00133,bits=01064,qpsk=00532,ofdm=012,pad_q=00044,gap=0,ok=1","cvtrk,seq=00001,det=1,conf=1.00,x=+0.904,y=-0.239,pan=110.0,tilt=090.0,target=110.0/090.0,err=00.0,st=locked",Orin USB camera pan-only tracker
2026-08-07T08:20:13.135969+00:00,1,,0,2,100,5300.0,301.887,1600.0,cv,0,,,55.108,1.5,0.1,charging,27.5542,50.0,locked,110.0,90.0,110.0,90.0,0.0,0,usb,1,0.9969,612.55,310.32,0.91423,-0.29298,640,480,254,6155,CRC/QPSK/OFDM,1,0,129,133,1064,532,12,44,960,192,48,"p1br,seq=00002,frame_b=00133,bits=01064,qpsk=00532,ofdm=012,pad_q=00044,gap=0,ok=1","cvtrk,seq=00002,det=1,conf=1.00,x=+0.914,y=-0.293,pan=110.0,tilt=090.0,target=110.0/090.0,err=00.0,st=locked",Orin USB camera pan-only tracker
2026-08-07T08:20:13.402066+00:00,1,,0,3,100,5300.0,301.887,1600.0,cv,0,,,55.109,1.5,0.1,charging,27.5543,50.0,locked,110.0,90.0,110.0,90.0,0.0,0,usb,1,0.9969,612.73,304.95,0.91479,-0.27063,640,480,254,6167,CRC/QPSK/OFDM,1,0,129,133,1064,532,12,44,960,192,48,"p1br,seq=00003,frame_b=00133,bits=01064,qpsk=00532,ofdm=012,pad_q=00044,gap=0,ok=1","cvtrk,seq=00003,det=1,conf=1.00,x=+0.915,y=-0.271,pan=110.0,tilt=090.0,target=110.0/090.0,err=00.0,st=locked",Orin USB camera pan-only tracker
2026-08-07T08:20:13.661170+00:00,1,,0,4,100,5300.0,301.887,1600.0,cv,0,,,55.109,1.5,0.1,charging,27.5544,50.0,locked,110.0,90.0,110.0,90.0,0.0,0,usb,1,0.9969,610.07,282.42,0.90648,-0.17674,640,480,254,6149,CRC/QPSK/OFDM,1,0,129,133,1064,532,12,44,960,192,48,"p1br,seq=00004,frame_b=00133,bits=01064,qpsk=00532,ofdm=012,pad_q=00044,gap=0,ok=1","cvtrk,seq=00004,det=1,conf=1.00,x=+0.906,y=-0.177,pan=110.0,tilt=090.0,target=110.0/090.0,err=00.0,st=locked",Orin USB camera pan-only tracker
2026-08-07T08:20:13.918676+00:00,1,,0,5,100,5300.0,301.887,1600.0,cv,0,,,55.109,1.5,0.1,charging,27.5545,50.0,locked,110.0,90.0,110.0,90.0,0.0,0,usb,1,0.9969,606.49,279.28,0.89529,-0.16365,640,480,254,6194,CRC/QPSK/OFDM,1,0,129,133,1064,532,12,44,960,192,48,"p1br,seq=00005,frame_b=00133,bits=01064,qpsk=00532,ofdm=012,pad_q=00044,gap=0,ok=1","cvtrk,seq=00005,det=1,conf=1.00,x=+0.895,y=-0.164,pan=110.0,tilt=090.0,target=110.0/090.0,err=00.0,st=locked",Orin USB camera pan-only tracker
2026-08-07T08:20:14.179164+00:00,1,,0,6,100,5300.0,301.887,1600.0,cv,0,,,55.109,1.5,0.1,charging,27.5546,50.0,locked,110.0,90.0,110.0,90.0,0.0,0,usb,1,0.9969,605.07,282.18,0.89084,-0.17573,640,480,254,6182,CRC/QPSK/OFDM,1,0,129,133,1064,532,12,44,960,192,48,"p1br,seq=00006,frame_b=00133,bits=01064,qpsk=00532,ofdm=012,pad_q=00044,gap=0,ok=1","cvtrk,seq=00006,det=1,conf=1.00,x=+0.891,y=-0.176,pan=110.0,tilt=090.0,target=110.0/090.0,err=00.0,st=locked",Orin USB camera pan-only tracker
2026-08-07T08:20:14.435938+00:00,1,,0,7,100,5300.0,301.887,1600.0,cv,0,,,55.109,1.5,0.1,charging,27.5547,50.0,locked,110.0,90.0,110.0,90.0,0.0,0,usb,1,0.9969,599.92,276.31,0.87475,-0.15131,640,480,254,6209,CRC/QPSK/OFDM,1,0,129,133,1064,532,12,44,960,192,48,"p1br,seq=00007,frame_b=00133,bits=01064,qpsk=00532,ofdm=012,pad_q=00044,gap=0,ok=1","cvtrk,seq=00007,det=1,conf=1.00,x=+0.875,y=-0.151,pan=110.0,tilt=090.0,target=110.0/090.0,err=00.0,st=locked",Orin USB camera pan-only tracker
2026-08-07T08:20:14.693612+00:00,1,,0,8,100,5300.0,301.887,1600.0,cv,0,,,55.11,1.5,0.1,charging,27.5548,50.0,locked,110.0,90.0,110.0,90.0,0.0,0,usb,1,0.9969,596.38,271.37,0.86369,-0.1307,640,480,254,6156,CRC/QPSK/OFDM,1,0,129,133,1064,532,12,44,960,192,48,"p1br,seq=00008,frame_b=00133,bits=01064,qpsk=00532,ofdm=012,pad_q=00044,gap=0,ok=1","cvtrk,seq=00008,det=1,conf=1.00,x=+0.864,y=-0.131,pan=110.0,tilt=090.0,target=110.0/090.0,err=00.0,st=locked",Orin USB camera pan-only tracker
2026-08-07T08:20:14.950923+00:00,1,,0,9,100,5300.0,301.887,1600.0,cv,0,,,55.11,1.5,0.1,charging,27.5549,50.0,locked,110.0,90.0,110.0,90.0,0.0,0,usb,1,0.9969,595.11,271.14,0.8597,-0.12973,640,480,254,6187,CRC/QPSK/OFDM,1,0,129,133,1064,532,12,44,960,192,48,"p1br,seq=00009,frame_b=00133,bits=01064,qpsk=00532,ofdm=012,pad_q=00044,gap=0,ok=1","cvtrk,seq=00009,det=1,conf=1.00,x=+0.860,y=-0.130,pan=110.0,tilt=090.0,target=110.0/090.0,err=00.0,st=locked",Orin USB camera pan-only tracker
